Image,Model,Threshold,ECE,AQ_Spatial_Absolute,Over_spraying,Under_spraying
0,Base (non calibrato),0.02,0.0123,0.00,0.0000,0.0000
0,Base (non calibrato),0.05,0.0123,0.00,0.0000,0.0000
0,Base (non calibrato),0.08,0.0123,0.00,0.0000,0.0000
0,Base (non calibrato),0.10,0.0123,0.00,0.0000,0.0000
0,Base (non calibrato),0.15,0.0123,0.00,0.0000,0.0000
0,Base (non calibrato),0.20,0.0123,0.00,0.0000,0.0000
0,Base (non calibrato),0.30,0.0123,0.00,0.0000,0.0000
0,Base (non calibrato),0.40,0.0123,0.00,0.0000,0.0000
0,Base (non calibrato),0.50,0.0123,0.00,0.0000,0.0000
0,Temp Scaling,0.02,0.0001,0.00,0.0000,0.0000
0,Temp Scaling,0.05,0.0001,0.00,0.0000,0.0000
0,Temp Scaling,0.08,0.0001,0.00,0.0000,0.0000
0,Temp Scaling,0.10,0.0001,0.00,0.0000,0.0000
0,Temp Scaling,0.15,0.0001,0.00,0.0000,0.0000
0,Temp Scaling,0.20,0.0001,0.00,0.0000,0.0000
0,Temp Scaling,0.30,0.0001,0.00,0.0000,0.0000
0,Temp Scaling,0.40,0.0001,0.00,0.0000,0.0000
0,Temp Scaling,0.50,0.0001,0.00,0.0000,0.0000
0,Matrix Scaling,0.02,0.0032,0.00,0.0000,0.0000
0,Matrix Scaling,0.05,0.0032,0.00,0.0000,0.0000
0,Matrix Scaling,0.08,0.0032,0.00,0.0000,0.0000
0,Matrix Scaling,0.10,0.0032,0.00,0.0000,0.0000
0,Matrix Scaling,0.15,0.0032,0.00,0.0000,0.0000
0,Matrix Scaling,0.20,0.0032,0.00,0.0000,0.0000
0,Matrix Scaling,0.30,0.0032,0.00,0.0000,0.0000
0,Matrix Scaling,0.40,0.0032,0.00,0.0000,0.0000
0,Matrix Scaling,0.50,0.0032,0.00,0.0000,0.0000
0,Focal Loss γ=1.0,0.02,0.3131,262144.00,1.0000,0.0000
0,Focal Loss γ=1.0,0.05,0.3131,262144.00,1.0000,0.0000
0,Focal Loss γ=1.0,0.08,0.3131,262144.00,1.0000,0.0000
0,Focal Loss γ=1.0,0.10,0.3131,262144.00,1.0000,0.0000
0,Focal Loss γ=1.0,0.15,0.3131,262144.00,1.0000,0.0000
0,Focal Loss γ=1.0,0.20,0.3131,262144.00,1.0000,0.0000
0,Focal Loss γ=1.0,0.30,0.3131,262144.00,1.0000,0.0000
0,Focal Loss γ=1.0,0.40,0.3131,0.00,0.0000,0.0000
0,Focal Loss γ=1.0,0.50,0.3131,0.00,0.0000,0.0000
0,Focal Loss γ=2.0,0.02,0.0567,262144.00,1.0000,0.0000
0,Focal Loss γ=2.0,0.05,0.0567,262144.00,1.0000,0.0000
0,Focal Loss γ=2.0,0.08,0.0567,0.00,0.0000,0.0000
0,Focal Loss γ=2.0,0.10,0.0567,0.00,0.0000,0.0000
0,Focal Loss γ=2.0,0.15,0.0567,0.00,0.0000,0.0000
0,Focal Loss γ=2.0,0.20,0.0567,0.00,0.0000,0.0000
0,Focal Loss γ=2.0,0.30,0.0567,0.00,0.0000,0.0000
0,Focal Loss γ=2.0,0.40,0.0567,0.00,0.0000,0.0000
0,Focal Loss γ=2.0,0.50,0.0567,0.00,0.0000,0.0000
0,Focal + Temp Scaling,0.02,0.0024,0.00,0.0000,0.0000
0,Focal + Temp Scaling,0.05,0.0024,0.00,0.0000,0.0000
0,Focal + Temp Scaling,0.08,0.0024,0.00,0.0000,0.0000
0,Focal + Temp Scaling,0.10,0.0024,0.00,0.0000,0.0000
0,Focal + Temp Scaling,0.15,0.0024,0.00,0.0000,0.0000
0,Focal + Temp Scaling,0.20,0.0024,0.00,0.0000,0.0000
0,Focal + Temp Scaling,0.30,0.0024,0.00,0.0000,0.0000
0,Focal + Temp Scaling,0.40,0.0024,0.00,0.0000,0.0000
0,Focal + Temp Scaling,0.50,0.0024,0.00,0.0000,0.0000
0,Focal + Matrix Scaling,0.02,0.0079,0.00,0.0000,0.0000
0,Focal + Matrix Scaling,0.05,0.0079,0.00,0.0000,0.0000
0,Focal + Matrix Scaling,0.08,0.0079,0.00,0.0000,0.0000
0,Focal + Matrix Scaling,0.10,0.0079,0.00,0.0000,0.0000
0,Focal + Matrix Scaling,0.15,0.0079,0.00,0.0000,0.0000
0,Focal + Matrix Scaling,0.20,0.0079,0.00,0.0000,0.0000
0,Focal + Matrix Scaling,0.30,0.0079,0.00,0.0000,0.0000
0,Focal + Matrix Scaling,0.40,0.0079,0.00,0.0000,0.0000
0,Focal + Matrix Scaling,0.50,0.0079,0.00,0.0000,0.0000
1,Base (non calibrato),0.02,0.0123,0.00,0.0000,0.0000
1,Base (non calibrato),0.05,0.0123,0.00,0.0000,0.0000
1,Base (non calibrato),0.08,0.0123,0.00,0.0000,0.0000
1,Base (non calibrato),0.10,0.0123,0.00,0.0000,0.0000
1,Base (non calibrato),0.15,0.0123,0.00,0.0000,0.0000
1,Base (non calibrato),0.20,0.0123,0.00,0.0000,0.0000
1,Base (non calibrato),0.30,0.0123,0.00,0.0000,0.0000
1,Base (non calibrato),0.40,0.0123,0.00,0.0000,0.0000
1,Base (non calibrato),0.50,0.0123,0.00,0.0000,0.0000
1,Temp Scaling,0.02,0.0001,0.00,0.0000,0.0000
1,Temp Scaling,0.05,0.0001,0.00,0.0000,0.0000
1,Temp Scaling,0.08,0.0001,0.00,0.0000,0.0000
1,Temp Scaling,0.10,0.0001,0.00,0.0000,0.0000
1,Temp Scaling,0.15,0.0001,0.00,0.0000,0.0000
1,Temp Scaling,0.20,0.0001,0.00,0.0000,0.0000
1,Temp Scaling,0.30,0.0001,0.00,0.0000,0.0000
1,Temp Scaling,0.40,0.0001,0.00,0.0000,0.0000
1,Temp Scaling,0.50,0.0001,0.00,0.0000,0.0000
1,Matrix Scaling,0.02,0.0032,0.00,0.0000,0.0000
1,Matrix Scaling,0.05,0.0032,0.00,0.0000,0.0000
1,Matrix Scaling,0.08,0.0032,0.00,0.0000,0.0000
1,Matrix Scaling,0.10,0.0032,0.00,0.0000,0.0000
1,Matrix Scaling,0.15,0.0032,0.00,0.0000,0.0000
1,Matrix Scaling,0.20,0.0032,0.00,0.0000,0.0000
1,Matrix Scaling,0.30,0.0032,0.00,0.0000,0.0000
1,Matrix Scaling,0.40,0.0032,0.00,0.0000,0.0000
1,Matrix Scaling,0.50,0.0032,0.00,0.0000,0.0000
1,Focal Loss γ=1.0,0.02,0.3131,262144.00,1.0000,0.0000
1,Focal Loss γ=1.0,0.05,0.3131,262144.00,1.0000,0.0000
1,Focal Loss γ=1.0,0.08,0.3131,262144.00,1.0000,0.0000
1,Focal Loss γ=1.0,0.10,0.3131,262144.00,1.0000,0.0000
1,Focal Loss γ=1.0,0.15,0.3131,262144.00,1.0000,0.0000
1,Focal Loss γ=1.0,0.20,0.3131,262144.00,1.0000,0.0000
1,Focal Loss γ=1.0,0.30,0.3131,262144.00,1.0000,0.0000
1,Focal Loss γ=1.0,0.40,0.3131,0.00,0.0000,0.0000
1,Focal Loss γ=1.0,0.50,0.3131,0.00,0.0000,0.0000
1,Focal Loss γ=2.0,0.02,0.0567,262144.00,1.0000,0.0000
1,Focal Loss γ=2.0,0.05,0.0567,262144.00,1.0000,0.0000
1,Focal Loss γ=2.0,0.08,0.0567,0.00,0.0000,0.0000
1,Focal Loss γ=2.0,0.10,0.0567,0.00,0.0000,0.0000
1,Focal Loss γ=2.0,0.15,0.0567,0.00,0.0000,0.0000
1,Focal Loss γ=2.0,0.20,0.0567,0.00,0.0000,0.0000
1,Focal Loss γ=2.0,0.30,0.0567,0.00,0.0000,0.0000
1,Focal Loss γ=2.0,0.40,0.0567,0.00,0.0000,0.0000
1,Focal Loss γ=2.0,0.50,0.0567,0.00,0.0000,0.0000
1,Focal + Temp Scaling,0.02,0.0024,0.00,0.0000,0.0000
1,Focal + Temp Scaling,0.05,0.0024,0.00,0.0000,0.0000
1,Focal + Temp Scaling,0.08,0.0024,0.00,0.0000,0.0000
1,Focal + Temp Scaling,0.10,0.0024,0.00,0.0000,0.0000
1,Focal + Temp Scaling,0.15,0.0024,0.00,0.0000,0.0000
1,Focal + Temp Scaling,0.20,0.0024,0.00,0.0000,0.0000
1,Focal + Temp Scaling,0.30,0.0024,0.00,0.0000,0.0000
1,Focal + Temp Scaling,0.40,0.0024,0.00,0.0000,0.0000
1,Focal + Temp Scaling,0.50,0.0024,0.00,0.0000,0.0000
1,Focal + Matrix Scaling,0.02,0.0079,0.00,0.0000,0.0000
1,Focal + Matrix Scaling,0.05,0.0079,0.00,0.0000,0.0000
1,Focal + Matrix Scaling,0.08,0.0079,0.00,0.0000,0.0000
1,Focal + Matrix Scaling,0.10,0.0079,0.00,0.0000,0.0000
1,Focal + Matrix Scaling,0.15,0.0079,0.00,0.0000,0.0000
1,Focal + Matrix Scaling,0.20,0.0079,0.00,0.0000,0.0000
1,Focal + Matrix Scaling,0.30,0.0079,0.00,0.0000,0.0000
1,Focal + Matrix Scaling,0.40,0.0079,0.00,0.0000,0.0000
1,Focal + Matrix Scaling,0.50,0.0079,0.00,0.0000,0.0000
10,Base (non calibrato),0.02,0.0190,241598.00,0.9258,0.0000
10,Base (non calibrato),0.05,0.0385,15009.00,0.0559,0.3488
10,Base (non calibrato),0.08,0.0135,6503.00,0.0231,0.3936
10,Base (non calibrato),0.10,0.0307,2810.00,0.0078,0.6596
10,Base (non calibrato),0.15,0.0236,1184.00,0.0000,1.0000
10,Base (non calibrato),0.20,0.0236,1184.00,0.0000,1.0000
10,Base (non calibrato),0.30,0.0236,1184.00,0.0000,1.0000
10,Base (non calibrato),0.40,0.0236,1184.00,0.0000,1.0000
10,Base (non calibrato),0.50,0.0236,1184.00,0.0000,1.0000
10,Temp Scaling,0.02,0.0191,7904.00,0.0287,0.3488
10,Temp Scaling,0.05,0.0223,6503.00,0.0231,0.3936
10,Temp Scaling,0.08,0.0383,2810.00,0.0078,0.6596
10,Temp Scaling,0.10,0.0014,1184.00,0.0000,1.0000
10,Temp Scaling,0.15,0.0014,1184.00,0.0000,1.0000
10,Temp Scaling,0.20,0.0014,1184.00,0.0000,1.0000
10,Temp Scaling,0.30,0.0014,1184.00,0.0000,1.0000
10,Temp Scaling,0.40,0.0014,1184.00,0.0000,1.0000
10,Temp Scaling,0.50,0.0014,1184.00,0.0000,1.0000
10,Matrix Scaling,0.02,0.0151,47642.00,0.1821,0.1014
10,Matrix Scaling,0.05,0.0033,7677.00,0.0276,0.3936
10,Matrix Scaling,0.08,0.0105,4553.00,0.0149,0.5524
10,Matrix Scaling,0.10,0.0092,1184.00,0.0000,1.0000
10,Matrix Scaling,0.15,0.0092,1184.00,0.0000,1.0000
10,Matrix Scaling,0.20,0.0092,1184.00,0.0000,1.0000
10,Matrix Scaling,0.30,0.0092,1184.00,0.0000,1.0000
10,Matrix Scaling,0.40,0.0092,1184.00,0.0000,1.0000
10,Matrix Scaling,0.50,0.0092,1184.00,0.0000,1.0000
10,Focal Loss γ=1.0,0.02,0.3024,260960.00,1.0000,0.0000
10,Focal Loss γ=1.0,0.05,0.3024,260960.00,1.0000,0.0000
10,Focal Loss γ=1.0,0.08,0.3024,260960.00,1.0000,0.0000
10,Focal Loss γ=1.0,0.10,0.3024,260960.00,1.0000,0.0000
10,Focal Loss γ=1.0,0.15,0.3024,260960.00,1.0000,0.0000
10,Focal Loss γ=1.0,0.20,0.3024,260960.00,1.0000,0.0000
10,Focal Loss γ=1.0,0.30,0.2996,244283.00,0.9361,0.0000
10,Focal Loss γ=1.0,0.40,0.3024,1184.00,0.0000,1.0000
10,Focal Loss γ=1.0,0.50,0.3024,1184.00,0.0000,1.0000
10,Focal Loss γ=2.0,0.02,0.0537,260960.00,1.0000,0.0000
10,Focal Loss γ=2.0,0.05,0.0486,114563.00,0.4388,0.0557
10,Focal Loss γ=2.0,0.08,0.0576,28823.00,0.1097,0.1731
10,Focal Loss γ=2.0,0.10,0.0719,9443.00,0.0346,0.3488
10,Focal Loss γ=2.0,0.15,0.0559,2810.00,0.0078,0.6596
10,Focal Loss γ=2.0,0.20,0.0559,2810.00,0.0078,0.6596
10,Focal Loss γ=2.0,0.30,0.0537,1184.00,0.0000,1.0000
10,Focal Loss γ=2.0,0.40,0.0537,1184.00,0.0000,1.0000
10,Focal Loss γ=2.0,0.50,0.0537,1184.00,0.0000,1.0000
10,Focal + Temp Scaling,0.02,0.0074,13602.00,0.0510,0.2551
10,Focal + Temp Scaling,0.05,0.0073,7904.00,0.0287,0.3488
10,Focal + Temp Scaling,0.08,0.0072,4760.00,0.0160,0.5008
10,Focal + Temp Scaling,0.10,0.0083,2810.00,0.0078,0.6596
10,Focal + Temp Scaling,0.15,0.0083,2810.00,0.0078,0.6596
10,Focal + Temp Scaling,0.20,0.0027,1184.00,0.0000,1.0000
10,Focal + Temp Scaling,0.30,0.0027,1184.00,0.0000,1.0000
10,Focal + Temp Scaling,0.40,0.0027,1184.00,0.0000,1.0000
10,Focal + Temp Scaling,0.50,0.0027,1184.00,0.0000,1.0000
10,Focal + Matrix Scaling,0.02,0.0133,43873.00,0.1677,0.1014
10,Focal + Matrix Scaling,0.05,0.0039,7677.00,0.0276,0.3936
10,Focal + Matrix Scaling,0.08,0.0072,4553.00,0.0149,0.5524
10,Focal + Matrix Scaling,0.10,0.0324,2810.00,0.0078,0.6596
10,Focal + Matrix Scaling,0.15,0.0082,1184.00,0.0000,1.0000
10,Focal + Matrix Scaling,0.20,0.0082,1184.00,0.0000,1.0000
10,Focal + Matrix Scaling,0.30,0.0082,1184.00,0.0000,1.0000
10,Focal + Matrix Scaling,0.40,0.0082,1184.00,0.0000,1.0000
10,Focal + Matrix Scaling,0.50,0.0082,1184.00,0.0000,1.0000
11,Base (non calibrato),0.02,0.0197,204817.00,0.7960,0.0000
11,Base (non calibrato),0.05,0.0302,61128.00,0.2370,0.0318
11,Base (non calibrato),0.08,0.0335,24567.00,0.0922,0.1723
11,Base (non calibrato),0.10,0.0346,19752.00,0.0724,0.2343
11,Base (non calibrato),0.15,0.0255,11092.00,0.0352,0.4189
11,Base (non calibrato),0.20,0.0606,8145.00,0.0217,0.5315
11,Base (non calibrato),0.30,0.0814,4616.00,0.0026,0.8138
11,Base (non calibrato),0.40,0.0814,4616.00,0.0026,0.8138
11,Base (non calibrato),0.50,0.0268,4839.00,0.0000,1.0000
11,Temp Scaling,0.02,0.0017,38856.00,0.1499,0.0591
11,Temp Scaling,0.05,0.0050,21209.00,0.0784,0.2145
11,Temp Scaling,0.08,0.0134,16588.00,0.0589,0.2947
11,Temp Scaling,0.10,0.0117,12383.00,0.0405,0.4050
11,Temp Scaling,0.15,0.0075,9805.00,0.0295,0.4559
11,Temp Scaling,0.20,0.0385,8145.00,0.0217,0.5315
11,Temp Scaling,0.30,0.0372,4616.00,0.0026,0.8138
11,Temp Scaling,0.40,0.0372,4616.00,0.0026,0.8138
11,Temp Scaling,0.50,0.0002,4839.00,0.0000,1.0000
11,Matrix Scaling,0.02,0.0164,94275.00,0.3660,0.0194
11,Matrix Scaling,0.05,0.0200,26214.00,0.0987,0.1705
11,Matrix Scaling,0.08,0.0125,15375.00,0.0531,0.3540
11,Matrix Scaling,0.10,0.0309,11092.00,0.0352,0.4189
11,Matrix Scaling,0.15,0.0318,9805.00,0.0295,0.4559
11,Matrix Scaling,0.20,0.0928,4616.00,0.0026,0.8138
11,Matrix Scaling,0.30,0.0928,4616.00,0.0026,0.8138
11,Matrix Scaling,0.40,0.0078,4839.00,0.0000,1.0000
11,Matrix Scaling,0.50,0.0078,4839.00,0.0000,1.0000
11,Focal Loss γ=1.0,0.02,0.2959,257305.00,1.0000,0.0000
11,Focal Loss γ=1.0,0.05,0.2959,257305.00,1.0000,0.0000
11,Focal Loss γ=1.0,0.08,0.2959,257305.00,1.0000,0.0000
11,Focal Loss γ=1.0,0.10,0.2959,257305.00,1.0000,0.0000
11,Focal Loss γ=1.0,0.15,0.2959,257305.00,1.0000,0.0000
11,Focal Loss γ=1.0,0.20,0.2959,257305.00,1.0000,0.0000
11,Focal Loss γ=1.0,0.30,0.2953,247121.00,0.9603,0.0043
11,Focal Loss γ=1.0,0.40,0.2959,4839.00,0.0000,1.0000
11,Focal Loss γ=1.0,0.50,0.2959,4839.00,0.0000,1.0000
11,Focal Loss γ=2.0,0.02,0.0675,257305.00,1.0000,0.0000
11,Focal Loss γ=2.0,0.05,0.0496,240356.00,0.9341,0.0000
11,Focal Loss γ=2.0,0.08,0.0736,71893.00,0.2792,0.0114
11,Focal Loss γ=2.0,0.10,0.0747,40512.00,0.1564,0.0556
11,Focal Loss γ=2.0,0.15,0.0919,26573.00,0.1002,0.1633
11,Focal Loss γ=2.0,0.20,0.0913,14238.00,0.0493,0.3195
11,Focal Loss γ=2.0,0.30,0.0952,7065.00,0.0160,0.6103
11,Focal Loss γ=2.0,0.40,0.0927,4616.00,0.0026,0.8138
11,Focal Loss γ=2.0,0.50,0.0675,4839.00,0.0000,1.0000
11,Focal + Temp Scaling,0.02,0.0056,46615.00,0.1809,0.0161
11,Focal + Temp Scaling,0.05,0.0234,34078.00,0.1309,0.0837
11,Focal + Temp Scaling,0.08,0.0342,22799.00,0.0851,0.1891
11,Focal + Temp Scaling,0.10,0.0388,18162.00,0.0657,0.2598
11,Focal + Temp Scaling,0.15,0.0426,12305.00,0.0411,0.3596
11,Focal + Temp Scaling,0.20,0.0426,9805.00,0.0295,0.4559
11,Focal + Temp Scaling,0.30,0.0142,5213.00,0.0067,0.7218
11,Focal + Temp Scaling,0.40,0.0349,4616.00,0.0026,0.8138
11,Focal + Temp Scaling,0.50,0.0349,4616.00,0.0026,0.8138
11,Focal + Matrix Scaling,0.02,0.0115,73373.00,0.2846,0.0308
11,Focal + Matrix Scaling,0.05,0.0236,23692.00,0.0882,0.2046
11,Focal + Matrix Scaling,0.08,0.0618,11092.00,0.0352,0.4189
11,Focal + Matrix Scaling,0.10,0.0643,9805.00,0.0295,0.4559
11,Focal + Matrix Scaling,0.15,0.1169,5213.00,0.0067,0.7218
11,Focal + Matrix Scaling,0.20,0.1566,4616.00,0.0026,0.8138
11,Focal + Matrix Scaling,0.30,0.0052,4839.00,0.0000,1.0000
11,Focal + Matrix Scaling,0.40,0.0052,4839.00,0.0000,1.0000
11,Focal + Matrix Scaling,0.50,0.0052,4839.00,0.0000,1.0000
12,Base (non calibrato),0.02,0.0288,77569.00,0.3162,0.0002
12,Base (non calibrato),0.05,0.0442,54351.00,0.2210,0.0084
12,Base (non calibrato),0.08,0.0535,40809.00,0.1649,0.0206
12,Base (non calibrato),0.10,0.0642,38968.00,0.1571,0.0258
12,Base (non calibrato),0.15,0.0869,25725.00,0.0985,0.0927
12,Base (non calibrato),0.20,0.0858,17139.00,0.0606,0.1355
12,Base (non calibrato),0.30,0.0508,10774.00,0.0305,0.1949
12,Base (non calibrato),0.40,0.0415,8741.00,0.0193,0.2374
12,Base (non calibrato),0.50,0.0345,7928.00,0.0121,0.2943
12,Temp Scaling,0.02,0.0264,52467.00,0.2132,0.0093
12,Temp Scaling,0.05,0.0418,39559.00,0.1593,0.0291
12,Temp Scaling,0.08,0.0525,34771.00,0.1390,0.0401
12,Temp Scaling,0.10,0.0608,28581.00,0.1127,0.0554
12,Temp Scaling,0.15,0.0738,18772.00,0.0686,0.1156
12,Temp Scaling,0.20,0.0784,17139.00,0.0606,0.1355
12,Temp Scaling,0.30,0.0729,10189.00,0.0279,0.1991
12,Temp Scaling,0.40,0.0713,8741.00,0.0193,0.2374
12,Temp Scaling,0.50,0.0705,7928.00,0.0121,0.2943
12,Matrix Scaling,0.02,0.0134,56336.00,0.2292,0.0060
12,Matrix Scaling,0.05,0.0202,41819.00,0.1686,0.0270
12,Matrix Scaling,0.08,0.0239,29918.00,0.1188,0.0454
12,Matrix Scaling,0.10,0.0255,20529.00,0.0762,0.1084
12,Matrix Scaling,0.15,0.0218,14639.00,0.0495,0.1481
12,Matrix Scaling,0.20,0.0509,10189.00,0.0279,0.1991
12,Matrix Scaling,0.30,0.0608,8741.00,0.0193,0.2374
12,Matrix Scaling,0.40,0.0851,7722.00,0.0093,0.3237
12,Matrix Scaling,0.50,0.0851,7722.00,0.0093,0.3237
12,Focal Loss γ=1.0,0.02,0.2596,245312.00,1.0000,0.0000
12,Focal Loss γ=1.0,0.05,0.2596,245312.00,1.0000,0.0000
12,Focal Loss γ=1.0,0.08,0.2596,245312.00,1.0000,0.0000
12,Focal Loss γ=1.0,0.10,0.2596,245312.00,1.0000,0.0000
12,Focal Loss γ=1.0,0.15,0.2596,245312.00,1.0000,0.0000
12,Focal Loss γ=1.0,0.20,0.2596,245312.00,1.0000,0.0000
12,Focal Loss γ=1.0,0.30,0.2596,245312.00,1.0000,0.0000
12,Focal Loss γ=1.0,0.40,0.2596,16832.00,0.0000,1.0000
12,Focal Loss γ=1.0,0.50,0.2596,16832.00,0.0000,1.0000
12,Focal Loss γ=2.0,0.02,0.0733,245312.00,1.0000,0.0000
12,Focal Loss γ=2.0,0.05,0.0733,245312.00,1.0000,0.0000
12,Focal Loss γ=2.0,0.08,0.0705,74863.00,0.3049,0.0040
12,Focal Loss γ=2.0,0.10,0.0747,64927.00,0.2639,0.0113
12,Focal Loss γ=2.0,0.15,0.0965,38801.00,0.1556,0.0371
12,Focal Loss γ=2.0,0.20,0.1023,26232.00,0.1022,0.0693
12,Focal Loss γ=2.0,0.30,0.1243,15837.00,0.0548,0.1422
12,Focal Loss γ=2.0,0.40,0.0641,8741.00,0.0193,0.2374
12,Focal Loss γ=2.0,0.50,0.0744,7928.00,0.0121,0.2943
12,Focal + Temp Scaling,0.02,0.0135,67791.00,0.2762,0.0025
12,Focal + Temp Scaling,0.05,0.0386,50386.00,0.2045,0.0128
12,Focal + Temp Scaling,0.08,0.0770,31253.00,0.1233,0.0598
12,Focal + Temp Scaling,0.10,0.0780,29665.00,0.1167,0.0620
12,Focal + Temp Scaling,0.15,0.0731,24982.00,0.0965,0.0778
12,Focal + Temp Scaling,0.20,0.0996,17470.00,0.0628,0.1223
12,Focal + Temp Scaling,0.30,0.1048,13515.00,0.0433,0.1713
12,Focal + Temp Scaling,0.40,0.0771,8741.00,0.0193,0.2374
12,Focal + Temp Scaling,0.50,0.0658,7928.00,0.0121,0.2943
12,Focal + Matrix Scaling,0.02,0.0202,62471.00,0.2543,0.0053
12,Focal + Matrix Scaling,0.05,0.0645,31150.00,0.1236,0.0493
12,Focal + Matrix Scaling,0.08,0.0555,19871.00,0.0751,0.0855
12,Focal + Matrix Scaling,0.10,0.1009,14440.00,0.0494,0.1385
12,Focal + Matrix Scaling,0.15,0.1451,10889.00,0.0306,0.2004
12,Focal + Matrix Scaling,0.20,0.1936,8560.00,0.0174,0.2545
12,Focal + Matrix Scaling,0.30,0.2512,7541.00,0.0074,0.3408
12,Focal + Matrix Scaling,0.40,0.2512,7541.00,0.0074,0.3408
12,Focal + Matrix Scaling,0.50,0.2477,10612.00,0.0027,0.5917
13,Base (non calibrato),0.02,0.0072,28493.00,0.1089,0.0913
13,Base (non calibrato),0.05,0.0147,10402.00,0.0372,0.2488
13,Base (non calibrato),0.08,0.0149,8799.00,0.0307,0.2783
13,Base (non calibrato),0.10,0.0117,6841.00,0.0225,0.3372
13,Base (non calibrato),0.15,0.0097,4227.00,0.0104,0.5109
13,Base (non calibrato),0.20,0.0138,2367.00,0.0013,0.6741
13,Base (non calibrato),0.30,0.0138,2367.00,0.0013,0.6741
13,Base (non calibrato),0.40,0.0138,2367.00,0.0013,0.6741
13,Base (non calibrato),0.50,0.0138,2367.00,0.0013,0.6741
13,Temp Scaling,0.02,0.0197,13351.00,0.0492,0.1976
13,Temp Scaling,0.05,0.0166,8799.00,0.0307,0.2783
13,Temp Scaling,0.08,0.0163,6841.00,0.0225,0.3372
13,Temp Scaling,0.10,0.0098,6185.00,0.0191,0.4070
13,Temp Scaling,0.15,0.0199,2367.00,0.0013,0.6741
13,Temp Scaling,0.20,0.0199,2367.00,0.0013,0.6741
13,Temp Scaling,0.30,0.0199,2367.00,0.0013,0.6741
13,Temp Scaling,0.40,0.0199,2367.00,0.0013,0.6741
13,Temp Scaling,0.50,0.0199,2367.00,0.0013,0.6741
13,Matrix Scaling,0.02,0.0384,11928.00,0.0434,0.2247
13,Matrix Scaling,0.05,0.0492,6841.00,0.0225,0.3372
13,Matrix Scaling,0.08,0.0469,6185.00,0.0191,0.4070
13,Matrix Scaling,0.10,0.0448,3474.00,0.0068,0.5682
13,Matrix Scaling,0.15,0.0497,2367.00,0.0013,0.6741
13,Matrix Scaling,0.20,0.0497,2367.00,0.0013,0.6741
13,Matrix Scaling,0.30,0.0497,2367.00,0.0013,0.6741
13,Matrix Scaling,0.40,0.0497,2367.00,0.0013,0.6741
13,Matrix Scaling,0.50,0.0497,2367.00,0.0013,0.6741
13,Focal Loss γ=1.0,0.02,0.3101,259122.00,1.0000,0.0000
13,Focal Loss γ=1.0,0.05,0.3101,259122.00,1.0000,0.0000
13,Focal Loss γ=1.0,0.08,0.3101,259122.00,1.0000,0.0000
13,Focal Loss γ=1.0,0.10,0.3101,259122.00,1.0000,0.0000
13,Focal Loss γ=1.0,0.15,0.3101,259122.00,1.0000,0.0000
13,Focal Loss γ=1.0,0.20,0.3101,259122.00,1.0000,0.0000
13,Focal Loss γ=1.0,0.30,0.3101,259122.00,1.0000,0.0000
13,Focal Loss γ=1.0,0.40,0.3101,3022.00,0.0000,1.0000
13,Focal Loss γ=1.0,0.50,0.3101,3022.00,0.0000,1.0000
13,Focal Loss γ=2.0,0.02,0.0634,259122.00,1.0000,0.0000
13,Focal Loss γ=2.0,0.05,0.0634,259122.00,1.0000,0.0000
13,Focal Loss γ=2.0,0.08,0.0658,62291.00,0.2399,0.0414
13,Focal Loss γ=2.0,0.10,0.0777,27628.00,0.1049,0.1512
13,Focal Loss γ=2.0,0.15,0.0449,7985.00,0.0271,0.3210
13,Focal Loss γ=2.0,0.20,0.0470,3474.00,0.0068,0.5682
13,Focal Loss γ=2.0,0.30,0.1121,2367.00,0.0013,0.6741
13,Focal Loss γ=2.0,0.40,0.1121,2367.00,0.0013,0.6741
13,Focal Loss γ=2.0,0.50,0.1121,2367.00,0.0013,0.6741
13,Focal + Temp Scaling,0.02,0.0050,26423.00,0.1007,0.1082
13,Focal + Temp Scaling,0.05,0.0154,9943.00,0.0353,0.2621
13,Focal + Temp Scaling,0.08,0.0215,6841.00,0.0225,0.3372
13,Focal + Temp Scaling,0.10,0.0215,6841.00,0.0225,0.3372
13,Focal + Temp Scaling,0.15,0.0257,3474.00,0.0068,0.5682
13,Focal + Temp Scaling,0.20,0.0460,2367.00,0.0013,0.6741
13,Focal + Temp Scaling,0.30,0.0460,2367.00,0.0013,0.6741
13,Focal + Temp Scaling,0.40,0.0460,2367.00,0.0013,0.6741
13,Focal + Temp Scaling,0.50,0.0460,2367.00,0.0013,0.6741
13,Focal + Matrix Scaling,0.02,0.0145,29919.00,0.1135,0.1707
13,Focal + Matrix Scaling,0.05,0.0955,6841.00,0.0225,0.3372
13,Focal + Matrix Scaling,0.08,0.2173,2367.00,0.0013,0.6741
13,Focal + Matrix Scaling,0.10,0.2173,2367.00,0.0013,0.6741
13,Focal + Matrix Scaling,0.15,0.2173,2367.00,0.0013,0.6741
13,Focal + Matrix Scaling,0.20,0.2173,2367.00,0.0013,0.6741
13,Focal + Matrix Scaling,0.30,0.2173,2367.00,0.0013,0.6741
13,Focal + Matrix Scaling,0.40,0.0017,3022.00,0.0000,1.0000
13,Focal + Matrix Scaling,0.50,0.0017,3022.00,0.0000,1.0000
14,Base (non calibrato),0.02,0.0192,223869.00,0.8639,0.0000
14,Base (non calibrato),0.05,0.0172,49256.00,0.1853,0.4151
14,Base (non calibrato),0.08,0.0459,15911.00,0.0526,0.7595
14,Base (non calibrato),0.10,0.0185,6719.00,0.0166,0.8016
14,Base (non calibrato),0.15,0.0352,4398.00,0.0061,0.9307
14,Base (non calibrato),0.20,0.0255,3014.00,0.0000,1.0000
14,Base (non calibrato),0.30,0.0255,3014.00,0.0000,1.0000
14,Base (non calibrato),0.40,0.0255,3014.00,0.0000,1.0000
14,Base (non calibrato),0.50,0.0255,3014.00,0.0000,1.0000
14,Temp Scaling,0.02,0.0184,24847.00,0.0898,0.5275
14,Temp Scaling,0.05,0.0230,8141.00,0.0225,0.7694
14,Temp Scaling,0.08,0.0213,6719.00,0.0166,0.8016
14,Temp Scaling,0.10,0.0186,5335.00,0.0105,0.8709
14,Temp Scaling,0.15,0.0040,3014.00,0.0000,1.0000
14,Temp Scaling,0.20,0.0040,3014.00,0.0000,1.0000
14,Temp Scaling,0.30,0.0040,3014.00,0.0000,1.0000
14,Temp Scaling,0.40,0.0040,3014.00,0.0000,1.0000
14,Temp Scaling,0.50,0.0040,3014.00,0.0000,1.0000
14,Matrix Scaling,0.02,0.0033,104318.00,0.4008,0.1493
14,Matrix Scaling,0.05,0.0070,14673.00,0.0483,0.7133
14,Matrix Scaling,0.08,0.0377,5380.00,0.0109,0.8494
14,Matrix Scaling,0.10,0.0302,4398.00,0.0061,0.9307
14,Matrix Scaling,0.15,0.0302,4398.00,0.0061,0.9307
14,Matrix Scaling,0.20,0.0102,3014.00,0.0000,1.0000
14,Matrix Scaling,0.30,0.0102,3014.00,0.0000,1.0000
14,Matrix Scaling,0.40,0.0102,3014.00,0.0000,1.0000
14,Matrix Scaling,0.50,0.0102,3014.00,0.0000,1.0000
14,Focal Loss γ=1.0,0.02,0.3017,259130.00,1.0000,0.0000
14,Focal Loss γ=1.0,0.05,0.3017,259130.00,1.0000,0.0000
14,Focal Loss γ=1.0,0.08,0.3017,259130.00,1.0000,0.0000
14,Focal Loss γ=1.0,0.10,0.3017,259130.00,1.0000,0.0000
14,Focal Loss γ=1.0,0.15,0.3017,259130.00,1.0000,0.0000
14,Focal Loss γ=1.0,0.20,0.3017,259130.00,1.0000,0.0000
14,Focal Loss γ=1.0,0.30,0.2781,251106.00,0.9684,0.0574
14,Focal Loss γ=1.0,0.40,0.3017,3014.00,0.0000,1.0000
14,Focal Loss γ=1.0,0.50,0.3017,3014.00,0.0000,1.0000
14,Focal Loss γ=2.0,0.02,0.0694,259130.00,1.0000,0.0000
14,Focal Loss γ=2.0,0.05,0.0544,254464.00,0.9820,0.0000
14,Focal Loss γ=2.0,0.08,0.0607,108442.00,0.4171,0.1208
14,Focal Loss γ=2.0,0.10,0.0703,50391.00,0.1904,0.3484
14,Focal Loss γ=2.0,0.15,0.0553,6719.00,0.0166,0.8016
14,Focal Loss γ=2.0,0.20,0.0694,3014.00,0.0000,1.0000
14,Focal Loss γ=2.0,0.30,0.0694,3014.00,0.0000,1.0000
14,Focal Loss γ=2.0,0.40,0.0694,3014.00,0.0000,1.0000
14,Focal Loss γ=2.0,0.50,0.0694,3014.00,0.0000,1.0000
14,Focal + Temp Scaling,0.02,0.0053,60585.00,0.2312,0.2256
14,Focal + Temp Scaling,0.05,0.0123,15651.00,0.0538,0.5707
14,Focal + Temp Scaling,0.08,0.0241,7263.00,0.0179,0.8709
14,Focal + Temp Scaling,0.10,0.0052,5335.00,0.0105,0.8709
14,Focal + Temp Scaling,0.15,0.0046,3014.00,0.0000,1.0000
14,Focal + Temp Scaling,0.20,0.0046,3014.00,0.0000,1.0000
14,Focal + Temp Scaling,0.30,0.0046,3014.00,0.0000,1.0000
14,Focal + Temp Scaling,0.40,0.0046,3014.00,0.0000,1.0000
14,Focal + Temp Scaling,0.50,0.0046,3014.00,0.0000,1.0000
14,Focal + Matrix Scaling,0.02,0.0074,111132.00,0.4273,0.1314
14,Focal + Matrix Scaling,0.05,0.0030,26207.00,0.0939,0.6184
14,Focal + Matrix Scaling,0.08,0.0276,5380.00,0.0109,0.8494
14,Focal + Matrix Scaling,0.10,0.0150,4398.00,0.0061,0.9307
14,Focal + Matrix Scaling,0.15,0.0124,3014.00,0.0000,1.0000
14,Focal + Matrix Scaling,0.20,0.0124,3014.00,0.0000,1.0000
14,Focal + Matrix Scaling,0.30,0.0124,3014.00,0.0000,1.0000
14,Focal + Matrix Scaling,0.40,0.0124,3014.00,0.0000,1.0000
14,Focal + Matrix Scaling,0.50,0.0124,3014.00,0.0000,1.0000
15,Base (non calibrato),0.02,0.0211,255868.00,0.9842,0.0000
15,Base (non calibrato),0.05,0.0389,31386.00,0.1150,0.6918
15,Base (non calibrato),0.08,0.0277,2171.00,0.0000,1.0000
15,Base (non calibrato),0.10,0.0277,2171.00,0.0000,1.0000
15,Base (non calibrato),0.15,0.0277,2171.00,0.0000,1.0000
15,Base (non calibrato),0.20,0.0277,2171.00,0.0000,1.0000
15,Base (non calibrato),0.30,0.0277,2171.00,0.0000,1.0000
15,Base (non calibrato),0.40,0.0277,2171.00,0.0000,1.0000
15,Base (non calibrato),0.50,0.0277,2171.00,0.0000,1.0000
15,Temp Scaling,0.02,0.0025,11991.00,0.0390,0.8494
15,Temp Scaling,0.05,0.0035,2171.00,0.0000,1.0000
15,Temp Scaling,0.08,0.0035,2171.00,0.0000,1.0000
15,Temp Scaling,0.10,0.0035,2171.00,0.0000,1.0000
15,Temp Scaling,0.15,0.0035,2171.00,0.0000,1.0000
15,Temp Scaling,0.20,0.0035,2171.00,0.0000,1.0000
15,Temp Scaling,0.30,0.0035,2171.00,0.0000,1.0000
15,Temp Scaling,0.40,0.0035,2171.00,0.0000,1.0000
15,Temp Scaling,0.50,0.0035,2171.00,0.0000,1.0000
15,Matrix Scaling,0.02,0.0094,169795.00,0.6515,0.1916
15,Matrix Scaling,0.05,0.0385,30369.00,0.1103,0.7807
15,Matrix Scaling,0.08,0.0188,2171.00,0.0000,1.0000
15,Matrix Scaling,0.10,0.0188,2171.00,0.0000,1.0000
15,Matrix Scaling,0.15,0.0188,2171.00,0.0000,1.0000
15,Matrix Scaling,0.20,0.0188,2171.00,0.0000,1.0000
15,Matrix Scaling,0.30,0.0188,2171.00,0.0000,1.0000
15,Matrix Scaling,0.40,0.0188,2171.00,0.0000,1.0000
15,Matrix Scaling,0.50,0.0188,2171.00,0.0000,1.0000
15,Focal Loss γ=1.0,0.02,0.2931,259973.00,1.0000,0.0000
15,Focal Loss γ=1.0,0.05,0.2931,259973.00,1.0000,0.0000
15,Focal Loss γ=1.0,0.08,0.2931,259973.00,1.0000,0.0000
15,Focal Loss γ=1.0,0.10,0.2931,259973.00,1.0000,0.0000
15,Focal Loss γ=1.0,0.15,0.2931,259973.00,1.0000,0.0000
15,Focal Loss γ=1.0,0.20,0.2931,259973.00,1.0000,0.0000
15,Focal Loss γ=1.0,0.30,0.2944,139867.00,0.5364,0.1912
15,Focal Loss γ=1.0,0.40,0.2931,2171.00,0.0000,1.0000
15,Focal Loss γ=1.0,0.50,0.2931,2171.00,0.0000,1.0000
15,Focal Loss γ=2.0,0.02,0.0592,259973.00,1.0000,0.0000
15,Focal Loss γ=2.0,0.05,0.0491,235416.00,0.9055,0.0009
15,Focal Loss γ=2.0,0.08,0.0754,36193.00,0.1337,0.6573
15,Focal Loss γ=2.0,0.10,0.0816,12381.00,0.0409,0.8070
15,Focal Loss γ=2.0,0.15,0.0592,2171.00,0.0000,1.0000
15,Focal Loss γ=2.0,0.20,0.0592,2171.00,0.0000,1.0000
15,Focal Loss γ=2.0,0.30,0.0592,2171.00,0.0000,1.0000
15,Focal Loss γ=2.0,0.40,0.0592,2171.00,0.0000,1.0000
15,Focal Loss γ=2.0,0.50,0.0592,2171.00,0.0000,1.0000
15,Focal + Temp Scaling,0.02,0.0144,23005.00,0.0823,0.7421
15,Focal + Temp Scaling,0.05,0.0247,9963.00,0.0311,0.8664
15,Focal + Temp Scaling,0.08,0.0232,4481.00,0.0093,0.9553
15,Focal + Temp Scaling,0.10,0.0010,2171.00,0.0000,1.0000
15,Focal + Temp Scaling,0.15,0.0010,2171.00,0.0000,1.0000
15,Focal + Temp Scaling,0.20,0.0010,2171.00,0.0000,1.0000
15,Focal + Temp Scaling,0.30,0.0010,2171.00,0.0000,1.0000
15,Focal + Temp Scaling,0.40,0.0010,2171.00,0.0000,1.0000
15,Focal + Temp Scaling,0.50,0.0010,2171.00,0.0000,1.0000
15,Focal + Matrix Scaling,0.02,0.0078,166455.00,0.6386,0.2059
15,Focal + Matrix Scaling,0.05,0.0370,21398.00,0.0759,0.7706
15,Focal + Matrix Scaling,0.08,0.0315,5082.00,0.0117,0.9360
15,Focal + Matrix Scaling,0.10,0.0185,2171.00,0.0000,1.0000
15,Focal + Matrix Scaling,0.15,0.0185,2171.00,0.0000,1.0000
15,Focal + Matrix Scaling,0.20,0.0185,2171.00,0.0000,1.0000
15,Focal + Matrix Scaling,0.30,0.0185,2171.00,0.0000,1.0000
15,Focal + Matrix Scaling,0.40,0.0185,2171.00,0.0000,1.0000
15,Focal + Matrix Scaling,0.50,0.0185,2171.00,0.0000,1.0000
16,Base (non calibrato),0.02,0.0199,251927.00,0.9734,0.0000
16,Base (non calibrato),0.05,0.0319,33601.00,0.1269,0.2288
16,Base (non calibrato),0.08,0.0337,9981.00,0.0327,0.4516
16,Base (non calibrato),0.10,0.1182,5125.00,0.0110,0.6806
16,Base (non calibrato),0.15,0.1699,2890.00,0.0014,0.7554
16,Base (non calibrato),0.20,0.1699,2890.00,0.0014,0.7554
16,Base (non calibrato),0.30,0.1699,2890.00,0.0014,0.7554
16,Base (non calibrato),0.40,0.0253,3344.00,0.0000,1.0000
16,Base (non calibrato),0.50,0.0253,3344.00,0.0000,1.0000
16,Temp Scaling,0.02,0.0241,21766.00,0.0810,0.2413
16,Temp Scaling,0.05,0.0531,7012.00,0.0194,0.5951
16,Temp Scaling,0.08,0.1424,2890.00,0.0014,0.7554
16,Temp Scaling,0.10,0.1424,2890.00,0.0014,0.7554
16,Temp Scaling,0.15,0.1424,2890.00,0.0014,0.7554
16,Temp Scaling,0.20,0.1424,2890.00,0.0014,0.7554
16,Temp Scaling,0.30,0.1424,2890.00,0.0014,0.7554
16,Temp Scaling,0.40,0.1424,2890.00,0.0014,0.7554
16,Temp Scaling,0.50,0.0051,3344.00,0.0000,1.0000
16,Matrix Scaling,0.02,0.0110,169313.00,0.6536,0.0493
16,Matrix Scaling,0.05,0.0157,33276.00,0.1256,0.2288
16,Matrix Scaling,0.08,0.1072,6356.00,0.0163,0.6403
16,Matrix Scaling,0.10,0.2088,2890.00,0.0014,0.7554
16,Matrix Scaling,0.15,0.2088,2890.00,0.0014,0.7554
16,Matrix Scaling,0.20,0.2088,2890.00,0.0014,0.7554
16,Matrix Scaling,0.30,0.0167,3344.00,0.0000,1.0000
16,Matrix Scaling,0.40,0.0167,3344.00,0.0000,1.0000
16,Matrix Scaling,0.50,0.0167,3344.00,0.0000,1.0000
16,Focal Loss γ=1.0,0.02,0.2843,258800.00,1.0000,0.0000
16,Focal Loss γ=1.0,0.05,0.2843,258800.00,1.0000,0.0000
16,Focal Loss γ=1.0,0.08,0.2843,258800.00,1.0000,0.0000
16,Focal Loss γ=1.0,0.10,0.2843,258800.00,1.0000,0.0000
16,Focal Loss γ=1.0,0.15,0.2843,258800.00,1.0000,0.0000
16,Focal Loss γ=1.0,0.20,0.2843,258800.00,1.0000,0.0000
16,Focal Loss γ=1.0,0.30,0.2741,66518.00,0.2491,0.6163
16,Focal Loss γ=1.0,0.40,0.2843,3344.00,0.0000,1.0000
16,Focal Loss γ=1.0,0.50,0.2843,3344.00,0.0000,1.0000
16,Focal Loss γ=2.0,0.02,0.0531,258800.00,1.0000,0.0000
16,Focal Loss γ=2.0,0.05,0.0449,178448.00,0.6891,0.0305
16,Focal Loss γ=2.0,0.08,0.0584,37652.00,0.1429,0.1983
16,Focal Loss γ=2.0,0.10,0.0626,19611.00,0.0719,0.2978
16,Focal Loss γ=2.0,0.15,0.0370,4777.00,0.0098,0.6699
16,Focal Loss γ=2.0,0.20,0.1364,2890.00,0.0014,0.7554
16,Focal Loss γ=2.0,0.30,0.1364,2890.00,0.0014,0.7554
16,Focal Loss γ=2.0,0.40,0.1364,2890.00,0.0014,0.7554
16,Focal Loss γ=2.0,0.50,0.0531,3344.00,0.0000,1.0000
16,Focal + Temp Scaling,0.02,0.0028,34000.00,0.1293,0.1618
16,Focal + Temp Scaling,0.05,0.0110,13745.00,0.0483,0.3693
16,Focal + Temp Scaling,0.08,0.0173,7012.00,0.0194,0.5951
16,Focal + Temp Scaling,0.10,0.0224,4777.00,0.0098,0.6699
16,Focal + Temp Scaling,0.15,0.0928,2890.00,0.0014,0.7554
16,Focal + Temp Scaling,0.20,0.0928,2890.00,0.0014,0.7554
16,Focal + Temp Scaling,0.30,0.0928,2890.00,0.0014,0.7554
16,Focal + Temp Scaling,0.40,0.0928,2890.00,0.0014,0.7554
16,Focal + Temp Scaling,0.50,0.0928,2890.00,0.0014,0.7554
16,Focal + Matrix Scaling,0.02,0.0119,147450.00,0.5690,0.0562
16,Focal + Matrix Scaling,0.05,0.0059,21623.00,0.0802,0.2614
16,Focal + Matrix Scaling,0.08,0.0423,8243.00,0.0247,0.5547
16,Focal + Matrix Scaling,0.10,0.2122,2890.00,0.0014,0.7554
16,Focal + Matrix Scaling,0.15,0.2122,2890.00,0.0014,0.7554
16,Focal + Matrix Scaling,0.20,0.2122,2890.00,0.0014,0.7554
16,Focal + Matrix Scaling,0.30,0.0144,3344.00,0.0000,1.0000
16,Focal + Matrix Scaling,0.40,0.0144,3344.00,0.0000,1.0000
16,Focal + Matrix Scaling,0.50,0.0144,3344.00,0.0000,1.0000
17,Base (non calibrato),0.02,0.0226,254959.00,0.9886,0.0000
17,Base (non calibrato),0.05,0.0404,28422.00,0.1092,0.0581
17,Base (non calibrato),0.08,0.0665,6001.00,0.0205,0.1676
17,Base (non calibrato),0.10,0.0665,6001.00,0.0205,0.1676
17,Base (non calibrato),0.15,0.0511,3412.00,0.0079,0.3237
17,Base (non calibrato),0.20,0.0511,3412.00,0.0079,0.3237
17,Base (non calibrato),0.30,0.0511,3412.00,0.0079,0.3237
17,Base (non calibrato),0.40,0.0578,3020.00,0.0032,0.5182
17,Base (non calibrato),0.50,0.0578,3020.00,0.0032,0.5182
17,Temp Scaling,0.02,0.0365,12304.00,0.0462,0.0914
17,Temp Scaling,0.05,0.0627,6001.00,0.0205,0.1676
17,Temp Scaling,0.08,0.0184,4462.00,0.0131,0.2568
17,Temp Scaling,0.10,0.0113,3412.00,0.0079,0.3237
17,Temp Scaling,0.15,0.0113,3412.00,0.0079,0.3237
17,Temp Scaling,0.20,0.0113,3412.00,0.0079,0.3237
17,Temp Scaling,0.30,0.0113,3412.00,0.0079,0.3237
17,Temp Scaling,0.40,0.0043,3020.00,0.0032,0.5182
17,Temp Scaling,0.50,0.0043,3020.00,0.0032,0.5182
17,Matrix Scaling,0.02,0.0130,168719.00,0.6536,0.0354
17,Matrix Scaling,0.05,0.0485,27799.00,0.1062,0.0992
17,Matrix Scaling,0.08,0.0666,4462.00,0.0131,0.2568
17,Matrix Scaling,0.10,0.0666,4462.00,0.0131,0.2568
17,Matrix Scaling,0.15,0.0727,3412.00,0.0079,0.3237
17,Matrix Scaling,0.20,0.0727,3412.00,0.0079,0.3237
17,Matrix Scaling,0.30,0.0727,3020.00,0.0032,0.5182
17,Matrix Scaling,0.40,0.0727,3020.00,0.0032,0.5182
17,Matrix Scaling,0.50,0.0727,3020.00,0.0032,0.5182
17,Focal Loss γ=1.0,0.02,0.2855,257908.00,1.0000,0.0000
17,Focal Loss γ=1.0,0.05,0.2855,257908.00,1.0000,0.0000
17,Focal Loss γ=1.0,0.08,0.2855,257908.00,1.0000,0.0000
17,Focal Loss γ=1.0,0.10,0.2855,257908.00,1.0000,0.0000
17,Focal Loss γ=1.0,0.15,0.2855,257908.00,1.0000,0.0000
17,Focal Loss γ=1.0,0.20,0.2855,257908.00,1.0000,0.0000
17,Focal Loss γ=1.0,0.30,0.2945,144806.00,0.5614,0.0042
17,Focal Loss γ=1.0,0.40,0.2855,4236.00,0.0000,1.0000
17,Focal Loss γ=1.0,0.50,0.2855,4236.00,0.0000,1.0000
17,Focal Loss γ=2.0,0.02,0.0541,257908.00,1.0000,0.0000
17,Focal Loss γ=2.0,0.05,0.0490,190197.00,0.7375,0.0000
17,Focal Loss γ=2.0,0.08,0.0668,34227.00,0.1318,0.0581
17,Focal Loss γ=2.0,0.10,0.0405,10746.00,0.0402,0.0914
17,Focal Loss γ=2.0,0.15,0.0510,6001.00,0.0205,0.1676
17,Focal Loss γ=2.0,0.20,0.0606,4462.00,0.0131,0.2568
17,Focal Loss γ=2.0,0.30,0.0758,3412.00,0.0079,0.3237
17,Focal Loss γ=2.0,0.40,0.1009,3020.00,0.0032,0.5182
17,Focal Loss γ=2.0,0.50,0.1009,3020.00,0.0032,0.5182
17,Focal + Temp Scaling,0.02,0.0048,20229.00,0.0772,0.0760
17,Focal + Temp Scaling,0.05,0.0525,6001.00,0.0205,0.1676
17,Focal + Temp Scaling,0.08,0.0525,6001.00,0.0205,0.1676
17,Focal + Temp Scaling,0.10,0.0551,5217.00,0.0172,0.1848
17,Focal + Temp Scaling,0.15,0.0269,3412.00,0.0079,0.3237
17,Focal + Temp Scaling,0.20,0.0269,3412.00,0.0079,0.3237
17,Focal + Temp Scaling,0.30,0.0269,3412.00,0.0079,0.3237
17,Focal + Temp Scaling,0.40,0.0338,3020.00,0.0032,0.5182
17,Focal + Temp Scaling,0.50,0.0338,3020.00,0.0032,0.5182
17,Focal + Matrix Scaling,0.02,0.0146,136272.00,0.5277,0.0401
17,Focal + Matrix Scaling,0.05,0.0604,20956.00,0.0793,0.1164
17,Focal + Matrix Scaling,0.08,0.1157,5217.00,0.0172,0.1848
17,Focal + Matrix Scaling,0.10,0.1531,3412.00,0.0079,0.3237
17,Focal + Matrix Scaling,0.15,0.1531,3412.00,0.0079,0.3237
17,Focal + Matrix Scaling,0.20,0.1531,3412.00,0.0079,0.3237
17,Focal + Matrix Scaling,0.30,0.1846,3020.00,0.0032,0.5182
17,Focal + Matrix Scaling,0.40,0.0128,4236.00,0.0000,1.0000
17,Focal + Matrix Scaling,0.50,0.0128,4236.00,0.0000,1.0000
18,Base (non calibrato),0.02,0.0193,239413.00,0.9150,0.0000
18,Base (non calibrato),0.05,0.0257,494.00,0.0000,1.0000
18,Base (non calibrato),0.08,0.0257,494.00,0.0000,1.0000
18,Base (non calibrato),0.10,0.0257,494.00,0.0000,1.0000
18,Base (non calibrato),0.15,0.0257,494.00,0.0000,1.0000
18,Base (non calibrato),0.20,0.0257,494.00,0.0000,1.0000
18,Base (non calibrato),0.30,0.0257,494.00,0.0000,1.0000
18,Base (non calibrato),0.40,0.0257,494.00,0.0000,1.0000
18,Base (non calibrato),0.50,0.0257,494.00,0.0000,1.0000
18,Temp Scaling,0.02,0.0001,494.00,0.0000,1.0000
18,Temp Scaling,0.05,0.0001,494.00,0.0000,1.0000
18,Temp Scaling,0.08,0.0001,494.00,0.0000,1.0000
18,Temp Scaling,0.10,0.0001,494.00,0.0000,1.0000
18,Temp Scaling,0.15,0.0001,494.00,0.0000,1.0000
18,Temp Scaling,0.20,0.0001,494.00,0.0000,1.0000
18,Temp Scaling,0.30,0.0001,494.00,0.0000,1.0000
18,Temp Scaling,0.40,0.0001,494.00,0.0000,1.0000
18,Temp Scaling,0.50,0.0001,494.00,0.0000,1.0000
18,Matrix Scaling,0.02,0.0172,127077.00,0.4853,0.1781
18,Matrix Scaling,0.05,0.0503,2106.00,0.0062,1.0000
18,Matrix Scaling,0.08,0.0503,2106.00,0.0062,1.0000
18,Matrix Scaling,0.10,0.0185,494.00,0.0000,1.0000
18,Matrix Scaling,0.15,0.0185,494.00,0.0000,1.0000
18,Matrix Scaling,0.20,0.0185,494.00,0.0000,1.0000
18,Matrix Scaling,0.30,0.0185,494.00,0.0000,1.0000
18,Matrix Scaling,0.40,0.0185,494.00,0.0000,1.0000
18,Matrix Scaling,0.50,0.0185,494.00,0.0000,1.0000
18,Focal Loss γ=1.0,0.02,0.2919,261650.00,1.0000,0.0000
18,Focal Loss γ=1.0,0.05,0.2919,261650.00,1.0000,0.0000
18,Focal Loss γ=1.0,0.08,0.2919,261650.00,1.0000,0.0000
18,Focal Loss γ=1.0,0.10,0.2919,261650.00,1.0000,0.0000
18,Focal Loss γ=1.0,0.15,0.2919,261650.00,1.0000,0.0000
18,Focal Loss γ=1.0,0.20,0.2919,261650.00,1.0000,0.0000
18,Focal Loss γ=1.0,0.30,0.3018,30951.00,0.1165,0.9413
18,Focal Loss γ=1.0,0.40,0.2919,494.00,0.0000,1.0000
18,Focal Loss γ=1.0,0.50,0.2919,494.00,0.0000,1.0000
18,Focal Loss γ=2.0,0.02,0.0463,261650.00,1.0000,0.0000
18,Focal Loss γ=2.0,0.05,0.0525,91314.00,0.3488,0.0769
18,Focal Loss γ=2.0,0.08,0.0656,3272.00,0.0107,0.9413
18,Focal Loss γ=2.0,0.10,0.0463,494.00,0.0000,1.0000
18,Focal Loss γ=2.0,0.15,0.0463,494.00,0.0000,1.0000
18,Focal Loss γ=2.0,0.20,0.0463,494.00,0.0000,1.0000
18,Focal Loss γ=2.0,0.30,0.0463,494.00,0.0000,1.0000
18,Focal Loss γ=2.0,0.40,0.0463,494.00,0.0000,1.0000
18,Focal Loss γ=2.0,0.50,0.0463,494.00,0.0000,1.0000
18,Focal + Temp Scaling,0.02,0.0013,494.00,0.0000,1.0000
18,Focal + Temp Scaling,0.05,0.0013,494.00,0.0000,1.0000
18,Focal + Temp Scaling,0.08,0.0013,494.00,0.0000,1.0000
18,Focal + Temp Scaling,0.10,0.0013,494.00,0.0000,1.0000
18,Focal + Temp Scaling,0.15,0.0013,494.00,0.0000,1.0000
18,Focal + Temp Scaling,0.20,0.0013,494.00,0.0000,1.0000
18,Focal + Temp Scaling,0.30,0.0013,494.00,0.0000,1.0000
18,Focal + Temp Scaling,0.40,0.0013,494.00,0.0000,1.0000
18,Focal + Temp Scaling,0.50,0.0013,494.00,0.0000,1.0000
18,Focal + Matrix Scaling,0.02,0.0208,79912.00,0.3048,0.3117
18,Focal + Matrix Scaling,0.05,0.0410,2106.00,0.0062,1.0000
18,Focal + Matrix Scaling,0.08,0.0150,494.00,0.0000,1.0000
18,Focal + Matrix Scaling,0.10,0.0150,494.00,0.0000,1.0000
18,Focal + Matrix Scaling,0.15,0.0150,494.00,0.0000,1.0000
18,Focal + Matrix Scaling,0.20,0.0150,494.00,0.0000,1.0000
18,Focal + Matrix Scaling,0.30,0.0150,494.00,0.0000,1.0000
18,Focal + Matrix Scaling,0.40,0.0150,494.00,0.0000,1.0000
18,Focal + Matrix Scaling,0.50,0.0150,494.00,0.0000,1.0000
19,Base (non calibrato),0.02,0.0203,253933.00,0.9705,0.0000
19,Base (non calibrato),0.05,0.0446,4389.00,0.0149,0.9960
19,Base (non calibrato),0.08,0.0252,495.00,0.0000,1.0000
19,Base (non calibrato),0.10,0.0252,495.00,0.0000,1.0000
19,Base (non calibrato),0.15,0.0252,495.00,0.0000,1.0000
19,Base (non calibrato),0.20,0.0252,495.00,0.0000,1.0000
19,Base (non calibrato),0.30,0.0252,495.00,0.0000,1.0000
19,Base (non calibrato),0.40,0.0252,495.00,0.0000,1.0000
19,Base (non calibrato),0.50,0.0252,495.00,0.0000,1.0000
19,Temp Scaling,0.02,0.0018,2240.00,0.0068,0.9091
19,Temp Scaling,0.05,0.0002,495.00,0.0000,1.0000
19,Temp Scaling,0.08,0.0002,495.00,0.0000,1.0000
19,Temp Scaling,0.10,0.0002,495.00,0.0000,1.0000
19,Temp Scaling,0.15,0.0002,495.00,0.0000,1.0000
19,Temp Scaling,0.20,0.0002,495.00,0.0000,1.0000
19,Temp Scaling,0.30,0.0002,495.00,0.0000,1.0000
19,Temp Scaling,0.40,0.0002,495.00,0.0000,1.0000
19,Temp Scaling,0.50,0.0002,495.00,0.0000,1.0000
19,Matrix Scaling,0.02,0.0209,95733.00,0.3654,0.2444
19,Matrix Scaling,0.05,0.0390,2844.00,0.0090,0.9960
19,Matrix Scaling,0.08,0.0163,495.00,0.0000,1.0000
19,Matrix Scaling,0.10,0.0163,495.00,0.0000,1.0000
19,Matrix Scaling,0.15,0.0163,495.00,0.0000,1.0000
19,Matrix Scaling,0.20,0.0163,495.00,0.0000,1.0000
19,Matrix Scaling,0.30,0.0163,495.00,0.0000,1.0000
19,Matrix Scaling,0.40,0.0163,495.00,0.0000,1.0000
19,Matrix Scaling,0.50,0.0163,495.00,0.0000,1.0000
19,Focal Loss γ=1.0,0.02,0.2921,261649.00,1.0000,0.0000
19,Focal Loss γ=1.0,0.05,0.2921,261649.00,1.0000,0.0000
19,Focal Loss γ=1.0,0.08,0.2921,261649.00,1.0000,0.0000
19,Focal Loss γ=1.0,0.10,0.2921,261649.00,1.0000,0.0000
19,Focal Loss γ=1.0,0.15,0.2921,261649.00,1.0000,0.0000
19,Focal Loss γ=1.0,0.20,0.2921,261649.00,1.0000,0.0000
19,Focal Loss γ=1.0,0.30,0.2991,35422.00,0.1338,0.8404
19,Focal Loss γ=1.0,0.40,0.2921,495.00,0.0000,1.0000
19,Focal Loss γ=1.0,0.50,0.2921,495.00,0.0000,1.0000
19,Focal Loss γ=2.0,0.02,0.0472,261649.00,1.0000,0.0000
19,Focal Loss γ=2.0,0.05,0.0530,87472.00,0.3341,0.1374
19,Focal Loss γ=2.0,0.08,0.0660,3628.00,0.0120,1.0000
19,Focal Loss γ=2.0,0.10,0.0472,495.00,0.0000,1.0000
19,Focal Loss γ=2.0,0.15,0.0472,495.00,0.0000,1.0000
19,Focal Loss γ=2.0,0.20,0.0472,495.00,0.0000,1.0000
19,Focal Loss γ=2.0,0.30,0.0472,495.00,0.0000,1.0000
19,Focal Loss γ=2.0,0.40,0.0472,495.00,0.0000,1.0000
19,Focal Loss γ=2.0,0.50,0.0472,495.00,0.0000,1.0000
19,Focal + Temp Scaling,0.02,0.0016,2240.00,0.0068,0.9091
19,Focal + Temp Scaling,0.05,0.0015,495.00,0.0000,1.0000
19,Focal + Temp Scaling,0.08,0.0015,495.00,0.0000,1.0000
19,Focal + Temp Scaling,0.10,0.0015,495.00,0.0000,1.0000
19,Focal + Temp Scaling,0.15,0.0015,495.00,0.0000,1.0000
19,Focal + Temp Scaling,0.20,0.0015,495.00,0.0000,1.0000
19,Focal + Temp Scaling,0.30,0.0015,495.00,0.0000,1.0000
19,Focal + Temp Scaling,0.40,0.0015,495.00,0.0000,1.0000
19,Focal + Temp Scaling,0.50,0.0015,495.00,0.0000,1.0000
19,Focal + Matrix Scaling,0.02,0.0188,56102.00,0.2139,0.2869
19,Focal + Matrix Scaling,0.05,0.0336,2844.00,0.0090,0.9960
19,Focal + Matrix Scaling,0.08,0.0135,495.00,0.0000,1.0000
19,Focal + Matrix Scaling,0.10,0.0135,495.00,0.0000,1.0000
19,Focal + Matrix Scaling,0.15,0.0135,495.00,0.0000,1.0000
19,Focal + Matrix Scaling,0.20,0.0135,495.00,0.0000,1.0000
19,Focal + Matrix Scaling,0.30,0.0135,495.00,0.0000,1.0000
19,Focal + Matrix Scaling,0.40,0.0135,495.00,0.0000,1.0000
19,Focal + Matrix Scaling,0.50,0.0135,495.00,0.0000,1.0000
2,Base (non calibrato),0.02,0.0345,12037.00,0.0459,0.0000
2,Base (non calibrato),0.05,0.0458,6817.00,0.0260,0.0000
2,Base (non calibrato),0.08,0.0512,3980.00,0.0151,1.0000
2,Base (non calibrato),0.10,0.0144,27.00,0.0000,1.0000
2,Base (non calibrato),0.15,0.0144,27.00,0.0000,1.0000
2,Base (non calibrato),0.20,0.0144,27.00,0.0000,1.0000
2,Base (non calibrato),0.30,0.0144,27.00,0.0000,1.0000
2,Base (non calibrato),0.40,0.0144,27.00,0.0000,1.0000
2,Base (non calibrato),0.50,0.0144,27.00,0.0000,1.0000
2,Temp Scaling,0.02,0.0137,6817.00,0.0260,0.0000
2,Temp Scaling,0.05,0.0008,27.00,0.0000,1.0000
2,Temp Scaling,0.08,0.0008,27.00,0.0000,1.0000
2,Temp Scaling,0.10,0.0008,27.00,0.0000,1.0000
2,Temp Scaling,0.15,0.0008,27.00,0.0000,1.0000
2,Temp Scaling,0.20,0.0008,27.00,0.0000,1.0000
2,Temp Scaling,0.30,0.0008,27.00,0.0000,1.0000
2,Temp Scaling,0.40,0.0008,27.00,0.0000,1.0000
2,Temp Scaling,0.50,0.0008,27.00,0.0000,1.0000
2,Matrix Scaling,0.02,0.0266,8760.00,0.0334,0.0000
2,Matrix Scaling,0.05,0.0362,3980.00,0.0151,1.0000
2,Matrix Scaling,0.08,0.0049,27.00,0.0000,1.0000
2,Matrix Scaling,0.10,0.0049,27.00,0.0000,1.0000
2,Matrix Scaling,0.15,0.0049,27.00,0.0000,1.0000
2,Matrix Scaling,0.20,0.0049,27.00,0.0000,1.0000
2,Matrix Scaling,0.30,0.0049,27.00,0.0000,1.0000
2,Matrix Scaling,0.40,0.0049,27.00,0.0000,1.0000
2,Matrix Scaling,0.50,0.0049,27.00,0.0000,1.0000
2,Focal Loss γ=1.0,0.02,0.3138,262117.00,1.0000,0.0000
2,Focal Loss γ=1.0,0.05,0.3138,262117.00,1.0000,0.0000
2,Focal Loss γ=1.0,0.08,0.3138,262117.00,1.0000,0.0000
2,Focal Loss γ=1.0,0.10,0.3138,262117.00,1.0000,0.0000
2,Focal Loss γ=1.0,0.15,0.3138,262117.00,1.0000,0.0000
2,Focal Loss γ=1.0,0.20,0.3138,262117.00,1.0000,0.0000
2,Focal Loss γ=1.0,0.30,0.3138,262117.00,1.0000,0.0000
2,Focal Loss γ=1.0,0.40,0.3138,27.00,0.0000,1.0000
2,Focal Loss γ=1.0,0.50,0.3138,27.00,0.0000,1.0000
2,Focal Loss γ=2.0,0.02,0.0571,262117.00,1.0000,0.0000
2,Focal Loss γ=2.0,0.05,0.0571,262117.00,1.0000,0.0000
2,Focal Loss γ=2.0,0.08,0.0753,3980.00,0.0151,1.0000
2,Focal Loss γ=2.0,0.10,0.0798,1192.00,0.0044,1.0000
2,Focal Loss γ=2.0,0.15,0.0571,27.00,0.0000,1.0000
2,Focal Loss γ=2.0,0.20,0.0571,27.00,0.0000,1.0000
2,Focal Loss γ=2.0,0.30,0.0571,27.00,0.0000,1.0000
2,Focal Loss γ=2.0,0.40,0.0571,27.00,0.0000,1.0000
2,Focal Loss γ=2.0,0.50,0.0571,27.00,0.0000,1.0000
2,Focal + Temp Scaling,0.02,0.0195,2644.00,0.0100,1.0000
2,Focal + Temp Scaling,0.05,0.0027,27.00,0.0000,1.0000
2,Focal + Temp Scaling,0.08,0.0027,27.00,0.0000,1.0000
2,Focal + Temp Scaling,0.10,0.0027,27.00,0.0000,1.0000
2,Focal + Temp Scaling,0.15,0.0027,27.00,0.0000,1.0000
2,Focal + Temp Scaling,0.20,0.0027,27.00,0.0000,1.0000
2,Focal + Temp Scaling,0.30,0.0027,27.00,0.0000,1.0000
2,Focal + Temp Scaling,0.40,0.0027,27.00,0.0000,1.0000
2,Focal + Temp Scaling,0.50,0.0027,27.00,0.0000,1.0000
2,Focal + Matrix Scaling,0.02,0.0233,7426.00,0.0282,1.0000
2,Focal + Matrix Scaling,0.05,0.0295,1479.00,0.0055,1.0000
2,Focal + Matrix Scaling,0.08,0.0087,27.00,0.0000,1.0000
2,Focal + Matrix Scaling,0.10,0.0087,27.00,0.0000,1.0000
2,Focal + Matrix Scaling,0.15,0.0087,27.00,0.0000,1.0000
2,Focal + Matrix Scaling,0.20,0.0087,27.00,0.0000,1.0000
2,Focal + Matrix Scaling,0.30,0.0087,27.00,0.0000,1.0000
2,Focal + Matrix Scaling,0.40,0.0087,27.00,0.0000,1.0000
2,Focal + Matrix Scaling,0.50,0.0087,27.00,0.0000,1.0000
20,Base (non calibrato),0.02,0.0202,254192.00,0.9741,0.0000
20,Base (non calibrato),0.05,0.0049,3229.00,0.0087,0.8105
20,Base (non calibrato),0.08,0.0189,2109.00,0.0044,0.8105
20,Base (non calibrato),0.10,0.0247,1182.00,0.0000,1.0000
20,Base (non calibrato),0.15,0.0247,1182.00,0.0000,1.0000
20,Base (non calibrato),0.20,0.0247,1182.00,0.0000,1.0000
20,Base (non calibrato),0.30,0.0247,1182.00,0.0000,1.0000
20,Base (non calibrato),0.40,0.0247,1182.00,0.0000,1.0000
20,Base (non calibrato),0.50,0.0247,1182.00,0.0000,1.0000
20,Temp Scaling,0.02,0.0503,2109.00,0.0044,0.8105
20,Temp Scaling,0.05,0.0503,2109.00,0.0044,0.8105
20,Temp Scaling,0.08,0.0021,1182.00,0.0000,1.0000
20,Temp Scaling,0.10,0.0021,1182.00,0.0000,1.0000
20,Temp Scaling,0.15,0.0021,1182.00,0.0000,1.0000
20,Temp Scaling,0.20,0.0021,1182.00,0.0000,1.0000
20,Temp Scaling,0.30,0.0021,1182.00,0.0000,1.0000
20,Temp Scaling,0.40,0.0021,1182.00,0.0000,1.0000
20,Temp Scaling,0.50,0.0021,1182.00,0.0000,1.0000
20,Matrix Scaling,0.02,0.0190,111367.00,0.4261,0.1413
20,Matrix Scaling,0.05,0.0407,2109.00,0.0044,0.8105
20,Matrix Scaling,0.08,0.0159,1182.00,0.0000,1.0000
20,Matrix Scaling,0.10,0.0159,1182.00,0.0000,1.0000
20,Matrix Scaling,0.15,0.0159,1182.00,0.0000,1.0000
20,Matrix Scaling,0.20,0.0159,1182.00,0.0000,1.0000
20,Matrix Scaling,0.30,0.0159,1182.00,0.0000,1.0000
20,Matrix Scaling,0.40,0.0159,1182.00,0.0000,1.0000
20,Matrix Scaling,0.50,0.0159,1182.00,0.0000,1.0000
20,Focal Loss γ=1.0,0.02,0.2909,260962.00,1.0000,0.0000
20,Focal Loss γ=1.0,0.05,0.2909,260962.00,1.0000,0.0000
20,Focal Loss γ=1.0,0.08,0.2909,260962.00,1.0000,0.0000
20,Focal Loss γ=1.0,0.10,0.2909,260962.00,1.0000,0.0000
20,Focal Loss γ=1.0,0.15,0.2909,260962.00,1.0000,0.0000
20,Focal Loss γ=1.0,0.20,0.2909,260962.00,1.0000,0.0000
20,Focal Loss γ=1.0,0.30,0.2985,48184.00,0.1811,0.7724
20,Focal Loss γ=1.0,0.40,0.2909,1182.00,0.0000,1.0000
20,Focal Loss γ=1.0,0.50,0.2909,1182.00,0.0000,1.0000
20,Focal Loss γ=2.0,0.02,0.0453,260962.00,1.0000,0.0000
20,Focal Loss γ=2.0,0.05,0.0523,98560.00,0.3773,0.0728
20,Focal Loss γ=2.0,0.08,0.0514,3694.00,0.0106,0.7885
20,Focal Loss γ=2.0,0.10,0.0427,2109.00,0.0044,0.8105
20,Focal Loss γ=2.0,0.15,0.0453,1182.00,0.0000,1.0000
20,Focal Loss γ=2.0,0.20,0.0453,1182.00,0.0000,1.0000
20,Focal Loss γ=2.0,0.30,0.0453,1182.00,0.0000,1.0000
20,Focal Loss γ=2.0,0.40,0.0453,1182.00,0.0000,1.0000
20,Focal Loss γ=2.0,0.50,0.0453,1182.00,0.0000,1.0000
20,Focal + Temp Scaling,0.02,0.0485,2109.00,0.0044,0.8105
20,Focal + Temp Scaling,0.05,0.0485,2109.00,0.0044,0.8105
20,Focal + Temp Scaling,0.08,0.0007,1182.00,0.0000,1.0000
20,Focal + Temp Scaling,0.10,0.0007,1182.00,0.0000,1.0000
20,Focal + Temp Scaling,0.15,0.0007,1182.00,0.0000,1.0000
20,Focal + Temp Scaling,0.20,0.0007,1182.00,0.0000,1.0000
20,Focal + Temp Scaling,0.30,0.0007,1182.00,0.0000,1.0000
20,Focal + Temp Scaling,0.40,0.0007,1182.00,0.0000,1.0000
20,Focal + Temp Scaling,0.50,0.0007,1182.00,0.0000,1.0000
20,Focal + Matrix Scaling,0.02,0.0177,73689.00,0.2815,0.1861
20,Focal + Matrix Scaling,0.05,0.0457,2109.00,0.0044,0.8105
20,Focal + Matrix Scaling,0.08,0.0124,1182.00,0.0000,1.0000
20,Focal + Matrix Scaling,0.10,0.0124,1182.00,0.0000,1.0000
20,Focal + Matrix Scaling,0.15,0.0124,1182.00,0.0000,1.0000
20,Focal + Matrix Scaling,0.20,0.0124,1182.00,0.0000,1.0000
20,Focal + Matrix Scaling,0.30,0.0124,1182.00,0.0000,1.0000
20,Focal + Matrix Scaling,0.40,0.0124,1182.00,0.0000,1.0000
20,Focal + Matrix Scaling,0.50,0.0124,1182.00,0.0000,1.0000
21,Base (non calibrato),0.02,0.0193,230162.00,0.8796,0.0000
21,Base (non calibrato),0.05,0.0109,8865.00,0.0338,0.0336
21,Base (non calibrato),0.08,0.0256,476.00,0.0000,1.0000
21,Base (non calibrato),0.10,0.0256,476.00,0.0000,1.0000
21,Base (non calibrato),0.15,0.0256,476.00,0.0000,1.0000
21,Base (non calibrato),0.20,0.0256,476.00,0.0000,1.0000
21,Base (non calibrato),0.30,0.0256,476.00,0.0000,1.0000
21,Base (non calibrato),0.40,0.0256,476.00,0.0000,1.0000
21,Base (non calibrato),0.50,0.0256,476.00,0.0000,1.0000
21,Temp Scaling,0.02,0.0084,2321.00,0.0075,0.7647
21,Temp Scaling,0.05,0.0001,476.00,0.0000,1.0000
21,Temp Scaling,0.08,0.0001,476.00,0.0000,1.0000
21,Temp Scaling,0.10,0.0001,476.00,0.0000,1.0000
21,Temp Scaling,0.15,0.0001,476.00,0.0000,1.0000
21,Temp Scaling,0.20,0.0001,476.00,0.0000,1.0000
21,Temp Scaling,0.30,0.0001,476.00,0.0000,1.0000
21,Temp Scaling,0.40,0.0001,476.00,0.0000,1.0000
21,Temp Scaling,0.50,0.0001,476.00,0.0000,1.0000
21,Matrix Scaling,0.02,0.0192,109504.00,0.4184,0.0210
21,Matrix Scaling,0.05,0.0327,4325.00,0.0153,0.6975
21,Matrix Scaling,0.08,0.0169,476.00,0.0000,1.0000
21,Matrix Scaling,0.10,0.0169,476.00,0.0000,1.0000
21,Matrix Scaling,0.15,0.0169,476.00,0.0000,1.0000
21,Matrix Scaling,0.20,0.0169,476.00,0.0000,1.0000
21,Matrix Scaling,0.30,0.0169,476.00,0.0000,1.0000
21,Matrix Scaling,0.40,0.0169,476.00,0.0000,1.0000
21,Matrix Scaling,0.50,0.0169,476.00,0.0000,1.0000
21,Focal Loss γ=1.0,0.02,0.2941,261668.00,1.0000,0.0000
21,Focal Loss γ=1.0,0.05,0.2941,261668.00,1.0000,0.0000
21,Focal Loss γ=1.0,0.08,0.2941,261668.00,1.0000,0.0000
21,Focal Loss γ=1.0,0.10,0.2941,261668.00,1.0000,0.0000
21,Focal Loss γ=1.0,0.15,0.2941,261668.00,1.0000,0.0000
21,Focal Loss γ=1.0,0.20,0.2941,261668.00,1.0000,0.0000
21,Focal Loss γ=1.0,0.30,0.2982,57900.00,0.2203,0.5525
21,Focal Loss γ=1.0,0.40,0.2941,476.00,0.0000,1.0000
21,Focal Loss γ=1.0,0.50,0.2941,476.00,0.0000,1.0000
21,Focal Loss γ=2.0,0.02,0.0473,261668.00,1.0000,0.0000
21,Focal Loss γ=2.0,0.05,0.0539,87715.00,0.3352,0.0210
21,Focal Loss γ=2.0,0.08,0.0343,5016.00,0.0186,0.3361
21,Focal Loss γ=2.0,0.10,0.0482,2321.00,0.0075,0.7647
21,Focal Loss γ=2.0,0.15,0.0473,476.00,0.0000,1.0000
21,Focal Loss γ=2.0,0.20,0.0473,476.00,0.0000,1.0000
21,Focal Loss γ=2.0,0.30,0.0473,476.00,0.0000,1.0000
21,Focal Loss γ=2.0,0.40,0.0473,476.00,0.0000,1.0000
21,Focal Loss γ=2.0,0.50,0.0473,476.00,0.0000,1.0000
21,Focal + Temp Scaling,0.02,0.0064,2321.00,0.0075,0.7647
21,Focal + Temp Scaling,0.05,0.0015,476.00,0.0000,1.0000
21,Focal + Temp Scaling,0.08,0.0015,476.00,0.0000,1.0000
21,Focal + Temp Scaling,0.10,0.0015,476.00,0.0000,1.0000
21,Focal + Temp Scaling,0.15,0.0015,476.00,0.0000,1.0000
21,Focal + Temp Scaling,0.20,0.0015,476.00,0.0000,1.0000
21,Focal + Temp Scaling,0.30,0.0015,476.00,0.0000,1.0000
21,Focal + Temp Scaling,0.40,0.0015,476.00,0.0000,1.0000
21,Focal + Temp Scaling,0.50,0.0015,476.00,0.0000,1.0000
21,Focal + Matrix Scaling,0.02,0.0222,59333.00,0.2267,0.0210
21,Focal + Matrix Scaling,0.05,0.0434,1756.00,0.0049,1.0000
21,Focal + Matrix Scaling,0.08,0.0142,476.00,0.0000,1.0000
21,Focal + Matrix Scaling,0.10,0.0142,476.00,0.0000,1.0000
21,Focal + Matrix Scaling,0.15,0.0142,476.00,0.0000,1.0000
21,Focal + Matrix Scaling,0.20,0.0142,476.00,0.0000,1.0000
21,Focal + Matrix Scaling,0.30,0.0142,476.00,0.0000,1.0000
21,Focal + Matrix Scaling,0.40,0.0142,476.00,0.0000,1.0000
21,Focal + Matrix Scaling,0.50,0.0142,476.00,0.0000,1.0000
22,Base (non calibrato),0.02,0.0198,253892.00,0.9710,0.0000
22,Base (non calibrato),0.05,0.0377,8914.00,0.0329,0.4734
22,Base (non calibrato),0.08,0.0164,2316.00,0.0069,0.7648
22,Base (non calibrato),0.10,0.0270,676.00,0.0000,1.0000
22,Base (non calibrato),0.15,0.0270,676.00,0.0000,1.0000
22,Base (non calibrato),0.20,0.0270,676.00,0.0000,1.0000
22,Base (non calibrato),0.30,0.0270,676.00,0.0000,1.0000
22,Base (non calibrato),0.40,0.0270,676.00,0.0000,1.0000
22,Base (non calibrato),0.50,0.0270,676.00,0.0000,1.0000
22,Temp Scaling,0.02,0.0023,8914.00,0.0329,0.4734
22,Temp Scaling,0.05,0.0137,2316.00,0.0069,0.7648
22,Temp Scaling,0.08,0.0001,676.00,0.0000,1.0000
22,Temp Scaling,0.10,0.0001,676.00,0.0000,1.0000
22,Temp Scaling,0.15,0.0001,676.00,0.0000,1.0000
22,Temp Scaling,0.20,0.0001,676.00,0.0000,1.0000
22,Temp Scaling,0.30,0.0001,676.00,0.0000,1.0000
22,Temp Scaling,0.40,0.0001,676.00,0.0000,1.0000
22,Temp Scaling,0.50,0.0001,676.00,0.0000,1.0000
22,Matrix Scaling,0.02,0.0194,128110.00,0.4897,0.1139
22,Matrix Scaling,0.05,0.0303,8914.00,0.0329,0.4734
22,Matrix Scaling,0.08,0.0189,676.00,0.0000,1.0000
22,Matrix Scaling,0.10,0.0189,676.00,0.0000,1.0000
22,Matrix Scaling,0.15,0.0189,676.00,0.0000,1.0000
22,Matrix Scaling,0.20,0.0189,676.00,0.0000,1.0000
22,Matrix Scaling,0.30,0.0189,676.00,0.0000,1.0000
22,Matrix Scaling,0.40,0.0189,676.00,0.0000,1.0000
22,Matrix Scaling,0.50,0.0189,676.00,0.0000,1.0000
22,Focal Loss γ=1.0,0.02,0.2920,261468.00,1.0000,0.0000
22,Focal Loss γ=1.0,0.05,0.2920,261468.00,1.0000,0.0000
22,Focal Loss γ=1.0,0.08,0.2920,261468.00,1.0000,0.0000
22,Focal Loss γ=1.0,0.10,0.2920,261468.00,1.0000,0.0000
22,Focal Loss γ=1.0,0.15,0.2920,261468.00,1.0000,0.0000
22,Focal Loss γ=1.0,0.20,0.2920,261468.00,1.0000,0.0000
22,Focal Loss γ=1.0,0.30,0.2987,46529.00,0.1763,0.6213
22,Focal Loss γ=1.0,0.40,0.2920,676.00,0.0000,1.0000
22,Focal Loss γ=1.0,0.50,0.2920,676.00,0.0000,1.0000
22,Focal Loss γ=2.0,0.02,0.0490,261468.00,1.0000,0.0000
22,Focal Loss γ=2.0,0.05,0.0485,115867.00,0.4431,0.0000
22,Focal Loss γ=2.0,0.08,0.0662,10475.00,0.0388,0.4734
22,Focal Loss γ=2.0,0.10,0.0545,4189.00,0.0143,0.6746
22,Focal Loss γ=2.0,0.15,0.0490,676.00,0.0000,1.0000
22,Focal Loss γ=2.0,0.20,0.0490,676.00,0.0000,1.0000
22,Focal Loss γ=2.0,0.30,0.0490,676.00,0.0000,1.0000
22,Focal Loss γ=2.0,0.40,0.0490,676.00,0.0000,1.0000
22,Focal Loss γ=2.0,0.50,0.0490,676.00,0.0000,1.0000
22,Focal + Temp Scaling,0.02,0.0050,6696.00,0.0244,0.4734
22,Focal + Temp Scaling,0.05,0.0119,2316.00,0.0069,0.7648
22,Focal + Temp Scaling,0.08,0.0016,676.00,0.0000,1.0000
22,Focal + Temp Scaling,0.10,0.0016,676.00,0.0000,1.0000
22,Focal + Temp Scaling,0.15,0.0016,676.00,0.0000,1.0000
22,Focal + Temp Scaling,0.20,0.0016,676.00,0.0000,1.0000
22,Focal + Temp Scaling,0.30,0.0016,676.00,0.0000,1.0000
22,Focal + Temp Scaling,0.40,0.0016,676.00,0.0000,1.0000
22,Focal + Temp Scaling,0.50,0.0016,676.00,0.0000,1.0000
22,Focal + Matrix Scaling,0.02,0.0209,80176.00,0.3062,0.1524
22,Focal + Matrix Scaling,0.05,0.0261,8914.00,0.0329,0.4734
22,Focal + Matrix Scaling,0.08,0.0156,676.00,0.0000,1.0000
22,Focal + Matrix Scaling,0.10,0.0156,676.00,0.0000,1.0000
22,Focal + Matrix Scaling,0.15,0.0156,676.00,0.0000,1.0000
22,Focal + Matrix Scaling,0.20,0.0156,676.00,0.0000,1.0000
22,Focal + Matrix Scaling,0.30,0.0156,676.00,0.0000,1.0000
22,Focal + Matrix Scaling,0.40,0.0156,676.00,0.0000,1.0000
22,Focal + Matrix Scaling,0.50,0.0156,676.00,0.0000,1.0000
23,Base (non calibrato),0.02,0.0202,251132.00,0.9589,0.0000
23,Base (non calibrato),0.05,0.0173,4151.00,0.0157,0.1575
23,Base (non calibrato),0.08,0.0272,254.00,0.0000,1.0000
23,Base (non calibrato),0.10,0.0272,254.00,0.0000,1.0000
23,Base (non calibrato),0.15,0.0272,254.00,0.0000,1.0000
23,Base (non calibrato),0.20,0.0272,254.00,0.0000,1.0000
23,Base (non calibrato),0.30,0.0272,254.00,0.0000,1.0000
23,Base (non calibrato),0.40,0.0272,254.00,0.0000,1.0000
23,Base (non calibrato),0.50,0.0272,254.00,0.0000,1.0000
23,Temp Scaling,0.02,0.0027,2165.00,0.0076,0.7047
23,Temp Scaling,0.05,0.0010,254.00,0.0000,1.0000
23,Temp Scaling,0.08,0.0010,254.00,0.0000,1.0000
23,Temp Scaling,0.10,0.0010,254.00,0.0000,1.0000
23,Temp Scaling,0.15,0.0010,254.00,0.0000,1.0000
23,Temp Scaling,0.20,0.0010,254.00,0.0000,1.0000
23,Temp Scaling,0.30,0.0010,254.00,0.0000,1.0000
23,Temp Scaling,0.40,0.0010,254.00,0.0000,1.0000
23,Temp Scaling,0.50,0.0010,254.00,0.0000,1.0000
23,Matrix Scaling,0.02,0.0260,112514.00,0.4295,0.1575
23,Matrix Scaling,0.05,0.0039,2240.00,0.0081,0.4528
23,Matrix Scaling,0.08,0.0184,254.00,0.0000,1.0000
23,Matrix Scaling,0.10,0.0184,254.00,0.0000,1.0000
23,Matrix Scaling,0.15,0.0184,254.00,0.0000,1.0000
23,Matrix Scaling,0.20,0.0184,254.00,0.0000,1.0000
23,Matrix Scaling,0.30,0.0184,254.00,0.0000,1.0000
23,Matrix Scaling,0.40,0.0184,254.00,0.0000,1.0000
23,Matrix Scaling,0.50,0.0184,254.00,0.0000,1.0000
23,Focal Loss γ=1.0,0.02,0.2958,261890.00,1.0000,0.0000
23,Focal Loss γ=1.0,0.05,0.2958,261890.00,1.0000,0.0000
23,Focal Loss γ=1.0,0.08,0.2958,261890.00,1.0000,0.0000
23,Focal Loss γ=1.0,0.10,0.2958,261890.00,1.0000,0.0000
23,Focal Loss γ=1.0,0.15,0.2958,261890.00,1.0000,0.0000
23,Focal Loss γ=1.0,0.20,0.2958,261890.00,1.0000,0.0000
23,Focal Loss γ=1.0,0.30,0.3004,63537.00,0.2426,0.0315
23,Focal Loss γ=1.0,0.40,0.2958,254.00,0.0000,1.0000
23,Focal Loss γ=1.0,0.50,0.2958,254.00,0.0000,1.0000
23,Focal Loss γ=2.0,0.02,0.0495,261890.00,1.0000,0.0000
23,Focal Loss γ=2.0,0.05,0.0523,111432.00,0.4255,0.0315
23,Focal Loss γ=2.0,0.08,0.0446,4151.00,0.0157,0.1575
23,Focal Loss γ=2.0,0.10,0.0495,254.00,0.0000,1.0000
23,Focal Loss γ=2.0,0.15,0.0495,254.00,0.0000,1.0000
23,Focal Loss γ=2.0,0.20,0.0495,254.00,0.0000,1.0000
23,Focal Loss γ=2.0,0.30,0.0495,254.00,0.0000,1.0000
23,Focal Loss γ=2.0,0.40,0.0495,254.00,0.0000,1.0000
23,Focal Loss γ=2.0,0.50,0.0495,254.00,0.0000,1.0000
23,Focal + Temp Scaling,0.02,0.0092,4151.00,0.0157,0.1575
23,Focal + Temp Scaling,0.05,0.0027,254.00,0.0000,1.0000
23,Focal + Temp Scaling,0.08,0.0027,254.00,0.0000,1.0000
23,Focal + Temp Scaling,0.10,0.0027,254.00,0.0000,1.0000
23,Focal + Temp Scaling,0.15,0.0027,254.00,0.0000,1.0000
23,Focal + Temp Scaling,0.20,0.0027,254.00,0.0000,1.0000
23,Focal + Temp Scaling,0.30,0.0027,254.00,0.0000,1.0000
23,Focal + Temp Scaling,0.40,0.0027,254.00,0.0000,1.0000
23,Focal + Temp Scaling,0.50,0.0027,254.00,0.0000,1.0000
23,Focal + Matrix Scaling,0.02,0.0244,66890.00,0.2553,0.1575
23,Focal + Matrix Scaling,0.05,0.0154,254.00,0.0000,1.0000
23,Focal + Matrix Scaling,0.08,0.0154,254.00,0.0000,1.0000
23,Focal + Matrix Scaling,0.10,0.0154,254.00,0.0000,1.0000
23,Focal + Matrix Scaling,0.15,0.0154,254.00,0.0000,1.0000
23,Focal + Matrix Scaling,0.20,0.0154,254.00,0.0000,1.0000
23,Focal + Matrix Scaling,0.30,0.0154,254.00,0.0000,1.0000
23,Focal + Matrix Scaling,0.40,0.0154,254.00,0.0000,1.0000
23,Focal + Matrix Scaling,0.50,0.0154,254.00,0.0000,1.0000
24,Base (non calibrato),0.02,0.0188,239247.00,0.9175,0.0036
24,Base (non calibrato),0.05,0.0026,6881.00,0.0230,0.6322
24,Base (non calibrato),0.08,0.0039,2515.00,0.0049,0.8822
24,Base (non calibrato),0.10,0.0233,1392.00,0.0000,1.0000
24,Base (non calibrato),0.15,0.0233,1392.00,0.0000,1.0000
24,Base (non calibrato),0.20,0.0233,1392.00,0.0000,1.0000
24,Base (non calibrato),0.30,0.0233,1392.00,0.0000,1.0000
24,Base (non calibrato),0.40,0.0233,1392.00,0.0000,1.0000
24,Base (non calibrato),0.50,0.0233,1392.00,0.0000,1.0000
24,Temp Scaling,0.02,0.0309,6881.00,0.0230,0.6322
24,Temp Scaling,0.05,0.0250,2515.00,0.0049,0.8822
24,Temp Scaling,0.08,0.0022,1392.00,0.0000,1.0000
24,Temp Scaling,0.10,0.0022,1392.00,0.0000,1.0000
24,Temp Scaling,0.15,0.0022,1392.00,0.0000,1.0000
24,Temp Scaling,0.20,0.0022,1392.00,0.0000,1.0000
24,Temp Scaling,0.30,0.0022,1392.00,0.0000,1.0000
24,Temp Scaling,0.40,0.0022,1392.00,0.0000,1.0000
24,Temp Scaling,0.50,0.0022,1392.00,0.0000,1.0000
24,Matrix Scaling,0.02,0.0113,101009.00,0.3865,0.1688
24,Matrix Scaling,0.05,0.0008,4668.00,0.0137,0.7953
24,Matrix Scaling,0.08,0.0130,1392.00,0.0000,1.0000
24,Matrix Scaling,0.10,0.0130,1392.00,0.0000,1.0000
24,Matrix Scaling,0.15,0.0130,1392.00,0.0000,1.0000
24,Matrix Scaling,0.20,0.0130,1392.00,0.0000,1.0000
24,Matrix Scaling,0.30,0.0130,1392.00,0.0000,1.0000
24,Matrix Scaling,0.40,0.0130,1392.00,0.0000,1.0000
24,Matrix Scaling,0.50,0.0130,1392.00,0.0000,1.0000
24,Focal Loss γ=1.0,0.02,0.2909,260752.00,1.0000,0.0000
24,Focal Loss γ=1.0,0.05,0.2909,260752.00,1.0000,0.0000
24,Focal Loss γ=1.0,0.08,0.2909,260752.00,1.0000,0.0000
24,Focal Loss γ=1.0,0.10,0.2909,260752.00,1.0000,0.0000
24,Focal Loss γ=1.0,0.15,0.2909,260752.00,1.0000,0.0000
24,Focal Loss γ=1.0,0.20,0.2909,260752.00,1.0000,0.0000
24,Focal Loss γ=1.0,0.30,0.2926,64407.00,0.2459,0.2019
24,Focal Loss γ=1.0,0.40,0.2909,1392.00,0.0000,1.0000
24,Focal Loss γ=1.0,0.50,0.2909,1392.00,0.0000,1.0000
24,Focal Loss γ=2.0,0.02,0.0515,260752.00,1.0000,0.0000
24,Focal Loss γ=2.0,0.05,0.0521,150353.00,0.5763,0.0611
24,Focal Loss γ=2.0,0.08,0.0598,14849.00,0.0544,0.4856
24,Focal Loss γ=2.0,0.10,0.0649,6881.00,0.0230,0.6322
24,Focal Loss γ=2.0,0.15,0.0651,3862.00,0.0107,0.7759
24,Focal Loss γ=2.0,0.20,0.0515,1392.00,0.0000,1.0000
24,Focal Loss γ=2.0,0.30,0.0515,1392.00,0.0000,1.0000
24,Focal Loss γ=2.0,0.40,0.0515,1392.00,0.0000,1.0000
24,Focal Loss γ=2.0,0.50,0.0515,1392.00,0.0000,1.0000
24,Focal + Temp Scaling,0.02,0.0016,10223.00,0.0364,0.5187
24,Focal + Temp Scaling,0.05,0.0065,6881.00,0.0230,0.6322
24,Focal + Temp Scaling,0.08,0.0027,5136.00,0.0160,0.6889
24,Focal + Temp Scaling,0.10,0.0036,2515.00,0.0049,0.8822
24,Focal + Temp Scaling,0.15,0.0016,1392.00,0.0000,1.0000
24,Focal + Temp Scaling,0.20,0.0016,1392.00,0.0000,1.0000
24,Focal + Temp Scaling,0.30,0.0016,1392.00,0.0000,1.0000
24,Focal + Temp Scaling,0.40,0.0016,1392.00,0.0000,1.0000
24,Focal + Temp Scaling,0.50,0.0016,1392.00,0.0000,1.0000
24,Focal + Matrix Scaling,0.02,0.0085,82650.00,0.3163,0.1272
24,Focal + Matrix Scaling,0.05,0.0009,6015.00,0.0194,0.6889
24,Focal + Matrix Scaling,0.08,0.0123,1392.00,0.0000,1.0000
24,Focal + Matrix Scaling,0.10,0.0123,1392.00,0.0000,1.0000
24,Focal + Matrix Scaling,0.15,0.0123,1392.00,0.0000,1.0000
24,Focal + Matrix Scaling,0.20,0.0123,1392.00,0.0000,1.0000
24,Focal + Matrix Scaling,0.30,0.0123,1392.00,0.0000,1.0000
24,Focal + Matrix Scaling,0.40,0.0123,1392.00,0.0000,1.0000
24,Focal + Matrix Scaling,0.50,0.0123,1392.00,0.0000,1.0000
25,Base (non calibrato),0.02,0.0650,246511.00,1.0000,0.0000
25,Base (non calibrato),0.05,0.0545,162754.00,0.6598,0.0065
25,Base (non calibrato),0.08,0.0773,79945.00,0.3209,0.0533
25,Base (non calibrato),0.10,0.0742,65519.00,0.2616,0.0668
25,Base (non calibrato),0.15,0.0804,47823.00,0.1853,0.1378
25,Base (non calibrato),0.20,0.0988,29854.00,0.1036,0.2768
25,Base (non calibrato),0.30,0.1295,17066.00,0.0428,0.4165
25,Base (non calibrato),0.40,0.1116,12386.00,0.0189,0.4943
25,Base (non calibrato),0.50,0.1116,12386.00,0.0189,0.4943
25,Temp Scaling,0.02,0.0342,95827.00,0.3862,0.0405
25,Temp Scaling,0.05,0.0412,65702.00,0.2624,0.0650
25,Temp Scaling,0.08,0.0625,56742.00,0.2241,0.0956
25,Temp Scaling,0.10,0.0687,45742.00,0.1767,0.1393
25,Temp Scaling,0.15,0.0799,31704.00,0.1120,0.2626
25,Temp Scaling,0.20,0.1096,26755.00,0.0894,0.3012
25,Temp Scaling,0.30,0.1393,14712.00,0.0312,0.4494
25,Temp Scaling,0.40,0.1359,12386.00,0.0189,0.4943
25,Temp Scaling,0.50,0.1359,12386.00,0.0189,0.4943
25,Matrix Scaling,0.02,0.0158,156109.00,0.6327,0.0085
25,Matrix Scaling,0.05,0.0150,74642.00,0.2991,0.0588
25,Matrix Scaling,0.08,0.0248,51931.00,0.2031,0.1195
25,Matrix Scaling,0.10,0.0436,43171.00,0.1643,0.1707
25,Matrix Scaling,0.15,0.0511,23332.00,0.0753,0.3053
25,Matrix Scaling,0.20,0.0454,18478.00,0.0494,0.4032
25,Matrix Scaling,0.30,0.0754,12386.00,0.0189,0.4943
25,Matrix Scaling,0.40,0.0559,11451.00,0.0148,0.4993
25,Matrix Scaling,0.50,0.0678,10955.00,0.0107,0.5320
25,Focal Loss γ=1.0,0.02,0.2679,246511.00,1.0000,0.0000
25,Focal Loss γ=1.0,0.05,0.2679,246511.00,1.0000,0.0000
25,Focal Loss γ=1.0,0.08,0.2679,246511.00,1.0000,0.0000
25,Focal Loss γ=1.0,0.10,0.2679,246511.00,1.0000,0.0000
25,Focal Loss γ=1.0,0.15,0.2679,246511.00,1.0000,0.0000
25,Focal Loss γ=1.0,0.20,0.2679,246511.00,1.0000,0.0000
25,Focal Loss γ=1.0,0.30,0.2679,246511.00,1.0000,0.0000
25,Focal Loss γ=1.0,0.40,0.2679,15633.00,0.0000,1.0000
25,Focal Loss γ=1.0,0.50,0.2679,15633.00,0.0000,1.0000
25,Focal Loss γ=2.0,0.02,0.1023,246511.00,1.0000,0.0000
25,Focal Loss γ=2.0,0.05,0.0739,245133.00,0.9944,0.0000
25,Focal Loss γ=2.0,0.08,0.0769,178558.00,0.7240,0.0057
25,Focal Loss γ=2.0,0.10,0.1018,129140.00,0.5217,0.0342
25,Focal Loss γ=2.0,0.15,0.1147,63169.00,0.2500,0.0981
25,Focal Loss γ=2.0,0.20,0.1134,47132.00,0.1801,0.1755
25,Focal Loss γ=2.0,0.30,0.1554,23479.00,0.0720,0.3668
25,Focal Loss γ=2.0,0.40,0.1110,14300.00,0.0289,0.4590
25,Focal Loss γ=2.0,0.50,0.1248,11890.00,0.0148,0.5270
25,Focal + Temp Scaling,0.02,0.0362,124850.00,0.5043,0.0341
25,Focal + Temp Scaling,0.05,0.0508,68110.00,0.2717,0.0722
25,Focal + Temp Scaling,0.08,0.0610,56387.00,0.2219,0.1071
25,Focal + Temp Scaling,0.10,0.0629,51724.00,0.2014,0.1322
25,Focal + Temp Scaling,0.15,0.0768,40218.00,0.1494,0.2172
25,Focal + Temp Scaling,0.20,0.1305,24144.00,0.0767,0.3352
25,Focal + Temp Scaling,0.30,0.1586,20366.00,0.0579,0.3892
25,Focal + Temp Scaling,0.40,0.1193,13516.00,0.0249,0.4714
25,Focal + Temp Scaling,0.50,0.1189,12386.00,0.0189,0.4943
25,Focal + Matrix Scaling,0.02,0.0205,102537.00,0.4129,0.0484
25,Focal + Matrix Scaling,0.05,0.0295,61902.00,0.2446,0.1029
25,Focal + Matrix Scaling,0.08,0.0617,35559.00,0.1278,0.2595
25,Focal + Matrix Scaling,0.10,0.0880,24223.00,0.0763,0.3466
25,Focal + Matrix Scaling,0.15,0.1305,15712.00,0.0355,0.4458
25,Focal + Matrix Scaling,0.20,0.1634,12581.00,0.0208,0.4764
25,Focal + Matrix Scaling,0.30,0.1722,11451.00,0.0148,0.4993
25,Focal + Matrix Scaling,0.40,0.2054,10514.00,0.0075,0.5536
25,Focal + Matrix Scaling,0.50,0.1940,11174.00,0.0034,0.6616
26,Base (non calibrato),0.02,0.0149,149147.00,0.5933,0.0074
26,Base (non calibrato),0.05,0.0290,51669.00,0.1976,0.1845
26,Base (non calibrato),0.08,0.0372,32007.00,0.1142,0.3046
26,Base (non calibrato),0.10,0.0307,24284.00,0.0816,0.3471
26,Base (non calibrato),0.15,0.0423,13921.00,0.0349,0.4736
26,Base (non calibrato),0.20,0.0558,10664.00,0.0184,0.5538
26,Base (non calibrato),0.30,0.0578,9119.00,0.0080,0.6522
26,Base (non calibrato),0.40,0.0445,8929.00,0.0057,0.6885
26,Base (non calibrato),0.50,0.0589,8508.00,0.0010,0.7575
26,Temp Scaling,0.02,0.0151,54891.00,0.2106,0.1807
26,Temp Scaling,0.05,0.0445,29198.00,0.1021,0.3266
26,Temp Scaling,0.08,0.0396,23300.00,0.0774,0.3530
26,Temp Scaling,0.10,0.0473,17207.00,0.0512,0.3990
26,Temp Scaling,0.15,0.0595,10664.00,0.0184,0.5538
26,Temp Scaling,0.20,0.0503,9871.00,0.0140,0.5837
26,Temp Scaling,0.30,0.0136,8929.00,0.0057,0.6885
26,Temp Scaling,0.40,0.0214,8508.00,0.0010,0.7575
26,Temp Scaling,0.50,0.0214,8508.00,0.0010,0.7575
26,Matrix Scaling,0.02,0.0134,52363.00,0.2005,0.1832
26,Matrix Scaling,0.05,0.0585,29198.00,0.1021,0.3266
26,Matrix Scaling,0.08,0.1067,15580.00,0.0437,0.4223
26,Matrix Scaling,0.10,0.1092,13921.00,0.0349,0.4736
26,Matrix Scaling,0.15,0.1354,9871.00,0.0140,0.5837
26,Matrix Scaling,0.20,0.1270,9119.00,0.0080,0.6522
26,Matrix Scaling,0.30,0.1100,8508.00,0.0010,0.7575
26,Matrix Scaling,0.40,0.1100,8508.00,0.0010,0.7575
26,Matrix Scaling,0.50,0.1100,8508.00,0.0010,0.7575
26,Focal Loss γ=1.0,0.02,0.2882,251258.00,1.0000,0.0000
26,Focal Loss γ=1.0,0.05,0.2882,251258.00,1.0000,0.0000
26,Focal Loss γ=1.0,0.08,0.2882,251258.00,1.0000,0.0000
26,Focal Loss γ=1.0,0.10,0.2882,251258.00,1.0000,0.0000
26,Focal Loss γ=1.0,0.15,0.2882,251258.00,1.0000,0.0000
26,Focal Loss γ=1.0,0.20,0.2882,251258.00,1.0000,0.0000
26,Focal Loss γ=1.0,0.30,0.2882,251258.00,1.0000,0.0000
26,Focal Loss γ=1.0,0.40,0.2882,10886.00,0.0000,1.0000
26,Focal Loss γ=1.0,0.50,0.2882,10886.00,0.0000,1.0000
26,Focal Loss γ=2.0,0.02,0.0866,251258.00,1.0000,0.0000
26,Focal Loss γ=2.0,0.05,0.0684,250380.00,0.9965,0.0000
26,Focal Loss γ=2.0,0.08,0.0744,206542.00,0.8219,0.0041
26,Focal Loss γ=2.0,0.10,0.0936,118117.00,0.4683,0.0423
26,Focal Loss γ=2.0,0.15,0.0813,42437.00,0.1597,0.2126
26,Focal Loss γ=2.0,0.20,0.0876,24245.00,0.0809,0.3606
26,Focal Loss γ=2.0,0.30,0.0347,10664.00,0.0184,0.5538
26,Focal Loss γ=2.0,0.40,0.1036,8929.00,0.0057,0.6885
26,Focal Loss γ=2.0,0.50,0.1307,8508.00,0.0010,0.7575
26,Focal + Temp Scaling,0.02,0.0100,97639.00,0.3864,0.0518
26,Focal + Temp Scaling,0.05,0.0233,51552.00,0.1973,0.1825
26,Focal + Temp Scaling,0.08,0.0257,32706.00,0.1177,0.2875
26,Focal + Temp Scaling,0.10,0.0338,25461.00,0.0866,0.3403
26,Focal + Temp Scaling,0.15,0.0315,16809.00,0.0492,0.4094
26,Focal + Temp Scaling,0.20,0.0413,10664.00,0.0184,0.5538
26,Focal + Temp Scaling,0.30,0.0295,9912.00,0.0125,0.6224
26,Focal + Temp Scaling,0.40,0.0441,8929.00,0.0057,0.6885
26,Focal + Temp Scaling,0.50,0.0309,8508.00,0.0010,0.7575
26,Focal + Matrix Scaling,0.02,0.0083,88841.00,0.3499,0.0852
26,Focal + Matrix Scaling,0.05,0.0951,23683.00,0.0790,0.3529
26,Focal + Matrix Scaling,0.08,0.1681,11854.00,0.0254,0.5035
26,Focal + Matrix Scaling,0.10,0.1724,10664.00,0.0184,0.5538
26,Focal + Matrix Scaling,0.15,0.2179,9119.00,0.0080,0.6522
26,Focal + Matrix Scaling,0.20,0.2193,8929.00,0.0057,0.6885
26,Focal + Matrix Scaling,0.30,0.2584,8508.00,0.0010,0.7575
26,Focal + Matrix Scaling,0.40,0.2584,8508.00,0.0010,0.7575
26,Focal + Matrix Scaling,0.50,0.2074,9357.00,0.0002,0.8550
27,Base (non calibrato),0.02,0.0192,250946.00,0.9749,0.0000
27,Base (non calibrato),0.05,0.0155,42058.00,0.1583,0.2774
27,Base (non calibrato),0.08,0.0177,13550.00,0.0403,0.6714
27,Base (non calibrato),0.10,0.0113,10784.00,0.0288,0.7131
27,Base (non calibrato),0.15,0.0186,6394.00,0.0082,0.9071
27,Base (non calibrato),0.20,0.0199,4726.00,0.0000,1.0000
27,Base (non calibrato),0.30,0.0199,4726.00,0.0000,1.0000
27,Base (non calibrato),0.40,0.0199,4726.00,0.0000,1.0000
27,Base (non calibrato),0.50,0.0199,4726.00,0.0000,1.0000
27,Temp Scaling,0.02,0.0285,36309.00,0.1350,0.3318
27,Temp Scaling,0.05,0.0368,12161.00,0.0343,0.7055
27,Temp Scaling,0.08,0.0555,9137.00,0.0223,0.7194
27,Temp Scaling,0.10,0.0631,7870.00,0.0165,0.7641
27,Temp Scaling,0.15,0.0081,4726.00,0.0000,1.0000
27,Temp Scaling,0.20,0.0081,4726.00,0.0000,1.0000
27,Temp Scaling,0.30,0.0081,4726.00,0.0000,1.0000
27,Temp Scaling,0.40,0.0081,4726.00,0.0000,1.0000
27,Temp Scaling,0.50,0.0081,4726.00,0.0000,1.0000
27,Matrix Scaling,0.02,0.0004,96892.00,0.3739,0.1361
27,Matrix Scaling,0.05,0.0296,12161.00,0.0343,0.7055
27,Matrix Scaling,0.08,0.0356,7661.00,0.0139,0.8625
27,Matrix Scaling,0.10,0.0020,4726.00,0.0000,1.0000
27,Matrix Scaling,0.15,0.0020,4726.00,0.0000,1.0000
27,Matrix Scaling,0.20,0.0020,4726.00,0.0000,1.0000
27,Matrix Scaling,0.30,0.0020,4726.00,0.0000,1.0000
27,Matrix Scaling,0.40,0.0020,4726.00,0.0000,1.0000
27,Matrix Scaling,0.50,0.0020,4726.00,0.0000,1.0000
27,Focal Loss γ=1.0,0.02,0.2917,257418.00,1.0000,0.0000
27,Focal Loss γ=1.0,0.05,0.2917,257418.00,1.0000,0.0000
27,Focal Loss γ=1.0,0.08,0.2917,257418.00,1.0000,0.0000
27,Focal Loss γ=1.0,0.10,0.2917,257418.00,1.0000,0.0000
27,Focal Loss γ=1.0,0.15,0.2917,257418.00,1.0000,0.0000
27,Focal Loss γ=1.0,0.20,0.2917,257418.00,1.0000,0.0000
27,Focal Loss γ=1.0,0.30,0.2943,191989.00,0.7452,0.0343
27,Focal Loss γ=1.0,0.40,0.2917,4726.00,0.0000,1.0000
27,Focal Loss γ=1.0,0.50,0.2917,4726.00,0.0000,1.0000
27,Focal Loss γ=2.0,0.02,0.0585,257418.00,1.0000,0.0000
27,Focal Loss γ=2.0,0.05,0.0490,241550.00,0.9384,0.0002
27,Focal Loss γ=2.0,0.08,0.0554,82135.00,0.3168,0.1261
27,Focal Loss γ=2.0,0.10,0.0621,38543.00,0.1430,0.3656
27,Focal Loss γ=2.0,0.15,0.0508,10784.00,0.0288,0.7131
27,Focal Loss γ=2.0,0.20,0.0310,6202.00,0.0084,0.8570
27,Focal Loss γ=2.0,0.30,0.0585,4726.00,0.0000,1.0000
27,Focal Loss γ=2.0,0.40,0.0585,4726.00,0.0000,1.0000
27,Focal Loss γ=2.0,0.50,0.0585,4726.00,0.0000,1.0000
27,Focal + Temp Scaling,0.02,0.0062,58702.00,0.2251,0.1600
27,Focal + Temp Scaling,0.05,0.0295,20512.00,0.0693,0.5669
27,Focal + Temp Scaling,0.08,0.0395,10784.00,0.0288,0.7131
27,Focal + Temp Scaling,0.10,0.0312,9137.00,0.0223,0.7194
27,Focal + Temp Scaling,0.15,0.0257,6202.00,0.0084,0.8570
27,Focal + Temp Scaling,0.20,0.0012,4726.00,0.0000,1.0000
27,Focal + Temp Scaling,0.30,0.0012,4726.00,0.0000,1.0000
27,Focal + Temp Scaling,0.40,0.0012,4726.00,0.0000,1.0000
27,Focal + Temp Scaling,0.50,0.0012,4726.00,0.0000,1.0000
27,Focal + Matrix Scaling,0.02,0.0125,93897.00,0.3601,0.2524
27,Focal + Matrix Scaling,0.05,0.0348,12161.00,0.0343,0.7055
27,Focal + Matrix Scaling,0.08,0.0584,7469.00,0.0141,0.8123
27,Focal + Matrix Scaling,0.10,0.0016,4726.00,0.0000,1.0000
27,Focal + Matrix Scaling,0.15,0.0016,4726.00,0.0000,1.0000
27,Focal + Matrix Scaling,0.20,0.0016,4726.00,0.0000,1.0000
27,Focal + Matrix Scaling,0.30,0.0016,4726.00,0.0000,1.0000
27,Focal + Matrix Scaling,0.40,0.0016,4726.00,0.0000,1.0000
27,Focal + Matrix Scaling,0.50,0.0016,4726.00,0.0000,1.0000
28,Base (non calibrato),0.02,0.0176,240729.00,0.9333,0.0038
28,Base (non calibrato),0.05,0.0121,23319.00,0.0841,0.3836
28,Base (non calibrato),0.08,0.0197,9203.00,0.0227,0.7935
28,Base (non calibrato),0.10,0.0265,7363.00,0.0148,0.8380
28,Base (non calibrato),0.15,0.0185,4228.00,0.0000,1.0000
28,Base (non calibrato),0.20,0.0185,4228.00,0.0000,1.0000
28,Base (non calibrato),0.30,0.0185,4228.00,0.0000,1.0000
28,Base (non calibrato),0.40,0.0185,4228.00,0.0000,1.0000
28,Base (non calibrato),0.50,0.0185,4228.00,0.0000,1.0000
28,Temp Scaling,0.02,0.0314,17930.00,0.0590,0.6433
28,Temp Scaling,0.05,0.0419,9203.00,0.0227,0.7935
28,Temp Scaling,0.08,0.0450,7363.00,0.0148,0.8380
28,Temp Scaling,0.10,0.0151,5947.00,0.0076,0.9413
28,Temp Scaling,0.15,0.0097,4228.00,0.0000,1.0000
28,Temp Scaling,0.20,0.0097,4228.00,0.0000,1.0000
28,Temp Scaling,0.30,0.0097,4228.00,0.0000,1.0000
28,Temp Scaling,0.40,0.0097,4228.00,0.0000,1.0000
28,Temp Scaling,0.50,0.0097,4228.00,0.0000,1.0000
28,Matrix Scaling,0.02,0.0122,134250.00,0.5185,0.1218
28,Matrix Scaling,0.05,0.0497,16835.00,0.0566,0.5305
28,Matrix Scaling,0.08,0.0032,5947.00,0.0076,0.9413
28,Matrix Scaling,0.10,0.0075,4228.00,0.0000,1.0000
28,Matrix Scaling,0.15,0.0075,4228.00,0.0000,1.0000
28,Matrix Scaling,0.20,0.0075,4228.00,0.0000,1.0000
28,Matrix Scaling,0.30,0.0075,4228.00,0.0000,1.0000
28,Matrix Scaling,0.40,0.0075,4228.00,0.0000,1.0000
28,Matrix Scaling,0.50,0.0075,4228.00,0.0000,1.0000
28,Focal Loss γ=1.0,0.02,0.2807,257916.00,1.0000,0.0000
28,Focal Loss γ=1.0,0.05,0.2807,257916.00,1.0000,0.0000
28,Focal Loss γ=1.0,0.08,0.2807,257916.00,1.0000,0.0000
28,Focal Loss γ=1.0,0.10,0.2807,257916.00,1.0000,0.0000
28,Focal Loss γ=1.0,0.15,0.2807,257916.00,1.0000,0.0000
28,Focal Loss γ=1.0,0.20,0.2807,257916.00,1.0000,0.0000
28,Focal Loss γ=1.0,0.30,0.2775,94383.00,0.3619,0.2439
28,Focal Loss γ=1.0,0.40,0.2807,4228.00,0.0000,1.0000
28,Focal Loss γ=1.0,0.50,0.2807,4228.00,0.0000,1.0000
28,Focal Loss γ=2.0,0.02,0.0463,257916.00,1.0000,0.0000
28,Focal Loss γ=2.0,0.05,0.0466,163230.00,0.6325,0.0213
28,Focal Loss γ=2.0,0.08,0.0289,44094.00,0.1668,0.2521
28,Focal Loss γ=2.0,0.10,0.0137,22482.00,0.0796,0.4586
28,Focal Loss γ=2.0,0.15,0.0631,5947.00,0.0076,0.9413
28,Focal Loss γ=2.0,0.20,0.0463,4228.00,0.0000,1.0000
28,Focal Loss γ=2.0,0.30,0.0463,4228.00,0.0000,1.0000
28,Focal Loss γ=2.0,0.40,0.0463,4228.00,0.0000,1.0000
28,Focal Loss γ=2.0,0.50,0.0463,4228.00,0.0000,1.0000
28,Focal + Temp Scaling,0.02,0.0500,30457.00,0.1132,0.2990
28,Focal + Temp Scaling,0.05,0.0325,13873.00,0.0421,0.7145
28,Focal + Temp Scaling,0.08,0.0546,7363.00,0.0148,0.8380
28,Focal + Temp Scaling,0.10,0.0288,5947.00,0.0076,0.9413
28,Focal + Temp Scaling,0.15,0.0288,5947.00,0.0076,0.9413
28,Focal + Temp Scaling,0.20,0.0053,4228.00,0.0000,1.0000
28,Focal + Temp Scaling,0.30,0.0053,4228.00,0.0000,1.0000
28,Focal + Temp Scaling,0.40,0.0053,4228.00,0.0000,1.0000
28,Focal + Temp Scaling,0.50,0.0053,4228.00,0.0000,1.0000
28,Focal + Matrix Scaling,0.02,0.0160,111342.00,0.4295,0.1346
28,Focal + Matrix Scaling,0.05,0.0459,15504.00,0.0502,0.6076
28,Focal + Matrix Scaling,0.08,0.0055,5947.00,0.0076,0.9413
28,Focal + Matrix Scaling,0.10,0.0057,4228.00,0.0000,1.0000
28,Focal + Matrix Scaling,0.15,0.0057,4228.00,0.0000,1.0000
28,Focal + Matrix Scaling,0.20,0.0057,4228.00,0.0000,1.0000
28,Focal + Matrix Scaling,0.30,0.0057,4228.00,0.0000,1.0000
28,Focal + Matrix Scaling,0.40,0.0057,4228.00,0.0000,1.0000
28,Focal + Matrix Scaling,0.50,0.0057,4228.00,0.0000,1.0000
29,Base (non calibrato),0.02,0.0189,233446.00,0.8983,0.0013
29,Base (non calibrato),0.05,0.0209,11255.00,0.0367,0.7578
29,Base (non calibrato),0.08,0.0029,5616.00,0.0146,0.7982
29,Base (non calibrato),0.10,0.0133,4482.00,0.0096,0.8738
29,Base (non calibrato),0.15,0.0219,2275.00,0.0000,1.0000
29,Base (non calibrato),0.20,0.0219,2275.00,0.0000,1.0000
29,Base (non calibrato),0.30,0.0219,2275.00,0.0000,1.0000
29,Base (non calibrato),0.40,0.0219,2275.00,0.0000,1.0000
29,Base (non calibrato),0.50,0.0219,2275.00,0.0000,1.0000
29,Temp Scaling,0.02,0.0336,5616.00,0.0146,0.7982
29,Temp Scaling,0.05,0.0336,5616.00,0.0146,0.7982
29,Temp Scaling,0.08,0.0052,2275.00,0.0000,1.0000
29,Temp Scaling,0.10,0.0052,2275.00,0.0000,1.0000
29,Temp Scaling,0.15,0.0052,2275.00,0.0000,1.0000
29,Temp Scaling,0.20,0.0052,2275.00,0.0000,1.0000
29,Temp Scaling,0.30,0.0052,2275.00,0.0000,1.0000
29,Temp Scaling,0.40,0.0052,2275.00,0.0000,1.0000
29,Temp Scaling,0.50,0.0052,2275.00,0.0000,1.0000
29,Matrix Scaling,0.02,0.0161,136199.00,0.5231,0.1200
29,Matrix Scaling,0.05,0.0221,11066.00,0.0356,0.7982
29,Matrix Scaling,0.08,0.0025,4482.00,0.0096,0.8738
29,Matrix Scaling,0.10,0.0139,2275.00,0.0000,1.0000
29,Matrix Scaling,0.15,0.0139,2275.00,0.0000,1.0000
29,Matrix Scaling,0.20,0.0139,2275.00,0.0000,1.0000
29,Matrix Scaling,0.30,0.0139,2275.00,0.0000,1.0000
29,Matrix Scaling,0.40,0.0139,2275.00,0.0000,1.0000
29,Matrix Scaling,0.50,0.0139,2275.00,0.0000,1.0000
29,Focal Loss γ=1.0,0.02,0.2839,259869.00,1.0000,0.0000
29,Focal Loss γ=1.0,0.05,0.2839,259869.00,1.0000,0.0000
29,Focal Loss γ=1.0,0.08,0.2839,259869.00,1.0000,0.0000
29,Focal Loss γ=1.0,0.10,0.2839,259869.00,1.0000,0.0000
29,Focal Loss γ=1.0,0.15,0.2839,259869.00,1.0000,0.0000
29,Focal Loss γ=1.0,0.20,0.2839,259869.00,1.0000,0.0000
29,Focal Loss γ=1.0,0.30,0.2991,28096.00,0.1003,0.8927
29,Focal Loss γ=1.0,0.40,0.2839,2275.00,0.0000,1.0000
29,Focal Loss γ=1.0,0.50,0.2839,2275.00,0.0000,1.0000
29,Focal Loss γ=2.0,0.02,0.0433,259869.00,1.0000,0.0000
29,Focal Loss γ=2.0,0.05,0.0396,116215.00,0.4461,0.1270
29,Focal Loss γ=2.0,0.08,0.0469,14362.00,0.0489,0.7284
29,Focal Loss γ=2.0,0.10,0.0268,5616.00,0.0146,0.7982
29,Focal Loss γ=2.0,0.15,0.0433,2275.00,0.0000,1.0000
29,Focal Loss γ=2.0,0.20,0.0433,2275.00,0.0000,1.0000
29,Focal Loss γ=2.0,0.30,0.0433,2275.00,0.0000,1.0000
29,Focal Loss γ=2.0,0.40,0.0433,2275.00,0.0000,1.0000
29,Focal Loss γ=2.0,0.50,0.0433,2275.00,0.0000,1.0000
29,Focal + Temp Scaling,0.02,0.0142,8719.00,0.0269,0.7578
29,Focal + Temp Scaling,0.05,0.0255,5616.00,0.0146,0.7982
29,Focal + Temp Scaling,0.08,0.0126,4482.00,0.0096,0.8738
29,Focal + Temp Scaling,0.10,0.0033,2275.00,0.0000,1.0000
29,Focal + Temp Scaling,0.15,0.0033,2275.00,0.0000,1.0000
29,Focal + Temp Scaling,0.20,0.0033,2275.00,0.0000,1.0000
29,Focal + Temp Scaling,0.30,0.0033,2275.00,0.0000,1.0000
29,Focal + Temp Scaling,0.40,0.0033,2275.00,0.0000,1.0000
29,Focal + Temp Scaling,0.50,0.0033,2275.00,0.0000,1.0000
29,Focal + Matrix Scaling,0.02,0.0155,84959.00,0.3246,0.2615
29,Focal + Matrix Scaling,0.05,0.0117,9628.00,0.0301,0.7982
29,Focal + Matrix Scaling,0.08,0.0029,4482.00,0.0096,0.8738
29,Focal + Matrix Scaling,0.10,0.0107,2275.00,0.0000,1.0000
29,Focal + Matrix Scaling,0.15,0.0107,2275.00,0.0000,1.0000
29,Focal + Matrix Scaling,0.20,0.0107,2275.00,0.0000,1.0000
29,Focal + Matrix Scaling,0.30,0.0107,2275.00,0.0000,1.0000
29,Focal + Matrix Scaling,0.40,0.0107,2275.00,0.0000,1.0000
29,Focal + Matrix Scaling,0.50,0.0107,2275.00,0.0000,1.0000
3,Base (non calibrato),0.02,0.0288,42996.00,0.1642,0.0000
3,Base (non calibrato),0.05,0.0395,17434.00,0.0666,0.0000
3,Base (non calibrato),0.08,0.0667,5660.00,0.0215,0.1106
3,Base (non calibrato),0.10,0.0813,2499.00,0.0091,0.5161
3,Base (non calibrato),0.15,0.0706,1120.00,0.0038,0.5161
3,Base (non calibrato),0.20,0.0706,1120.00,0.0038,0.5161
3,Base (non calibrato),0.30,0.0178,217.00,0.0000,1.0000
3,Base (non calibrato),0.40,0.0178,217.00,0.0000,1.0000
3,Base (non calibrato),0.50,0.0178,217.00,0.0000,1.0000
3,Temp Scaling,0.02,0.0246,5660.00,0.0215,0.1106
3,Temp Scaling,0.05,0.0458,1120.00,0.0038,0.5161
3,Temp Scaling,0.08,0.0458,1120.00,0.0038,0.5161
3,Temp Scaling,0.10,0.0458,1120.00,0.0038,0.5161
3,Temp Scaling,0.15,0.0458,1120.00,0.0038,0.5161
3,Temp Scaling,0.20,0.0014,217.00,0.0000,1.0000
3,Temp Scaling,0.30,0.0014,217.00,0.0000,1.0000
3,Temp Scaling,0.40,0.0014,217.00,0.0000,1.0000
3,Temp Scaling,0.50,0.0014,217.00,0.0000,1.0000
3,Matrix Scaling,0.02,0.0201,23471.00,0.0896,0.0000
3,Matrix Scaling,0.05,0.0361,8822.00,0.0336,0.1106
3,Matrix Scaling,0.08,0.0317,1120.00,0.0038,0.5161
3,Matrix Scaling,0.10,0.0317,1120.00,0.0038,0.5161
3,Matrix Scaling,0.15,0.0317,1120.00,0.0038,0.5161
3,Matrix Scaling,0.20,0.0068,217.00,0.0000,1.0000
3,Matrix Scaling,0.30,0.0068,217.00,0.0000,1.0000
3,Matrix Scaling,0.40,0.0068,217.00,0.0000,1.0000
3,Matrix Scaling,0.50,0.0068,217.00,0.0000,1.0000
3,Focal Loss γ=1.0,0.02,0.3139,261927.00,1.0000,0.0000
3,Focal Loss γ=1.0,0.05,0.3139,261927.00,1.0000,0.0000
3,Focal Loss γ=1.0,0.08,0.3139,261927.00,1.0000,0.0000
3,Focal Loss γ=1.0,0.10,0.3139,261927.00,1.0000,0.0000
3,Focal Loss γ=1.0,0.15,0.3139,261927.00,1.0000,0.0000
3,Focal Loss γ=1.0,0.20,0.3139,261927.00,1.0000,0.0000
3,Focal Loss γ=1.0,0.30,0.3139,261927.00,1.0000,0.0000
3,Focal Loss γ=1.0,0.40,0.3139,217.00,0.0000,1.0000
3,Focal Loss γ=1.0,0.50,0.3139,217.00,0.0000,1.0000
3,Focal Loss γ=2.0,0.02,0.0594,261927.00,1.0000,0.0000
3,Focal Loss γ=2.0,0.05,0.0541,261074.00,0.9967,0.0000
3,Focal Loss γ=2.0,0.08,0.0858,15566.00,0.0593,0.1106
3,Focal Loss γ=2.0,0.10,0.0939,5258.00,0.0200,0.1106
3,Focal Loss γ=2.0,0.15,0.0905,3879.00,0.0147,0.1106
3,Focal Loss γ=2.0,0.20,0.0830,1120.00,0.0038,0.5161
3,Focal Loss γ=2.0,0.30,0.0594,217.00,0.0000,1.0000
3,Focal Loss γ=2.0,0.40,0.0594,217.00,0.0000,1.0000
3,Focal Loss γ=2.0,0.50,0.0594,217.00,0.0000,1.0000
3,Focal + Temp Scaling,0.02,0.0199,5258.00,0.0200,0.1106
3,Focal + Temp Scaling,0.05,0.0187,3879.00,0.0147,0.1106
3,Focal + Temp Scaling,0.08,0.0236,1120.00,0.0038,0.5161
3,Focal + Temp Scaling,0.10,0.0236,1120.00,0.0038,0.5161
3,Focal + Temp Scaling,0.15,0.0035,217.00,0.0000,1.0000
3,Focal + Temp Scaling,0.20,0.0035,217.00,0.0000,1.0000
3,Focal + Temp Scaling,0.30,0.0035,217.00,0.0000,1.0000
3,Focal + Temp Scaling,0.40,0.0035,217.00,0.0000,1.0000
3,Focal + Temp Scaling,0.50,0.0035,217.00,0.0000,1.0000
3,Focal + Matrix Scaling,0.02,0.0268,17863.00,0.0682,0.0369
3,Focal + Matrix Scaling,0.05,0.0169,3879.00,0.0147,0.1106
3,Focal + Matrix Scaling,0.08,0.0010,1120.00,0.0038,0.5161
3,Focal + Matrix Scaling,0.10,0.0098,217.00,0.0000,1.0000
3,Focal + Matrix Scaling,0.15,0.0098,217.00,0.0000,1.0000
3,Focal + Matrix Scaling,0.20,0.0098,217.00,0.0000,1.0000
3,Focal + Matrix Scaling,0.30,0.0098,217.00,0.0000,1.0000
3,Focal + Matrix Scaling,0.40,0.0098,217.00,0.0000,1.0000
3,Focal + Matrix Scaling,0.50,0.0098,217.00,0.0000,1.0000
30,Base (non calibrato),0.02,0.0179,248779.00,0.9586,0.0000
30,Base (non calibrato),0.05,0.0359,11292.00,0.0398,0.3682
30,Base (non calibrato),0.08,0.0771,4047.00,0.0077,0.7800
30,Base (non calibrato),0.10,0.0502,3619.00,0.0051,0.8751
30,Base (non calibrato),0.15,0.0217,2618.00,0.0000,1.0000
30,Base (non calibrato),0.20,0.0217,2618.00,0.0000,1.0000
30,Base (non calibrato),0.30,0.0217,2618.00,0.0000,1.0000
30,Base (non calibrato),0.40,0.0217,2618.00,0.0000,1.0000
30,Base (non calibrato),0.50,0.0217,2618.00,0.0000,1.0000
30,Temp Scaling,0.02,0.0834,9743.00,0.0331,0.4377
30,Temp Scaling,0.05,0.0066,2618.00,0.0000,1.0000
30,Temp Scaling,0.08,0.0066,2618.00,0.0000,1.0000
30,Temp Scaling,0.10,0.0066,2618.00,0.0000,1.0000
30,Temp Scaling,0.15,0.0066,2618.00,0.0000,1.0000
30,Temp Scaling,0.20,0.0066,2618.00,0.0000,1.0000
30,Temp Scaling,0.30,0.0066,2618.00,0.0000,1.0000
30,Temp Scaling,0.40,0.0066,2618.00,0.0000,1.0000
30,Temp Scaling,0.50,0.0066,2618.00,0.0000,1.0000
30,Matrix Scaling,0.02,0.0214,132014.00,0.5075,0.1211
30,Matrix Scaling,0.05,0.0603,8099.00,0.0259,0.5256
30,Matrix Scaling,0.08,0.0361,3619.00,0.0051,0.8751
30,Matrix Scaling,0.10,0.0361,3619.00,0.0051,0.8751
30,Matrix Scaling,0.15,0.0124,2618.00,0.0000,1.0000
30,Matrix Scaling,0.20,0.0124,2618.00,0.0000,1.0000
30,Matrix Scaling,0.30,0.0124,2618.00,0.0000,1.0000
30,Matrix Scaling,0.40,0.0124,2618.00,0.0000,1.0000
30,Matrix Scaling,0.50,0.0124,2618.00,0.0000,1.0000
30,Focal Loss γ=1.0,0.02,0.2851,259526.00,1.0000,0.0000
30,Focal Loss γ=1.0,0.05,0.2851,259526.00,1.0000,0.0000
30,Focal Loss γ=1.0,0.08,0.2851,259526.00,1.0000,0.0000
30,Focal Loss γ=1.0,0.10,0.2851,259526.00,1.0000,0.0000
30,Focal Loss γ=1.0,0.15,0.2851,259526.00,1.0000,0.0000
30,Focal Loss γ=1.0,0.20,0.2851,259526.00,1.0000,0.0000
30,Focal Loss γ=1.0,0.30,0.2808,56355.00,0.2117,0.5390
30,Focal Loss γ=1.0,0.40,0.2851,2618.00,0.0000,1.0000
30,Focal Loss γ=1.0,0.50,0.2851,2618.00,0.0000,1.0000
30,Focal Loss γ=2.0,0.02,0.0421,259526.00,1.0000,0.0000
30,Focal Loss γ=2.0,0.05,0.0464,115622.00,0.4450,0.0535
30,Focal Loss γ=2.0,0.08,0.0372,12523.00,0.0445,0.3732
30,Focal Loss γ=2.0,0.10,0.0231,6974.00,0.0199,0.6921
30,Focal Loss γ=2.0,0.15,0.0421,2618.00,0.0000,1.0000
30,Focal Loss γ=2.0,0.20,0.0421,2618.00,0.0000,1.0000
30,Focal Loss γ=2.0,0.30,0.0421,2618.00,0.0000,1.0000
30,Focal Loss γ=2.0,0.40,0.0421,2618.00,0.0000,1.0000
30,Focal Loss γ=2.0,0.50,0.0421,2618.00,0.0000,1.0000
30,Focal + Temp Scaling,0.02,0.0274,11111.00,0.0386,0.4148
30,Focal + Temp Scaling,0.05,0.1161,4047.00,0.0077,0.7800
30,Focal + Temp Scaling,0.08,0.0049,2618.00,0.0000,1.0000
30,Focal + Temp Scaling,0.10,0.0049,2618.00,0.0000,1.0000
30,Focal + Temp Scaling,0.15,0.0049,2618.00,0.0000,1.0000
30,Focal + Temp Scaling,0.20,0.0049,2618.00,0.0000,1.0000
30,Focal + Temp Scaling,0.30,0.0049,2618.00,0.0000,1.0000
30,Focal + Temp Scaling,0.40,0.0049,2618.00,0.0000,1.0000
30,Focal + Temp Scaling,0.50,0.0049,2618.00,0.0000,1.0000
30,Focal + Matrix Scaling,0.02,0.0195,78511.00,0.3010,0.1474
30,Focal + Matrix Scaling,0.05,0.0557,5330.00,0.0127,0.7800
30,Focal + Matrix Scaling,0.08,0.0400,3619.00,0.0051,0.8751
30,Focal + Matrix Scaling,0.10,0.0400,3619.00,0.0051,0.8751
30,Focal + Matrix Scaling,0.15,0.0081,2618.00,0.0000,1.0000
30,Focal + Matrix Scaling,0.20,0.0081,2618.00,0.0000,1.0000
30,Focal + Matrix Scaling,0.30,0.0081,2618.00,0.0000,1.0000
30,Focal + Matrix Scaling,0.40,0.0081,2618.00,0.0000,1.0000
30,Focal + Matrix Scaling,0.50,0.0081,2618.00,0.0000,1.0000
31,Base (non calibrato),0.02,0.0192,232563.00,0.8893,0.0000
31,Base (non calibrato),0.05,0.0236,631.00,0.0000,1.0000
31,Base (non calibrato),0.08,0.0236,631.00,0.0000,1.0000
31,Base (non calibrato),0.10,0.0236,631.00,0.0000,1.0000
31,Base (non calibrato),0.15,0.0236,631.00,0.0000,1.0000
31,Base (non calibrato),0.20,0.0236,631.00,0.0000,1.0000
31,Base (non calibrato),0.30,0.0236,631.00,0.0000,1.0000
31,Base (non calibrato),0.40,0.0236,631.00,0.0000,1.0000
31,Base (non calibrato),0.50,0.0236,631.00,0.0000,1.0000
31,Temp Scaling,0.02,0.0009,631.00,0.0000,1.0000
31,Temp Scaling,0.05,0.0009,631.00,0.0000,1.0000
31,Temp Scaling,0.08,0.0009,631.00,0.0000,1.0000
31,Temp Scaling,0.10,0.0009,631.00,0.0000,1.0000
31,Temp Scaling,0.15,0.0009,631.00,0.0000,1.0000
31,Temp Scaling,0.20,0.0009,631.00,0.0000,1.0000
31,Temp Scaling,0.30,0.0009,631.00,0.0000,1.0000
31,Temp Scaling,0.40,0.0009,631.00,0.0000,1.0000
31,Temp Scaling,0.50,0.0009,631.00,0.0000,1.0000
31,Matrix Scaling,0.02,0.0225,90372.00,0.3450,0.2504
31,Matrix Scaling,0.05,0.0151,631.00,0.0000,1.0000
31,Matrix Scaling,0.08,0.0151,631.00,0.0000,1.0000
31,Matrix Scaling,0.10,0.0151,631.00,0.0000,1.0000
31,Matrix Scaling,0.15,0.0151,631.00,0.0000,1.0000
31,Matrix Scaling,0.20,0.0151,631.00,0.0000,1.0000
31,Matrix Scaling,0.30,0.0151,631.00,0.0000,1.0000
31,Matrix Scaling,0.40,0.0151,631.00,0.0000,1.0000
31,Matrix Scaling,0.50,0.0151,631.00,0.0000,1.0000
31,Focal Loss γ=1.0,0.02,0.2910,261513.00,1.0000,0.0000
31,Focal Loss γ=1.0,0.05,0.2910,261513.00,1.0000,0.0000
31,Focal Loss γ=1.0,0.08,0.2910,261513.00,1.0000,0.0000
31,Focal Loss γ=1.0,0.10,0.2910,261513.00,1.0000,0.0000
31,Focal Loss γ=1.0,0.15,0.2910,261513.00,1.0000,0.0000
31,Focal Loss γ=1.0,0.20,0.2910,261513.00,1.0000,0.0000
31,Focal Loss γ=1.0,0.30,0.2954,32936.00,0.1248,0.4818
31,Focal Loss γ=1.0,0.40,0.2910,631.00,0.0000,1.0000
31,Focal Loss γ=1.0,0.50,0.2910,631.00,0.0000,1.0000
31,Focal Loss γ=2.0,0.02,0.0444,261513.00,1.0000,0.0000
31,Focal Loss γ=2.0,0.05,0.0489,77368.00,0.2948,0.4358
31,Focal Loss γ=2.0,0.08,0.0626,1696.00,0.0041,1.0000
31,Focal Loss γ=2.0,0.10,0.0444,631.00,0.0000,1.0000
31,Focal Loss γ=2.0,0.15,0.0444,631.00,0.0000,1.0000
31,Focal Loss γ=2.0,0.20,0.0444,631.00,0.0000,1.0000
31,Focal Loss γ=2.0,0.30,0.0444,631.00,0.0000,1.0000
31,Focal Loss γ=2.0,0.40,0.0444,631.00,0.0000,1.0000
31,Focal Loss γ=2.0,0.50,0.0444,631.00,0.0000,1.0000
31,Focal + Temp Scaling,0.02,0.0006,631.00,0.0000,1.0000
31,Focal + Temp Scaling,0.05,0.0006,631.00,0.0000,1.0000
31,Focal + Temp Scaling,0.08,0.0006,631.00,0.0000,1.0000
31,Focal + Temp Scaling,0.10,0.0006,631.00,0.0000,1.0000
31,Focal + Temp Scaling,0.15,0.0006,631.00,0.0000,1.0000
31,Focal + Temp Scaling,0.20,0.0006,631.00,0.0000,1.0000
31,Focal + Temp Scaling,0.30,0.0006,631.00,0.0000,1.0000
31,Focal + Temp Scaling,0.40,0.0006,631.00,0.0000,1.0000
31,Focal + Temp Scaling,0.50,0.0006,631.00,0.0000,1.0000
31,Focal + Matrix Scaling,0.02,0.0198,52824.00,0.2009,0.4739
31,Focal + Matrix Scaling,0.05,0.0121,631.00,0.0000,1.0000
31,Focal + Matrix Scaling,0.08,0.0121,631.00,0.0000,1.0000
31,Focal + Matrix Scaling,0.10,0.0121,631.00,0.0000,1.0000
31,Focal + Matrix Scaling,0.15,0.0121,631.00,0.0000,1.0000
31,Focal + Matrix Scaling,0.20,0.0121,631.00,0.0000,1.0000
31,Focal + Matrix Scaling,0.30,0.0121,631.00,0.0000,1.0000
31,Focal + Matrix Scaling,0.40,0.0121,631.00,0.0000,1.0000
31,Focal + Matrix Scaling,0.50,0.0121,631.00,0.0000,1.0000
32,Base (non calibrato),0.02,0.0186,237595.00,0.9089,0.0234
32,Base (non calibrato),0.05,0.0371,3109.00,0.0090,1.0000
32,Base (non calibrato),0.08,0.0242,768.00,0.0000,1.0000
32,Base (non calibrato),0.10,0.0242,768.00,0.0000,1.0000
32,Base (non calibrato),0.15,0.0242,768.00,0.0000,1.0000
32,Base (non calibrato),0.20,0.0242,768.00,0.0000,1.0000
32,Base (non calibrato),0.30,0.0242,768.00,0.0000,1.0000
32,Base (non calibrato),0.40,0.0242,768.00,0.0000,1.0000
32,Base (non calibrato),0.50,0.0242,768.00,0.0000,1.0000
32,Temp Scaling,0.02,0.0011,768.00,0.0000,1.0000
32,Temp Scaling,0.05,0.0011,768.00,0.0000,1.0000
32,Temp Scaling,0.08,0.0011,768.00,0.0000,1.0000
32,Temp Scaling,0.10,0.0011,768.00,0.0000,1.0000
32,Temp Scaling,0.15,0.0011,768.00,0.0000,1.0000
32,Temp Scaling,0.20,0.0011,768.00,0.0000,1.0000
32,Temp Scaling,0.30,0.0011,768.00,0.0000,1.0000
32,Temp Scaling,0.40,0.0011,768.00,0.0000,1.0000
32,Temp Scaling,0.50,0.0011,768.00,0.0000,1.0000
32,Matrix Scaling,0.02,0.0205,94551.00,0.3609,0.2826
32,Matrix Scaling,0.05,0.0152,768.00,0.0000,1.0000
32,Matrix Scaling,0.08,0.0152,768.00,0.0000,1.0000
32,Matrix Scaling,0.10,0.0152,768.00,0.0000,1.0000
32,Matrix Scaling,0.15,0.0152,768.00,0.0000,1.0000
32,Matrix Scaling,0.20,0.0152,768.00,0.0000,1.0000
32,Matrix Scaling,0.30,0.0152,768.00,0.0000,1.0000
32,Matrix Scaling,0.40,0.0152,768.00,0.0000,1.0000
32,Matrix Scaling,0.50,0.0152,768.00,0.0000,1.0000
32,Focal Loss γ=1.0,0.02,0.2908,261376.00,1.0000,0.0000
32,Focal Loss γ=1.0,0.05,0.2908,261376.00,1.0000,0.0000
32,Focal Loss γ=1.0,0.08,0.2908,261376.00,1.0000,0.0000
32,Focal Loss γ=1.0,0.10,0.2908,261376.00,1.0000,0.0000
32,Focal Loss γ=1.0,0.15,0.2908,261376.00,1.0000,0.0000
32,Focal Loss γ=1.0,0.20,0.2908,261376.00,1.0000,0.0000
32,Focal Loss γ=1.0,0.30,0.3002,44429.00,0.1672,0.9596
32,Focal Loss γ=1.0,0.40,0.2908,768.00,0.0000,1.0000
32,Focal Loss γ=1.0,0.50,0.2908,768.00,0.0000,1.0000
32,Focal Loss γ=2.0,0.02,0.0455,261376.00,1.0000,0.0000
32,Focal Loss γ=2.0,0.05,0.0519,85472.00,0.3253,0.5664
32,Focal Loss γ=2.0,0.08,0.0638,2465.00,0.0065,1.0000
32,Focal Loss γ=2.0,0.10,0.0455,768.00,0.0000,1.0000
32,Focal Loss γ=2.0,0.15,0.0455,768.00,0.0000,1.0000
32,Focal Loss γ=2.0,0.20,0.0455,768.00,0.0000,1.0000
32,Focal Loss γ=2.0,0.30,0.0455,768.00,0.0000,1.0000
32,Focal Loss γ=2.0,0.40,0.0455,768.00,0.0000,1.0000
32,Focal Loss γ=2.0,0.50,0.0455,768.00,0.0000,1.0000
32,Focal + Temp Scaling,0.02,0.0005,768.00,0.0000,1.0000
32,Focal + Temp Scaling,0.05,0.0005,768.00,0.0000,1.0000
32,Focal + Temp Scaling,0.08,0.0005,768.00,0.0000,1.0000
32,Focal + Temp Scaling,0.10,0.0005,768.00,0.0000,1.0000
32,Focal + Temp Scaling,0.15,0.0005,768.00,0.0000,1.0000
32,Focal + Temp Scaling,0.20,0.0005,768.00,0.0000,1.0000
32,Focal + Temp Scaling,0.30,0.0005,768.00,0.0000,1.0000
32,Focal + Temp Scaling,0.40,0.0005,768.00,0.0000,1.0000
32,Focal + Temp Scaling,0.50,0.0005,768.00,0.0000,1.0000
32,Focal + Matrix Scaling,0.02,0.0241,42216.00,0.1593,0.7500
32,Focal + Matrix Scaling,0.05,0.0121,768.00,0.0000,1.0000
32,Focal + Matrix Scaling,0.08,0.0121,768.00,0.0000,1.0000
32,Focal + Matrix Scaling,0.10,0.0121,768.00,0.0000,1.0000
32,Focal + Matrix Scaling,0.15,0.0121,768.00,0.0000,1.0000
32,Focal + Matrix Scaling,0.20,0.0121,768.00,0.0000,1.0000
32,Focal + Matrix Scaling,0.30,0.0121,768.00,0.0000,1.0000
32,Focal + Matrix Scaling,0.40,0.0121,768.00,0.0000,1.0000
32,Focal + Matrix Scaling,0.50,0.0121,768.00,0.0000,1.0000
33,Base (non calibrato),0.02,0.0194,237527.00,0.9077,0.0000
33,Base (non calibrato),0.05,0.0451,3491.00,0.0116,1.0000
33,Base (non calibrato),0.08,0.0249,453.00,0.0000,1.0000
33,Base (non calibrato),0.10,0.0249,453.00,0.0000,1.0000
33,Base (non calibrato),0.15,0.0249,453.00,0.0000,1.0000
33,Base (non calibrato),0.20,0.0249,453.00,0.0000,1.0000
33,Base (non calibrato),0.30,0.0249,453.00,0.0000,1.0000
33,Base (non calibrato),0.40,0.0249,453.00,0.0000,1.0000
33,Base (non calibrato),0.50,0.0249,453.00,0.0000,1.0000
33,Temp Scaling,0.02,0.0000,453.00,0.0000,1.0000
33,Temp Scaling,0.05,0.0000,453.00,0.0000,1.0000
33,Temp Scaling,0.08,0.0000,453.00,0.0000,1.0000
33,Temp Scaling,0.10,0.0000,453.00,0.0000,1.0000
33,Temp Scaling,0.15,0.0000,453.00,0.0000,1.0000
33,Temp Scaling,0.20,0.0000,453.00,0.0000,1.0000
33,Temp Scaling,0.30,0.0000,453.00,0.0000,1.0000
33,Temp Scaling,0.40,0.0000,453.00,0.0000,1.0000
33,Temp Scaling,0.50,0.0000,453.00,0.0000,1.0000
33,Matrix Scaling,0.02,0.0211,97298.00,0.3714,0.2561
33,Matrix Scaling,0.05,0.0162,453.00,0.0000,1.0000
33,Matrix Scaling,0.08,0.0162,453.00,0.0000,1.0000
33,Matrix Scaling,0.10,0.0162,453.00,0.0000,1.0000
33,Matrix Scaling,0.15,0.0162,453.00,0.0000,1.0000
33,Matrix Scaling,0.20,0.0162,453.00,0.0000,1.0000
33,Matrix Scaling,0.30,0.0162,453.00,0.0000,1.0000
33,Matrix Scaling,0.40,0.0162,453.00,0.0000,1.0000
33,Matrix Scaling,0.50,0.0162,453.00,0.0000,1.0000
33,Focal Loss γ=1.0,0.02,0.2921,261691.00,1.0000,0.0000
33,Focal Loss γ=1.0,0.05,0.2921,261691.00,1.0000,0.0000
33,Focal Loss γ=1.0,0.08,0.2921,261691.00,1.0000,0.0000
33,Focal Loss γ=1.0,0.10,0.2921,261691.00,1.0000,0.0000
33,Focal Loss γ=1.0,0.15,0.2921,261691.00,1.0000,0.0000
33,Focal Loss γ=1.0,0.20,0.2921,261691.00,1.0000,0.0000
33,Focal Loss γ=1.0,0.30,0.2974,52683.00,0.2007,0.3664
33,Focal Loss γ=1.0,0.40,0.2921,453.00,0.0000,1.0000
33,Focal Loss γ=1.0,0.50,0.2921,453.00,0.0000,1.0000
33,Focal Loss γ=2.0,0.02,0.0442,261691.00,1.0000,0.0000
33,Focal Loss γ=2.0,0.05,0.0475,62091.00,0.2371,0.1236
33,Focal Loss γ=2.0,0.08,0.0512,5551.00,0.0200,0.6733
33,Focal Loss γ=2.0,0.10,0.0442,453.00,0.0000,1.0000
33,Focal Loss γ=2.0,0.15,0.0442,453.00,0.0000,1.0000
33,Focal Loss γ=2.0,0.20,0.0442,453.00,0.0000,1.0000
33,Focal Loss γ=2.0,0.30,0.0442,453.00,0.0000,1.0000
33,Focal Loss γ=2.0,0.40,0.0442,453.00,0.0000,1.0000
33,Focal Loss γ=2.0,0.50,0.0442,453.00,0.0000,1.0000
33,Focal + Temp Scaling,0.02,0.0085,3920.00,0.0138,0.6865
33,Focal + Temp Scaling,0.05,0.0013,453.00,0.0000,1.0000
33,Focal + Temp Scaling,0.08,0.0013,453.00,0.0000,1.0000
33,Focal + Temp Scaling,0.10,0.0013,453.00,0.0000,1.0000
33,Focal + Temp Scaling,0.15,0.0013,453.00,0.0000,1.0000
33,Focal + Temp Scaling,0.20,0.0013,453.00,0.0000,1.0000
33,Focal + Temp Scaling,0.30,0.0013,453.00,0.0000,1.0000
33,Focal + Temp Scaling,0.40,0.0013,453.00,0.0000,1.0000
33,Focal + Temp Scaling,0.50,0.0013,453.00,0.0000,1.0000
33,Focal + Matrix Scaling,0.02,0.0200,52192.00,0.1990,0.2561
33,Focal + Matrix Scaling,0.05,0.0128,453.00,0.0000,1.0000
33,Focal + Matrix Scaling,0.08,0.0128,453.00,0.0000,1.0000
33,Focal + Matrix Scaling,0.10,0.0128,453.00,0.0000,1.0000
33,Focal + Matrix Scaling,0.15,0.0128,453.00,0.0000,1.0000
33,Focal + Matrix Scaling,0.20,0.0128,453.00,0.0000,1.0000
33,Focal + Matrix Scaling,0.30,0.0128,453.00,0.0000,1.0000
33,Focal + Matrix Scaling,0.40,0.0128,453.00,0.0000,1.0000
33,Focal + Matrix Scaling,0.50,0.0128,453.00,0.0000,1.0000
34,Base (non calibrato),0.02,0.0200,253325.00,0.9683,0.0000
34,Base (non calibrato),0.05,0.0387,7736.00,0.0279,0.7952
34,Base (non calibrato),0.08,0.0259,537.00,0.0000,1.0000
34,Base (non calibrato),0.10,0.0259,537.00,0.0000,1.0000
34,Base (non calibrato),0.15,0.0259,537.00,0.0000,1.0000
34,Base (non calibrato),0.20,0.0259,537.00,0.0000,1.0000
34,Base (non calibrato),0.30,0.0259,537.00,0.0000,1.0000
34,Base (non calibrato),0.40,0.0259,537.00,0.0000,1.0000
34,Base (non calibrato),0.50,0.0259,537.00,0.0000,1.0000
34,Temp Scaling,0.02,0.0204,2570.00,0.0083,0.7337
34,Temp Scaling,0.05,0.0001,537.00,0.0000,1.0000
34,Temp Scaling,0.08,0.0001,537.00,0.0000,1.0000
34,Temp Scaling,0.10,0.0001,537.00,0.0000,1.0000
34,Temp Scaling,0.15,0.0001,537.00,0.0000,1.0000
34,Temp Scaling,0.20,0.0001,537.00,0.0000,1.0000
34,Temp Scaling,0.30,0.0001,537.00,0.0000,1.0000
34,Temp Scaling,0.40,0.0001,537.00,0.0000,1.0000
34,Temp Scaling,0.50,0.0001,537.00,0.0000,1.0000
34,Matrix Scaling,0.02,0.0246,87321.00,0.3337,0.0503
34,Matrix Scaling,0.05,0.0413,3076.00,0.0097,1.0000
34,Matrix Scaling,0.08,0.0159,537.00,0.0000,1.0000
34,Matrix Scaling,0.10,0.0159,537.00,0.0000,1.0000
34,Matrix Scaling,0.15,0.0159,537.00,0.0000,1.0000
34,Matrix Scaling,0.20,0.0159,537.00,0.0000,1.0000
34,Matrix Scaling,0.30,0.0159,537.00,0.0000,1.0000
34,Matrix Scaling,0.40,0.0159,537.00,0.0000,1.0000
34,Matrix Scaling,0.50,0.0159,537.00,0.0000,1.0000
34,Focal Loss γ=1.0,0.02,0.2930,261607.00,1.0000,0.0000
34,Focal Loss γ=1.0,0.05,0.2930,261607.00,1.0000,0.0000
34,Focal Loss γ=1.0,0.08,0.2930,261607.00,1.0000,0.0000
34,Focal Loss γ=1.0,0.10,0.2930,261607.00,1.0000,0.0000
34,Focal Loss γ=1.0,0.15,0.2930,261607.00,1.0000,0.0000
34,Focal Loss γ=1.0,0.20,0.2930,261607.00,1.0000,0.0000
34,Focal Loss γ=1.0,0.30,0.2982,66780.00,0.2537,0.7635
34,Focal Loss γ=1.0,0.40,0.2930,537.00,0.0000,1.0000
34,Focal Loss γ=1.0,0.50,0.2930,537.00,0.0000,1.0000
34,Focal Loss γ=2.0,0.02,0.0475,261607.00,1.0000,0.0000
34,Focal Loss γ=2.0,0.05,0.0554,99909.00,0.3816,0.1546
34,Focal Loss γ=2.0,0.08,0.0619,3739.00,0.0124,0.9199
34,Focal Loss γ=2.0,0.10,0.0475,537.00,0.0000,1.0000
34,Focal Loss γ=2.0,0.15,0.0475,537.00,0.0000,1.0000
34,Focal Loss γ=2.0,0.20,0.0475,537.00,0.0000,1.0000
34,Focal Loss γ=2.0,0.30,0.0475,537.00,0.0000,1.0000
34,Focal Loss γ=2.0,0.40,0.0475,537.00,0.0000,1.0000
34,Focal Loss γ=2.0,0.50,0.0475,537.00,0.0000,1.0000
34,Focal + Temp Scaling,0.02,0.0015,537.00,0.0000,1.0000
34,Focal + Temp Scaling,0.05,0.0015,537.00,0.0000,1.0000
34,Focal + Temp Scaling,0.08,0.0015,537.00,0.0000,1.0000
34,Focal + Temp Scaling,0.10,0.0015,537.00,0.0000,1.0000
34,Focal + Temp Scaling,0.15,0.0015,537.00,0.0000,1.0000
34,Focal + Temp Scaling,0.20,0.0015,537.00,0.0000,1.0000
34,Focal + Temp Scaling,0.30,0.0015,537.00,0.0000,1.0000
34,Focal + Temp Scaling,0.40,0.0015,537.00,0.0000,1.0000
34,Focal + Temp Scaling,0.50,0.0015,537.00,0.0000,1.0000
34,Focal + Matrix Scaling,0.02,0.0205,70377.00,0.2689,0.0764
34,Focal + Matrix Scaling,0.05,0.0130,537.00,0.0000,1.0000
34,Focal + Matrix Scaling,0.08,0.0130,537.00,0.0000,1.0000
34,Focal + Matrix Scaling,0.10,0.0130,537.00,0.0000,1.0000
34,Focal + Matrix Scaling,0.15,0.0130,537.00,0.0000,1.0000
34,Focal + Matrix Scaling,0.20,0.0130,537.00,0.0000,1.0000
34,Focal + Matrix Scaling,0.30,0.0130,537.00,0.0000,1.0000
34,Focal + Matrix Scaling,0.40,0.0130,537.00,0.0000,1.0000
34,Focal + Matrix Scaling,0.50,0.0130,537.00,0.0000,1.0000
35,Base (non calibrato),0.02,0.0196,237986.00,0.9092,0.0000
35,Base (non calibrato),0.05,0.0475,1859.00,0.0056,1.0000
35,Base (non calibrato),0.08,0.0265,391.00,0.0000,1.0000
35,Base (non calibrato),0.10,0.0265,391.00,0.0000,1.0000
35,Base (non calibrato),0.15,0.0265,391.00,0.0000,1.0000
35,Base (non calibrato),0.20,0.0265,391.00,0.0000,1.0000
35,Base (non calibrato),0.30,0.0265,391.00,0.0000,1.0000
35,Base (non calibrato),0.40,0.0265,391.00,0.0000,1.0000
35,Base (non calibrato),0.50,0.0265,391.00,0.0000,1.0000
35,Temp Scaling,0.02,0.0003,391.00,0.0000,1.0000
35,Temp Scaling,0.05,0.0003,391.00,0.0000,1.0000
35,Temp Scaling,0.08,0.0003,391.00,0.0000,1.0000
35,Temp Scaling,0.10,0.0003,391.00,0.0000,1.0000
35,Temp Scaling,0.15,0.0003,391.00,0.0000,1.0000
35,Temp Scaling,0.20,0.0003,391.00,0.0000,1.0000
35,Temp Scaling,0.30,0.0003,391.00,0.0000,1.0000
35,Temp Scaling,0.40,0.0003,391.00,0.0000,1.0000
35,Temp Scaling,0.50,0.0003,391.00,0.0000,1.0000
35,Matrix Scaling,0.02,0.0201,107256.00,0.4093,0.2941
35,Matrix Scaling,0.05,0.0074,1660.00,0.0051,0.8031
35,Matrix Scaling,0.08,0.0171,391.00,0.0000,1.0000
35,Matrix Scaling,0.10,0.0171,391.00,0.0000,1.0000
35,Matrix Scaling,0.15,0.0171,391.00,0.0000,1.0000
35,Matrix Scaling,0.20,0.0171,391.00,0.0000,1.0000
35,Matrix Scaling,0.30,0.0171,391.00,0.0000,1.0000
35,Matrix Scaling,0.40,0.0171,391.00,0.0000,1.0000
35,Matrix Scaling,0.50,0.0171,391.00,0.0000,1.0000
35,Focal Loss γ=1.0,0.02,0.2944,261753.00,1.0000,0.0000
35,Focal Loss γ=1.0,0.05,0.2944,261753.00,1.0000,0.0000
35,Focal Loss γ=1.0,0.08,0.2944,261753.00,1.0000,0.0000
35,Focal Loss γ=1.0,0.10,0.2944,261753.00,1.0000,0.0000
35,Focal Loss γ=1.0,0.15,0.2944,261753.00,1.0000,0.0000
35,Focal Loss γ=1.0,0.20,0.2944,261753.00,1.0000,0.0000
35,Focal Loss γ=1.0,0.30,0.3007,57461.00,0.2187,0.5703
35,Focal Loss γ=1.0,0.40,0.2944,391.00,0.0000,1.0000
35,Focal Loss γ=1.0,0.50,0.2944,391.00,0.0000,1.0000
35,Focal Loss γ=2.0,0.02,0.0489,261753.00,1.0000,0.0000
35,Focal Loss γ=2.0,0.05,0.0514,123425.00,0.4713,0.1304
35,Focal Loss γ=2.0,0.08,0.0780,2912.00,0.0096,1.0000
35,Focal Loss γ=2.0,0.10,0.0489,391.00,0.0000,1.0000
35,Focal Loss γ=2.0,0.15,0.0489,391.00,0.0000,1.0000
35,Focal Loss γ=2.0,0.20,0.0489,391.00,0.0000,1.0000
35,Focal Loss γ=2.0,0.30,0.0489,391.00,0.0000,1.0000
35,Focal Loss γ=2.0,0.40,0.0489,391.00,0.0000,1.0000
35,Focal Loss γ=2.0,0.50,0.0489,391.00,0.0000,1.0000
35,Focal + Temp Scaling,0.02,0.0068,1828.00,0.0057,0.8465
35,Focal + Temp Scaling,0.05,0.0021,391.00,0.0000,1.0000
35,Focal + Temp Scaling,0.08,0.0021,391.00,0.0000,1.0000
35,Focal + Temp Scaling,0.10,0.0021,391.00,0.0000,1.0000
35,Focal + Temp Scaling,0.15,0.0021,391.00,0.0000,1.0000
35,Focal + Temp Scaling,0.20,0.0021,391.00,0.0000,1.0000
35,Focal + Temp Scaling,0.30,0.0021,391.00,0.0000,1.0000
35,Focal + Temp Scaling,0.40,0.0021,391.00,0.0000,1.0000
35,Focal + Temp Scaling,0.50,0.0021,391.00,0.0000,1.0000
35,Focal + Matrix Scaling,0.02,0.0178,75740.00,0.2889,0.2992
35,Focal + Matrix Scaling,0.05,0.0063,1660.00,0.0051,0.8031
35,Focal + Matrix Scaling,0.08,0.0144,391.00,0.0000,1.0000
35,Focal + Matrix Scaling,0.10,0.0144,391.00,0.0000,1.0000
35,Focal + Matrix Scaling,0.15,0.0144,391.00,0.0000,1.0000
35,Focal + Matrix Scaling,0.20,0.0144,391.00,0.0000,1.0000
35,Focal + Matrix Scaling,0.30,0.0144,391.00,0.0000,1.0000
35,Focal + Matrix Scaling,0.40,0.0144,391.00,0.0000,1.0000
35,Focal + Matrix Scaling,0.50,0.0144,391.00,0.0000,1.0000
36,Base (non calibrato),0.02,0.0192,239103.00,0.9135,0.0000
36,Base (non calibrato),0.05,0.0118,6269.00,0.0237,0.1710
36,Base (non calibrato),0.08,0.0262,386.00,0.0000,1.0000
36,Base (non calibrato),0.10,0.0262,386.00,0.0000,1.0000
36,Base (non calibrato),0.15,0.0262,386.00,0.0000,1.0000
36,Base (non calibrato),0.20,0.0262,386.00,0.0000,1.0000
36,Base (non calibrato),0.30,0.0262,386.00,0.0000,1.0000
36,Base (non calibrato),0.40,0.0262,386.00,0.0000,1.0000
36,Base (non calibrato),0.50,0.0262,386.00,0.0000,1.0000
36,Temp Scaling,0.02,0.0482,2930.00,0.0109,0.1710
36,Temp Scaling,0.05,0.0007,386.00,0.0000,1.0000
36,Temp Scaling,0.08,0.0007,386.00,0.0000,1.0000
36,Temp Scaling,0.10,0.0007,386.00,0.0000,1.0000
36,Temp Scaling,0.15,0.0007,386.00,0.0000,1.0000
36,Temp Scaling,0.20,0.0007,386.00,0.0000,1.0000
36,Temp Scaling,0.30,0.0007,386.00,0.0000,1.0000
36,Temp Scaling,0.40,0.0007,386.00,0.0000,1.0000
36,Temp Scaling,0.50,0.0007,386.00,0.0000,1.0000
36,Matrix Scaling,0.02,0.0242,84169.00,0.3213,0.1710
36,Matrix Scaling,0.05,0.0098,2946.00,0.0103,0.6321
36,Matrix Scaling,0.08,0.0165,386.00,0.0000,1.0000
36,Matrix Scaling,0.10,0.0165,386.00,0.0000,1.0000
36,Matrix Scaling,0.15,0.0165,386.00,0.0000,1.0000
36,Matrix Scaling,0.20,0.0165,386.00,0.0000,1.0000
36,Matrix Scaling,0.30,0.0165,386.00,0.0000,1.0000
36,Matrix Scaling,0.40,0.0165,386.00,0.0000,1.0000
36,Matrix Scaling,0.50,0.0165,386.00,0.0000,1.0000
36,Focal Loss γ=1.0,0.02,0.2943,261758.00,1.0000,0.0000
36,Focal Loss γ=1.0,0.05,0.2943,261758.00,1.0000,0.0000
36,Focal Loss γ=1.0,0.08,0.2943,261758.00,1.0000,0.0000
36,Focal Loss γ=1.0,0.10,0.2943,261758.00,1.0000,0.0000
36,Focal Loss γ=1.0,0.15,0.2943,261758.00,1.0000,0.0000
36,Focal Loss γ=1.0,0.20,0.2943,261758.00,1.0000,0.0000
36,Focal Loss γ=1.0,0.30,0.2904,64257.00,0.2448,0.4482
36,Focal Loss γ=1.0,0.40,0.2943,386.00,0.0000,1.0000
36,Focal Loss γ=1.0,0.50,0.2943,386.00,0.0000,1.0000
36,Focal Loss γ=2.0,0.02,0.0480,261758.00,1.0000,0.0000
36,Focal Loss γ=2.0,0.05,0.0494,98709.00,0.3771,0.0233
36,Focal Loss γ=2.0,0.08,0.0327,4969.00,0.0187,0.1710
36,Focal Loss γ=2.0,0.10,0.0265,1670.00,0.0056,0.5389
36,Focal Loss γ=2.0,0.15,0.0480,386.00,0.0000,1.0000
36,Focal Loss γ=2.0,0.20,0.0480,386.00,0.0000,1.0000
36,Focal Loss γ=2.0,0.30,0.0480,386.00,0.0000,1.0000
36,Focal Loss γ=2.0,0.40,0.0480,386.00,0.0000,1.0000
36,Focal Loss γ=2.0,0.50,0.0480,386.00,0.0000,1.0000
36,Focal + Temp Scaling,0.02,0.0358,2930.00,0.0109,0.1710
36,Focal + Temp Scaling,0.05,0.0252,1670.00,0.0056,0.5389
36,Focal + Temp Scaling,0.08,0.0023,386.00,0.0000,1.0000
36,Focal + Temp Scaling,0.10,0.0023,386.00,0.0000,1.0000
36,Focal + Temp Scaling,0.15,0.0023,386.00,0.0000,1.0000
36,Focal + Temp Scaling,0.20,0.0023,386.00,0.0000,1.0000
36,Focal + Temp Scaling,0.30,0.0023,386.00,0.0000,1.0000
36,Focal + Temp Scaling,0.40,0.0023,386.00,0.0000,1.0000
36,Focal + Temp Scaling,0.50,0.0023,386.00,0.0000,1.0000
36,Focal + Matrix Scaling,0.02,0.0183,52005.00,0.1984,0.1710
36,Focal + Matrix Scaling,0.05,0.0135,386.00,0.0000,1.0000
36,Focal + Matrix Scaling,0.08,0.0135,386.00,0.0000,1.0000
36,Focal + Matrix Scaling,0.10,0.0135,386.00,0.0000,1.0000
36,Focal + Matrix Scaling,0.15,0.0135,386.00,0.0000,1.0000
36,Focal + Matrix Scaling,0.20,0.0135,386.00,0.0000,1.0000
36,Focal + Matrix Scaling,0.30,0.0135,386.00,0.0000,1.0000
36,Focal + Matrix Scaling,0.40,0.0135,386.00,0.0000,1.0000
36,Focal + Matrix Scaling,0.50,0.0135,386.00,0.0000,1.0000
37,Base (non calibrato),0.02,0.0196,252105.00,0.9746,0.0000
37,Base (non calibrato),0.05,0.0110,19054.00,0.0661,0.5648
37,Base (non calibrato),0.08,0.0016,10064.00,0.0292,0.7247
37,Base (non calibrato),0.10,0.0202,5469.00,0.0097,0.8531
37,Base (non calibrato),0.15,0.0251,4044.00,0.0034,0.9164
37,Base (non calibrato),0.20,0.0251,4044.00,0.0034,0.9164
37,Base (non calibrato),0.30,0.0202,3458.00,0.0000,1.0000
37,Base (non calibrato),0.40,0.0202,3458.00,0.0000,1.0000
37,Base (non calibrato),0.50,0.0202,3458.00,0.0000,1.0000
37,Temp Scaling,0.02,0.0210,14056.00,0.0451,0.6874
37,Temp Scaling,0.05,0.0322,8273.00,0.0218,0.7591
37,Temp Scaling,0.08,0.0206,4044.00,0.0034,0.9164
37,Temp Scaling,0.10,0.0206,4044.00,0.0034,0.9164
37,Temp Scaling,0.15,0.0206,4044.00,0.0034,0.9164
37,Temp Scaling,0.20,0.0206,4044.00,0.0034,0.9164
37,Temp Scaling,0.30,0.0073,3458.00,0.0000,1.0000
37,Temp Scaling,0.40,0.0073,3458.00,0.0000,1.0000
37,Temp Scaling,0.50,0.0073,3458.00,0.0000,1.0000
37,Matrix Scaling,0.02,0.0123,111638.00,0.4282,0.2527
37,Matrix Scaling,0.05,0.0117,11093.00,0.0332,0.7247
37,Matrix Scaling,0.08,0.0499,4044.00,0.0034,0.9164
37,Matrix Scaling,0.10,0.0499,4044.00,0.0034,0.9164
37,Matrix Scaling,0.15,0.0499,4044.00,0.0034,0.9164
37,Matrix Scaling,0.20,0.0077,3458.00,0.0000,1.0000
37,Matrix Scaling,0.30,0.0077,3458.00,0.0000,1.0000
37,Matrix Scaling,0.40,0.0077,3458.00,0.0000,1.0000
37,Matrix Scaling,0.50,0.0077,3458.00,0.0000,1.0000
37,Focal Loss γ=1.0,0.02,0.2869,258686.00,1.0000,0.0000
37,Focal Loss γ=1.0,0.05,0.2869,258686.00,1.0000,0.0000
37,Focal Loss γ=1.0,0.08,0.2869,258686.00,1.0000,0.0000
37,Focal Loss γ=1.0,0.10,0.2869,258686.00,1.0000,0.0000
37,Focal Loss γ=1.0,0.15,0.2869,258686.00,1.0000,0.0000
37,Focal Loss γ=1.0,0.20,0.2869,258686.00,1.0000,0.0000
37,Focal Loss γ=1.0,0.30,0.2907,111270.00,0.4276,0.1900
37,Focal Loss γ=1.0,0.40,0.2869,3458.00,0.0000,1.0000
37,Focal Loss γ=1.0,0.50,0.2869,3458.00,0.0000,1.0000
37,Focal Loss γ=2.0,0.02,0.0479,258686.00,1.0000,0.0000
37,Focal Loss γ=2.0,0.05,0.0462,179627.00,0.6943,0.0038
37,Focal Loss γ=2.0,0.08,0.0400,25199.00,0.0918,0.4167
37,Focal Loss γ=2.0,0.10,0.0334,15549.00,0.0531,0.5228
37,Focal Loss γ=2.0,0.15,0.0325,5469.00,0.0097,0.8531
37,Focal Loss γ=2.0,0.20,0.0258,4044.00,0.0034,0.9164
37,Focal Loss γ=2.0,0.30,0.0479,3458.00,0.0000,1.0000
37,Focal Loss γ=2.0,0.40,0.0479,3458.00,0.0000,1.0000
37,Focal Loss γ=2.0,0.50,0.0479,3458.00,0.0000,1.0000
37,Focal + Temp Scaling,0.02,0.0186,26064.00,0.0954,0.3982
37,Focal + Temp Scaling,0.05,0.0219,8273.00,0.0218,0.7591
37,Focal + Temp Scaling,0.08,0.0158,5469.00,0.0097,0.8531
37,Focal + Temp Scaling,0.10,0.0142,4044.00,0.0034,0.9164
37,Focal + Temp Scaling,0.15,0.0142,4044.00,0.0034,0.9164
37,Focal + Temp Scaling,0.20,0.0142,4044.00,0.0034,0.9164
37,Focal + Temp Scaling,0.30,0.0038,3458.00,0.0000,1.0000
37,Focal + Temp Scaling,0.40,0.0038,3458.00,0.0000,1.0000
37,Focal + Temp Scaling,0.50,0.0038,3458.00,0.0000,1.0000
37,Focal + Matrix Scaling,0.02,0.0089,90264.00,0.3460,0.2192
37,Focal + Matrix Scaling,0.05,0.0437,8273.00,0.0218,0.7591
37,Focal + Matrix Scaling,0.08,0.0522,5469.00,0.0097,0.8531
37,Focal + Matrix Scaling,0.10,0.0665,4044.00,0.0034,0.9164
37,Focal + Matrix Scaling,0.15,0.0056,3458.00,0.0000,1.0000
37,Focal + Matrix Scaling,0.20,0.0056,3458.00,0.0000,1.0000
37,Focal + Matrix Scaling,0.30,0.0056,3458.00,0.0000,1.0000
37,Focal + Matrix Scaling,0.40,0.0056,3458.00,0.0000,1.0000
37,Focal + Matrix Scaling,0.50,0.0056,3458.00,0.0000,1.0000
38,Base (non calibrato),0.02,0.0375,234670.00,1.0000,0.0000
38,Base (non calibrato),0.05,0.0363,183276.00,0.7800,0.0083
38,Base (non calibrato),0.08,0.0338,127380.00,0.5343,0.0723
38,Base (non calibrato),0.10,0.0324,104471.00,0.4310,0.1212
38,Base (non calibrato),0.15,0.0380,64871.00,0.2472,0.2493
38,Base (non calibrato),0.20,0.0495,47731.00,0.1589,0.3799
38,Base (non calibrato),0.30,0.0365,28031.00,0.0530,0.5678
38,Base (non calibrato),0.40,0.0636,22888.00,0.0160,0.6963
38,Base (non calibrato),0.50,0.0549,23210.00,0.0098,0.7614
38,Temp Scaling,0.02,0.0045,152303.00,0.6452,0.0325
38,Temp Scaling,0.05,0.0161,107443.00,0.4440,0.1181
38,Temp Scaling,0.08,0.0157,82311.00,0.3294,0.1820
38,Temp Scaling,0.10,0.0160,67834.00,0.2611,0.2385
38,Temp Scaling,0.15,0.0300,54338.00,0.1945,0.3167
38,Temp Scaling,0.20,0.0534,38616.00,0.1107,0.4601
38,Temp Scaling,0.30,0.0538,25752.00,0.0378,0.6149
38,Temp Scaling,0.40,0.0725,22888.00,0.0160,0.6963
38,Temp Scaling,0.50,0.0761,23210.00,0.0098,0.7614
38,Matrix Scaling,0.02,0.0116,185354.00,0.7889,0.0084
38,Matrix Scaling,0.05,0.0252,100260.00,0.4115,0.1346
38,Matrix Scaling,0.08,0.0255,66936.00,0.2576,0.2364
38,Matrix Scaling,0.10,0.0246,57552.00,0.2120,0.2844
38,Matrix Scaling,0.15,0.0351,36240.00,0.0994,0.4699
38,Matrix Scaling,0.20,0.0774,28031.00,0.0530,0.5678
38,Matrix Scaling,0.30,0.1180,22888.00,0.0160,0.6963
38,Matrix Scaling,0.40,0.0943,23055.00,0.0078,0.7725
38,Matrix Scaling,0.50,0.1061,23145.00,0.0063,0.7890
38,Focal Loss γ=1.0,0.02,0.2235,234670.00,1.0000,0.0000
38,Focal Loss γ=1.0,0.05,0.2235,234670.00,1.0000,0.0000
38,Focal Loss γ=1.0,0.08,0.2235,234670.00,1.0000,0.0000
38,Focal Loss γ=1.0,0.10,0.2235,234670.00,1.0000,0.0000
38,Focal Loss γ=1.0,0.15,0.2235,234670.00,1.0000,0.0000
38,Focal Loss γ=1.0,0.20,0.2235,234670.00,1.0000,0.0000
38,Focal Loss γ=1.0,0.30,0.2235,234670.00,1.0000,0.0000
38,Focal Loss γ=1.0,0.40,0.2235,27474.00,0.0000,1.0000
38,Focal Loss γ=1.0,0.50,0.2235,27474.00,0.0000,1.0000
38,Focal Loss γ=2.0,0.02,0.0900,234670.00,1.0000,0.0000
38,Focal Loss γ=2.0,0.05,0.0900,234670.00,1.0000,0.0000
38,Focal Loss γ=2.0,0.08,0.0748,213100.00,0.9077,0.0030
38,Focal Loss γ=2.0,0.10,0.0821,179758.00,0.7647,0.0108
38,Focal Loss γ=2.0,0.15,0.0765,107108.00,0.4408,0.1333
38,Focal Loss γ=2.0,0.20,0.0990,73970.00,0.2870,0.2408
38,Focal Loss γ=2.0,0.30,0.1160,41154.00,0.1232,0.4455
38,Focal Loss γ=2.0,0.40,0.0734,26306.00,0.0391,0.6239
38,Focal Loss γ=2.0,0.50,0.0603,23210.00,0.0098,0.7614
38,Focal + Temp Scaling,0.02,0.0094,170355.00,0.7245,0.0121
38,Focal + Temp Scaling,0.05,0.0146,122963.00,0.5143,0.0827
38,Focal + Temp Scaling,0.08,0.0193,91124.00,0.3685,0.1689
38,Focal + Temp Scaling,0.10,0.0227,76146.00,0.2997,0.2117
38,Focal + Temp Scaling,0.15,0.0343,62946.00,0.2377,0.2605
38,Focal + Temp Scaling,0.20,0.0701,47369.00,0.1551,0.3996
38,Focal + Temp Scaling,0.30,0.0929,30909.00,0.0685,0.5396
38,Focal + Temp Scaling,0.40,0.1001,23012.00,0.0192,0.6735
38,Focal + Temp Scaling,0.50,0.0574,22760.00,0.0129,0.7184
38,Focal + Matrix Scaling,0.02,0.0052,163403.00,0.6933,0.0254
38,Focal + Matrix Scaling,0.05,0.0501,74745.00,0.2937,0.2117
38,Focal + Matrix Scaling,0.08,0.0549,51214.00,0.1781,0.3429
38,Focal + Matrix Scaling,0.10,0.0899,41995.00,0.1307,0.4121
38,Focal + Matrix Scaling,0.15,0.1709,26232.00,0.0404,0.6099
38,Focal + Matrix Scaling,0.20,0.2416,22888.00,0.0160,0.6963
38,Focal + Matrix Scaling,0.30,0.2277,23055.00,0.0078,0.7725
38,Focal + Matrix Scaling,0.40,0.1556,24883.00,0.0041,0.8707
38,Focal + Matrix Scaling,0.50,0.1569,26487.00,0.0008,0.9571
39,Base (non calibrato),0.02,0.0154,181863.00,0.7856,0.0057
39,Base (non calibrato),0.05,0.0214,84767.00,0.3562,0.0771
39,Base (non calibrato),0.08,0.0367,55697.00,0.2207,0.1511
39,Base (non calibrato),0.10,0.0566,39583.00,0.1416,0.2211
39,Base (non calibrato),0.15,0.0610,35290.00,0.1189,0.2521
39,Base (non calibrato),0.20,0.0846,24832.00,0.0568,0.3786
39,Base (non calibrato),0.30,0.0997,21494.00,0.0311,0.4633
39,Base (non calibrato),0.40,0.1248,21066.00,0.0112,0.5983
39,Base (non calibrato),0.50,0.1321,21845.00,0.0041,0.6769
39,Temp Scaling,0.02,0.0429,76580.00,0.3179,0.0994
39,Temp Scaling,0.05,0.0738,43617.00,0.1611,0.2059
39,Temp Scaling,0.08,0.0686,38325.00,0.1350,0.2302
39,Temp Scaling,0.10,0.0707,36041.00,0.1228,0.2474
39,Temp Scaling,0.15,0.0590,28360.00,0.0782,0.3330
39,Temp Scaling,0.20,0.0805,23776.00,0.0485,0.4065
39,Temp Scaling,0.30,0.0784,21367.00,0.0292,0.4737
39,Temp Scaling,0.40,0.0854,21066.00,0.0112,0.5983
39,Temp Scaling,0.50,0.0789,21845.00,0.0041,0.6769
39,Matrix Scaling,0.02,0.0573,82286.00,0.3451,0.0804
39,Matrix Scaling,0.05,0.1138,39583.00,0.1416,0.2211
39,Matrix Scaling,0.08,0.1157,36041.00,0.1228,0.2474
39,Matrix Scaling,0.10,0.1143,32473.00,0.1019,0.2883
39,Matrix Scaling,0.15,0.1890,23776.00,0.0485,0.4065
39,Matrix Scaling,0.20,0.2089,21235.00,0.0284,0.4750
39,Matrix Scaling,0.30,0.2092,21279.00,0.0096,0.6175
39,Matrix Scaling,0.40,0.2320,21845.00,0.0041,0.6769
39,Matrix Scaling,0.50,0.2056,22653.00,0.0034,0.7082
39,Focal Loss γ=1.0,0.02,0.2137,231267.00,1.0000,0.0000
39,Focal Loss γ=1.0,0.05,0.2137,231267.00,1.0000,0.0000
39,Focal Loss γ=1.0,0.08,0.2137,231267.00,1.0000,0.0000
39,Focal Loss γ=1.0,0.10,0.2137,231267.00,1.0000,0.0000
39,Focal Loss γ=1.0,0.15,0.2137,231267.00,1.0000,0.0000
39,Focal Loss γ=1.0,0.20,0.2137,231267.00,1.0000,0.0000
39,Focal Loss γ=1.0,0.30,0.2137,231267.00,1.0000,0.0000
39,Focal Loss γ=1.0,0.40,0.2137,30877.00,0.0000,1.0000
39,Focal Loss γ=1.0,0.50,0.2137,30877.00,0.0000,1.0000
39,Focal Loss γ=2.0,0.02,0.0706,231267.00,1.0000,0.0000
39,Focal Loss γ=2.0,0.05,0.0706,231267.00,1.0000,0.0000
39,Focal Loss γ=2.0,0.08,0.0693,222144.00,0.9605,0.0003
39,Focal Loss γ=2.0,0.10,0.0839,174991.00,0.7550,0.0122
39,Focal Loss γ=2.0,0.15,0.0567,80830.00,0.3370,0.0937
39,Focal Loss γ=2.0,0.20,0.0859,44549.00,0.1645,0.2110
39,Focal Loss γ=2.0,0.30,0.0610,27527.00,0.0745,0.3335
39,Focal Loss γ=2.0,0.40,0.1496,20287.00,0.0194,0.5114
39,Focal Loss γ=2.0,0.50,0.1736,21353.00,0.0064,0.6436
39,Focal + Temp Scaling,0.02,0.0036,151330.00,0.6517,0.0202
39,Focal + Temp Scaling,0.05,0.0107,83462.00,0.3499,0.0820
39,Focal + Temp Scaling,0.08,0.0345,60372.00,0.2426,0.1383
39,Focal + Temp Scaling,0.10,0.0413,48611.00,0.1868,0.1754
39,Focal + Temp Scaling,0.15,0.0505,37494.00,0.1292,0.2469
39,Focal + Temp Scaling,0.20,0.0555,30141.00,0.0871,0.3236
39,Focal + Temp Scaling,0.30,0.0615,21367.00,0.0292,0.4737
39,Focal + Temp Scaling,0.40,0.0759,20315.00,0.0170,0.5303
39,Focal + Temp Scaling,0.50,0.0752,21353.00,0.0064,0.6436
39,Focal + Matrix Scaling,0.02,0.0065,140743.00,0.6040,0.0344
39,Focal + Matrix Scaling,0.05,0.1046,42851.00,0.1572,0.2101
39,Focal + Matrix Scaling,0.08,0.1198,34680.00,0.1139,0.2698
39,Focal + Matrix Scaling,0.10,0.2292,25469.00,0.0607,0.3702
39,Focal + Matrix Scaling,0.15,0.3103,21136.00,0.0241,0.5043
39,Focal + Matrix Scaling,0.20,0.2869,22445.00,0.0172,0.5981
39,Focal + Matrix Scaling,0.30,0.3288,21771.00,0.0073,0.6508
39,Focal + Matrix Scaling,0.40,0.3265,24617.00,0.0019,0.7829
39,Focal + Matrix Scaling,0.50,0.3106,25880.00,0.0006,0.8333
4,Base (non calibrato),0.02,0.0380,35168.00,0.1342,0.0000
4,Base (non calibrato),0.05,0.0456,25848.00,0.0987,0.0000
4,Base (non calibrato),0.08,0.0542,11266.00,0.0429,0.2913
4,Base (non calibrato),0.10,0.0638,5160.00,0.0192,1.0000
4,Base (non calibrato),0.15,0.0195,127.00,0.0000,1.0000
4,Base (non calibrato),0.20,0.0195,127.00,0.0000,1.0000
4,Base (non calibrato),0.30,0.0195,127.00,0.0000,1.0000
4,Base (non calibrato),0.40,0.0195,127.00,0.0000,1.0000
4,Base (non calibrato),0.50,0.0195,127.00,0.0000,1.0000
4,Temp Scaling,0.02,0.0231,11678.00,0.0444,0.2913
4,Temp Scaling,0.05,0.0092,3517.00,0.0133,0.2913
4,Temp Scaling,0.08,0.0023,127.00,0.0000,1.0000
4,Temp Scaling,0.10,0.0023,127.00,0.0000,1.0000
4,Temp Scaling,0.15,0.0023,127.00,0.0000,1.0000
4,Temp Scaling,0.20,0.0023,127.00,0.0000,1.0000
4,Temp Scaling,0.30,0.0023,127.00,0.0000,1.0000
4,Temp Scaling,0.40,0.0023,127.00,0.0000,1.0000
4,Temp Scaling,0.50,0.0023,127.00,0.0000,1.0000
4,Matrix Scaling,0.02,0.0281,25848.00,0.0987,0.0000
4,Matrix Scaling,0.05,0.0324,22927.00,0.0874,0.2913
4,Matrix Scaling,0.08,0.0084,127.00,0.0000,1.0000
4,Matrix Scaling,0.10,0.0084,127.00,0.0000,1.0000
4,Matrix Scaling,0.15,0.0084,127.00,0.0000,1.0000
4,Matrix Scaling,0.20,0.0084,127.00,0.0000,1.0000
4,Matrix Scaling,0.30,0.0084,127.00,0.0000,1.0000
4,Matrix Scaling,0.40,0.0084,127.00,0.0000,1.0000
4,Matrix Scaling,0.50,0.0084,127.00,0.0000,1.0000
4,Focal Loss γ=1.0,0.02,0.3141,262017.00,1.0000,0.0000
4,Focal Loss γ=1.0,0.05,0.3141,262017.00,1.0000,0.0000
4,Focal Loss γ=1.0,0.08,0.3141,262017.00,1.0000,0.0000
4,Focal Loss γ=1.0,0.10,0.3141,262017.00,1.0000,0.0000
4,Focal Loss γ=1.0,0.15,0.3141,262017.00,1.0000,0.0000
4,Focal Loss γ=1.0,0.20,0.3141,262017.00,1.0000,0.0000
4,Focal Loss γ=1.0,0.30,0.3141,262017.00,1.0000,0.0000
4,Focal Loss γ=1.0,0.40,0.3141,127.00,0.0000,1.0000
4,Focal Loss γ=1.0,0.50,0.3141,127.00,0.0000,1.0000
4,Focal Loss γ=2.0,0.02,0.0610,262017.00,1.0000,0.0000
4,Focal Loss γ=2.0,0.05,0.0610,262017.00,1.0000,0.0000
4,Focal Loss γ=2.0,0.08,0.0799,25848.00,0.0987,0.0000
4,Focal Loss γ=2.0,0.10,0.0902,10218.00,0.0390,0.0000
4,Focal Loss γ=2.0,0.15,0.1125,2599.00,0.0094,1.0000
4,Focal Loss γ=2.0,0.20,0.0610,127.00,0.0000,1.0000
4,Focal Loss γ=2.0,0.30,0.0610,127.00,0.0000,1.0000
4,Focal Loss γ=2.0,0.40,0.0610,127.00,0.0000,1.0000
4,Focal Loss γ=2.0,0.50,0.0610,127.00,0.0000,1.0000
4,Focal + Temp Scaling,0.02,0.0132,13253.00,0.0506,0.0000
4,Focal + Temp Scaling,0.05,0.0182,3517.00,0.0133,0.2913
4,Focal + Temp Scaling,0.08,0.0430,2599.00,0.0094,1.0000
4,Focal + Temp Scaling,0.10,0.0046,127.00,0.0000,1.0000
4,Focal + Temp Scaling,0.15,0.0046,127.00,0.0000,1.0000
4,Focal + Temp Scaling,0.20,0.0046,127.00,0.0000,1.0000
4,Focal + Temp Scaling,0.30,0.0046,127.00,0.0000,1.0000
4,Focal + Temp Scaling,0.40,0.0046,127.00,0.0000,1.0000
4,Focal + Temp Scaling,0.50,0.0046,127.00,0.0000,1.0000
4,Focal + Matrix Scaling,0.02,0.0254,25848.00,0.0987,0.0000
4,Focal + Matrix Scaling,0.05,0.0358,10539.00,0.0397,1.0000
4,Focal + Matrix Scaling,0.08,0.0113,127.00,0.0000,1.0000
4,Focal + Matrix Scaling,0.10,0.0113,127.00,0.0000,1.0000
4,Focal + Matrix Scaling,0.15,0.0113,127.00,0.0000,1.0000
4,Focal + Matrix Scaling,0.20,0.0113,127.00,0.0000,1.0000
4,Focal + Matrix Scaling,0.30,0.0113,127.00,0.0000,1.0000
4,Focal + Matrix Scaling,0.40,0.0113,127.00,0.0000,1.0000
4,Focal + Matrix Scaling,0.50,0.0113,127.00,0.0000,1.0000
40,Base (non calibrato),0.02,0.0019,246877.00,1.0000,0.0000
40,Base (non calibrato),0.05,0.0327,83542.00,0.3239,0.2338
40,Base (non calibrato),0.08,0.0312,33238.00,0.1007,0.5482
40,Base (non calibrato),0.10,0.0443,26602.00,0.0709,0.5964
40,Base (non calibrato),0.15,0.0887,16805.00,0.0204,0.7705
40,Base (non calibrato),0.20,0.1235,14652.00,0.0078,0.8333
40,Base (non calibrato),0.30,0.1297,14142.00,0.0028,0.8814
40,Base (non calibrato),0.40,0.1297,14142.00,0.0028,0.8814
40,Base (non calibrato),0.50,0.0019,15267.00,0.0000,1.0000
40,Temp Scaling,0.02,0.0646,61295.00,0.2263,0.3548
40,Temp Scaling,0.05,0.0706,31229.00,0.0917,0.5630
40,Temp Scaling,0.08,0.0799,21763.00,0.0470,0.6662
40,Temp Scaling,0.10,0.0875,18275.00,0.0284,0.7377
40,Temp Scaling,0.15,0.1041,15307.00,0.0114,0.8178
40,Temp Scaling,0.20,0.1218,14652.00,0.0078,0.8333
40,Temp Scaling,0.30,0.1259,14142.00,0.0028,0.8814
40,Temp Scaling,0.40,0.1259,14142.00,0.0028,0.8814
40,Temp Scaling,0.50,0.1259,14142.00,0.0028,0.8814
40,Matrix Scaling,0.02,0.0567,108452.00,0.4284,0.1755
40,Matrix Scaling,0.05,0.0711,41363.00,0.1368,0.4979
40,Matrix Scaling,0.08,0.1146,19666.00,0.0363,0.7015
40,Matrix Scaling,0.10,0.1302,17389.00,0.0233,0.7618
40,Matrix Scaling,0.15,0.1777,14652.00,0.0078,0.8333
40,Matrix Scaling,0.20,0.1753,14142.00,0.0028,0.8814
40,Matrix Scaling,0.30,0.1753,14142.00,0.0028,0.8814
40,Matrix Scaling,0.40,0.0264,15267.00,0.0000,1.0000
40,Matrix Scaling,0.50,0.0264,15267.00,0.0000,1.0000
40,Focal Loss γ=1.0,0.02,0.2558,246877.00,1.0000,0.0000
40,Focal Loss γ=1.0,0.05,0.2558,246877.00,1.0000,0.0000
40,Focal Loss γ=1.0,0.08,0.2558,246877.00,1.0000,0.0000
40,Focal Loss γ=1.0,0.10,0.2558,246877.00,1.0000,0.0000
40,Focal Loss γ=1.0,0.15,0.2558,246877.00,1.0000,0.0000
40,Focal Loss γ=1.0,0.20,0.2558,246877.00,1.0000,0.0000
40,Focal Loss γ=1.0,0.30,0.2545,228164.00,0.9218,0.0384
40,Focal Loss γ=1.0,0.40,0.2558,15267.00,0.0000,1.0000
40,Focal Loss γ=1.0,0.50,0.2558,15267.00,0.0000,1.0000
40,Focal Loss γ=2.0,0.02,0.0420,246877.00,1.0000,0.0000
40,Focal Loss γ=2.0,0.05,0.0420,246877.00,1.0000,0.0000
40,Focal Loss γ=2.0,0.08,0.0494,148781.00,0.5964,0.1009
40,Focal Loss γ=2.0,0.10,0.0118,81550.00,0.3157,0.2370
40,Focal Loss γ=2.0,0.15,0.0248,24807.00,0.0623,0.6177
40,Focal Loss γ=2.0,0.20,0.0512,17389.00,0.0233,0.7618
40,Focal Loss γ=2.0,0.30,0.1433,14142.00,0.0028,0.8814
40,Focal Loss γ=2.0,0.40,0.1433,14142.00,0.0028,0.8814
40,Focal Loss γ=2.0,0.50,0.0420,15267.00,0.0000,1.0000
40,Focal + Temp Scaling,0.02,0.0376,97189.00,0.3834,0.1669
40,Focal + Temp Scaling,0.05,0.0499,41189.00,0.1367,0.4879
40,Focal + Temp Scaling,0.08,0.0518,24072.00,0.0582,0.6358
40,Focal + Temp Scaling,0.10,0.0580,21763.00,0.0470,0.6662
40,Focal + Temp Scaling,0.15,0.0815,16431.00,0.0175,0.7939
40,Focal + Temp Scaling,0.20,0.1296,14652.00,0.0078,0.8333
40,Focal + Temp Scaling,0.30,0.1214,14142.00,0.0028,0.8814
40,Focal + Temp Scaling,0.40,0.1214,14142.00,0.0028,0.8814
40,Focal + Temp Scaling,0.50,0.1214,14142.00,0.0028,0.8814
40,Focal + Matrix Scaling,0.02,0.0693,107263.00,0.4217,0.2070
40,Focal + Matrix Scaling,0.05,0.0881,39851.00,0.1261,0.5716
40,Focal + Matrix Scaling,0.08,0.1445,19019.00,0.0309,0.7460
40,Focal + Matrix Scaling,0.10,0.1961,15236.00,0.0107,0.8246
40,Focal + Matrix Scaling,0.15,0.2529,14142.00,0.0028,0.8814
40,Focal + Matrix Scaling,0.20,0.2529,14142.00,0.0028,0.8814
40,Focal + Matrix Scaling,0.30,0.0302,15267.00,0.0000,1.0000
40,Focal + Matrix Scaling,0.40,0.0302,15267.00,0.0000,1.0000
40,Focal + Matrix Scaling,0.50,0.0302,15267.00,0.0000,1.0000
41,Base (non calibrato),0.02,0.0183,248452.00,0.9599,0.0024
41,Base (non calibrato),0.05,0.0049,23554.00,0.0831,0.6170
41,Base (non calibrato),0.08,0.0208,7897.00,0.0192,0.8764
41,Base (non calibrato),0.10,0.0252,5135.00,0.0076,0.9499
41,Base (non calibrato),0.15,0.0195,3332.00,0.0000,1.0000
41,Base (non calibrato),0.20,0.0195,3332.00,0.0000,1.0000
41,Base (non calibrato),0.30,0.0195,3332.00,0.0000,1.0000
41,Base (non calibrato),0.40,0.0195,3332.00,0.0000,1.0000
41,Base (non calibrato),0.50,0.0195,3332.00,0.0000,1.0000
41,Temp Scaling,0.02,0.0132,10718.00,0.0304,0.8568
41,Temp Scaling,0.05,0.0034,5135.00,0.0076,0.9499
41,Temp Scaling,0.08,0.0086,3332.00,0.0000,1.0000
41,Temp Scaling,0.10,0.0086,3332.00,0.0000,1.0000
41,Temp Scaling,0.15,0.0086,3332.00,0.0000,1.0000
41,Temp Scaling,0.20,0.0086,3332.00,0.0000,1.0000
41,Temp Scaling,0.30,0.0086,3332.00,0.0000,1.0000
41,Temp Scaling,0.40,0.0086,3332.00,0.0000,1.0000
41,Temp Scaling,0.50,0.0086,3332.00,0.0000,1.0000
41,Matrix Scaling,0.02,0.0022,109960.00,0.4218,0.2356
41,Matrix Scaling,0.05,0.0061,14525.00,0.0458,0.8037
41,Matrix Scaling,0.08,0.0077,3332.00,0.0000,1.0000
41,Matrix Scaling,0.10,0.0077,3332.00,0.0000,1.0000
41,Matrix Scaling,0.15,0.0077,3332.00,0.0000,1.0000
41,Matrix Scaling,0.20,0.0077,3332.00,0.0000,1.0000
41,Matrix Scaling,0.30,0.0077,3332.00,0.0000,1.0000
41,Matrix Scaling,0.40,0.0077,3332.00,0.0000,1.0000
41,Matrix Scaling,0.50,0.0077,3332.00,0.0000,1.0000
41,Focal Loss γ=1.0,0.02,0.2859,258812.00,1.0000,0.0000
41,Focal Loss γ=1.0,0.05,0.2859,258812.00,1.0000,0.0000
41,Focal Loss γ=1.0,0.08,0.2859,258812.00,1.0000,0.0000
41,Focal Loss γ=1.0,0.10,0.2859,258812.00,1.0000,0.0000
41,Focal Loss γ=1.0,0.15,0.2859,258812.00,1.0000,0.0000
41,Focal Loss γ=1.0,0.20,0.2859,258812.00,1.0000,0.0000
41,Focal Loss γ=1.0,0.30,0.2915,104690.00,0.4006,0.3058
41,Focal Loss γ=1.0,0.40,0.2859,3332.00,0.0000,1.0000
41,Focal Loss γ=1.0,0.50,0.2859,3332.00,0.0000,1.0000
41,Focal Loss γ=2.0,0.02,0.0469,258812.00,1.0000,0.0000
41,Focal Loss γ=2.0,0.05,0.0318,139295.00,0.5372,0.0792
41,Focal Loss γ=2.0,0.08,0.0659,39129.00,0.1453,0.4574
41,Focal Loss γ=2.0,0.10,0.0389,14925.00,0.0486,0.7038
41,Focal Loss γ=2.0,0.15,0.0771,8109.00,0.0200,0.8839
41,Focal Loss γ=2.0,0.20,0.0469,3332.00,0.0000,1.0000
41,Focal Loss γ=2.0,0.30,0.0469,3332.00,0.0000,1.0000
41,Focal Loss γ=2.0,0.40,0.0469,3332.00,0.0000,1.0000
41,Focal Loss γ=2.0,0.50,0.0469,3332.00,0.0000,1.0000
41,Focal + Temp Scaling,0.02,0.0133,21890.00,0.0767,0.6140
41,Focal + Temp Scaling,0.05,0.0172,10619.00,0.0303,0.8301
41,Focal + Temp Scaling,0.08,0.0234,6532.00,0.0136,0.9034
41,Focal + Temp Scaling,0.10,0.0234,6532.00,0.0136,0.9034
41,Focal + Temp Scaling,0.15,0.0036,3332.00,0.0000,1.0000
41,Focal + Temp Scaling,0.20,0.0036,3332.00,0.0000,1.0000
41,Focal + Temp Scaling,0.30,0.0036,3332.00,0.0000,1.0000
41,Focal + Temp Scaling,0.40,0.0036,3332.00,0.0000,1.0000
41,Focal + Temp Scaling,0.50,0.0036,3332.00,0.0000,1.0000
41,Focal + Matrix Scaling,0.02,0.0026,74265.00,0.2828,0.3199
41,Focal + Matrix Scaling,0.05,0.0046,10692.00,0.0304,0.8487
41,Focal + Matrix Scaling,0.08,0.0055,3332.00,0.0000,1.0000
41,Focal + Matrix Scaling,0.10,0.0055,3332.00,0.0000,1.0000
41,Focal + Matrix Scaling,0.15,0.0055,3332.00,0.0000,1.0000
41,Focal + Matrix Scaling,0.20,0.0055,3332.00,0.0000,1.0000
41,Focal + Matrix Scaling,0.30,0.0055,3332.00,0.0000,1.0000
41,Focal + Matrix Scaling,0.40,0.0055,3332.00,0.0000,1.0000
41,Focal + Matrix Scaling,0.50,0.0055,3332.00,0.0000,1.0000
42,Base (non calibrato),0.02,0.0195,239576.00,0.9220,0.0022
42,Base (non calibrato),0.05,0.0285,24073.00,0.0885,0.4663
42,Base (non calibrato),0.08,0.0245,10534.00,0.0350,0.6205
42,Base (non calibrato),0.10,0.0194,7219.00,0.0216,0.6900
42,Base (non calibrato),0.15,0.0252,2316.00,0.0000,1.0000
42,Base (non calibrato),0.20,0.0252,2316.00,0.0000,1.0000
42,Base (non calibrato),0.30,0.0252,2316.00,0.0000,1.0000
42,Base (non calibrato),0.40,0.0252,2316.00,0.0000,1.0000
42,Base (non calibrato),0.50,0.0252,2316.00,0.0000,1.0000
42,Temp Scaling,0.02,0.0097,12775.00,0.0440,0.5803
42,Temp Scaling,0.05,0.0020,5710.00,0.0148,0.8066
42,Temp Scaling,0.08,0.0020,5710.00,0.0148,0.8066
42,Temp Scaling,0.10,0.0020,5710.00,0.0148,0.8066
42,Temp Scaling,0.15,0.0034,2316.00,0.0000,1.0000
42,Temp Scaling,0.20,0.0034,2316.00,0.0000,1.0000
42,Temp Scaling,0.30,0.0034,2316.00,0.0000,1.0000
42,Temp Scaling,0.40,0.0034,2316.00,0.0000,1.0000
42,Temp Scaling,0.50,0.0034,2316.00,0.0000,1.0000
42,Matrix Scaling,0.02,0.0154,110543.00,0.4240,0.1645
42,Matrix Scaling,0.05,0.0067,12590.00,0.0433,0.5807
42,Matrix Scaling,0.08,0.0038,5710.00,0.0148,0.8066
42,Matrix Scaling,0.10,0.0233,3582.00,0.0058,0.8912
42,Matrix Scaling,0.15,0.0127,2316.00,0.0000,1.0000
42,Matrix Scaling,0.20,0.0127,2316.00,0.0000,1.0000
42,Matrix Scaling,0.30,0.0127,2316.00,0.0000,1.0000
42,Matrix Scaling,0.40,0.0127,2316.00,0.0000,1.0000
42,Matrix Scaling,0.50,0.0127,2316.00,0.0000,1.0000
42,Focal Loss γ=1.0,0.02,0.2889,259828.00,1.0000,0.0000
42,Focal Loss γ=1.0,0.05,0.2889,259828.00,1.0000,0.0000
42,Focal Loss γ=1.0,0.08,0.2889,259828.00,1.0000,0.0000
42,Focal Loss γ=1.0,0.10,0.2889,259828.00,1.0000,0.0000
42,Focal Loss γ=1.0,0.15,0.2889,259828.00,1.0000,0.0000
42,Focal Loss γ=1.0,0.20,0.2889,259828.00,1.0000,0.0000
42,Focal Loss γ=1.0,0.30,0.2851,96399.00,0.3688,0.2535
42,Focal Loss γ=1.0,0.40,0.2889,2316.00,0.0000,1.0000
42,Focal Loss γ=1.0,0.50,0.2889,2316.00,0.0000,1.0000
42,Focal Loss γ=2.0,0.02,0.0564,259828.00,1.0000,0.0000
42,Focal Loss γ=2.0,0.05,0.0478,170789.00,0.6566,0.0751
42,Focal Loss γ=2.0,0.08,0.0674,45847.00,0.1731,0.3713
42,Focal Loss γ=2.0,0.10,0.0712,18637.00,0.0673,0.4987
42,Focal Loss γ=2.0,0.15,0.0817,10534.00,0.0350,0.6205
42,Focal Loss γ=2.0,0.20,0.0946,5710.00,0.0148,0.8066
42,Focal Loss γ=2.0,0.30,0.0564,2316.00,0.0000,1.0000
42,Focal Loss γ=2.0,0.40,0.0564,2316.00,0.0000,1.0000
42,Focal Loss γ=2.0,0.50,0.0564,2316.00,0.0000,1.0000
42,Focal + Temp Scaling,0.02,0.0076,24012.00,0.0883,0.4646
42,Focal + Temp Scaling,0.05,0.0291,13985.00,0.0492,0.5164
42,Focal + Temp Scaling,0.08,0.0263,8741.00,0.0277,0.6645
42,Focal + Temp Scaling,0.10,0.0271,7219.00,0.0216,0.6900
42,Focal + Temp Scaling,0.15,0.0439,5710.00,0.0148,0.8066
42,Focal + Temp Scaling,0.20,0.0029,2316.00,0.0000,1.0000
42,Focal + Temp Scaling,0.30,0.0029,2316.00,0.0000,1.0000
42,Focal + Temp Scaling,0.40,0.0029,2316.00,0.0000,1.0000
42,Focal + Temp Scaling,0.50,0.0029,2316.00,0.0000,1.0000
42,Focal + Matrix Scaling,0.02,0.0167,98429.00,0.3772,0.1788
42,Focal + Matrix Scaling,0.05,0.0072,11238.00,0.0380,0.5933
42,Focal + Matrix Scaling,0.08,0.0074,7219.00,0.0216,0.6900
42,Focal + Matrix Scaling,0.10,0.0129,5710.00,0.0148,0.8066
42,Focal + Matrix Scaling,0.15,0.0117,2316.00,0.0000,1.0000
42,Focal + Matrix Scaling,0.20,0.0117,2316.00,0.0000,1.0000
42,Focal + Matrix Scaling,0.30,0.0117,2316.00,0.0000,1.0000
42,Focal + Matrix Scaling,0.40,0.0117,2316.00,0.0000,1.0000
42,Focal + Matrix Scaling,0.50,0.0117,2316.00,0.0000,1.0000
43,Base (non calibrato),0.02,0.0210,255917.00,0.9870,0.0000
43,Base (non calibrato),0.05,0.0167,21846.00,0.0798,0.4035
43,Base (non calibrato),0.08,0.0140,13916.00,0.0473,0.5775
43,Base (non calibrato),0.10,0.0249,9268.00,0.0275,0.7494
43,Base (non calibrato),0.15,0.0245,2845.00,0.0000,1.0000
43,Base (non calibrato),0.20,0.0245,2845.00,0.0000,1.0000
43,Base (non calibrato),0.30,0.0245,2845.00,0.0000,1.0000
43,Base (non calibrato),0.40,0.0245,2845.00,0.0000,1.0000
43,Base (non calibrato),0.50,0.0245,2845.00,0.0000,1.0000
43,Temp Scaling,0.02,0.0238,22623.00,0.0833,0.3578
43,Temp Scaling,0.05,0.0029,11298.00,0.0359,0.6991
43,Temp Scaling,0.08,0.0191,6475.00,0.0159,0.8267
43,Temp Scaling,0.10,0.0161,4359.00,0.0065,0.9402
43,Temp Scaling,0.15,0.0039,2845.00,0.0000,1.0000
43,Temp Scaling,0.20,0.0039,2845.00,0.0000,1.0000
43,Temp Scaling,0.30,0.0039,2845.00,0.0000,1.0000
43,Temp Scaling,0.40,0.0039,2845.00,0.0000,1.0000
43,Temp Scaling,0.50,0.0039,2845.00,0.0000,1.0000
43,Matrix Scaling,0.02,0.0111,124865.00,0.4808,0.0661
43,Matrix Scaling,0.05,0.0127,16921.00,0.0597,0.5079
43,Matrix Scaling,0.08,0.0113,6475.00,0.0159,0.8267
43,Matrix Scaling,0.10,0.0112,4359.00,0.0065,0.9402
43,Matrix Scaling,0.15,0.0119,2845.00,0.0000,1.0000
43,Matrix Scaling,0.20,0.0119,2845.00,0.0000,1.0000
43,Matrix Scaling,0.30,0.0119,2845.00,0.0000,1.0000
43,Matrix Scaling,0.40,0.0119,2845.00,0.0000,1.0000
43,Matrix Scaling,0.50,0.0119,2845.00,0.0000,1.0000
43,Focal Loss γ=1.0,0.02,0.2897,259299.00,1.0000,0.0000
43,Focal Loss γ=1.0,0.05,0.2897,259299.00,1.0000,0.0000
43,Focal Loss γ=1.0,0.08,0.2897,259299.00,1.0000,0.0000
43,Focal Loss γ=1.0,0.10,0.2897,259299.00,1.0000,0.0000
43,Focal Loss γ=1.0,0.15,0.2897,259299.00,1.0000,0.0000
43,Focal Loss γ=1.0,0.20,0.2897,259299.00,1.0000,0.0000
43,Focal Loss γ=1.0,0.30,0.2930,145130.00,0.5579,0.1624
43,Focal Loss γ=1.0,0.40,0.2897,2845.00,0.0000,1.0000
43,Focal Loss γ=1.0,0.50,0.2897,2845.00,0.0000,1.0000
43,Focal Loss γ=2.0,0.02,0.0550,259299.00,1.0000,0.0000
43,Focal Loss γ=2.0,0.05,0.0483,186639.00,0.7197,0.0049
43,Focal Loss γ=2.0,0.08,0.0639,38327.00,0.1442,0.3315
43,Focal Loss γ=2.0,0.10,0.0625,21808.00,0.0795,0.4207
43,Focal Loss γ=2.0,0.15,0.0845,8025.00,0.0223,0.7838
43,Focal Loss γ=2.0,0.20,0.0985,4359.00,0.0065,0.9402
43,Focal Loss γ=2.0,0.30,0.0550,2845.00,0.0000,1.0000
43,Focal Loss γ=2.0,0.40,0.0550,2845.00,0.0000,1.0000
43,Focal Loss γ=2.0,0.50,0.0550,2845.00,0.0000,1.0000
43,Focal + Temp Scaling,0.02,0.0049,28277.00,0.1057,0.3093
43,Focal + Temp Scaling,0.05,0.0134,17176.00,0.0605,0.5244
43,Focal + Temp Scaling,0.08,0.0296,11954.00,0.0388,0.6675
43,Focal + Temp Scaling,0.10,0.0332,8025.00,0.0223,0.7838
43,Focal + Temp Scaling,0.15,0.0487,4359.00,0.0065,0.9402
43,Focal + Temp Scaling,0.20,0.0016,2845.00,0.0000,1.0000
43,Focal + Temp Scaling,0.30,0.0016,2845.00,0.0000,1.0000
43,Focal + Temp Scaling,0.40,0.0016,2845.00,0.0000,1.0000
43,Focal + Temp Scaling,0.50,0.0016,2845.00,0.0000,1.0000
43,Focal + Matrix Scaling,0.02,0.0099,107182.00,0.4124,0.0865
43,Focal + Matrix Scaling,0.05,0.0118,17577.00,0.0626,0.4763
43,Focal + Matrix Scaling,0.08,0.0123,6475.00,0.0159,0.8267
43,Focal + Matrix Scaling,0.10,0.0144,4359.00,0.0065,0.9402
43,Focal + Matrix Scaling,0.15,0.0104,2845.00,0.0000,1.0000
43,Focal + Matrix Scaling,0.20,0.0104,2845.00,0.0000,1.0000
43,Focal + Matrix Scaling,0.30,0.0104,2845.00,0.0000,1.0000
43,Focal + Matrix Scaling,0.40,0.0104,2845.00,0.0000,1.0000
43,Focal + Matrix Scaling,0.50,0.0104,2845.00,0.0000,1.0000
44,Base (non calibrato),0.02,0.0204,250311.00,0.9627,0.0000
44,Base (non calibrato),0.05,0.0112,25486.00,0.0948,0.3944
44,Base (non calibrato),0.08,0.0271,8669.00,0.0270,0.7729
44,Base (non calibrato),0.10,0.0242,2122.00,0.0000,1.0000
44,Base (non calibrato),0.15,0.0242,2122.00,0.0000,1.0000
44,Base (non calibrato),0.20,0.0242,2122.00,0.0000,1.0000
44,Base (non calibrato),0.30,0.0242,2122.00,0.0000,1.0000
44,Base (non calibrato),0.40,0.0242,2122.00,0.0000,1.0000
44,Base (non calibrato),0.50,0.0242,2122.00,0.0000,1.0000
44,Temp Scaling,0.02,0.0158,18638.00,0.0675,0.5127
44,Temp Scaling,0.05,0.0083,7032.00,0.0202,0.8369
44,Temp Scaling,0.08,0.0033,2122.00,0.0000,1.0000
44,Temp Scaling,0.10,0.0033,2122.00,0.0000,1.0000
44,Temp Scaling,0.15,0.0033,2122.00,0.0000,1.0000
44,Temp Scaling,0.20,0.0033,2122.00,0.0000,1.0000
44,Temp Scaling,0.30,0.0033,2122.00,0.0000,1.0000
44,Temp Scaling,0.40,0.0033,2122.00,0.0000,1.0000
44,Temp Scaling,0.50,0.0033,2122.00,0.0000,1.0000
44,Matrix Scaling,0.02,0.0139,122150.00,0.4684,0.1640
44,Matrix Scaling,0.05,0.0012,8669.00,0.0270,0.7729
44,Matrix Scaling,0.08,0.0130,2122.00,0.0000,1.0000
44,Matrix Scaling,0.10,0.0130,2122.00,0.0000,1.0000
44,Matrix Scaling,0.15,0.0130,2122.00,0.0000,1.0000
44,Matrix Scaling,0.20,0.0130,2122.00,0.0000,1.0000
44,Matrix Scaling,0.30,0.0130,2122.00,0.0000,1.0000
44,Matrix Scaling,0.40,0.0130,2122.00,0.0000,1.0000
44,Matrix Scaling,0.50,0.0130,2122.00,0.0000,1.0000
44,Focal Loss γ=1.0,0.02,0.2881,260022.00,1.0000,0.0000
44,Focal Loss γ=1.0,0.05,0.2881,260022.00,1.0000,0.0000
44,Focal Loss γ=1.0,0.08,0.2881,260022.00,1.0000,0.0000
44,Focal Loss γ=1.0,0.10,0.2881,260022.00,1.0000,0.0000
44,Focal Loss γ=1.0,0.15,0.2881,260022.00,1.0000,0.0000
44,Focal Loss γ=1.0,0.20,0.2881,260022.00,1.0000,0.0000
44,Focal Loss γ=1.0,0.30,0.2899,72739.00,0.2761,0.4496
44,Focal Loss γ=1.0,0.40,0.2881,2122.00,0.0000,1.0000
44,Focal Loss γ=1.0,0.50,0.2881,2122.00,0.0000,1.0000
44,Focal Loss γ=2.0,0.02,0.0510,260022.00,1.0000,0.0000
44,Focal Loss γ=2.0,0.05,0.0515,131221.00,0.5044,0.0311
44,Focal Loss γ=2.0,0.08,0.0548,29317.00,0.1095,0.3982
44,Focal Loss γ=2.0,0.10,0.0726,18500.00,0.0662,0.6070
44,Focal Loss γ=2.0,0.15,0.0659,3563.00,0.0061,0.9312
44,Focal Loss γ=2.0,0.20,0.0510,2122.00,0.0000,1.0000
44,Focal Loss γ=2.0,0.30,0.0510,2122.00,0.0000,1.0000
44,Focal Loss γ=2.0,0.40,0.0510,2122.00,0.0000,1.0000
44,Focal Loss γ=2.0,0.50,0.0510,2122.00,0.0000,1.0000
44,Focal + Temp Scaling,0.02,0.0108,30955.00,0.1162,0.3464
44,Focal + Temp Scaling,0.05,0.0224,8562.00,0.0264,0.8021
44,Focal + Temp Scaling,0.08,0.0224,8562.00,0.0264,0.8021
44,Focal + Temp Scaling,0.10,0.0085,3563.00,0.0061,0.9312
44,Focal + Temp Scaling,0.15,0.0009,2122.00,0.0000,1.0000
44,Focal + Temp Scaling,0.20,0.0009,2122.00,0.0000,1.0000
44,Focal + Temp Scaling,0.30,0.0009,2122.00,0.0000,1.0000
44,Focal + Temp Scaling,0.40,0.0009,2122.00,0.0000,1.0000
44,Focal + Temp Scaling,0.50,0.0009,2122.00,0.0000,1.0000
44,Focal + Matrix Scaling,0.02,0.0100,85808.00,0.3287,0.1640
44,Focal + Matrix Scaling,0.05,0.0040,8562.00,0.0264,0.8021
44,Focal + Matrix Scaling,0.08,0.0109,2122.00,0.0000,1.0000
44,Focal + Matrix Scaling,0.10,0.0109,2122.00,0.0000,1.0000
44,Focal + Matrix Scaling,0.15,0.0109,2122.00,0.0000,1.0000
44,Focal + Matrix Scaling,0.20,0.0109,2122.00,0.0000,1.0000
44,Focal + Matrix Scaling,0.30,0.0109,2122.00,0.0000,1.0000
44,Focal + Matrix Scaling,0.40,0.0109,2122.00,0.0000,1.0000
44,Focal + Matrix Scaling,0.50,0.0109,2122.00,0.0000,1.0000
45,Base (non calibrato),0.02,0.0190,236230.00,0.9097,0.0028
45,Base (non calibrato),0.05,0.0024,10699.00,0.0342,0.7379
45,Base (non calibrato),0.08,0.0068,3552.00,0.0048,0.9323
45,Base (non calibrato),0.10,0.0200,2465.00,0.0000,1.0000
45,Base (non calibrato),0.15,0.0200,2465.00,0.0000,1.0000
45,Base (non calibrato),0.20,0.0200,2465.00,0.0000,1.0000
45,Base (non calibrato),0.30,0.0200,2465.00,0.0000,1.0000
45,Base (non calibrato),0.40,0.0200,2465.00,0.0000,1.0000
45,Base (non calibrato),0.50,0.0200,2465.00,0.0000,1.0000
45,Temp Scaling,0.02,0.0355,3552.00,0.0048,0.9323
45,Temp Scaling,0.05,0.0355,3552.00,0.0048,0.9323
45,Temp Scaling,0.08,0.0064,2465.00,0.0000,1.0000
45,Temp Scaling,0.10,0.0064,2465.00,0.0000,1.0000
45,Temp Scaling,0.15,0.0064,2465.00,0.0000,1.0000
45,Temp Scaling,0.20,0.0064,2465.00,0.0000,1.0000
45,Temp Scaling,0.30,0.0064,2465.00,0.0000,1.0000
45,Temp Scaling,0.40,0.0064,2465.00,0.0000,1.0000
45,Temp Scaling,0.50,0.0064,2465.00,0.0000,1.0000
45,Matrix Scaling,0.02,0.0014,76930.00,0.2939,0.2479
45,Matrix Scaling,0.05,0.0024,4772.00,0.0095,0.9323
45,Matrix Scaling,0.08,0.0079,2465.00,0.0000,1.0000
45,Matrix Scaling,0.10,0.0079,2465.00,0.0000,1.0000
45,Matrix Scaling,0.15,0.0079,2465.00,0.0000,1.0000
45,Matrix Scaling,0.20,0.0079,2465.00,0.0000,1.0000
45,Matrix Scaling,0.30,0.0079,2465.00,0.0000,1.0000
45,Matrix Scaling,0.40,0.0079,2465.00,0.0000,1.0000
45,Matrix Scaling,0.50,0.0079,2465.00,0.0000,1.0000
45,Focal Loss γ=1.0,0.02,0.2874,259679.00,1.0000,0.0000
45,Focal Loss γ=1.0,0.05,0.2874,259679.00,1.0000,0.0000
45,Focal Loss γ=1.0,0.08,0.2874,259679.00,1.0000,0.0000
45,Focal Loss γ=1.0,0.10,0.2874,259679.00,1.0000,0.0000
45,Focal Loss γ=1.0,0.15,0.2874,259679.00,1.0000,0.0000
45,Focal Loss γ=1.0,0.20,0.2874,259679.00,1.0000,0.0000
45,Focal Loss γ=1.0,0.30,0.2918,80830.00,0.3093,0.2073
45,Focal Loss γ=1.0,0.40,0.2874,2465.00,0.0000,1.0000
45,Focal Loss γ=1.0,0.50,0.2874,2465.00,0.0000,1.0000
45,Focal Loss γ=2.0,0.02,0.0487,259679.00,1.0000,0.0000
45,Focal Loss γ=2.0,0.05,0.0479,127687.00,0.4909,0.0880
45,Focal Loss γ=2.0,0.08,0.0585,34092.00,0.1282,0.3258
45,Focal Loss γ=2.0,0.10,0.0468,18908.00,0.0676,0.5513
45,Focal Loss γ=2.0,0.15,0.0727,5206.00,0.0117,0.8803
45,Focal Loss γ=2.0,0.20,0.0487,2465.00,0.0000,1.0000
45,Focal Loss γ=2.0,0.30,0.0487,2465.00,0.0000,1.0000
45,Focal Loss γ=2.0,0.40,0.0487,2465.00,0.0000,1.0000
45,Focal Loss γ=2.0,0.50,0.0487,2465.00,0.0000,1.0000
45,Focal + Temp Scaling,0.02,0.0245,25228.00,0.0930,0.4410
45,Focal + Temp Scaling,0.05,0.0043,5206.00,0.0117,0.8803
45,Focal + Temp Scaling,0.08,0.0059,3552.00,0.0048,0.9323
45,Focal + Temp Scaling,0.10,0.0059,3552.00,0.0048,0.9323
45,Focal + Temp Scaling,0.15,0.0018,2465.00,0.0000,1.0000
45,Focal + Temp Scaling,0.20,0.0018,2465.00,0.0000,1.0000
45,Focal + Temp Scaling,0.30,0.0018,2465.00,0.0000,1.0000
45,Focal + Temp Scaling,0.40,0.0018,2465.00,0.0000,1.0000
45,Focal + Temp Scaling,0.50,0.0018,2465.00,0.0000,1.0000
45,Focal + Matrix Scaling,0.02,0.0018,56737.00,0.2161,0.2503
45,Focal + Matrix Scaling,0.05,0.0159,3552.00,0.0048,0.9323
45,Focal + Matrix Scaling,0.08,0.0064,2465.00,0.0000,1.0000
45,Focal + Matrix Scaling,0.10,0.0064,2465.00,0.0000,1.0000
45,Focal + Matrix Scaling,0.15,0.0064,2465.00,0.0000,1.0000
45,Focal + Matrix Scaling,0.20,0.0064,2465.00,0.0000,1.0000
45,Focal + Matrix Scaling,0.30,0.0064,2465.00,0.0000,1.0000
45,Focal + Matrix Scaling,0.40,0.0064,2465.00,0.0000,1.0000
45,Focal + Matrix Scaling,0.50,0.0064,2465.00,0.0000,1.0000
46,Base (non calibrato),0.02,0.0171,229242.00,0.9067,0.0000
46,Base (non calibrato),0.05,0.0592,20618.00,0.0546,0.7331
46,Base (non calibrato),0.08,0.0862,11752.00,0.0135,0.8969
46,Base (non calibrato),0.10,0.0644,10897.00,0.0086,0.9376
46,Base (non calibrato),0.15,0.0045,9307.00,0.0000,1.0000
46,Base (non calibrato),0.20,0.0045,9307.00,0.0000,1.0000
46,Base (non calibrato),0.30,0.0045,9307.00,0.0000,1.0000
46,Base (non calibrato),0.40,0.0045,9307.00,0.0000,1.0000
46,Base (non calibrato),0.50,0.0045,9307.00,0.0000,1.0000
46,Temp Scaling,0.02,0.1155,17087.00,0.0400,0.7497
46,Temp Scaling,0.05,0.0968,10897.00,0.0086,0.9376
46,Temp Scaling,0.08,0.1103,9886.00,0.0039,0.9568
46,Temp Scaling,0.10,0.1103,9886.00,0.0039,0.9568
46,Temp Scaling,0.15,0.0314,9307.00,0.0000,1.0000
46,Temp Scaling,0.20,0.0314,9307.00,0.0000,1.0000
46,Temp Scaling,0.30,0.0314,9307.00,0.0000,1.0000
46,Temp Scaling,0.40,0.0314,9307.00,0.0000,1.0000
46,Temp Scaling,0.50,0.0314,9307.00,0.0000,1.0000
46,Matrix Scaling,0.02,0.0081,73761.00,0.2728,0.5154
46,Matrix Scaling,0.05,0.1162,12834.00,0.0187,0.8711
46,Matrix Scaling,0.08,0.0186,9307.00,0.0000,1.0000
46,Matrix Scaling,0.10,0.0186,9307.00,0.0000,1.0000
46,Matrix Scaling,0.15,0.0186,9307.00,0.0000,1.0000
46,Matrix Scaling,0.20,0.0186,9307.00,0.0000,1.0000
46,Matrix Scaling,0.30,0.0186,9307.00,0.0000,1.0000
46,Matrix Scaling,0.40,0.0186,9307.00,0.0000,1.0000
46,Matrix Scaling,0.50,0.0186,9307.00,0.0000,1.0000
46,Focal Loss γ=1.0,0.02,0.2618,252837.00,1.0000,0.0000
46,Focal Loss γ=1.0,0.05,0.2618,252837.00,1.0000,0.0000
46,Focal Loss γ=1.0,0.08,0.2618,252837.00,1.0000,0.0000
46,Focal Loss γ=1.0,0.10,0.2618,252837.00,1.0000,0.0000
46,Focal Loss γ=1.0,0.15,0.2618,252837.00,1.0000,0.0000
46,Focal Loss γ=1.0,0.20,0.2618,252837.00,1.0000,0.0000
46,Focal Loss γ=1.0,0.30,0.2326,99653.00,0.3894,0.1287
46,Focal Loss γ=1.0,0.40,0.2618,9307.00,0.0000,1.0000
46,Focal Loss γ=1.0,0.50,0.2618,9307.00,0.0000,1.0000
46,Focal Loss γ=2.0,0.02,0.0284,252837.00,1.0000,0.0000
46,Focal Loss γ=2.0,0.05,0.0436,137991.00,0.5451,0.0178
46,Focal Loss γ=2.0,0.08,0.0298,53060.00,0.2042,0.1528
46,Focal Loss γ=2.0,0.10,0.0059,24186.00,0.0767,0.5150
46,Focal Loss γ=2.0,0.15,0.0296,12818.00,0.0188,0.8675
46,Focal Loss γ=2.0,0.20,0.0284,9307.00,0.0000,1.0000
46,Focal Loss γ=2.0,0.30,0.0284,9307.00,0.0000,1.0000
46,Focal Loss γ=2.0,0.40,0.0284,9307.00,0.0000,1.0000
46,Focal Loss γ=2.0,0.50,0.0284,9307.00,0.0000,1.0000
46,Focal + Temp Scaling,0.02,0.0851,26838.00,0.0860,0.5473
46,Focal + Temp Scaling,0.05,0.1063,15618.00,0.0342,0.7497
46,Focal + Temp Scaling,0.08,0.0996,13673.00,0.0236,0.8268
46,Focal + Temp Scaling,0.10,0.0190,10318.00,0.0047,0.9808
46,Focal + Temp Scaling,0.15,0.0259,9307.00,0.0000,1.0000
46,Focal + Temp Scaling,0.20,0.0259,9307.00,0.0000,1.0000
46,Focal + Temp Scaling,0.30,0.0259,9307.00,0.0000,1.0000
46,Focal + Temp Scaling,0.40,0.0259,9307.00,0.0000,1.0000
46,Focal + Temp Scaling,0.50,0.0259,9307.00,0.0000,1.0000
46,Focal + Matrix Scaling,0.02,0.0152,52613.00,0.1890,0.5193
46,Focal + Matrix Scaling,0.05,0.1163,13534.00,0.0238,0.8069
46,Focal + Matrix Scaling,0.08,0.0195,9307.00,0.0000,1.0000
46,Focal + Matrix Scaling,0.10,0.0195,9307.00,0.0000,1.0000
46,Focal + Matrix Scaling,0.15,0.0195,9307.00,0.0000,1.0000
46,Focal + Matrix Scaling,0.20,0.0195,9307.00,0.0000,1.0000
46,Focal + Matrix Scaling,0.30,0.0195,9307.00,0.0000,1.0000
46,Focal + Matrix Scaling,0.40,0.0195,9307.00,0.0000,1.0000
46,Focal + Matrix Scaling,0.50,0.0195,9307.00,0.0000,1.0000
47,Base (non calibrato),0.02,0.0200,251078.00,0.9698,0.0000
47,Base (non calibrato),0.05,0.0043,27460.00,0.1012,0.3903
47,Base (non calibrato),0.08,0.0074,7604.00,0.0205,0.7076
47,Base (non calibrato),0.10,0.0074,7604.00,0.0205,0.7076
47,Base (non calibrato),0.15,0.0197,4983.00,0.0086,0.8472
47,Base (non calibrato),0.20,0.0223,3259.00,0.0000,1.0000
47,Base (non calibrato),0.30,0.0223,3259.00,0.0000,1.0000
47,Base (non calibrato),0.40,0.0223,3259.00,0.0000,1.0000
47,Base (non calibrato),0.50,0.0223,3259.00,0.0000,1.0000
47,Temp Scaling,0.02,0.0581,16477.00,0.0579,0.4575
47,Temp Scaling,0.05,0.0209,7604.00,0.0205,0.7076
47,Temp Scaling,0.08,0.0209,7604.00,0.0205,0.7076
47,Temp Scaling,0.10,0.0149,6365.00,0.0150,0.7610
47,Temp Scaling,0.15,0.0308,4261.00,0.0054,0.8813
47,Temp Scaling,0.20,0.0057,3259.00,0.0000,1.0000
47,Temp Scaling,0.30,0.0057,3259.00,0.0000,1.0000
47,Temp Scaling,0.40,0.0057,3259.00,0.0000,1.0000
47,Temp Scaling,0.50,0.0057,3259.00,0.0000,1.0000
47,Matrix Scaling,0.02,0.0042,80197.00,0.3076,0.1715
47,Matrix Scaling,0.05,0.0365,7604.00,0.0205,0.7076
47,Matrix Scaling,0.08,0.0365,7604.00,0.0205,0.7076
47,Matrix Scaling,0.10,0.0365,6365.00,0.0150,0.7610
47,Matrix Scaling,0.15,0.0062,3259.00,0.0000,1.0000
47,Matrix Scaling,0.20,0.0062,3259.00,0.0000,1.0000
47,Matrix Scaling,0.30,0.0062,3259.00,0.0000,1.0000
47,Matrix Scaling,0.40,0.0062,3259.00,0.0000,1.0000
47,Matrix Scaling,0.50,0.0062,3259.00,0.0000,1.0000
47,Focal Loss γ=1.0,0.02,0.2857,258885.00,1.0000,0.0000
47,Focal Loss γ=1.0,0.05,0.2857,258885.00,1.0000,0.0000
47,Focal Loss γ=1.0,0.08,0.2857,258885.00,1.0000,0.0000
47,Focal Loss γ=1.0,0.10,0.2857,258885.00,1.0000,0.0000
47,Focal Loss γ=1.0,0.15,0.2857,258885.00,1.0000,0.0000
47,Focal Loss γ=1.0,0.20,0.2857,258885.00,1.0000,0.0000
47,Focal Loss γ=1.0,0.30,0.2896,108637.00,0.4188,0.0681
47,Focal Loss γ=1.0,0.40,0.2857,3259.00,0.0000,1.0000
47,Focal Loss γ=1.0,0.50,0.2857,3259.00,0.0000,1.0000
47,Focal Loss γ=2.0,0.02,0.0576,258885.00,1.0000,0.0000
47,Focal Loss γ=2.0,0.05,0.0540,148099.00,0.5721,0.0000
47,Focal Loss γ=2.0,0.08,0.0667,73137.00,0.2818,0.0537
47,Focal Loss γ=2.0,0.10,0.0761,48644.00,0.1863,0.1292
47,Focal Loss γ=2.0,0.15,0.0756,9126.00,0.0266,0.6867
47,Focal Loss γ=2.0,0.20,0.0712,6222.00,0.0140,0.7938
47,Focal Loss γ=2.0,0.30,0.0576,3259.00,0.0000,1.0000
47,Focal Loss γ=2.0,0.40,0.0576,3259.00,0.0000,1.0000
47,Focal Loss γ=2.0,0.50,0.0576,3259.00,0.0000,1.0000
47,Focal + Temp Scaling,0.02,0.0125,47768.00,0.1833,0.0945
47,Focal + Temp Scaling,0.05,0.0404,17088.00,0.0603,0.4554
47,Focal + Temp Scaling,0.08,0.0177,7604.00,0.0205,0.7076
47,Focal + Temp Scaling,0.10,0.0177,7604.00,0.0205,0.7076
47,Focal + Temp Scaling,0.15,0.0228,6222.00,0.0140,0.7938
47,Focal + Temp Scaling,0.20,0.0037,4261.00,0.0054,0.8813
47,Focal + Temp Scaling,0.30,0.0015,3259.00,0.0000,1.0000
47,Focal + Temp Scaling,0.40,0.0015,3259.00,0.0000,1.0000
47,Focal + Temp Scaling,0.50,0.0015,3259.00,0.0000,1.0000
47,Focal + Matrix Scaling,0.02,0.0049,65408.00,0.2507,0.1586
47,Focal + Matrix Scaling,0.05,0.0431,7604.00,0.0205,0.7076
47,Focal + Matrix Scaling,0.08,0.0431,7604.00,0.0205,0.7076
47,Focal + Matrix Scaling,0.10,0.0418,4983.00,0.0086,0.8472
47,Focal + Matrix Scaling,0.15,0.0050,3259.00,0.0000,1.0000
47,Focal + Matrix Scaling,0.20,0.0050,3259.00,0.0000,1.0000
47,Focal + Matrix Scaling,0.30,0.0050,3259.00,0.0000,1.0000
47,Focal + Matrix Scaling,0.40,0.0050,3259.00,0.0000,1.0000
47,Focal + Matrix Scaling,0.50,0.0050,3259.00,0.0000,1.0000
48,Base (non calibrato),0.02,0.0189,241043.00,0.9276,0.0000
48,Base (non calibrato),0.05,0.0173,20635.00,0.0758,0.4142
48,Base (non calibrato),0.08,0.0187,7213.00,0.0218,0.6779
48,Base (non calibrato),0.10,0.0231,3990.00,0.0084,0.7909
48,Base (non calibrato),0.15,0.0144,3243.00,0.0046,0.8918
48,Base (non calibrato),0.20,0.0233,2291.00,0.0000,1.0000
48,Base (non calibrato),0.30,0.0233,2291.00,0.0000,1.0000
48,Base (non calibrato),0.40,0.0233,2291.00,0.0000,1.0000
48,Base (non calibrato),0.50,0.0233,2291.00,0.0000,1.0000
48,Temp Scaling,0.02,0.0364,11324.00,0.0388,0.5474
48,Temp Scaling,0.05,0.0411,3990.00,0.0084,0.7909
48,Temp Scaling,0.08,0.0411,3990.00,0.0084,0.7909
48,Temp Scaling,0.10,0.0144,3243.00,0.0046,0.8918
48,Temp Scaling,0.15,0.0039,2291.00,0.0000,1.0000
48,Temp Scaling,0.20,0.0039,2291.00,0.0000,1.0000
48,Temp Scaling,0.30,0.0039,2291.00,0.0000,1.0000
48,Temp Scaling,0.40,0.0039,2291.00,0.0000,1.0000
48,Temp Scaling,0.50,0.0039,2291.00,0.0000,1.0000
48,Matrix Scaling,0.02,0.0108,71463.00,0.2731,0.2121
48,Matrix Scaling,0.05,0.0365,6085.00,0.0170,0.7333
48,Matrix Scaling,0.08,0.0482,3990.00,0.0084,0.7909
48,Matrix Scaling,0.10,0.0330,3243.00,0.0046,0.8918
48,Matrix Scaling,0.15,0.0078,2291.00,0.0000,1.0000
48,Matrix Scaling,0.20,0.0078,2291.00,0.0000,1.0000
48,Matrix Scaling,0.30,0.0078,2291.00,0.0000,1.0000
48,Matrix Scaling,0.40,0.0078,2291.00,0.0000,1.0000
48,Matrix Scaling,0.50,0.0078,2291.00,0.0000,1.0000
48,Focal Loss γ=1.0,0.02,0.2918,259853.00,1.0000,0.0000
48,Focal Loss γ=1.0,0.05,0.2918,259853.00,1.0000,0.0000
48,Focal Loss γ=1.0,0.08,0.2918,259853.00,1.0000,0.0000
48,Focal Loss γ=1.0,0.10,0.2918,259853.00,1.0000,0.0000
48,Focal Loss γ=1.0,0.15,0.2918,259853.00,1.0000,0.0000
48,Focal Loss γ=1.0,0.20,0.2918,259853.00,1.0000,0.0000
48,Focal Loss γ=1.0,0.30,0.2965,119191.00,0.4574,0.1449
48,Focal Loss γ=1.0,0.40,0.2918,2291.00,0.0000,1.0000
48,Focal Loss γ=1.0,0.50,0.2918,2291.00,0.0000,1.0000
48,Focal Loss γ=2.0,0.02,0.0593,259853.00,1.0000,0.0000
48,Focal Loss γ=2.0,0.05,0.0513,172788.00,0.6647,0.0244
48,Focal Loss γ=2.0,0.08,0.0706,57019.00,0.2180,0.1593
48,Focal Loss γ=2.0,0.10,0.0678,36487.00,0.1376,0.3169
48,Focal Loss γ=2.0,0.15,0.0656,5084.00,0.0129,0.7508
48,Focal Loss γ=2.0,0.20,0.0588,3990.00,0.0084,0.7909
48,Focal Loss γ=2.0,0.30,0.0593,2291.00,0.0000,1.0000
48,Focal Loss γ=2.0,0.40,0.0593,2291.00,0.0000,1.0000
48,Focal Loss γ=2.0,0.50,0.0593,2291.00,0.0000,1.0000
48,Focal + Temp Scaling,0.02,0.0015,37294.00,0.1410,0.2811
48,Focal + Temp Scaling,0.05,0.0125,8564.00,0.0276,0.6076
48,Focal + Temp Scaling,0.08,0.0132,3990.00,0.0084,0.7909
48,Focal + Temp Scaling,0.10,0.0132,3990.00,0.0084,0.7909
48,Focal + Temp Scaling,0.15,0.0132,3990.00,0.0084,0.7909
48,Focal + Temp Scaling,0.20,0.0182,3243.00,0.0046,0.8918
48,Focal + Temp Scaling,0.30,0.0027,2291.00,0.0000,1.0000
48,Focal + Temp Scaling,0.40,0.0027,2291.00,0.0000,1.0000
48,Focal + Temp Scaling,0.50,0.0027,2291.00,0.0000,1.0000
48,Focal + Matrix Scaling,0.02,0.0097,66228.00,0.2530,0.2078
48,Focal + Matrix Scaling,0.05,0.0405,6085.00,0.0170,0.7333
48,Focal + Matrix Scaling,0.08,0.0534,3990.00,0.0084,0.7909
48,Focal + Matrix Scaling,0.10,0.0534,3990.00,0.0084,0.7909
48,Focal + Matrix Scaling,0.15,0.0073,2291.00,0.0000,1.0000
48,Focal + Matrix Scaling,0.20,0.0073,2291.00,0.0000,1.0000
48,Focal + Matrix Scaling,0.30,0.0073,2291.00,0.0000,1.0000
48,Focal + Matrix Scaling,0.40,0.0073,2291.00,0.0000,1.0000
48,Focal + Matrix Scaling,0.50,0.0073,2291.00,0.0000,1.0000
49,Base (non calibrato),0.02,0.0198,242507.00,0.9363,0.0000
49,Base (non calibrato),0.05,0.0310,23277.00,0.0839,0.4942
49,Base (non calibrato),0.08,0.0449,6458.00,0.0164,0.7080
49,Base (non calibrato),0.10,0.0067,5706.00,0.0115,0.8703
49,Base (non calibrato),0.15,0.0612,3861.00,0.0044,0.8703
49,Base (non calibrato),0.20,0.0198,3130.00,0.0000,1.0000
49,Base (non calibrato),0.30,0.0198,3130.00,0.0000,1.0000
49,Base (non calibrato),0.40,0.0198,3130.00,0.0000,1.0000
49,Base (non calibrato),0.50,0.0198,3130.00,0.0000,1.0000
49,Temp Scaling,0.02,0.0419,11377.00,0.0363,0.6297
49,Temp Scaling,0.05,0.0685,5706.00,0.0115,0.8703
49,Temp Scaling,0.08,0.0685,5706.00,0.0115,0.8703
49,Temp Scaling,0.10,0.0670,3861.00,0.0044,0.8703
49,Temp Scaling,0.15,0.0071,3130.00,0.0000,1.0000
49,Temp Scaling,0.20,0.0071,3130.00,0.0000,1.0000
49,Temp Scaling,0.30,0.0071,3130.00,0.0000,1.0000
49,Temp Scaling,0.40,0.0071,3130.00,0.0000,1.0000
49,Temp Scaling,0.50,0.0071,3130.00,0.0000,1.0000
49,Matrix Scaling,0.02,0.0041,63261.00,0.2404,0.3153
49,Matrix Scaling,0.05,0.0794,6458.00,0.0164,0.7080
49,Matrix Scaling,0.08,0.0799,3861.00,0.0044,0.8703
49,Matrix Scaling,0.10,0.0799,3861.00,0.0044,0.8703
49,Matrix Scaling,0.15,0.0044,3130.00,0.0000,1.0000
49,Matrix Scaling,0.20,0.0044,3130.00,0.0000,1.0000
49,Matrix Scaling,0.30,0.0044,3130.00,0.0000,1.0000
49,Matrix Scaling,0.40,0.0044,3130.00,0.0000,1.0000
49,Matrix Scaling,0.50,0.0044,3130.00,0.0000,1.0000
49,Focal Loss γ=1.0,0.02,0.2921,259014.00,1.0000,0.0000
49,Focal Loss γ=1.0,0.05,0.2921,259014.00,1.0000,0.0000
49,Focal Loss γ=1.0,0.08,0.2921,259014.00,1.0000,0.0000
49,Focal Loss γ=1.0,0.10,0.2921,259014.00,1.0000,0.0000
49,Focal Loss γ=1.0,0.15,0.2921,259014.00,1.0000,0.0000
49,Focal Loss γ=1.0,0.20,0.2921,259014.00,1.0000,0.0000
49,Focal Loss γ=1.0,0.30,0.2974,135945.00,0.5228,0.1725
49,Focal Loss γ=1.0,0.40,0.2921,3130.00,0.0000,1.0000
49,Focal Loss γ=1.0,0.50,0.2921,3130.00,0.0000,1.0000
49,Focal Loss γ=2.0,0.02,0.0571,259014.00,1.0000,0.0000
49,Focal Loss γ=2.0,0.05,0.0484,200904.00,0.7756,0.0022
49,Focal Loss γ=2.0,0.08,0.0767,66077.00,0.2525,0.2182
49,Focal Loss γ=2.0,0.10,0.0816,28517.00,0.1049,0.4310
49,Focal Loss γ=2.0,0.15,0.0264,6458.00,0.0164,0.7080
49,Focal Loss γ=2.0,0.20,0.0324,3861.00,0.0044,0.8703
49,Focal Loss γ=2.0,0.30,0.0571,3130.00,0.0000,1.0000
49,Focal Loss γ=2.0,0.40,0.0571,3130.00,0.0000,1.0000
49,Focal Loss γ=2.0,0.50,0.0571,3130.00,0.0000,1.0000
49,Focal + Temp Scaling,0.02,0.0066,37290.00,0.1401,0.3204
49,Focal + Temp Scaling,0.05,0.0613,8334.00,0.0236,0.7080
49,Focal + Temp Scaling,0.08,0.0916,6458.00,0.0164,0.7080
49,Focal + Temp Scaling,0.10,0.0566,5706.00,0.0115,0.8703
49,Focal + Temp Scaling,0.15,0.0269,3861.00,0.0044,0.8703
49,Focal + Temp Scaling,0.20,0.0269,3861.00,0.0044,0.8703
49,Focal + Temp Scaling,0.30,0.0009,3130.00,0.0000,1.0000
49,Focal + Temp Scaling,0.40,0.0009,3130.00,0.0000,1.0000
49,Focal + Temp Scaling,0.50,0.0009,3130.00,0.0000,1.0000
49,Focal + Matrix Scaling,0.02,0.0029,57960.00,0.2199,0.3163
49,Focal + Matrix Scaling,0.05,0.0513,8334.00,0.0236,0.7080
49,Focal + Matrix Scaling,0.08,0.0791,3861.00,0.0044,0.8703
49,Focal + Matrix Scaling,0.10,0.0791,3861.00,0.0044,0.8703
49,Focal + Matrix Scaling,0.15,0.0042,3130.00,0.0000,1.0000
49,Focal + Matrix Scaling,0.20,0.0042,3130.00,0.0000,1.0000
49,Focal + Matrix Scaling,0.30,0.0042,3130.00,0.0000,1.0000
49,Focal + Matrix Scaling,0.40,0.0042,3130.00,0.0000,1.0000
49,Focal + Matrix Scaling,0.50,0.0042,3130.00,0.0000,1.0000
5,Base (non calibrato),0.02,0.0347,26970.00,0.1029,0.0000
5,Base (non calibrato),0.05,0.0456,16160.00,0.0616,0.0000
5,Base (non calibrato),0.08,0.0631,4054.00,0.0154,1.0000
5,Base (non calibrato),0.10,0.0631,4054.00,0.0154,1.0000
5,Base (non calibrato),0.15,0.0170,8.00,0.0000,1.0000
5,Base (non calibrato),0.20,0.0170,8.00,0.0000,1.0000
5,Base (non calibrato),0.30,0.0170,8.00,0.0000,1.0000
5,Base (non calibrato),0.40,0.0170,8.00,0.0000,1.0000
5,Base (non calibrato),0.50,0.0170,8.00,0.0000,1.0000
5,Temp Scaling,0.02,0.0168,4054.00,0.0154,1.0000
5,Temp Scaling,0.05,0.0012,8.00,0.0000,1.0000
5,Temp Scaling,0.08,0.0012,8.00,0.0000,1.0000
5,Temp Scaling,0.10,0.0012,8.00,0.0000,1.0000
5,Temp Scaling,0.15,0.0012,8.00,0.0000,1.0000
5,Temp Scaling,0.20,0.0012,8.00,0.0000,1.0000
5,Temp Scaling,0.30,0.0012,8.00,0.0000,1.0000
5,Temp Scaling,0.40,0.0012,8.00,0.0000,1.0000
5,Temp Scaling,0.50,0.0012,8.00,0.0000,1.0000
5,Matrix Scaling,0.02,0.0364,17301.00,0.0660,0.0000
5,Matrix Scaling,0.05,0.0531,12928.00,0.0493,0.0000
5,Matrix Scaling,0.08,0.0571,4054.00,0.0154,1.0000
5,Matrix Scaling,0.10,0.0632,2563.00,0.0097,1.0000
5,Matrix Scaling,0.15,0.0079,8.00,0.0000,1.0000
5,Matrix Scaling,0.20,0.0079,8.00,0.0000,1.0000
5,Matrix Scaling,0.30,0.0079,8.00,0.0000,1.0000
5,Matrix Scaling,0.40,0.0079,8.00,0.0000,1.0000
5,Matrix Scaling,0.50,0.0079,8.00,0.0000,1.0000
5,Focal Loss γ=1.0,0.02,0.3147,262136.00,1.0000,0.0000
5,Focal Loss γ=1.0,0.05,0.3147,262136.00,1.0000,0.0000
5,Focal Loss γ=1.0,0.08,0.3147,262136.00,1.0000,0.0000
5,Focal Loss γ=1.0,0.10,0.3147,262136.00,1.0000,0.0000
5,Focal Loss γ=1.0,0.15,0.3147,262136.00,1.0000,0.0000
5,Focal Loss γ=1.0,0.20,0.3147,262136.00,1.0000,0.0000
5,Focal Loss γ=1.0,0.30,0.3147,262136.00,1.0000,0.0000
5,Focal Loss γ=1.0,0.40,0.3147,8.00,0.0000,1.0000
5,Focal Loss γ=1.0,0.50,0.3147,8.00,0.0000,1.0000
5,Focal Loss γ=2.0,0.02,0.0573,262136.00,1.0000,0.0000
5,Focal Loss γ=2.0,0.05,0.0536,256777.00,0.9796,0.0000
5,Focal Loss γ=2.0,0.08,0.0770,4054.00,0.0154,1.0000
5,Focal Loss γ=2.0,0.10,0.0786,2563.00,0.0097,1.0000
5,Focal Loss γ=2.0,0.15,0.0573,8.00,0.0000,1.0000
5,Focal Loss γ=2.0,0.20,0.0573,8.00,0.0000,1.0000
5,Focal Loss γ=2.0,0.30,0.0573,8.00,0.0000,1.0000
5,Focal Loss γ=2.0,0.40,0.0573,8.00,0.0000,1.0000
5,Focal Loss γ=2.0,0.50,0.0573,8.00,0.0000,1.0000
5,Focal + Temp Scaling,0.02,0.0119,2563.00,0.0097,1.0000
5,Focal + Temp Scaling,0.05,0.0029,8.00,0.0000,1.0000
5,Focal + Temp Scaling,0.08,0.0029,8.00,0.0000,1.0000
5,Focal + Temp Scaling,0.10,0.0029,8.00,0.0000,1.0000
5,Focal + Temp Scaling,0.15,0.0029,8.00,0.0000,1.0000
5,Focal + Temp Scaling,0.20,0.0029,8.00,0.0000,1.0000
5,Focal + Temp Scaling,0.30,0.0029,8.00,0.0000,1.0000
5,Focal + Temp Scaling,0.40,0.0029,8.00,0.0000,1.0000
5,Focal + Temp Scaling,0.50,0.0029,8.00,0.0000,1.0000
5,Focal + Matrix Scaling,0.02,0.0261,15249.00,0.0582,0.0000
5,Focal + Matrix Scaling,0.05,0.0477,2563.00,0.0097,1.0000
5,Focal + Matrix Scaling,0.08,0.0477,2563.00,0.0097,1.0000
5,Focal + Matrix Scaling,0.10,0.0100,8.00,0.0000,1.0000
5,Focal + Matrix Scaling,0.15,0.0100,8.00,0.0000,1.0000
5,Focal + Matrix Scaling,0.20,0.0100,8.00,0.0000,1.0000
5,Focal + Matrix Scaling,0.30,0.0100,8.00,0.0000,1.0000
5,Focal + Matrix Scaling,0.40,0.0100,8.00,0.0000,1.0000
5,Focal + Matrix Scaling,0.50,0.0100,8.00,0.0000,1.0000
50,Base (non calibrato),0.02,0.0226,252715.00,0.9919,0.0001
50,Base (non calibrato),0.05,0.0281,82360.00,0.3192,0.1417
50,Base (non calibrato),0.08,0.0193,38419.00,0.1425,0.2882
50,Base (non calibrato),0.10,0.0106,24434.00,0.0849,0.3814
50,Base (non calibrato),0.15,0.0497,14710.00,0.0431,0.5058
50,Base (non calibrato),0.20,0.0448,11699.00,0.0268,0.6606
50,Base (non calibrato),0.30,0.0571,7393.00,0.0034,0.8876
50,Base (non calibrato),0.40,0.0571,7393.00,0.0034,0.8876
50,Base (non calibrato),0.50,0.0298,7360.00,0.0000,1.0000
50,Temp Scaling,0.02,0.0162,63343.00,0.2436,0.1738
50,Temp Scaling,0.05,0.0231,30750.00,0.1115,0.3175
50,Temp Scaling,0.08,0.0437,18581.00,0.0603,0.4375
50,Temp Scaling,0.10,0.0468,17594.00,0.0561,0.4473
50,Temp Scaling,0.15,0.0412,12490.00,0.0310,0.6251
50,Temp Scaling,0.20,0.0364,9059.00,0.0152,0.7063
50,Temp Scaling,0.30,0.0301,7393.00,0.0034,0.8876
50,Temp Scaling,0.40,0.0301,7393.00,0.0034,0.8876
50,Temp Scaling,0.50,0.0033,7360.00,0.0000,1.0000
50,Matrix Scaling,0.02,0.0005,91863.00,0.3569,0.1254
50,Matrix Scaling,0.05,0.0376,26069.00,0.0919,0.3590
50,Matrix Scaling,0.08,0.0715,17594.00,0.0561,0.4473
50,Matrix Scaling,0.10,0.0538,14780.00,0.0425,0.5365
50,Matrix Scaling,0.15,0.0955,9059.00,0.0152,0.7063
50,Matrix Scaling,0.20,0.0775,7393.00,0.0034,0.8876
50,Matrix Scaling,0.30,0.0775,7393.00,0.0034,0.8876
50,Matrix Scaling,0.40,0.0011,7360.00,0.0000,1.0000
50,Matrix Scaling,0.50,0.0011,7360.00,0.0000,1.0000
50,Focal Loss γ=1.0,0.02,0.2873,254784.00,1.0000,0.0000
50,Focal Loss γ=1.0,0.05,0.2873,254784.00,1.0000,0.0000
50,Focal Loss γ=1.0,0.08,0.2873,254784.00,1.0000,0.0000
50,Focal Loss γ=1.0,0.10,0.2873,254784.00,1.0000,0.0000
50,Focal Loss γ=1.0,0.15,0.2873,254784.00,1.0000,0.0000
50,Focal Loss γ=1.0,0.20,0.2873,254784.00,1.0000,0.0000
50,Focal Loss γ=1.0,0.30,0.2936,223119.00,0.8750,0.0243
50,Focal Loss γ=1.0,0.40,0.2873,7360.00,0.0000,1.0000
50,Focal Loss γ=1.0,0.50,0.2873,7360.00,0.0000,1.0000
50,Focal Loss γ=2.0,0.02,0.0694,254784.00,1.0000,0.0000
50,Focal Loss γ=2.0,0.05,0.0694,254784.00,1.0000,0.0000
50,Focal Loss γ=2.0,0.08,0.0655,142272.00,0.5558,0.0885
50,Focal Loss γ=2.0,0.10,0.0712,74200.00,0.2859,0.1844
50,Focal Loss γ=2.0,0.15,0.0753,22507.00,0.0739,0.4999
50,Focal Loss γ=2.0,0.20,0.0809,12222.00,0.0295,0.6389
50,Focal Loss γ=2.0,0.30,0.0701,7773.00,0.0088,0.7508
50,Focal Loss γ=2.0,0.40,0.0670,7393.00,0.0034,0.8876
50,Focal Loss γ=2.0,0.50,0.0694,7360.00,0.0000,1.0000
50,Focal + Temp Scaling,0.02,0.0211,79004.00,0.3056,0.1545
50,Focal + Temp Scaling,0.05,0.0403,27261.00,0.0957,0.3920
50,Focal + Temp Scaling,0.08,0.0175,19454.00,0.0623,0.4870
50,Focal + Temp Scaling,0.10,0.0224,15235.00,0.0431,0.5792
50,Focal + Temp Scaling,0.15,0.0308,11186.00,0.0249,0.6568
50,Focal + Temp Scaling,0.20,0.0606,9059.00,0.0152,0.7063
50,Focal + Temp Scaling,0.30,0.0519,7773.00,0.0088,0.7508
50,Focal + Temp Scaling,0.40,0.0241,7393.00,0.0034,0.8876
50,Focal + Temp Scaling,0.50,0.0006,7360.00,0.0000,1.0000
50,Focal + Matrix Scaling,0.02,0.0376,76709.00,0.2946,0.2235
50,Focal + Matrix Scaling,0.05,0.0593,15337.00,0.0428,0.6038
50,Focal + Matrix Scaling,0.08,0.1009,10535.00,0.0221,0.6658
50,Focal + Matrix Scaling,0.10,0.1503,9059.00,0.0152,0.7063
50,Focal + Matrix Scaling,0.15,0.1344,7393.00,0.0034,0.8876
50,Focal + Matrix Scaling,0.20,0.1344,7393.00,0.0034,0.8876
50,Focal + Matrix Scaling,0.30,0.0065,7360.00,0.0000,1.0000
50,Focal + Matrix Scaling,0.40,0.0065,7360.00,0.0000,1.0000
50,Focal + Matrix Scaling,0.50,0.0065,7360.00,0.0000,1.0000
51,Base (non calibrato),0.02,0.0200,233086.00,0.9835,0.0000
51,Base (non calibrato),0.05,0.0369,142857.00,0.5994,0.0320
51,Base (non calibrato),0.08,0.0414,95934.00,0.3903,0.1371
51,Base (non calibrato),0.10,0.0294,82348.00,0.3270,0.1926
51,Base (non calibrato),0.15,0.0649,59128.00,0.2191,0.2862
51,Base (non calibrato),0.20,0.0630,42013.00,0.1313,0.4332
51,Base (non calibrato),0.30,0.0863,27894.00,0.0556,0.5849
51,Base (non calibrato),0.40,0.1228,22055.00,0.0137,0.7480
51,Base (non calibrato),0.50,0.1320,22942.00,0.0091,0.8266
51,Temp Scaling,0.02,0.0602,124280.00,0.5150,0.0883
51,Temp Scaling,0.05,0.0463,83429.00,0.3318,0.1902
51,Temp Scaling,0.08,0.0741,69280.00,0.2679,0.2304
51,Temp Scaling,0.10,0.0732,63447.00,0.2381,0.2791
51,Temp Scaling,0.15,0.0813,45868.00,0.1545,0.3680
51,Temp Scaling,0.20,0.0610,37544.00,0.1082,0.4733
51,Temp Scaling,0.30,0.0694,26093.00,0.0447,0.6158
51,Temp Scaling,0.40,0.0888,22055.00,0.0137,0.7480
51,Temp Scaling,0.50,0.0917,22942.00,0.0091,0.8266
51,Matrix Scaling,0.02,0.0204,141506.00,0.5936,0.0326
51,Matrix Scaling,0.05,0.0921,78510.00,0.3093,0.2067
51,Matrix Scaling,0.08,0.1206,59186.00,0.2184,0.2949
51,Matrix Scaling,0.10,0.1166,51272.00,0.1808,0.3350
51,Matrix Scaling,0.15,0.1231,35917.00,0.0995,0.4902
51,Matrix Scaling,0.20,0.1506,28863.00,0.0620,0.5634
51,Matrix Scaling,0.30,0.2382,22055.00,0.0137,0.7480
51,Matrix Scaling,0.40,0.2834,22704.00,0.0040,0.8646
51,Matrix Scaling,0.50,0.1803,24427.00,0.0003,0.9680
51,Focal Loss γ=1.0,0.02,0.2354,236987.00,1.0000,0.0000
51,Focal Loss γ=1.0,0.05,0.2354,236987.00,1.0000,0.0000
51,Focal Loss γ=1.0,0.08,0.2354,236987.00,1.0000,0.0000
51,Focal Loss γ=1.0,0.10,0.2354,236987.00,1.0000,0.0000
51,Focal Loss γ=1.0,0.15,0.2354,236987.00,1.0000,0.0000
51,Focal Loss γ=1.0,0.20,0.2354,236987.00,1.0000,0.0000
51,Focal Loss γ=1.0,0.30,0.2354,236987.00,1.0000,0.0000
51,Focal Loss γ=1.0,0.40,0.2354,25157.00,0.0000,1.0000
51,Focal Loss γ=1.0,0.50,0.2354,25157.00,0.0000,1.0000
51,Focal Loss γ=2.0,0.02,0.1120,236987.00,1.0000,0.0000
51,Focal Loss γ=2.0,0.05,0.1120,236987.00,1.0000,0.0000
51,Focal Loss γ=2.0,0.08,0.0848,233179.00,0.9839,0.0002
51,Focal Loss γ=2.0,0.10,0.0947,205083.00,0.8652,0.0014
51,Focal Loss γ=2.0,0.15,0.0766,143144.00,0.6005,0.0330
51,Focal Loss γ=2.0,0.20,0.0683,85763.00,0.3429,0.1790
51,Focal Loss γ=2.0,0.30,0.0994,40061.00,0.1218,0.4453
51,Focal Loss γ=2.0,0.40,0.0881,29026.00,0.0595,0.5931
51,Focal Loss γ=2.0,0.50,0.1106,22175.00,0.0112,0.7755
51,Focal + Temp Scaling,0.02,0.0137,189589.00,0.7997,0.0031
51,Focal + Temp Scaling,0.05,0.0247,129136.00,0.5391,0.0545
51,Focal + Temp Scaling,0.08,0.0735,104743.00,0.4262,0.1483
51,Focal + Temp Scaling,0.10,0.0549,87659.00,0.3515,0.1736
51,Focal + Temp Scaling,0.15,0.0538,58555.00,0.2166,0.2869
51,Focal + Temp Scaling,0.20,0.0592,46682.00,0.1559,0.3869
51,Focal + Temp Scaling,0.30,0.0619,32617.00,0.0810,0.5331
51,Focal + Temp Scaling,0.40,0.0291,23311.00,0.0286,0.6576
51,Focal + Temp Scaling,0.50,0.0371,22175.00,0.0112,0.7755
51,Focal + Matrix Scaling,0.02,0.0073,170998.00,0.7209,0.0059
51,Focal + Matrix Scaling,0.05,0.1351,76006.00,0.2976,0.2173
51,Focal + Matrix Scaling,0.08,0.1560,50002.00,0.1750,0.3395
51,Focal + Matrix Scaling,0.10,0.1676,41611.00,0.1340,0.3917
51,Focal + Matrix Scaling,0.15,0.2077,31740.00,0.0763,0.5428
51,Focal + Matrix Scaling,0.20,0.3229,22210.00,0.0169,0.7239
51,Focal + Matrix Scaling,0.30,0.3690,22704.00,0.0040,0.8646
51,Focal + Matrix Scaling,0.40,0.2346,24427.00,0.0003,0.9680
51,Focal + Matrix Scaling,0.50,0.0345,25157.00,0.0000,1.0000
52,Base (non calibrato),0.02,0.0043,25802.00,0.0986,0.0630
52,Base (non calibrato),0.05,0.0399,4042.00,0.0140,0.3206
52,Base (non calibrato),0.08,0.0505,3047.00,0.0097,0.4027
52,Base (non calibrato),0.10,0.0643,2227.00,0.0059,0.5383
52,Base (non calibrato),0.15,0.0643,2227.00,0.0059,0.5383
52,Base (non calibrato),0.20,0.0110,1254.00,0.0000,1.0000
52,Base (non calibrato),0.30,0.0110,1254.00,0.0000,1.0000
52,Base (non calibrato),0.40,0.0110,1254.00,0.0000,1.0000
52,Base (non calibrato),0.50,0.0110,1254.00,0.0000,1.0000
52,Temp Scaling,0.02,0.0648,4042.00,0.0140,0.3206
52,Temp Scaling,0.05,0.0730,3047.00,0.0097,0.4027
52,Temp Scaling,0.08,0.0694,2227.00,0.0059,0.5383
52,Temp Scaling,0.10,0.0694,2227.00,0.0059,0.5383
52,Temp Scaling,0.15,0.0026,1254.00,0.0000,1.0000
52,Temp Scaling,0.20,0.0026,1254.00,0.0000,1.0000
52,Temp Scaling,0.30,0.0026,1254.00,0.0000,1.0000
52,Temp Scaling,0.40,0.0026,1254.00,0.0000,1.0000
52,Temp Scaling,0.50,0.0026,1254.00,0.0000,1.0000
52,Matrix Scaling,0.02,0.0777,4042.00,0.0140,0.3206
52,Matrix Scaling,0.05,0.0866,3047.00,0.0097,0.4027
52,Matrix Scaling,0.08,0.0847,2227.00,0.0059,0.5383
52,Matrix Scaling,0.10,0.0847,2227.00,0.0059,0.5383
52,Matrix Scaling,0.15,0.0002,1254.00,0.0000,1.0000
52,Matrix Scaling,0.20,0.0002,1254.00,0.0000,1.0000
52,Matrix Scaling,0.30,0.0002,1254.00,0.0000,1.0000
52,Matrix Scaling,0.40,0.0002,1254.00,0.0000,1.0000
52,Matrix Scaling,0.50,0.0002,1254.00,0.0000,1.0000
52,Focal Loss γ=1.0,0.02,0.3151,260890.00,1.0000,0.0000
52,Focal Loss γ=1.0,0.05,0.3151,260890.00,1.0000,0.0000
52,Focal Loss γ=1.0,0.08,0.3151,260890.00,1.0000,0.0000
52,Focal Loss γ=1.0,0.10,0.3151,260890.00,1.0000,0.0000
52,Focal Loss γ=1.0,0.15,0.3151,260890.00,1.0000,0.0000
52,Focal Loss γ=1.0,0.20,0.3151,260890.00,1.0000,0.0000
52,Focal Loss γ=1.0,0.30,0.3151,260890.00,1.0000,0.0000
52,Focal Loss γ=1.0,0.40,0.3151,1254.00,0.0000,1.0000
52,Focal Loss γ=1.0,0.50,0.3151,1254.00,0.0000,1.0000
52,Focal Loss γ=2.0,0.02,0.0671,260890.00,1.0000,0.0000
52,Focal Loss γ=2.0,0.05,0.0584,259420.00,0.9944,0.0000
52,Focal Loss γ=2.0,0.08,0.0762,51498.00,0.1972,0.0415
52,Focal Loss γ=2.0,0.10,0.0714,27740.00,0.1059,0.0869
52,Focal Loss γ=2.0,0.15,0.0670,8394.00,0.0307,0.3166
52,Focal Loss γ=2.0,0.20,0.0382,2227.00,0.0059,0.5383
52,Focal Loss γ=2.0,0.30,0.0671,1254.00,0.0000,1.0000
52,Focal Loss γ=2.0,0.40,0.0671,1254.00,0.0000,1.0000
52,Focal Loss γ=2.0,0.50,0.0671,1254.00,0.0000,1.0000
52,Focal + Temp Scaling,0.02,0.0006,26907.00,0.1026,0.1204
52,Focal + Temp Scaling,0.05,0.0017,7404.00,0.0269,0.3166
52,Focal + Temp Scaling,0.08,0.0379,3047.00,0.0097,0.4027
52,Focal + Temp Scaling,0.10,0.0387,2227.00,0.0059,0.5383
52,Focal + Temp Scaling,0.15,0.0387,2227.00,0.0059,0.5383
52,Focal + Temp Scaling,0.20,0.0044,1254.00,0.0000,1.0000
52,Focal + Temp Scaling,0.30,0.0044,1254.00,0.0000,1.0000
52,Focal + Temp Scaling,0.40,0.0044,1254.00,0.0000,1.0000
52,Focal + Temp Scaling,0.50,0.0044,1254.00,0.0000,1.0000
52,Focal + Matrix Scaling,0.02,0.0137,25983.00,0.0988,0.1746
52,Focal + Matrix Scaling,0.05,0.0532,4796.00,0.0165,0.3987
52,Focal + Matrix Scaling,0.08,0.0857,2227.00,0.0059,0.5383
52,Focal + Matrix Scaling,0.10,0.0071,1254.00,0.0000,1.0000
52,Focal + Matrix Scaling,0.15,0.0071,1254.00,0.0000,1.0000
52,Focal + Matrix Scaling,0.20,0.0071,1254.00,0.0000,1.0000
52,Focal + Matrix Scaling,0.30,0.0071,1254.00,0.0000,1.0000
52,Focal + Matrix Scaling,0.40,0.0071,1254.00,0.0000,1.0000
52,Focal + Matrix Scaling,0.50,0.0071,1254.00,0.0000,1.0000
53,Base (non calibrato),0.02,0.0080,101608.00,0.3984,0.0041
53,Base (non calibrato),0.05,0.0490,50467.00,0.1931,0.1723
53,Base (non calibrato),0.08,0.0438,21686.00,0.0715,0.4837
53,Base (non calibrato),0.10,0.0456,17417.00,0.0518,0.5897
53,Base (non calibrato),0.15,0.0807,9121.00,0.0124,0.8337
53,Base (non calibrato),0.20,0.1298,7264.00,0.0028,0.9178
53,Base (non calibrato),0.30,0.0057,7149.00,0.0000,1.0000
53,Base (non calibrato),0.40,0.0057,7149.00,0.0000,1.0000
53,Base (non calibrato),0.50,0.0057,7149.00,0.0000,1.0000
53,Temp Scaling,0.02,0.0701,36382.00,0.1341,0.3061
53,Temp Scaling,0.05,0.0781,19110.00,0.0603,0.5229
53,Temp Scaling,0.08,0.0698,13985.00,0.0362,0.6665
53,Temp Scaling,0.10,0.0974,9121.00,0.0124,0.8337
53,Temp Scaling,0.15,0.0955,8276.00,0.0077,0.8839
53,Temp Scaling,0.20,0.0162,7149.00,0.0000,1.0000
53,Temp Scaling,0.30,0.0162,7149.00,0.0000,1.0000
53,Temp Scaling,0.40,0.0162,7149.00,0.0000,1.0000
53,Temp Scaling,0.50,0.0162,7149.00,0.0000,1.0000
53,Matrix Scaling,0.02,0.0732,50558.00,0.1935,0.1709
53,Matrix Scaling,0.05,0.0922,19110.00,0.0603,0.5229
53,Matrix Scaling,0.08,0.1244,9121.00,0.0124,0.8337
53,Matrix Scaling,0.10,0.1226,8276.00,0.0077,0.8839
53,Matrix Scaling,0.15,0.0126,7149.00,0.0000,1.0000
53,Matrix Scaling,0.20,0.0126,7149.00,0.0000,1.0000
53,Matrix Scaling,0.30,0.0126,7149.00,0.0000,1.0000
53,Matrix Scaling,0.40,0.0126,7149.00,0.0000,1.0000
53,Matrix Scaling,0.50,0.0126,7149.00,0.0000,1.0000
53,Focal Loss γ=1.0,0.02,0.2922,254995.00,1.0000,0.0000
53,Focal Loss γ=1.0,0.05,0.2922,254995.00,1.0000,0.0000
53,Focal Loss γ=1.0,0.08,0.2922,254995.00,1.0000,0.0000
53,Focal Loss γ=1.0,0.10,0.2922,254995.00,1.0000,0.0000
53,Focal Loss γ=1.0,0.15,0.2922,254995.00,1.0000,0.0000
53,Focal Loss γ=1.0,0.20,0.2922,254995.00,1.0000,0.0000
53,Focal Loss γ=1.0,0.30,0.2922,254995.00,1.0000,0.0000
53,Focal Loss γ=1.0,0.40,0.2922,7149.00,0.0000,1.0000
53,Focal Loss γ=1.0,0.50,0.2922,7149.00,0.0000,1.0000
53,Focal Loss γ=2.0,0.02,0.0539,254995.00,1.0000,0.0000
53,Focal Loss γ=2.0,0.05,0.0539,254995.00,1.0000,0.0000
53,Focal Loss γ=2.0,0.08,0.0558,73889.00,0.2872,0.0930
53,Focal Loss γ=2.0,0.10,0.0363,44976.00,0.1696,0.2423
53,Focal Loss γ=2.0,0.15,0.0601,23651.00,0.0782,0.5188
53,Focal Loss γ=2.0,0.20,0.0228,12592.00,0.0297,0.7029
53,Focal Loss γ=2.0,0.30,0.0539,7149.00,0.0000,1.0000
53,Focal Loss γ=2.0,0.40,0.0539,7149.00,0.0000,1.0000
53,Focal Loss γ=2.0,0.50,0.0539,7149.00,0.0000,1.0000
53,Focal + Temp Scaling,0.02,0.0217,46152.00,0.1750,0.2150
53,Focal + Temp Scaling,0.05,0.0458,25344.00,0.0867,0.4520
53,Focal + Temp Scaling,0.08,0.0387,19993.00,0.0630,0.5506
53,Focal + Temp Scaling,0.10,0.0419,15006.00,0.0409,0.6393
53,Focal + Temp Scaling,0.15,0.0822,8109.00,0.0075,0.8675
53,Focal + Temp Scaling,0.20,0.1031,7264.00,0.0028,0.9178
53,Focal + Temp Scaling,0.30,0.0097,7149.00,0.0000,1.0000
53,Focal + Temp Scaling,0.40,0.0097,7149.00,0.0000,1.0000
53,Focal + Temp Scaling,0.50,0.0097,7149.00,0.0000,1.0000
53,Focal + Matrix Scaling,0.02,0.0485,43474.00,0.1637,0.2426
53,Focal + Matrix Scaling,0.05,0.0976,15735.00,0.0443,0.6194
53,Focal + Matrix Scaling,0.08,0.1236,9106.00,0.0134,0.7966
53,Focal + Matrix Scaling,0.10,0.1641,7264.00,0.0028,0.9178
53,Focal + Matrix Scaling,0.15,0.0113,7149.00,0.0000,1.0000
53,Focal + Matrix Scaling,0.20,0.0113,7149.00,0.0000,1.0000
53,Focal + Matrix Scaling,0.30,0.0113,7149.00,0.0000,1.0000
53,Focal + Matrix Scaling,0.40,0.0113,7149.00,0.0000,1.0000
53,Focal + Matrix Scaling,0.50,0.0113,7149.00,0.0000,1.0000
54,Base (non calibrato),0.02,0.0030,112543.00,0.4532,0.0004
54,Base (non calibrato),0.05,0.0201,81012.00,0.3239,0.0420
54,Base (non calibrato),0.08,0.0258,50801.00,0.1944,0.1828
54,Base (non calibrato),0.10,0.0563,36484.00,0.1293,0.3172
54,Base (non calibrato),0.15,0.1189,24505.00,0.0649,0.6086
54,Base (non calibrato),0.20,0.0622,15674.00,0.0148,0.8699
54,Base (non calibrato),0.30,0.0013,14365.00,0.0044,0.9613
54,Base (non calibrato),0.40,0.0025,13803.00,0.0000,1.0000
54,Base (non calibrato),0.50,0.0025,13803.00,0.0000,1.0000
54,Temp Scaling,0.02,0.0203,66024.00,0.2621,0.0682
54,Temp Scaling,0.05,0.1043,38239.00,0.1368,0.3098
54,Temp Scaling,0.08,0.1222,32702.00,0.1103,0.3838
54,Temp Scaling,0.10,0.1222,26215.00,0.0747,0.5544
54,Temp Scaling,0.15,0.1117,20320.00,0.0394,0.7635
54,Temp Scaling,0.20,0.0748,15674.00,0.0148,0.8699
54,Temp Scaling,0.30,0.0133,14365.00,0.0044,0.9613
54,Temp Scaling,0.40,0.0253,13803.00,0.0000,1.0000
54,Temp Scaling,0.50,0.0253,13803.00,0.0000,1.0000
54,Matrix Scaling,0.02,0.0097,82929.00,0.3323,0.0298
54,Matrix Scaling,0.05,0.0754,43828.00,0.1635,0.2339
54,Matrix Scaling,0.08,0.1385,30010.00,0.0957,0.4516
54,Matrix Scaling,0.10,0.1491,25112.00,0.0689,0.5804
54,Matrix Scaling,0.15,0.1550,15804.00,0.0183,0.8161
54,Matrix Scaling,0.20,0.0545,14365.00,0.0044,0.9613
54,Matrix Scaling,0.30,0.0239,13803.00,0.0000,1.0000
54,Matrix Scaling,0.40,0.0239,13803.00,0.0000,1.0000
54,Matrix Scaling,0.50,0.0239,13803.00,0.0000,1.0000
54,Focal Loss γ=1.0,0.02,0.2681,248341.00,1.0000,0.0000
54,Focal Loss γ=1.0,0.05,0.2681,248341.00,1.0000,0.0000
54,Focal Loss γ=1.0,0.08,0.2681,248341.00,1.0000,0.0000
54,Focal Loss γ=1.0,0.10,0.2681,248341.00,1.0000,0.0000
54,Focal Loss γ=1.0,0.15,0.2681,248341.00,1.0000,0.0000
54,Focal Loss γ=1.0,0.20,0.2681,248341.00,1.0000,0.0000
54,Focal Loss γ=1.0,0.30,0.2681,248341.00,1.0000,0.0000
54,Focal Loss γ=1.0,0.40,0.2681,13803.00,0.0000,1.0000
54,Focal Loss γ=1.0,0.50,0.2681,13803.00,0.0000,1.0000
54,Focal Loss γ=2.0,0.02,0.0495,248341.00,1.0000,0.0000
54,Focal Loss γ=2.0,0.05,0.0495,248341.00,1.0000,0.0000
54,Focal Loss γ=2.0,0.08,0.0514,87215.00,0.3497,0.0268
54,Focal Loss γ=2.0,0.10,0.0592,74587.00,0.2968,0.0642
54,Focal Loss γ=2.0,0.15,0.0638,49213.00,0.1863,0.2142
54,Focal Loss γ=2.0,0.20,0.0568,28782.00,0.0879,0.5029
54,Focal Loss γ=2.0,0.30,0.0555,15674.00,0.0148,0.8699
54,Focal Loss γ=2.0,0.40,0.0708,14365.00,0.0044,0.9613
54,Focal Loss γ=2.0,0.50,0.0495,13803.00,0.0000,1.0000
54,Focal + Temp Scaling,0.02,0.0086,74485.00,0.2967,0.0579
54,Focal + Temp Scaling,0.05,0.0088,54924.00,0.2118,0.1693
54,Focal + Temp Scaling,0.08,0.0567,39835.00,0.1447,0.2833
54,Focal + Temp Scaling,0.10,0.0599,37446.00,0.1331,0.3189
54,Focal + Temp Scaling,0.15,0.0749,27698.00,0.0829,0.5143
54,Focal + Temp Scaling,0.20,0.0642,23846.00,0.0596,0.6549
54,Focal + Temp Scaling,0.30,0.1076,14294.00,0.0075,0.8998
54,Focal + Temp Scaling,0.40,0.0608,14365.00,0.0044,0.9613
54,Focal + Temp Scaling,0.50,0.0096,13803.00,0.0000,1.0000
54,Focal + Matrix Scaling,0.02,0.0139,74587.00,0.2968,0.0642
54,Focal + Matrix Scaling,0.05,0.0729,43828.00,0.1635,0.2339
54,Focal + Matrix Scaling,0.08,0.1448,28147.00,0.0859,0.4945
54,Focal + Matrix Scaling,0.10,0.1261,27039.00,0.0777,0.5606
54,Focal + Matrix Scaling,0.15,0.1816,14424.00,0.0111,0.8460
54,Focal + Matrix Scaling,0.20,0.0638,14365.00,0.0044,0.9613
54,Focal + Matrix Scaling,0.30,0.0225,13803.00,0.0000,1.0000
54,Focal + Matrix Scaling,0.40,0.0225,13803.00,0.0000,1.0000
54,Focal + Matrix Scaling,0.50,0.0225,13803.00,0.0000,1.0000
55,Base (non calibrato),0.02,0.0069,108183.00,0.4409,0.0001
55,Base (non calibrato),0.05,0.0187,91185.00,0.3709,0.0106
55,Base (non calibrato),0.08,0.0146,74761.00,0.2990,0.0827
55,Base (non calibrato),0.10,0.0247,56513.00,0.2178,0.1831
55,Base (non calibrato),0.15,0.0203,29823.00,0.0988,0.3333
55,Base (non calibrato),0.20,0.0462,25691.00,0.0730,0.4645
55,Base (non calibrato),0.30,0.0555,17818.00,0.0133,0.8686
55,Base (non calibrato),0.40,0.0471,16428.00,0.0050,0.9077
55,Base (non calibrato),0.50,0.0056,16753.00,0.0000,1.0000
55,Temp Scaling,0.02,0.0188,84494.00,0.3417,0.0380
55,Temp Scaling,0.05,0.0097,65149.00,0.2571,0.1227
55,Temp Scaling,0.08,0.0321,45207.00,0.1677,0.2419
55,Temp Scaling,0.10,0.0300,35864.00,0.1266,0.2869
55,Temp Scaling,0.15,0.0409,29073.00,0.0927,0.3780
55,Temp Scaling,0.20,0.0132,24961.00,0.0643,0.5479
55,Temp Scaling,0.30,0.0139,17953.00,0.0157,0.8412
55,Temp Scaling,0.40,0.0095,16428.00,0.0050,0.9077
55,Temp Scaling,0.50,0.0095,16428.00,0.0050,0.9077
55,Matrix Scaling,0.02,0.0130,89981.00,0.3659,0.0116
55,Matrix Scaling,0.05,0.0172,62408.00,0.2449,0.1376
55,Matrix Scaling,0.08,0.0758,37886.00,0.1340,0.2980
55,Matrix Scaling,0.10,0.0747,29823.00,0.0988,0.3333
55,Matrix Scaling,0.15,0.1001,25909.00,0.0757,0.4378
55,Matrix Scaling,0.20,0.0957,18637.00,0.0212,0.8026
55,Matrix Scaling,0.30,0.0771,16428.00,0.0050,0.9077
55,Matrix Scaling,0.40,0.1187,16270.00,0.0021,0.9409
55,Matrix Scaling,0.50,0.0196,16753.00,0.0000,1.0000
55,Focal Loss γ=1.0,0.02,0.2573,245391.00,1.0000,0.0000
55,Focal Loss γ=1.0,0.05,0.2573,245391.00,1.0000,0.0000
55,Focal Loss γ=1.0,0.08,0.2573,245391.00,1.0000,0.0000
55,Focal Loss γ=1.0,0.10,0.2573,245391.00,1.0000,0.0000
55,Focal Loss γ=1.0,0.15,0.2573,245391.00,1.0000,0.0000
55,Focal Loss γ=1.0,0.20,0.2573,245391.00,1.0000,0.0000
55,Focal Loss γ=1.0,0.30,0.2573,245391.00,1.0000,0.0000
55,Focal Loss γ=1.0,0.40,0.2573,16753.00,0.0000,1.0000
55,Focal Loss γ=1.0,0.50,0.2573,16753.00,0.0000,1.0000
55,Focal Loss γ=2.0,0.02,0.0548,245391.00,1.0000,0.0000
55,Focal Loss γ=2.0,0.05,0.0548,245391.00,1.0000,0.0000
55,Focal Loss γ=2.0,0.08,0.0528,95453.00,0.3885,0.0074
55,Focal Loss γ=2.0,0.10,0.0496,91168.00,0.3704,0.0161
55,Focal Loss γ=2.0,0.15,0.0758,61241.00,0.2388,0.1577
55,Focal Loss γ=2.0,0.20,0.0417,34428.00,0.1183,0.3221
55,Focal Loss γ=2.0,0.30,0.0551,21990.00,0.0428,0.6861
55,Focal Loss γ=2.0,0.40,0.0359,16911.00,0.0029,0.9668
55,Focal Loss γ=2.0,0.50,0.0548,16753.00,0.0000,1.0000
55,Focal + Temp Scaling,0.02,0.0033,91079.00,0.3703,0.0133
55,Focal + Temp Scaling,0.05,0.0016,80274.00,0.3235,0.0525
55,Focal + Temp Scaling,0.08,0.0106,60720.00,0.2382,0.1356
55,Focal + Temp Scaling,0.10,0.0186,50708.00,0.1934,0.1938
55,Focal + Temp Scaling,0.15,0.0254,29823.00,0.0988,0.3333
55,Focal + Temp Scaling,0.20,0.0254,29823.00,0.0988,0.3333
55,Focal + Temp Scaling,0.30,0.0478,20831.00,0.0349,0.7321
55,Focal + Temp Scaling,0.40,0.0340,16428.00,0.0050,0.9077
55,Focal + Temp Scaling,0.50,0.0589,16911.00,0.0029,0.9668
55,Focal + Matrix Scaling,0.02,0.0266,89670.00,0.3639,0.0223
55,Focal + Matrix Scaling,0.05,0.0153,55576.00,0.2158,0.1563
55,Focal + Matrix Scaling,0.08,0.0548,32039.00,0.1092,0.3124
55,Focal + Matrix Scaling,0.10,0.0961,29823.00,0.0988,0.3333
55,Focal + Matrix Scaling,0.15,0.1123,23721.00,0.0674,0.4287
55,Focal + Matrix Scaling,0.20,0.1216,17953.00,0.0157,0.8412
55,Focal + Matrix Scaling,0.30,0.1144,16428.00,0.0050,0.9077
55,Focal + Matrix Scaling,0.40,0.0220,16753.00,0.0000,1.0000
55,Focal + Matrix Scaling,0.50,0.0220,16753.00,0.0000,1.0000
56,Base (non calibrato),0.02,0.0133,110789.00,0.4426,0.0000
56,Base (non calibrato),0.05,0.0247,79546.00,0.3168,0.0206
56,Base (non calibrato),0.08,0.0246,51850.00,0.2020,0.1080
56,Base (non calibrato),0.10,0.0155,38040.00,0.1442,0.1653
56,Base (non calibrato),0.15,0.0126,22981.00,0.0783,0.2850
56,Base (non calibrato),0.20,0.0147,18583.00,0.0535,0.4377
56,Base (non calibrato),0.30,0.0322,13091.00,0.0138,0.8145
56,Base (non calibrato),0.40,0.0132,11847.00,0.0000,1.0000
56,Base (non calibrato),0.50,0.0132,11847.00,0.0000,1.0000
56,Temp Scaling,0.02,0.0039,68007.00,0.2696,0.0442
56,Temp Scaling,0.05,0.0100,41906.00,0.1604,0.1475
56,Temp Scaling,0.08,0.0079,31907.00,0.1182,0.1967
56,Temp Scaling,0.10,0.0157,26668.00,0.0943,0.2586
56,Temp Scaling,0.15,0.0234,21864.00,0.0717,0.3311
56,Temp Scaling,0.20,0.0325,18583.00,0.0535,0.4377
56,Temp Scaling,0.30,0.0356,14320.00,0.0202,0.7814
56,Temp Scaling,0.40,0.0064,11847.00,0.0000,1.0000
56,Temp Scaling,0.50,0.0064,11847.00,0.0000,1.0000
56,Matrix Scaling,0.02,0.0047,86193.00,0.3440,0.0076
56,Matrix Scaling,0.05,0.0248,41903.00,0.1607,0.1413
56,Matrix Scaling,0.08,0.0479,29298.00,0.1067,0.2177
56,Matrix Scaling,0.10,0.0560,22981.00,0.0783,0.2850
56,Matrix Scaling,0.15,0.0597,18583.00,0.0535,0.4377
56,Matrix Scaling,0.20,0.0278,15359.00,0.0266,0.7353
56,Matrix Scaling,0.30,0.0087,11847.00,0.0000,1.0000
56,Matrix Scaling,0.40,0.0087,11847.00,0.0000,1.0000
56,Matrix Scaling,0.50,0.0087,11847.00,0.0000,1.0000
56,Focal Loss γ=1.0,0.02,0.2756,250297.00,1.0000,0.0000
56,Focal Loss γ=1.0,0.05,0.2756,250297.00,1.0000,0.0000
56,Focal Loss γ=1.0,0.08,0.2756,250297.00,1.0000,0.0000
56,Focal Loss γ=1.0,0.10,0.2756,250297.00,1.0000,0.0000
56,Focal Loss γ=1.0,0.15,0.2756,250297.00,1.0000,0.0000
56,Focal Loss γ=1.0,0.20,0.2756,250297.00,1.0000,0.0000
56,Focal Loss γ=1.0,0.30,0.2756,250297.00,1.0000,0.0000
56,Focal Loss γ=1.0,0.40,0.2756,11847.00,0.0000,1.0000
56,Focal Loss γ=1.0,0.50,0.2756,11847.00,0.0000,1.0000
56,Focal Loss γ=2.0,0.02,0.0620,250297.00,1.0000,0.0000
56,Focal Loss γ=2.0,0.05,0.0620,250297.00,1.0000,0.0000
56,Focal Loss γ=2.0,0.08,0.0659,93987.00,0.3752,0.0068
56,Focal Loss γ=2.0,0.10,0.0666,79557.00,0.3163,0.0319
56,Focal Loss γ=2.0,0.15,0.0715,39181.00,0.1489,0.1614
56,Focal Loss γ=2.0,0.20,0.0666,28798.00,0.1043,0.2266
56,Focal Loss γ=2.0,0.30,0.0659,15359.00,0.0266,0.7353
56,Focal Loss γ=2.0,0.40,0.0620,11847.00,0.0000,1.0000
56,Focal Loss γ=2.0,0.50,0.0620,11847.00,0.0000,1.0000
56,Focal + Temp Scaling,0.02,0.0080,83957.00,0.3349,0.0111
56,Focal + Temp Scaling,0.05,0.0134,55403.00,0.2176,0.0782
56,Focal + Temp Scaling,0.08,0.0166,38878.00,0.1479,0.1578
56,Focal + Temp Scaling,0.10,0.0242,33137.00,0.1232,0.1944
56,Focal + Temp Scaling,0.15,0.0301,27568.00,0.0993,0.2288
56,Focal + Temp Scaling,0.20,0.0334,20678.00,0.0665,0.3414
56,Focal + Temp Scaling,0.30,0.0637,14320.00,0.0202,0.7814
56,Focal + Temp Scaling,0.40,0.0550,12725.00,0.0069,0.9279
56,Focal + Temp Scaling,0.50,0.0058,11847.00,0.0000,1.0000
56,Focal + Matrix Scaling,0.02,0.0024,82441.00,0.3288,0.0121
56,Focal + Matrix Scaling,0.05,0.0315,38626.00,0.1472,0.1513
56,Focal + Matrix Scaling,0.08,0.0547,27568.00,0.0993,0.2288
56,Focal + Matrix Scaling,0.10,0.0595,25041.00,0.0885,0.2449
56,Focal + Matrix Scaling,0.15,0.0789,19561.00,0.0598,0.3876
56,Focal + Matrix Scaling,0.20,0.0430,14320.00,0.0202,0.7814
56,Focal + Matrix Scaling,0.30,0.0085,11847.00,0.0000,1.0000
56,Focal + Matrix Scaling,0.40,0.0085,11847.00,0.0000,1.0000
56,Focal + Matrix Scaling,0.50,0.0085,11847.00,0.0000,1.0000
57,Base (non calibrato),0.02,0.0177,105334.00,0.4096,0.0002
57,Base (non calibrato),0.05,0.0207,53506.00,0.2061,0.0993
57,Base (non calibrato),0.08,0.0157,32374.00,0.1202,0.2926
57,Base (non calibrato),0.10,0.0150,17368.00,0.0580,0.4940
57,Base (non calibrato),0.15,0.0110,8119.00,0.0170,0.7532
57,Base (non calibrato),0.20,0.0067,7140.00,0.0122,0.8045
57,Base (non calibrato),0.30,0.0164,4976.00,0.0000,1.0000
57,Base (non calibrato),0.40,0.0164,4976.00,0.0000,1.0000
57,Base (non calibrato),0.50,0.0164,4976.00,0.0000,1.0000
57,Temp Scaling,0.02,0.0136,43666.00,0.1667,0.1580
57,Temp Scaling,0.05,0.0097,23415.00,0.0833,0.3985
57,Temp Scaling,0.08,0.0155,14109.00,0.0442,0.5529
57,Temp Scaling,0.10,0.0092,9570.00,0.0236,0.7018
57,Temp Scaling,0.15,0.0098,8119.00,0.0170,0.7532
57,Temp Scaling,0.20,0.0038,7140.00,0.0122,0.8045
57,Temp Scaling,0.30,0.0038,4976.00,0.0000,1.0000
57,Temp Scaling,0.40,0.0038,4976.00,0.0000,1.0000
57,Temp Scaling,0.50,0.0038,4976.00,0.0000,1.0000
57,Matrix Scaling,0.02,0.0013,62273.00,0.2414,0.0392
57,Matrix Scaling,0.05,0.0164,34671.00,0.1302,0.2410
57,Matrix Scaling,0.08,0.0290,12623.00,0.0375,0.5993
57,Matrix Scaling,0.10,0.0340,11384.00,0.0322,0.6214
57,Matrix Scaling,0.15,0.0415,7140.00,0.0122,0.8045
57,Matrix Scaling,0.20,0.0000,4976.00,0.0000,1.0000
57,Matrix Scaling,0.30,0.0000,4976.00,0.0000,1.0000
57,Matrix Scaling,0.40,0.0000,4976.00,0.0000,1.0000
57,Matrix Scaling,0.50,0.0000,4976.00,0.0000,1.0000
57,Focal Loss γ=1.0,0.02,0.3014,257168.00,1.0000,0.0000
57,Focal Loss γ=1.0,0.05,0.3014,257168.00,1.0000,0.0000
57,Focal Loss γ=1.0,0.08,0.3014,257168.00,1.0000,0.0000
57,Focal Loss γ=1.0,0.10,0.3014,257168.00,1.0000,0.0000
57,Focal Loss γ=1.0,0.15,0.3014,257168.00,1.0000,0.0000
57,Focal Loss γ=1.0,0.20,0.3014,257168.00,1.0000,0.0000
57,Focal Loss γ=1.0,0.30,0.3014,257168.00,1.0000,0.0000
57,Focal Loss γ=1.0,0.40,0.3014,4976.00,0.0000,1.0000
57,Focal Loss γ=1.0,0.50,0.3014,4976.00,0.0000,1.0000
57,Focal Loss γ=2.0,0.02,0.0647,257168.00,1.0000,0.0000
57,Focal Loss γ=2.0,0.05,0.0647,257168.00,1.0000,0.0000
57,Focal Loss γ=2.0,0.08,0.0662,72061.00,0.2796,0.0295
57,Focal Loss γ=2.0,0.10,0.0710,58411.00,0.2259,0.0653
57,Focal Loss γ=2.0,0.15,0.0862,28897.00,0.1058,0.3384
57,Focal Loss γ=2.0,0.20,0.0828,9570.00,0.0236,0.7018
57,Focal Loss γ=2.0,0.30,0.0810,7140.00,0.0122,0.8045
57,Focal Loss γ=2.0,0.40,0.0647,4976.00,0.0000,1.0000
57,Focal Loss γ=2.0,0.50,0.0647,4976.00,0.0000,1.0000
57,Focal + Temp Scaling,0.02,0.0073,58495.00,0.2263,0.0613
57,Focal + Temp Scaling,0.05,0.0116,37409.00,0.1412,0.2209
57,Focal + Temp Scaling,0.08,0.0353,25450.00,0.0921,0.3543
57,Focal + Temp Scaling,0.10,0.0528,12829.00,0.0374,0.6429
57,Focal + Temp Scaling,0.15,0.0558,9570.00,0.0236,0.7018
57,Focal + Temp Scaling,0.20,0.0594,8119.00,0.0170,0.7532
57,Focal + Temp Scaling,0.30,0.0655,7140.00,0.0122,0.8045
57,Focal + Temp Scaling,0.40,0.0048,4976.00,0.0000,1.0000
57,Focal + Temp Scaling,0.50,0.0048,4976.00,0.0000,1.0000
57,Focal + Matrix Scaling,0.02,0.0016,60693.00,0.2351,0.0446
57,Focal + Matrix Scaling,0.05,0.0084,35338.00,0.1325,0.2518
57,Focal + Matrix Scaling,0.08,0.0323,11384.00,0.0322,0.6214
57,Focal + Matrix Scaling,0.10,0.0265,9570.00,0.0236,0.7018
57,Focal + Matrix Scaling,0.15,0.0349,7140.00,0.0122,0.8045
57,Focal + Matrix Scaling,0.20,0.0032,4976.00,0.0000,1.0000
57,Focal + Matrix Scaling,0.30,0.0032,4976.00,0.0000,1.0000
57,Focal + Matrix Scaling,0.40,0.0032,4976.00,0.0000,1.0000
57,Focal + Matrix Scaling,0.50,0.0032,4976.00,0.0000,1.0000
58,Base (non calibrato),0.02,0.0197,104734.00,0.4021,0.0000
58,Base (non calibrato),0.05,0.0328,28909.00,0.1081,0.4515
58,Base (non calibrato),0.08,0.0306,6821.00,0.0213,0.7425
58,Base (non calibrato),0.10,0.0414,4387.00,0.0111,0.8842
58,Base (non calibrato),0.15,0.0255,2403.00,0.0032,0.9295
58,Base (non calibrato),0.20,0.0182,1701.00,0.0000,1.0000
58,Base (non calibrato),0.30,0.0182,1701.00,0.0000,1.0000
58,Base (non calibrato),0.40,0.0182,1701.00,0.0000,1.0000
58,Base (non calibrato),0.50,0.0182,1701.00,0.0000,1.0000
58,Temp Scaling,0.02,0.0103,14587.00,0.0528,0.4868
58,Temp Scaling,0.05,0.0099,5601.00,0.0165,0.7737
58,Temp Scaling,0.08,0.0062,2403.00,0.0032,0.9295
58,Temp Scaling,0.10,0.0062,2403.00,0.0032,0.9295
58,Temp Scaling,0.15,0.0025,1701.00,0.0000,1.0000
58,Temp Scaling,0.20,0.0025,1701.00,0.0000,1.0000
58,Temp Scaling,0.30,0.0025,1701.00,0.0000,1.0000
58,Temp Scaling,0.40,0.0025,1701.00,0.0000,1.0000
58,Temp Scaling,0.50,0.0025,1701.00,0.0000,1.0000
58,Matrix Scaling,0.02,0.0034,37228.00,0.1413,0.2499
58,Matrix Scaling,0.05,0.0100,5601.00,0.0165,0.7737
58,Matrix Scaling,0.08,0.0150,2403.00,0.0032,0.9295
58,Matrix Scaling,0.10,0.0150,2403.00,0.0032,0.9295
58,Matrix Scaling,0.15,0.0034,1701.00,0.0000,1.0000
58,Matrix Scaling,0.20,0.0034,1701.00,0.0000,1.0000
58,Matrix Scaling,0.30,0.0034,1701.00,0.0000,1.0000
58,Matrix Scaling,0.40,0.0034,1701.00,0.0000,1.0000
58,Matrix Scaling,0.50,0.0034,1701.00,0.0000,1.0000
58,Focal Loss γ=1.0,0.02,0.3104,260443.00,1.0000,0.0000
58,Focal Loss γ=1.0,0.05,0.3104,260443.00,1.0000,0.0000
58,Focal Loss γ=1.0,0.08,0.3104,260443.00,1.0000,0.0000
58,Focal Loss γ=1.0,0.10,0.3104,260443.00,1.0000,0.0000
58,Focal Loss γ=1.0,0.15,0.3104,260443.00,1.0000,0.0000
58,Focal Loss γ=1.0,0.20,0.3104,260443.00,1.0000,0.0000
58,Focal Loss γ=1.0,0.30,0.3104,260443.00,1.0000,0.0000
58,Focal Loss γ=1.0,0.40,0.3104,1701.00,0.0000,1.0000
58,Focal Loss γ=1.0,0.50,0.3104,1701.00,0.0000,1.0000
58,Focal Loss γ=2.0,0.02,0.0670,260443.00,1.0000,0.0000
58,Focal Loss γ=2.0,0.05,0.0670,260443.00,1.0000,0.0000
58,Focal Loss γ=2.0,0.08,0.0703,61506.00,0.2357,0.0670
58,Focal Loss γ=2.0,0.10,0.0830,43137.00,0.1640,0.2487
58,Focal Loss γ=2.0,0.15,0.1052,9327.00,0.0310,0.7384
58,Focal Loss γ=2.0,0.20,0.0950,2403.00,0.0032,0.9295
58,Focal Loss γ=2.0,0.30,0.0670,1701.00,0.0000,1.0000
58,Focal Loss γ=2.0,0.40,0.0670,1701.00,0.0000,1.0000
58,Focal Loss γ=2.0,0.50,0.0670,1701.00,0.0000,1.0000
58,Focal + Temp Scaling,0.02,0.0079,39983.00,0.1523,0.1881
58,Focal + Temp Scaling,0.05,0.0227,11108.00,0.0388,0.5838
58,Focal + Temp Scaling,0.08,0.0291,6821.00,0.0213,0.7425
58,Focal + Temp Scaling,0.10,0.0184,3617.00,0.0085,0.8189
58,Focal + Temp Scaling,0.15,0.0271,2403.00,0.0032,0.9295
58,Focal + Temp Scaling,0.20,0.0040,1701.00,0.0000,1.0000
58,Focal + Temp Scaling,0.30,0.0040,1701.00,0.0000,1.0000
58,Focal + Temp Scaling,0.40,0.0040,1701.00,0.0000,1.0000
58,Focal + Temp Scaling,0.50,0.0040,1701.00,0.0000,1.0000
58,Focal + Matrix Scaling,0.02,0.0087,44142.00,0.1681,0.2116
58,Focal + Matrix Scaling,0.05,0.0099,8185.00,0.0271,0.6661
58,Focal + Matrix Scaling,0.08,0.0140,2403.00,0.0032,0.9295
58,Focal + Matrix Scaling,0.10,0.0140,2403.00,0.0032,0.9295
58,Focal + Matrix Scaling,0.15,0.0075,1701.00,0.0000,1.0000
58,Focal + Matrix Scaling,0.20,0.0075,1701.00,0.0000,1.0000
58,Focal + Matrix Scaling,0.30,0.0075,1701.00,0.0000,1.0000
58,Focal + Matrix Scaling,0.40,0.0075,1701.00,0.0000,1.0000
58,Focal + Matrix Scaling,0.50,0.0075,1701.00,0.0000,1.0000
59,Base (non calibrato),0.02,0.0173,104836.00,0.4033,0.0133
59,Base (non calibrato),0.05,0.0355,28593.00,0.1042,0.6742
59,Base (non calibrato),0.08,0.0265,10759.00,0.0344,0.8081
59,Base (non calibrato),0.10,0.0595,5811.00,0.0143,0.9295
59,Base (non calibrato),0.15,0.0162,2256.00,0.0000,1.0000
59,Base (non calibrato),0.20,0.0162,2256.00,0.0000,1.0000
59,Base (non calibrato),0.30,0.0162,2256.00,0.0000,1.0000
59,Base (non calibrato),0.40,0.0162,2256.00,0.0000,1.0000
59,Base (non calibrato),0.50,0.0162,2256.00,0.0000,1.0000
59,Temp Scaling,0.02,0.0058,20108.00,0.0712,0.7092
59,Temp Scaling,0.05,0.0307,5811.00,0.0143,0.9295
59,Temp Scaling,0.08,0.0400,3873.00,0.0065,0.9699
59,Temp Scaling,0.10,0.0400,3873.00,0.0065,0.9699
59,Temp Scaling,0.15,0.0043,2256.00,0.0000,1.0000
59,Temp Scaling,0.20,0.0043,2256.00,0.0000,1.0000
59,Temp Scaling,0.30,0.0043,2256.00,0.0000,1.0000
59,Temp Scaling,0.40,0.0043,2256.00,0.0000,1.0000
59,Temp Scaling,0.50,0.0043,2256.00,0.0000,1.0000
59,Matrix Scaling,0.02,0.0022,40167.00,0.1498,0.5434
59,Matrix Scaling,0.05,0.0278,13260.00,0.0441,0.7992
59,Matrix Scaling,0.08,0.0567,4580.00,0.0092,0.9699
59,Matrix Scaling,0.10,0.0567,4580.00,0.0092,0.9699
59,Matrix Scaling,0.15,0.0027,2256.00,0.0000,1.0000
59,Matrix Scaling,0.20,0.0027,2256.00,0.0000,1.0000
59,Matrix Scaling,0.30,0.0027,2256.00,0.0000,1.0000
59,Matrix Scaling,0.40,0.0027,2256.00,0.0000,1.0000
59,Matrix Scaling,0.50,0.0027,2256.00,0.0000,1.0000
59,Focal Loss γ=1.0,0.02,0.3107,259888.00,1.0000,0.0000
59,Focal Loss γ=1.0,0.05,0.3107,259888.00,1.0000,0.0000
59,Focal Loss γ=1.0,0.08,0.3107,259888.00,1.0000,0.0000
59,Focal Loss γ=1.0,0.10,0.3107,259888.00,1.0000,0.0000
59,Focal Loss γ=1.0,0.15,0.3107,259888.00,1.0000,0.0000
59,Focal Loss γ=1.0,0.20,0.3107,259888.00,1.0000,0.0000
59,Focal Loss γ=1.0,0.30,0.3107,259888.00,1.0000,0.0000
59,Focal Loss γ=1.0,0.40,0.3107,2256.00,0.0000,1.0000
59,Focal Loss γ=1.0,0.50,0.3107,2256.00,0.0000,1.0000
59,Focal Loss γ=2.0,0.02,0.0673,259888.00,1.0000,0.0000
59,Focal Loss γ=2.0,0.05,0.0673,259888.00,1.0000,0.0000
59,Focal Loss γ=2.0,0.08,0.0488,65195.00,0.2493,0.1817
59,Focal Loss γ=2.0,0.10,0.1047,45638.00,0.1727,0.3373
59,Focal Loss γ=2.0,0.15,0.1107,13042.00,0.0438,0.7358
59,Focal Loss γ=2.0,0.20,0.1367,3873.00,0.0065,0.9699
59,Focal Loss γ=2.0,0.30,0.0673,2256.00,0.0000,1.0000
59,Focal Loss γ=2.0,0.40,0.0673,2256.00,0.0000,1.0000
59,Focal Loss γ=2.0,0.50,0.0673,2256.00,0.0000,1.0000
59,Focal + Temp Scaling,0.02,0.0004,38671.00,0.1455,0.3746
59,Focal + Temp Scaling,0.05,0.0311,19801.00,0.0699,0.7252
59,Focal + Temp Scaling,0.08,0.0463,10921.00,0.0347,0.8457
59,Focal + Temp Scaling,0.10,0.0749,5811.00,0.0143,0.9295
59,Focal + Temp Scaling,0.15,0.0753,3873.00,0.0065,0.9699
59,Focal + Temp Scaling,0.20,0.0040,2256.00,0.0000,1.0000
59,Focal + Temp Scaling,0.30,0.0040,2256.00,0.0000,1.0000
59,Focal + Temp Scaling,0.40,0.0040,2256.00,0.0000,1.0000
59,Focal + Temp Scaling,0.50,0.0040,2256.00,0.0000,1.0000
59,Focal + Matrix Scaling,0.02,0.0081,56800.00,0.2164,0.2429
59,Focal + Matrix Scaling,0.05,0.0304,16719.00,0.0577,0.7646
59,Focal + Matrix Scaling,0.08,0.0474,8600.00,0.0252,0.9069
59,Focal + Matrix Scaling,0.10,0.0717,4580.00,0.0092,0.9699
59,Focal + Matrix Scaling,0.15,0.0082,2256.00,0.0000,1.0000
59,Focal + Matrix Scaling,0.20,0.0082,2256.00,0.0000,1.0000
59,Focal + Matrix Scaling,0.30,0.0082,2256.00,0.0000,1.0000
59,Focal + Matrix Scaling,0.40,0.0082,2256.00,0.0000,1.0000
59,Focal + Matrix Scaling,0.50,0.0082,2256.00,0.0000,1.0000
6,Base (non calibrato),0.02,0.0287,82894.00,0.3165,0.0000
6,Base (non calibrato),0.05,0.0493,30110.00,0.1145,0.6224
6,Base (non calibrato),0.08,0.0615,1575.00,0.0053,1.0000
6,Base (non calibrato),0.10,0.0615,1575.00,0.0053,1.0000
6,Base (non calibrato),0.15,0.0229,196.00,0.0000,1.0000
6,Base (non calibrato),0.20,0.0229,196.00,0.0000,1.0000
6,Base (non calibrato),0.30,0.0229,196.00,0.0000,1.0000
6,Base (non calibrato),0.40,0.0229,196.00,0.0000,1.0000
6,Base (non calibrato),0.50,0.0229,196.00,0.0000,1.0000
6,Temp Scaling,0.02,0.0146,1575.00,0.0053,1.0000
6,Temp Scaling,0.05,0.0005,196.00,0.0000,1.0000
6,Temp Scaling,0.08,0.0005,196.00,0.0000,1.0000
6,Temp Scaling,0.10,0.0005,196.00,0.0000,1.0000
6,Temp Scaling,0.15,0.0005,196.00,0.0000,1.0000
6,Temp Scaling,0.20,0.0005,196.00,0.0000,1.0000
6,Temp Scaling,0.30,0.0005,196.00,0.0000,1.0000
6,Temp Scaling,0.40,0.0005,196.00,0.0000,1.0000
6,Temp Scaling,0.50,0.0005,196.00,0.0000,1.0000
6,Matrix Scaling,0.02,0.0257,43762.00,0.1668,0.4184
6,Matrix Scaling,0.05,0.0413,1575.00,0.0053,1.0000
6,Matrix Scaling,0.08,0.0089,196.00,0.0000,1.0000
6,Matrix Scaling,0.10,0.0089,196.00,0.0000,1.0000
6,Matrix Scaling,0.15,0.0089,196.00,0.0000,1.0000
6,Matrix Scaling,0.20,0.0089,196.00,0.0000,1.0000
6,Matrix Scaling,0.30,0.0089,196.00,0.0000,1.0000
6,Matrix Scaling,0.40,0.0089,196.00,0.0000,1.0000
6,Matrix Scaling,0.50,0.0089,196.00,0.0000,1.0000
6,Focal Loss γ=1.0,0.02,0.3156,261948.00,1.0000,0.0000
6,Focal Loss γ=1.0,0.05,0.3156,261948.00,1.0000,0.0000
6,Focal Loss γ=1.0,0.08,0.3156,261948.00,1.0000,0.0000
6,Focal Loss γ=1.0,0.10,0.3156,261948.00,1.0000,0.0000
6,Focal Loss γ=1.0,0.15,0.3156,261948.00,1.0000,0.0000
6,Focal Loss γ=1.0,0.20,0.3156,261948.00,1.0000,0.0000
6,Focal Loss γ=1.0,0.30,0.3156,261948.00,1.0000,0.0000
6,Focal Loss γ=1.0,0.40,0.3156,196.00,0.0000,1.0000
6,Focal Loss γ=1.0,0.50,0.3156,196.00,0.0000,1.0000
6,Focal Loss γ=2.0,0.02,0.0621,261948.00,1.0000,0.0000
6,Focal Loss γ=2.0,0.05,0.0489,250929.00,0.9579,0.0306
6,Focal Loss γ=2.0,0.08,0.0896,34983.00,0.1331,0.5510
6,Focal Loss γ=2.0,0.10,0.1055,10972.00,0.0411,1.0000
6,Focal Loss γ=2.0,0.15,0.0621,196.00,0.0000,1.0000
6,Focal Loss γ=2.0,0.20,0.0621,196.00,0.0000,1.0000
6,Focal Loss γ=2.0,0.30,0.0621,196.00,0.0000,1.0000
6,Focal Loss γ=2.0,0.40,0.0621,196.00,0.0000,1.0000
6,Focal Loss γ=2.0,0.50,0.0621,196.00,0.0000,1.0000
6,Focal + Temp Scaling,0.02,0.0198,11137.00,0.0418,0.9082
6,Focal + Temp Scaling,0.05,0.0039,196.00,0.0000,1.0000
6,Focal + Temp Scaling,0.08,0.0039,196.00,0.0000,1.0000
6,Focal + Temp Scaling,0.10,0.0039,196.00,0.0000,1.0000
6,Focal + Temp Scaling,0.15,0.0039,196.00,0.0000,1.0000
6,Focal + Temp Scaling,0.20,0.0039,196.00,0.0000,1.0000
6,Focal + Temp Scaling,0.30,0.0039,196.00,0.0000,1.0000
6,Focal + Temp Scaling,0.40,0.0039,196.00,0.0000,1.0000
6,Focal + Temp Scaling,0.50,0.0039,196.00,0.0000,1.0000
6,Focal + Matrix Scaling,0.02,0.0266,29171.00,0.1110,0.4184
6,Focal + Matrix Scaling,0.05,0.0333,3155.00,0.0114,0.8673
6,Focal + Matrix Scaling,0.08,0.0108,196.00,0.0000,1.0000
6,Focal + Matrix Scaling,0.10,0.0108,196.00,0.0000,1.0000
6,Focal + Matrix Scaling,0.15,0.0108,196.00,0.0000,1.0000
6,Focal + Matrix Scaling,0.20,0.0108,196.00,0.0000,1.0000
6,Focal + Matrix Scaling,0.30,0.0108,196.00,0.0000,1.0000
6,Focal + Matrix Scaling,0.40,0.0108,196.00,0.0000,1.0000
6,Focal + Matrix Scaling,0.50,0.0108,196.00,0.0000,1.0000
60,Base (non calibrato),0.02,0.0195,107423.00,0.4116,0.0000
60,Base (non calibrato),0.05,0.0140,27706.00,0.1043,0.4144
60,Base (non calibrato),0.08,0.0830,9230.00,0.0319,0.7734
60,Base (non calibrato),0.10,0.0771,2675.00,0.0066,0.8313
60,Base (non calibrato),0.15,0.0771,2675.00,0.0066,0.8313
60,Base (non calibrato),0.20,0.0771,2675.00,0.0066,0.8313
60,Base (non calibrato),0.30,0.0202,1156.00,0.0000,1.0000
60,Base (non calibrato),0.40,0.0202,1156.00,0.0000,1.0000
60,Base (non calibrato),0.50,0.0202,1156.00,0.0000,1.0000
60,Temp Scaling,0.02,0.0251,15777.00,0.0575,0.6739
60,Temp Scaling,0.05,0.0565,4782.00,0.0146,0.8313
60,Temp Scaling,0.08,0.0580,2675.00,0.0066,0.8313
60,Temp Scaling,0.10,0.0580,2675.00,0.0066,0.8313
60,Temp Scaling,0.15,0.0580,2675.00,0.0066,0.8313
60,Temp Scaling,0.20,0.0580,2675.00,0.0066,0.8313
60,Temp Scaling,0.30,0.0003,1156.00,0.0000,1.0000
60,Temp Scaling,0.40,0.0003,1156.00,0.0000,1.0000
60,Temp Scaling,0.50,0.0003,1156.00,0.0000,1.0000
60,Matrix Scaling,0.02,0.0195,46353.00,0.1762,0.3097
60,Matrix Scaling,0.05,0.0469,11752.00,0.0416,0.7734
60,Matrix Scaling,0.08,0.0367,2675.00,0.0066,0.8313
60,Matrix Scaling,0.10,0.0367,2675.00,0.0066,0.8313
60,Matrix Scaling,0.15,0.0367,2675.00,0.0066,0.8313
60,Matrix Scaling,0.20,0.0073,1156.00,0.0000,1.0000
60,Matrix Scaling,0.30,0.0073,1156.00,0.0000,1.0000
60,Matrix Scaling,0.40,0.0073,1156.00,0.0000,1.0000
60,Matrix Scaling,0.50,0.0073,1156.00,0.0000,1.0000
60,Focal Loss γ=1.0,0.02,0.3137,260988.00,1.0000,0.0000
60,Focal Loss γ=1.0,0.05,0.3137,260988.00,1.0000,0.0000
60,Focal Loss γ=1.0,0.08,0.3137,260988.00,1.0000,0.0000
60,Focal Loss γ=1.0,0.10,0.3137,260988.00,1.0000,0.0000
60,Focal Loss γ=1.0,0.15,0.3137,260988.00,1.0000,0.0000
60,Focal Loss γ=1.0,0.20,0.3137,260988.00,1.0000,0.0000
60,Focal Loss γ=1.0,0.30,0.3137,260988.00,1.0000,0.0000
60,Focal Loss γ=1.0,0.40,0.3137,1156.00,0.0000,1.0000
60,Focal Loss γ=1.0,0.50,0.3137,1156.00,0.0000,1.0000
60,Focal Loss γ=2.0,0.02,0.0734,260988.00,1.0000,0.0000
60,Focal Loss γ=2.0,0.05,0.0734,260988.00,1.0000,0.0000
60,Focal Loss γ=2.0,0.08,0.0496,67673.00,0.2580,0.2820
60,Focal Loss γ=2.0,0.10,0.0702,44724.00,0.1700,0.3054
60,Focal Loss γ=2.0,0.15,0.1461,16272.00,0.0589,0.7690
60,Focal Loss γ=2.0,0.20,0.1590,4055.00,0.0121,0.7734
60,Focal Loss γ=2.0,0.30,0.1577,2675.00,0.0066,0.8313
60,Focal Loss γ=2.0,0.40,0.0734,1156.00,0.0000,1.0000
60,Focal Loss γ=2.0,0.50,0.0734,1156.00,0.0000,1.0000
60,Focal + Temp Scaling,0.02,0.0039,37466.00,0.1422,0.3149
60,Focal + Temp Scaling,0.05,0.0742,16230.00,0.0589,0.7439
60,Focal + Temp Scaling,0.08,0.1037,6162.00,0.0202,0.7734
60,Focal + Temp Scaling,0.10,0.1037,6162.00,0.0202,0.7734
60,Focal + Temp Scaling,0.15,0.1157,2675.00,0.0066,0.8313
60,Focal + Temp Scaling,0.20,0.1157,2675.00,0.0066,0.8313
60,Focal + Temp Scaling,0.30,0.1157,2675.00,0.0066,0.8313
60,Focal + Temp Scaling,0.40,0.0085,1156.00,0.0000,1.0000
60,Focal + Temp Scaling,0.50,0.0085,1156.00,0.0000,1.0000
60,Focal + Matrix Scaling,0.02,0.0060,65234.00,0.2488,0.2604
60,Focal + Matrix Scaling,0.05,0.0507,19609.00,0.0721,0.6877
60,Focal + Matrix Scaling,0.08,0.0538,6162.00,0.0202,0.7734
60,Focal + Matrix Scaling,0.10,0.0435,2675.00,0.0066,0.8313
60,Focal + Matrix Scaling,0.15,0.0435,2675.00,0.0066,0.8313
60,Focal + Matrix Scaling,0.20,0.0143,1156.00,0.0000,1.0000
60,Focal + Matrix Scaling,0.30,0.0143,1156.00,0.0000,1.0000
60,Focal + Matrix Scaling,0.40,0.0143,1156.00,0.0000,1.0000
60,Focal + Matrix Scaling,0.50,0.0143,1156.00,0.0000,1.0000
61,Base (non calibrato),0.02,0.0188,108115.00,0.4144,0.0000
61,Base (non calibrato),0.05,0.0427,20196.00,0.0747,0.5483
61,Base (non calibrato),0.08,0.0464,9000.00,0.0309,0.7337
61,Base (non calibrato),0.10,0.0406,3873.00,0.0106,0.8743
61,Base (non calibrato),0.15,0.0182,1273.00,0.0000,1.0000
61,Base (non calibrato),0.20,0.0182,1273.00,0.0000,1.0000
61,Base (non calibrato),0.30,0.0182,1273.00,0.0000,1.0000
61,Base (non calibrato),0.40,0.0182,1273.00,0.0000,1.0000
61,Base (non calibrato),0.50,0.0182,1273.00,0.0000,1.0000
61,Temp Scaling,0.02,0.0057,13310.00,0.0482,0.5884
61,Temp Scaling,0.05,0.0101,7045.00,0.0233,0.7651
61,Temp Scaling,0.08,0.0017,1273.00,0.0000,1.0000
61,Temp Scaling,0.10,0.0017,1273.00,0.0000,1.0000
61,Temp Scaling,0.15,0.0017,1273.00,0.0000,1.0000
61,Temp Scaling,0.20,0.0017,1273.00,0.0000,1.0000
61,Temp Scaling,0.30,0.0017,1273.00,0.0000,1.0000
61,Temp Scaling,0.40,0.0017,1273.00,0.0000,1.0000
61,Temp Scaling,0.50,0.0017,1273.00,0.0000,1.0000
61,Matrix Scaling,0.02,0.0041,34232.00,0.1307,0.0990
61,Matrix Scaling,0.05,0.0223,7513.00,0.0251,0.7510
61,Matrix Scaling,0.08,0.0217,3873.00,0.0106,0.8743
61,Matrix Scaling,0.10,0.0269,2219.00,0.0039,0.9458
61,Matrix Scaling,0.15,0.0052,1273.00,0.0000,1.0000
61,Matrix Scaling,0.20,0.0052,1273.00,0.0000,1.0000
61,Matrix Scaling,0.30,0.0052,1273.00,0.0000,1.0000
61,Matrix Scaling,0.40,0.0052,1273.00,0.0000,1.0000
61,Matrix Scaling,0.50,0.0052,1273.00,0.0000,1.0000
61,Focal Loss γ=1.0,0.02,0.3136,260871.00,1.0000,0.0000
61,Focal Loss γ=1.0,0.05,0.3136,260871.00,1.0000,0.0000
61,Focal Loss γ=1.0,0.08,0.3136,260871.00,1.0000,0.0000
61,Focal Loss γ=1.0,0.10,0.3136,260871.00,1.0000,0.0000
61,Focal Loss γ=1.0,0.15,0.3136,260871.00,1.0000,0.0000
61,Focal Loss γ=1.0,0.20,0.3136,260871.00,1.0000,0.0000
61,Focal Loss γ=1.0,0.30,0.3136,260871.00,1.0000,0.0000
61,Focal Loss γ=1.0,0.40,0.3136,1273.00,0.0000,1.0000
61,Focal Loss γ=1.0,0.50,0.3136,1273.00,0.0000,1.0000
61,Focal Loss γ=2.0,0.02,0.0659,260871.00,1.0000,0.0000
61,Focal Loss γ=2.0,0.05,0.0542,258235.00,0.9899,0.0000
61,Focal Loss γ=2.0,0.08,0.0653,58215.00,0.2213,0.3802
61,Focal Loss γ=2.0,0.10,0.0922,31676.00,0.1192,0.4478
61,Focal Loss γ=2.0,0.15,0.1103,9000.00,0.0309,0.7337
61,Focal Loss γ=2.0,0.20,0.1137,2219.00,0.0039,0.9458
61,Focal Loss γ=2.0,0.30,0.0659,1273.00,0.0000,1.0000
61,Focal Loss γ=2.0,0.40,0.0659,1273.00,0.0000,1.0000
61,Focal Loss γ=2.0,0.50,0.0659,1273.00,0.0000,1.0000
61,Focal + Temp Scaling,0.02,0.0170,21413.00,0.0798,0.4580
61,Focal + Temp Scaling,0.05,0.0298,13310.00,0.0482,0.5884
61,Focal + Temp Scaling,0.08,0.0472,5816.00,0.0183,0.8115
61,Focal + Temp Scaling,0.10,0.0402,3873.00,0.0106,0.8743
61,Focal + Temp Scaling,0.15,0.0466,2219.00,0.0039,0.9458
61,Focal + Temp Scaling,0.20,0.0043,1273.00,0.0000,1.0000
61,Focal + Temp Scaling,0.30,0.0043,1273.00,0.0000,1.0000
61,Focal + Temp Scaling,0.40,0.0043,1273.00,0.0000,1.0000
61,Focal + Temp Scaling,0.50,0.0043,1273.00,0.0000,1.0000
61,Focal + Matrix Scaling,0.02,0.0151,48267.00,0.1848,0.0550
61,Focal + Matrix Scaling,0.05,0.0302,9000.00,0.0309,0.7337
61,Focal + Matrix Scaling,0.08,0.0317,3873.00,0.0106,0.8743
61,Focal + Matrix Scaling,0.10,0.0428,2219.00,0.0039,0.9458
61,Focal + Matrix Scaling,0.15,0.0099,1273.00,0.0000,1.0000
61,Focal + Matrix Scaling,0.20,0.0099,1273.00,0.0000,1.0000
61,Focal + Matrix Scaling,0.30,0.0099,1273.00,0.0000,1.0000
61,Focal + Matrix Scaling,0.40,0.0099,1273.00,0.0000,1.0000
61,Focal + Matrix Scaling,0.50,0.0099,1273.00,0.0000,1.0000
62,Base (non calibrato),0.02,0.0205,97881.00,0.3740,0.0000
62,Base (non calibrato),0.05,0.0464,10916.00,0.0406,0.6651
62,Base (non calibrato),0.08,0.0402,2020.00,0.0065,0.7454
62,Base (non calibrato),0.10,0.0402,2020.00,0.0065,0.7454
62,Base (non calibrato),0.15,0.0196,436.00,0.0000,1.0000
62,Base (non calibrato),0.20,0.0196,436.00,0.0000,1.0000
62,Base (non calibrato),0.30,0.0196,436.00,0.0000,1.0000
62,Base (non calibrato),0.40,0.0196,436.00,0.0000,1.0000
62,Base (non calibrato),0.50,0.0196,436.00,0.0000,1.0000
62,Temp Scaling,0.02,0.0081,2020.00,0.0065,0.7454
62,Temp Scaling,0.05,0.0081,2020.00,0.0065,0.7454
62,Temp Scaling,0.08,0.0003,436.00,0.0000,1.0000
62,Temp Scaling,0.10,0.0003,436.00,0.0000,1.0000
62,Temp Scaling,0.15,0.0003,436.00,0.0000,1.0000
62,Temp Scaling,0.20,0.0003,436.00,0.0000,1.0000
62,Temp Scaling,0.30,0.0003,436.00,0.0000,1.0000
62,Temp Scaling,0.40,0.0003,436.00,0.0000,1.0000
62,Temp Scaling,0.50,0.0003,436.00,0.0000,1.0000
62,Matrix Scaling,0.02,0.0012,25801.00,0.0981,0.3211
62,Matrix Scaling,0.05,0.0267,5722.00,0.0207,0.7248
62,Matrix Scaling,0.08,0.0074,436.00,0.0000,1.0000
62,Matrix Scaling,0.10,0.0074,436.00,0.0000,1.0000
62,Matrix Scaling,0.15,0.0074,436.00,0.0000,1.0000
62,Matrix Scaling,0.20,0.0074,436.00,0.0000,1.0000
62,Matrix Scaling,0.30,0.0074,436.00,0.0000,1.0000
62,Matrix Scaling,0.40,0.0074,436.00,0.0000,1.0000
62,Matrix Scaling,0.50,0.0074,436.00,0.0000,1.0000
62,Focal Loss γ=1.0,0.02,0.3150,261708.00,1.0000,0.0000
62,Focal Loss γ=1.0,0.05,0.3150,261708.00,1.0000,0.0000
62,Focal Loss γ=1.0,0.08,0.3150,261708.00,1.0000,0.0000
62,Focal Loss γ=1.0,0.10,0.3150,261708.00,1.0000,0.0000
62,Focal Loss γ=1.0,0.15,0.3150,261708.00,1.0000,0.0000
62,Focal Loss γ=1.0,0.20,0.3150,261708.00,1.0000,0.0000
62,Focal Loss γ=1.0,0.30,0.3150,261708.00,1.0000,0.0000
62,Focal Loss γ=1.0,0.40,0.3150,436.00,0.0000,1.0000
62,Focal Loss γ=1.0,0.50,0.3150,436.00,0.0000,1.0000
62,Focal Loss γ=2.0,0.02,0.0635,261708.00,1.0000,0.0000
62,Focal Loss γ=2.0,0.05,0.0524,257408.00,0.9836,0.0000
62,Focal Loss γ=2.0,0.08,0.0828,38217.00,0.1456,0.2408
62,Focal Loss γ=2.0,0.10,0.0996,15057.00,0.0565,0.6216
62,Focal Loss γ=2.0,0.15,0.0974,2020.00,0.0065,0.7454
62,Focal Loss γ=2.0,0.20,0.0635,436.00,0.0000,1.0000
62,Focal Loss γ=2.0,0.30,0.0635,436.00,0.0000,1.0000
62,Focal Loss γ=2.0,0.40,0.0635,436.00,0.0000,1.0000
62,Focal Loss γ=2.0,0.50,0.0635,436.00,0.0000,1.0000
62,Focal + Temp Scaling,0.02,0.0042,13412.00,0.0505,0.4404
62,Focal + Temp Scaling,0.05,0.0268,3878.00,0.0136,0.7248
62,Focal + Temp Scaling,0.08,0.0278,2020.00,0.0065,0.7454
62,Focal + Temp Scaling,0.10,0.0278,2020.00,0.0065,0.7454
62,Focal + Temp Scaling,0.15,0.0042,436.00,0.0000,1.0000
62,Focal + Temp Scaling,0.20,0.0042,436.00,0.0000,1.0000
62,Focal + Temp Scaling,0.30,0.0042,436.00,0.0000,1.0000
62,Focal + Temp Scaling,0.40,0.0042,436.00,0.0000,1.0000
62,Focal + Temp Scaling,0.50,0.0042,436.00,0.0000,1.0000
62,Focal + Matrix Scaling,0.02,0.0137,31772.00,0.1210,0.2202
62,Focal + Matrix Scaling,0.05,0.0328,5722.00,0.0207,0.7248
62,Focal + Matrix Scaling,0.08,0.0487,2294.00,0.0071,0.9794
62,Focal + Matrix Scaling,0.10,0.0113,436.00,0.0000,1.0000
62,Focal + Matrix Scaling,0.15,0.0113,436.00,0.0000,1.0000
62,Focal + Matrix Scaling,0.20,0.0113,436.00,0.0000,1.0000
62,Focal + Matrix Scaling,0.30,0.0113,436.00,0.0000,1.0000
62,Focal + Matrix Scaling,0.40,0.0113,436.00,0.0000,1.0000
62,Focal + Matrix Scaling,0.50,0.0113,436.00,0.0000,1.0000
63,Base (non calibrato),0.02,0.0227,60851.00,0.2433,0.0030
63,Base (non calibrato),0.05,0.0178,34355.00,0.1351,0.0476
63,Base (non calibrato),0.08,0.0478,24027.00,0.0895,0.1352
63,Base (non calibrato),0.10,0.1800,17950.00,0.0594,0.2542
63,Base (non calibrato),0.15,0.1800,12661.00,0.0304,0.4148
63,Base (non calibrato),0.20,0.1846,12270.00,0.0272,0.4481
63,Base (non calibrato),0.30,0.1978,10464.00,0.0064,0.7250
63,Base (non calibrato),0.40,0.2234,10319.00,0.0022,0.7987
63,Base (non calibrato),0.50,0.1622,10800.00,0.0017,0.8484
63,Temp Scaling,0.02,0.0421,34355.00,0.1351,0.0476
63,Temp Scaling,0.05,0.0627,21734.00,0.0779,0.1858
63,Temp Scaling,0.08,0.1810,17950.00,0.0594,0.2542
63,Temp Scaling,0.10,0.1736,17148.00,0.0543,0.2920
63,Temp Scaling,0.15,0.1842,12661.00,0.0304,0.4148
63,Temp Scaling,0.20,0.1823,12270.00,0.0272,0.4481
63,Temp Scaling,0.30,0.1697,10464.00,0.0064,0.7250
63,Temp Scaling,0.40,0.1937,10319.00,0.0022,0.7987
63,Temp Scaling,0.50,0.1259,10800.00,0.0017,0.8484
63,Matrix Scaling,0.02,0.0381,35920.00,0.1414,0.0473
63,Matrix Scaling,0.05,0.2476,19526.00,0.0672,0.2241
63,Matrix Scaling,0.08,0.2551,16218.00,0.0494,0.3162
63,Matrix Scaling,0.10,0.2508,12661.00,0.0304,0.4148
63,Matrix Scaling,0.15,0.2616,12404.00,0.0237,0.5290
63,Matrix Scaling,0.20,0.2844,10464.00,0.0064,0.7250
63,Matrix Scaling,0.30,0.2174,10945.00,0.0059,0.7747
63,Matrix Scaling,0.40,0.2524,10800.00,0.0017,0.8484
63,Matrix Scaling,0.50,0.2032,11580.00,0.0003,0.9411
63,Focal Loss γ=1.0,0.02,0.2732,249906.00,1.0000,0.0000
63,Focal Loss γ=1.0,0.05,0.2732,249906.00,1.0000,0.0000
63,Focal Loss γ=1.0,0.08,0.2732,249906.00,1.0000,0.0000
63,Focal Loss γ=1.0,0.10,0.2732,249906.00,1.0000,0.0000
63,Focal Loss γ=1.0,0.15,0.2732,249906.00,1.0000,0.0000
63,Focal Loss γ=1.0,0.20,0.2732,249906.00,1.0000,0.0000
63,Focal Loss γ=1.0,0.30,0.2732,249906.00,1.0000,0.0000
63,Focal Loss γ=1.0,0.40,0.2732,12238.00,0.0000,1.0000
63,Focal Loss γ=1.0,0.50,0.2732,12238.00,0.0000,1.0000
63,Focal Loss γ=2.0,0.02,0.0472,249906.00,1.0000,0.0000
63,Focal Loss γ=2.0,0.05,0.0472,249906.00,1.0000,0.0000
63,Focal Loss γ=2.0,0.08,0.0548,59844.00,0.2393,0.0028
63,Focal Loss γ=2.0,0.10,0.0522,46461.00,0.1853,0.0123
63,Focal Loss γ=2.0,0.15,0.0432,24970.00,0.0918,0.1664
63,Focal Loss γ=2.0,0.20,0.1488,19526.00,0.0672,0.2241
63,Focal Loss γ=2.0,0.30,0.1719,11318.00,0.0188,0.5418
63,Focal Loss γ=2.0,0.40,0.1971,10185.00,0.0056,0.7178
63,Focal Loss γ=2.0,0.50,0.1640,10800.00,0.0017,0.8484
63,Focal + Temp Scaling,0.02,0.0155,45304.00,0.1805,0.0169
63,Focal + Temp Scaling,0.05,0.0416,29937.00,0.1151,0.0954
63,Focal + Temp Scaling,0.08,0.1272,20972.00,0.0740,0.2032
63,Focal + Temp Scaling,0.10,0.1284,19526.00,0.0672,0.2241
63,Focal + Temp Scaling,0.15,0.1253,16218.00,0.0494,0.3162
63,Focal + Temp Scaling,0.20,0.1317,12270.00,0.0272,0.4481
63,Focal + Temp Scaling,0.30,0.1335,10330.00,0.0098,0.6441
63,Focal + Temp Scaling,0.40,0.1484,10319.00,0.0022,0.7987
63,Focal + Temp Scaling,0.50,0.1484,10319.00,0.0022,0.7987
63,Focal + Matrix Scaling,0.02,0.0265,40367.00,0.1600,0.0306
63,Focal + Matrix Scaling,0.05,0.2640,19359.00,0.0635,0.2857
63,Focal + Matrix Scaling,0.08,0.2886,14774.00,0.0402,0.3858
63,Focal + Matrix Scaling,0.10,0.3540,11598.00,0.0222,0.4940
63,Focal + Matrix Scaling,0.15,0.3504,11318.00,0.0188,0.5418
63,Focal + Matrix Scaling,0.20,0.3703,10464.00,0.0064,0.7250
63,Focal + Matrix Scaling,0.30,0.2661,11580.00,0.0003,0.9411
63,Focal + Matrix Scaling,0.40,0.2661,11580.00,0.0003,0.9411
63,Focal + Matrix Scaling,0.50,0.0236,12238.00,0.0000,1.0000
64,Base (non calibrato),0.02,0.0070,81047.00,0.3338,0.0000
64,Base (non calibrato),0.05,0.0134,67541.00,0.2778,0.0050
64,Base (non calibrato),0.08,0.0164,45687.00,0.1820,0.0771
64,Base (non calibrato),0.10,0.0134,43336.00,0.1722,0.0791
64,Base (non calibrato),0.15,0.0242,34447.00,0.1295,0.1556
64,Base (non calibrato),0.20,0.0542,28602.00,0.0984,0.2435
64,Base (non calibrato),0.30,0.0499,20510.00,0.0433,0.5168
64,Base (non calibrato),0.40,0.0688,17205.00,0.0211,0.6245
64,Base (non calibrato),0.50,0.1067,16597.00,0.0050,0.7956
64,Temp Scaling,0.02,0.0115,60255.00,0.2471,0.0132
64,Temp Scaling,0.05,0.0152,45687.00,0.1820,0.0771
64,Temp Scaling,0.08,0.0387,38840.00,0.1513,0.1091
64,Temp Scaling,0.10,0.0275,35184.00,0.1334,0.1449
64,Temp Scaling,0.15,0.0524,28602.00,0.0984,0.2435
64,Temp Scaling,0.20,0.0522,25256.00,0.0793,0.3106
64,Temp Scaling,0.30,0.0328,20510.00,0.0433,0.5168
64,Temp Scaling,0.40,0.0567,17205.00,0.0211,0.6245
64,Temp Scaling,0.50,0.0908,16902.00,0.0088,0.7639
64,Matrix Scaling,0.02,0.0176,61446.00,0.2521,0.0114
64,Matrix Scaling,0.05,0.0355,43336.00,0.1722,0.0791
64,Matrix Scaling,0.08,0.0914,34447.00,0.1295,0.1556
64,Matrix Scaling,0.10,0.1022,32493.00,0.1201,0.1726
64,Matrix Scaling,0.15,0.1036,24782.00,0.0759,0.3291
64,Matrix Scaling,0.20,0.1034,22507.00,0.0565,0.4540
64,Matrix Scaling,0.30,0.1112,17205.00,0.0211,0.6245
64,Matrix Scaling,0.40,0.1683,16597.00,0.0050,0.7956
64,Matrix Scaling,0.50,0.2050,16683.00,0.0015,0.8441
64,Focal Loss γ=1.0,0.02,0.2495,242814.00,1.0000,0.0000
64,Focal Loss γ=1.0,0.05,0.2495,242814.00,1.0000,0.0000
64,Focal Loss γ=1.0,0.08,0.2495,242814.00,1.0000,0.0000
64,Focal Loss γ=1.0,0.10,0.2495,242814.00,1.0000,0.0000
64,Focal Loss γ=1.0,0.15,0.2495,242814.00,1.0000,0.0000
64,Focal Loss γ=1.0,0.20,0.2495,242814.00,1.0000,0.0000
64,Focal Loss γ=1.0,0.30,0.2495,242814.00,1.0000,0.0000
64,Focal Loss γ=1.0,0.40,0.2495,19330.00,0.0000,1.0000
64,Focal Loss γ=1.0,0.50,0.2495,19330.00,0.0000,1.0000
64,Focal Loss γ=2.0,0.02,0.0703,242814.00,1.0000,0.0000
64,Focal Loss γ=2.0,0.05,0.0703,242814.00,1.0000,0.0000
64,Focal Loss γ=2.0,0.08,0.0733,82379.00,0.3393,0.0000
64,Focal Loss γ=2.0,0.10,0.0726,78669.00,0.3239,0.0013
64,Focal Loss γ=2.0,0.15,0.1016,57385.00,0.2345,0.0226
64,Focal Loss γ=2.0,0.20,0.0749,44689.00,0.1788,0.0662
64,Focal Loss γ=2.0,0.30,0.0999,26841.00,0.0897,0.2613
64,Focal Loss γ=2.0,0.40,0.1163,20516.00,0.0465,0.4775
64,Focal Loss γ=2.0,0.50,0.1023,17666.00,0.0173,0.6970
64,Focal + Temp Scaling,0.02,0.0118,78669.00,0.3239,0.0013
64,Focal + Temp Scaling,0.05,0.0220,61839.00,0.2538,0.0108
64,Focal + Temp Scaling,0.08,0.0220,52358.00,0.2132,0.0304
64,Focal + Temp Scaling,0.10,0.0140,45850.00,0.1842,0.0584
64,Focal + Temp Scaling,0.15,0.0160,37320.00,0.1452,0.1073
64,Focal + Temp Scaling,0.20,0.0679,29697.00,0.1043,0.2263
64,Focal + Temp Scaling,0.30,0.0791,23947.00,0.0726,0.3274
64,Focal + Temp Scaling,0.40,0.0600,18281.00,0.0279,0.5957
64,Focal + Temp Scaling,0.50,0.1125,17666.00,0.0173,0.6970
64,Focal + Matrix Scaling,0.02,0.0160,64971.00,0.2664,0.0148
64,Focal + Matrix Scaling,0.05,0.0608,40275.00,0.1589,0.0880
64,Focal + Matrix Scaling,0.08,0.1700,30492.00,0.1086,0.2139
64,Focal + Matrix Scaling,0.10,0.1746,26841.00,0.0897,0.2613
64,Focal + Matrix Scaling,0.15,0.2135,22706.00,0.0638,0.3729
64,Focal + Matrix Scaling,0.20,0.2181,17205.00,0.0211,0.6245
64,Focal + Matrix Scaling,0.30,0.2961,16597.00,0.0050,0.7956
64,Focal + Matrix Scaling,0.40,0.2044,18237.00,0.0011,0.9294
64,Focal + Matrix Scaling,0.50,0.0298,19330.00,0.0000,1.0000
7,Base (non calibrato),0.02,0.0198,220996.00,0.8433,0.0000
7,Base (non calibrato),0.05,0.0403,15600.00,0.0592,1.0000
7,Base (non calibrato),0.08,0.0678,6557.00,0.0247,1.0000
7,Base (non calibrato),0.10,0.0649,2416.00,0.0089,1.0000
7,Base (non calibrato),0.15,0.0269,82.00,0.0000,1.0000
7,Base (non calibrato),0.20,0.0269,82.00,0.0000,1.0000
7,Base (non calibrato),0.30,0.0269,82.00,0.0000,1.0000
7,Base (non calibrato),0.40,0.0269,82.00,0.0000,1.0000
7,Base (non calibrato),0.50,0.0269,82.00,0.0000,1.0000
7,Temp Scaling,0.02,0.0009,82.00,0.0000,1.0000
7,Temp Scaling,0.05,0.0009,82.00,0.0000,1.0000
7,Temp Scaling,0.08,0.0009,82.00,0.0000,1.0000
7,Temp Scaling,0.10,0.0009,82.00,0.0000,1.0000
7,Temp Scaling,0.15,0.0009,82.00,0.0000,1.0000
7,Temp Scaling,0.20,0.0009,82.00,0.0000,1.0000
7,Temp Scaling,0.30,0.0009,82.00,0.0000,1.0000
7,Temp Scaling,0.40,0.0009,82.00,0.0000,1.0000
7,Temp Scaling,0.50,0.0009,82.00,0.0000,1.0000
7,Matrix Scaling,0.02,0.0177,50248.00,0.1916,0.4268
7,Matrix Scaling,0.05,0.0337,4115.00,0.0154,1.0000
7,Matrix Scaling,0.08,0.0123,82.00,0.0000,1.0000
7,Matrix Scaling,0.10,0.0123,82.00,0.0000,1.0000
7,Matrix Scaling,0.15,0.0123,82.00,0.0000,1.0000
7,Matrix Scaling,0.20,0.0123,82.00,0.0000,1.0000
7,Matrix Scaling,0.30,0.0123,82.00,0.0000,1.0000
7,Matrix Scaling,0.40,0.0123,82.00,0.0000,1.0000
7,Matrix Scaling,0.50,0.0123,82.00,0.0000,1.0000
7,Focal Loss γ=1.0,0.02,0.3080,262062.00,1.0000,0.0000
7,Focal Loss γ=1.0,0.05,0.3080,262062.00,1.0000,0.0000
7,Focal Loss γ=1.0,0.08,0.3080,262062.00,1.0000,0.0000
7,Focal Loss γ=1.0,0.10,0.3080,262062.00,1.0000,0.0000
7,Focal Loss γ=1.0,0.15,0.3080,262062.00,1.0000,0.0000
7,Focal Loss γ=1.0,0.20,0.3080,262062.00,1.0000,0.0000
7,Focal Loss γ=1.0,0.30,0.2990,254723.00,0.9720,0.0000
7,Focal Loss γ=1.0,0.40,0.3080,82.00,0.0000,1.0000
7,Focal Loss γ=1.0,0.50,0.3080,82.00,0.0000,1.0000
7,Focal Loss γ=2.0,0.02,0.0613,262062.00,1.0000,0.0000
7,Focal Loss γ=2.0,0.05,0.0507,246239.00,0.9396,0.0000
7,Focal Loss γ=2.0,0.08,0.0815,20932.00,0.0796,0.8049
7,Focal Loss γ=2.0,0.10,0.0613,82.00,0.0000,1.0000
7,Focal Loss γ=2.0,0.15,0.0613,82.00,0.0000,1.0000
7,Focal Loss γ=2.0,0.20,0.0613,82.00,0.0000,1.0000
7,Focal Loss γ=2.0,0.30,0.0613,82.00,0.0000,1.0000
7,Focal Loss γ=2.0,0.40,0.0613,82.00,0.0000,1.0000
7,Focal Loss γ=2.0,0.50,0.0613,82.00,0.0000,1.0000
7,Focal + Temp Scaling,0.02,0.0037,82.00,0.0000,1.0000
7,Focal + Temp Scaling,0.05,0.0037,82.00,0.0000,1.0000
7,Focal + Temp Scaling,0.08,0.0037,82.00,0.0000,1.0000
7,Focal + Temp Scaling,0.10,0.0037,82.00,0.0000,1.0000
7,Focal + Temp Scaling,0.15,0.0037,82.00,0.0000,1.0000
7,Focal + Temp Scaling,0.20,0.0037,82.00,0.0000,1.0000
7,Focal + Temp Scaling,0.30,0.0037,82.00,0.0000,1.0000
7,Focal + Temp Scaling,0.40,0.0037,82.00,0.0000,1.0000
7,Focal + Temp Scaling,0.50,0.0037,82.00,0.0000,1.0000
7,Focal + Matrix Scaling,0.02,0.0173,42525.00,0.1621,0.4268
7,Focal + Matrix Scaling,0.05,0.0118,82.00,0.0000,1.0000
7,Focal + Matrix Scaling,0.08,0.0118,82.00,0.0000,1.0000
7,Focal + Matrix Scaling,0.10,0.0118,82.00,0.0000,1.0000
7,Focal + Matrix Scaling,0.15,0.0118,82.00,0.0000,1.0000
7,Focal + Matrix Scaling,0.20,0.0118,82.00,0.0000,1.0000
7,Focal + Matrix Scaling,0.30,0.0118,82.00,0.0000,1.0000
7,Focal + Matrix Scaling,0.40,0.0118,82.00,0.0000,1.0000
7,Focal + Matrix Scaling,0.50,0.0118,82.00,0.0000,1.0000
8,Base (non calibrato),0.02,0.0192,220619.00,0.8416,0.0000
8,Base (non calibrato),0.05,0.0366,16311.00,0.0622,0.0000
8,Base (non calibrato),0.08,0.0533,1334.00,0.0051,0.0000
8,Base (non calibrato),0.10,0.0257,0.00,0.0000,0.0000
8,Base (non calibrato),0.15,0.0257,0.00,0.0000,0.0000
8,Base (non calibrato),0.20,0.0257,0.00,0.0000,0.0000
8,Base (non calibrato),0.30,0.0257,0.00,0.0000,0.0000
8,Base (non calibrato),0.40,0.0257,0.00,0.0000,0.0000
8,Base (non calibrato),0.50,0.0257,0.00,0.0000,0.0000
8,Temp Scaling,0.02,0.0010,0.00,0.0000,0.0000
8,Temp Scaling,0.05,0.0010,0.00,0.0000,0.0000
8,Temp Scaling,0.08,0.0010,0.00,0.0000,0.0000
8,Temp Scaling,0.10,0.0010,0.00,0.0000,0.0000
8,Temp Scaling,0.15,0.0010,0.00,0.0000,0.0000
8,Temp Scaling,0.20,0.0010,0.00,0.0000,0.0000
8,Temp Scaling,0.30,0.0010,0.00,0.0000,0.0000
8,Temp Scaling,0.40,0.0010,0.00,0.0000,0.0000
8,Temp Scaling,0.50,0.0010,0.00,0.0000,0.0000
8,Matrix Scaling,0.02,0.0182,46546.00,0.1776,0.0000
8,Matrix Scaling,0.05,0.0126,0.00,0.0000,0.0000
8,Matrix Scaling,0.08,0.0126,0.00,0.0000,0.0000
8,Matrix Scaling,0.10,0.0126,0.00,0.0000,0.0000
8,Matrix Scaling,0.15,0.0126,0.00,0.0000,0.0000
8,Matrix Scaling,0.20,0.0126,0.00,0.0000,0.0000
8,Matrix Scaling,0.30,0.0126,0.00,0.0000,0.0000
8,Matrix Scaling,0.40,0.0126,0.00,0.0000,0.0000
8,Matrix Scaling,0.50,0.0126,0.00,0.0000,0.0000
8,Focal Loss γ=1.0,0.02,0.3063,262144.00,1.0000,0.0000
8,Focal Loss γ=1.0,0.05,0.3063,262144.00,1.0000,0.0000
8,Focal Loss γ=1.0,0.08,0.3063,262144.00,1.0000,0.0000
8,Focal Loss γ=1.0,0.10,0.3063,262144.00,1.0000,0.0000
8,Focal Loss γ=1.0,0.15,0.3063,262144.00,1.0000,0.0000
8,Focal Loss γ=1.0,0.20,0.3063,262144.00,1.0000,0.0000
8,Focal Loss γ=1.0,0.30,0.3000,241545.00,0.9214,0.0000
8,Focal Loss γ=1.0,0.40,0.3063,0.00,0.0000,0.0000
8,Focal Loss γ=1.0,0.50,0.3063,0.00,0.0000,0.0000
8,Focal Loss γ=2.0,0.02,0.0574,262144.00,1.0000,0.0000
8,Focal Loss γ=2.0,0.05,0.0507,200304.00,0.7641,0.0000
8,Focal Loss γ=2.0,0.08,0.0783,10752.00,0.0410,0.0000
8,Focal Loss γ=2.0,0.10,0.0574,0.00,0.0000,0.0000
8,Focal Loss γ=2.0,0.15,0.0574,0.00,0.0000,0.0000
8,Focal Loss γ=2.0,0.20,0.0574,0.00,0.0000,0.0000
8,Focal Loss γ=2.0,0.30,0.0574,0.00,0.0000,0.0000
8,Focal Loss γ=2.0,0.40,0.0574,0.00,0.0000,0.0000
8,Focal Loss γ=2.0,0.50,0.0574,0.00,0.0000,0.0000
8,Focal + Temp Scaling,0.02,0.0034,0.00,0.0000,0.0000
8,Focal + Temp Scaling,0.05,0.0034,0.00,0.0000,0.0000
8,Focal + Temp Scaling,0.08,0.0034,0.00,0.0000,0.0000
8,Focal + Temp Scaling,0.10,0.0034,0.00,0.0000,0.0000
8,Focal + Temp Scaling,0.15,0.0034,0.00,0.0000,0.0000
8,Focal + Temp Scaling,0.20,0.0034,0.00,0.0000,0.0000
8,Focal + Temp Scaling,0.30,0.0034,0.00,0.0000,0.0000
8,Focal + Temp Scaling,0.40,0.0034,0.00,0.0000,0.0000
8,Focal + Temp Scaling,0.50,0.0034,0.00,0.0000,0.0000
8,Focal + Matrix Scaling,0.02,0.0180,40871.00,0.1559,0.0000
8,Focal + Matrix Scaling,0.05,0.0316,2568.00,0.0098,0.0000
8,Focal + Matrix Scaling,0.08,0.0123,0.00,0.0000,0.0000
8,Focal + Matrix Scaling,0.10,0.0123,0.00,0.0000,0.0000
8,Focal + Matrix Scaling,0.15,0.0123,0.00,0.0000,0.0000
8,Focal + Matrix Scaling,0.20,0.0123,0.00,0.0000,0.0000
8,Focal + Matrix Scaling,0.30,0.0123,0.00,0.0000,0.0000
8,Focal + Matrix Scaling,0.40,0.0123,0.00,0.0000,0.0000
8,Focal + Matrix Scaling,0.50,0.0123,0.00,0.0000,0.0000
9,Base (non calibrato),0.02,0.0197,210621.00,0.8054,0.0000
9,Base (non calibrato),0.05,0.0271,24833.00,0.0941,0.3695
9,Base (non calibrato),0.08,0.0249,2881.00,0.0094,0.6645
9,Base (non calibrato),0.10,0.0251,617.00,0.0000,1.0000
9,Base (non calibrato),0.15,0.0251,617.00,0.0000,1.0000
9,Base (non calibrato),0.20,0.0251,617.00,0.0000,1.0000
9,Base (non calibrato),0.30,0.0251,617.00,0.0000,1.0000
9,Base (non calibrato),0.40,0.0251,617.00,0.0000,1.0000
9,Base (non calibrato),0.50,0.0251,617.00,0.0000,1.0000
9,Temp Scaling,0.02,0.0140,5461.00,0.0197,0.4830
9,Temp Scaling,0.05,0.0003,617.00,0.0000,1.0000
9,Temp Scaling,0.08,0.0003,617.00,0.0000,1.0000
9,Temp Scaling,0.10,0.0003,617.00,0.0000,1.0000
9,Temp Scaling,0.15,0.0003,617.00,0.0000,1.0000
9,Temp Scaling,0.20,0.0003,617.00,0.0000,1.0000
9,Temp Scaling,0.30,0.0003,617.00,0.0000,1.0000
9,Temp Scaling,0.40,0.0003,617.00,0.0000,1.0000
9,Temp Scaling,0.50,0.0003,617.00,0.0000,1.0000
9,Matrix Scaling,0.02,0.0147,61589.00,0.2355,0.0146
9,Matrix Scaling,0.05,0.0205,1955.00,0.0059,0.6645
9,Matrix Scaling,0.08,0.0111,617.00,0.0000,1.0000
9,Matrix Scaling,0.10,0.0111,617.00,0.0000,1.0000
9,Matrix Scaling,0.15,0.0111,617.00,0.0000,1.0000
9,Matrix Scaling,0.20,0.0111,617.00,0.0000,1.0000
9,Matrix Scaling,0.30,0.0111,617.00,0.0000,1.0000
9,Matrix Scaling,0.40,0.0111,617.00,0.0000,1.0000
9,Matrix Scaling,0.50,0.0111,617.00,0.0000,1.0000
9,Focal Loss γ=1.0,0.02,0.3036,261527.00,1.0000,0.0000
9,Focal Loss γ=1.0,0.05,0.3036,261527.00,1.0000,0.0000
9,Focal Loss γ=1.0,0.08,0.3036,261527.00,1.0000,0.0000
9,Focal Loss γ=1.0,0.10,0.3036,261527.00,1.0000,0.0000
9,Focal Loss γ=1.0,0.15,0.3036,261527.00,1.0000,0.0000
9,Focal Loss γ=1.0,0.20,0.3036,261527.00,1.0000,0.0000
9,Focal Loss γ=1.0,0.30,0.2998,235129.00,0.8991,0.0000
9,Focal Loss γ=1.0,0.40,0.3036,617.00,0.0000,1.0000
9,Focal Loss γ=1.0,0.50,0.3036,617.00,0.0000,1.0000
9,Focal Loss γ=2.0,0.02,0.0600,261527.00,1.0000,0.0000
9,Focal Loss γ=2.0,0.05,0.0507,215132.00,0.8226,0.0000
9,Focal Loss γ=2.0,0.08,0.0760,36761.00,0.1405,0.0146
9,Focal Loss γ=2.0,0.10,0.0695,10931.00,0.0414,0.1686
9,Focal Loss γ=2.0,0.15,0.0600,617.00,0.0000,1.0000
9,Focal Loss γ=2.0,0.20,0.0600,617.00,0.0000,1.0000
9,Focal Loss γ=2.0,0.30,0.0600,617.00,0.0000,1.0000
9,Focal Loss γ=2.0,0.40,0.0600,617.00,0.0000,1.0000
9,Focal Loss γ=2.0,0.50,0.0600,617.00,0.0000,1.0000
9,Focal + Temp Scaling,0.02,0.0028,12824.00,0.0488,0.0875
9,Focal + Temp Scaling,0.05,0.0173,1955.00,0.0059,0.6645
9,Focal + Temp Scaling,0.08,0.0036,617.00,0.0000,1.0000
9,Focal + Temp Scaling,0.10,0.0036,617.00,0.0000,1.0000
9,Focal + Temp Scaling,0.15,0.0036,617.00,0.0000,1.0000
9,Focal + Temp Scaling,0.20,0.0036,617.00,0.0000,1.0000
9,Focal + Temp Scaling,0.30,0.0036,617.00,0.0000,1.0000
9,Focal + Temp Scaling,0.40,0.0036,617.00,0.0000,1.0000
9,Focal + Temp Scaling,0.50,0.0036,617.00,0.0000,1.0000
9,Focal + Matrix Scaling,0.02,0.0155,56864.00,0.2174,0.0146
9,Focal + Matrix Scaling,0.05,0.0202,7507.00,0.0279,0.3468
9,Focal + Matrix Scaling,0.08,0.0117,617.00,0.0000,1.0000
9,Focal + Matrix Scaling,0.10,0.0117,617.00,0.0000,1.0000
9,Focal + Matrix Scaling,0.15,0.0117,617.00,0.0000,1.0000
9,Focal + Matrix Scaling,0.20,0.0117,617.00,0.0000,1.0000
9,Focal + Matrix Scaling,0.30,0.0117,617.00,0.0000,1.0000
9,Focal + Matrix Scaling,0.40,0.0117,617.00,0.0000,1.0000
9,Focal + Matrix Scaling,0.50,0.0117,617.00,0.0000,1.0000
