Image,Model,Threshold,ECE,AQ_Spatial_Absolute,Over_spraying,Under_spraying,ECE_Merged,AQ_Spatial_Absolute_Merged,Over_spraying_Merged,Under_spraying_Merged
0,SegFormer Base (CE),0.02,0.0123,0.00,0.0000,0.0000,0.0123,0.00,0.0000,0.0000
0,SegFormer Base (CE),0.05,0.0123,0.00,0.0000,0.0000,0.0123,0.00,0.0000,0.0000
0,SegFormer Base (CE),0.08,0.0123,0.00,0.0000,0.0000,0.0123,0.00,0.0000,0.0000
0,SegFormer Base (CE),0.10,0.0123,0.00,0.0000,0.0000,0.0123,0.00,0.0000,0.0000
0,SegFormer Base (CE),0.15,0.0123,0.00,0.0000,0.0000,0.0123,0.00,0.0000,0.0000
0,SegFormer Base (CE),0.20,0.0123,0.00,0.0000,0.0000,0.0123,0.00,0.0000,0.0000
0,SegFormer Base (CE),0.30,0.0123,0.00,0.0000,0.0000,0.0123,0.00,0.0000,0.0000
0,SegFormer Base (CE),0.40,0.0123,0.00,0.0000,0.0000,0.0123,0.00,0.0000,0.0000
0,SegFormer Base (CE),0.50,0.0123,0.00,0.0000,0.0000,0.0123,0.00,0.0000,0.0000
0,SegFormer Temp Scaling (CE),0.02,0.0001,0.00,0.0000,0.0000,0.0001,0.00,0.0000,0.0000
0,SegFormer Temp Scaling (CE),0.05,0.0001,0.00,0.0000,0.0000,0.0001,0.00,0.0000,0.0000
0,SegFormer Temp Scaling (CE),0.08,0.0001,0.00,0.0000,0.0000,0.0001,0.00,0.0000,0.0000
0,SegFormer Temp Scaling (CE),0.10,0.0001,0.00,0.0000,0.0000,0.0001,0.00,0.0000,0.0000
0,SegFormer Temp Scaling (CE),0.15,0.0001,0.00,0.0000,0.0000,0.0001,0.00,0.0000,0.0000
0,SegFormer Temp Scaling (CE),0.20,0.0001,0.00,0.0000,0.0000,0.0001,0.00,0.0000,0.0000
0,SegFormer Temp Scaling (CE),0.30,0.0001,0.00,0.0000,0.0000,0.0001,0.00,0.0000,0.0000
0,SegFormer Temp Scaling (CE),0.40,0.0001,0.00,0.0000,0.0000,0.0001,0.00,0.0000,0.0000
0,SegFormer Temp Scaling (CE),0.50,0.0001,0.00,0.0000,0.0000,0.0001,0.00,0.0000,0.0000
0,SegFormer Matrix Scaling (CE),0.02,0.0032,0.00,0.0000,0.0000,0.0032,0.00,0.0000,0.0000
0,SegFormer Matrix Scaling (CE),0.05,0.0032,0.00,0.0000,0.0000,0.0032,0.00,0.0000,0.0000
0,SegFormer Matrix Scaling (CE),0.08,0.0032,0.00,0.0000,0.0000,0.0032,0.00,0.0000,0.0000
0,SegFormer Matrix Scaling (CE),0.10,0.0032,0.00,0.0000,0.0000,0.0032,0.00,0.0000,0.0000
0,SegFormer Matrix Scaling (CE),0.15,0.0032,0.00,0.0000,0.0000,0.0032,0.00,0.0000,0.0000
0,SegFormer Matrix Scaling (CE),0.20,0.0032,0.00,0.0000,0.0000,0.0032,0.00,0.0000,0.0000
0,SegFormer Matrix Scaling (CE),0.30,0.0032,0.00,0.0000,0.0000,0.0032,0.00,0.0000,0.0000
0,SegFormer Matrix Scaling (CE),0.40,0.0032,0.00,0.0000,0.0000,0.0032,0.00,0.0000,0.0000
0,SegFormer Matrix Scaling (CE),0.50,0.0032,0.00,0.0000,0.0000,0.0032,0.00,0.0000,0.0000
0,SegFormer Base (FL),0.02,0.0567,262144.00,1.0000,0.0000,0.0567,262144.00,1.0000,0.0000
0,SegFormer Base (FL),0.05,0.0567,262144.00,1.0000,0.0000,0.0567,262144.00,1.0000,0.0000
0,SegFormer Base (FL),0.08,0.0567,676.00,0.0026,0.0000,0.0687,676.00,0.0026,0.0000
0,SegFormer Base (FL),0.10,0.0567,0.00,0.0000,0.0000,0.0567,0.00,0.0000,0.0000
0,SegFormer Base (FL),0.15,0.0567,0.00,0.0000,0.0000,0.0567,0.00,0.0000,0.0000
0,SegFormer Base (FL),0.20,0.0567,0.00,0.0000,0.0000,0.0567,0.00,0.0000,0.0000
0,SegFormer Base (FL),0.30,0.0567,0.00,0.0000,0.0000,0.0567,0.00,0.0000,0.0000
0,SegFormer Base (FL),0.40,0.0567,0.00,0.0000,0.0000,0.0567,0.00,0.0000,0.0000
0,SegFormer Base (FL),0.50,0.0567,0.00,0.0000,0.0000,0.0567,0.00,0.0000,0.0000
0,SegFormer Temp Scaling (FL),0.02,0.0025,0.00,0.0000,0.0000,0.0025,0.00,0.0000,0.0000
0,SegFormer Temp Scaling (FL),0.05,0.0025,0.00,0.0000,0.0000,0.0025,0.00,0.0000,0.0000
0,SegFormer Temp Scaling (FL),0.08,0.0025,0.00,0.0000,0.0000,0.0025,0.00,0.0000,0.0000
0,SegFormer Temp Scaling (FL),0.10,0.0025,0.00,0.0000,0.0000,0.0025,0.00,0.0000,0.0000
0,SegFormer Temp Scaling (FL),0.15,0.0025,0.00,0.0000,0.0000,0.0025,0.00,0.0000,0.0000
0,SegFormer Temp Scaling (FL),0.20,0.0025,0.00,0.0000,0.0000,0.0025,0.00,0.0000,0.0000
0,SegFormer Temp Scaling (FL),0.30,0.0025,0.00,0.0000,0.0000,0.0025,0.00,0.0000,0.0000
0,SegFormer Temp Scaling (FL),0.40,0.0025,0.00,0.0000,0.0000,0.0025,0.00,0.0000,0.0000
0,SegFormer Temp Scaling (FL),0.50,0.0025,0.00,0.0000,0.0000,0.0025,0.00,0.0000,0.0000
0,SegFormer Matrix Scaling (FL),0.02,0.0079,0.00,0.0000,0.0000,0.0079,0.00,0.0000,0.0000
0,SegFormer Matrix Scaling (FL),0.05,0.0079,0.00,0.0000,0.0000,0.0079,0.00,0.0000,0.0000
0,SegFormer Matrix Scaling (FL),0.08,0.0079,0.00,0.0000,0.0000,0.0079,0.00,0.0000,0.0000
0,SegFormer Matrix Scaling (FL),0.10,0.0079,0.00,0.0000,0.0000,0.0079,0.00,0.0000,0.0000
0,SegFormer Matrix Scaling (FL),0.15,0.0079,0.00,0.0000,0.0000,0.0079,0.00,0.0000,0.0000
0,SegFormer Matrix Scaling (FL),0.20,0.0079,0.00,0.0000,0.0000,0.0079,0.00,0.0000,0.0000
0,SegFormer Matrix Scaling (FL),0.30,0.0079,0.00,0.0000,0.0000,0.0079,0.00,0.0000,0.0000
0,SegFormer Matrix Scaling (FL),0.40,0.0079,0.00,0.0000,0.0000,0.0079,0.00,0.0000,0.0000
0,SegFormer Matrix Scaling (FL),0.50,0.0079,0.00,0.0000,0.0000,0.0079,0.00,0.0000,0.0000
0,MobileNetV4 Base (CE),0.02,0.0173,2522.00,0.0096,0.0000,0.0196,2522.00,0.0096,0.0000
0,MobileNetV4 Base (CE),0.05,0.0173,0.00,0.0000,0.0000,0.0173,0.00,0.0000,0.0000
0,MobileNetV4 Base (CE),0.08,0.0173,0.00,0.0000,0.0000,0.0173,0.00,0.0000,0.0000
0,MobileNetV4 Base (CE),0.10,0.0173,0.00,0.0000,0.0000,0.0173,0.00,0.0000,0.0000
0,MobileNetV4 Base (CE),0.15,0.0173,0.00,0.0000,0.0000,0.0173,0.00,0.0000,0.0000
0,MobileNetV4 Base (CE),0.20,0.0173,0.00,0.0000,0.0000,0.0173,0.00,0.0000,0.0000
0,MobileNetV4 Base (CE),0.30,0.0173,0.00,0.0000,0.0000,0.0173,0.00,0.0000,0.0000
0,MobileNetV4 Base (CE),0.40,0.0173,0.00,0.0000,0.0000,0.0173,0.00,0.0000,0.0000
0,MobileNetV4 Base (CE),0.50,0.0173,0.00,0.0000,0.0000,0.0173,0.00,0.0000,0.0000
0,MobileNetV4 Temp Scaling (CE),0.02,0.0021,0.00,0.0000,0.0000,0.0021,0.00,0.0000,0.0000
0,MobileNetV4 Temp Scaling (CE),0.05,0.0021,0.00,0.0000,0.0000,0.0021,0.00,0.0000,0.0000
0,MobileNetV4 Temp Scaling (CE),0.08,0.0021,0.00,0.0000,0.0000,0.0021,0.00,0.0000,0.0000
0,MobileNetV4 Temp Scaling (CE),0.10,0.0021,0.00,0.0000,0.0000,0.0021,0.00,0.0000,0.0000
0,MobileNetV4 Temp Scaling (CE),0.15,0.0021,0.00,0.0000,0.0000,0.0021,0.00,0.0000,0.0000
0,MobileNetV4 Temp Scaling (CE),0.20,0.0021,0.00,0.0000,0.0000,0.0021,0.00,0.0000,0.0000
0,MobileNetV4 Temp Scaling (CE),0.30,0.0021,0.00,0.0000,0.0000,0.0021,0.00,0.0000,0.0000
0,MobileNetV4 Temp Scaling (CE),0.40,0.0021,0.00,0.0000,0.0000,0.0021,0.00,0.0000,0.0000
0,MobileNetV4 Temp Scaling (CE),0.50,0.0021,0.00,0.0000,0.0000,0.0021,0.00,0.0000,0.0000
0,MobileNetV4 Matrix Scaling (CE),0.02,0.0093,0.00,0.0000,0.0000,0.0093,0.00,0.0000,0.0000
0,MobileNetV4 Matrix Scaling (CE),0.05,0.0093,0.00,0.0000,0.0000,0.0093,0.00,0.0000,0.0000
0,MobileNetV4 Matrix Scaling (CE),0.08,0.0093,0.00,0.0000,0.0000,0.0093,0.00,0.0000,0.0000
0,MobileNetV4 Matrix Scaling (CE),0.10,0.0093,0.00,0.0000,0.0000,0.0093,0.00,0.0000,0.0000
0,MobileNetV4 Matrix Scaling (CE),0.15,0.0093,0.00,0.0000,0.0000,0.0093,0.00,0.0000,0.0000
0,MobileNetV4 Matrix Scaling (CE),0.20,0.0093,0.00,0.0000,0.0000,0.0093,0.00,0.0000,0.0000
0,MobileNetV4 Matrix Scaling (CE),0.30,0.0093,0.00,0.0000,0.0000,0.0093,0.00,0.0000,0.0000
0,MobileNetV4 Matrix Scaling (CE),0.40,0.0093,0.00,0.0000,0.0000,0.0093,0.00,0.0000,0.0000
0,MobileNetV4 Matrix Scaling (CE),0.50,0.0093,0.00,0.0000,0.0000,0.0093,0.00,0.0000,0.0000
0,MobileNetV4 Base (FL),0.02,0.0413,262144.00,1.0000,0.0000,0.0413,262144.00,1.0000,0.0000
0,MobileNetV4 Base (FL),0.05,0.0413,0.00,0.0000,0.0000,0.0413,0.00,0.0000,0.0000
0,MobileNetV4 Base (FL),0.08,0.0413,0.00,0.0000,0.0000,0.0413,0.00,0.0000,0.0000
0,MobileNetV4 Base (FL),0.10,0.0413,0.00,0.0000,0.0000,0.0413,0.00,0.0000,0.0000
0,MobileNetV4 Base (FL),0.15,0.0413,0.00,0.0000,0.0000,0.0413,0.00,0.0000,0.0000
0,MobileNetV4 Base (FL),0.20,0.0413,0.00,0.0000,0.0000,0.0413,0.00,0.0000,0.0000
0,MobileNetV4 Base (FL),0.30,0.0413,0.00,0.0000,0.0000,0.0413,0.00,0.0000,0.0000
0,MobileNetV4 Base (FL),0.40,0.0413,0.00,0.0000,0.0000,0.0413,0.00,0.0000,0.0000
0,MobileNetV4 Base (FL),0.50,0.0413,0.00,0.0000,0.0000,0.0413,0.00,0.0000,0.0000
0,MobileNetV4 Temp Scaling (FL),0.02,0.0019,0.00,0.0000,0.0000,0.0019,0.00,0.0000,0.0000
0,MobileNetV4 Temp Scaling (FL),0.05,0.0019,0.00,0.0000,0.0000,0.0019,0.00,0.0000,0.0000
0,MobileNetV4 Temp Scaling (FL),0.08,0.0019,0.00,0.0000,0.0000,0.0019,0.00,0.0000,0.0000
0,MobileNetV4 Temp Scaling (FL),0.10,0.0019,0.00,0.0000,0.0000,0.0019,0.00,0.0000,0.0000
0,MobileNetV4 Temp Scaling (FL),0.15,0.0019,0.00,0.0000,0.0000,0.0019,0.00,0.0000,0.0000
0,MobileNetV4 Temp Scaling (FL),0.20,0.0019,0.00,0.0000,0.0000,0.0019,0.00,0.0000,0.0000
0,MobileNetV4 Temp Scaling (FL),0.30,0.0019,0.00,0.0000,0.0000,0.0019,0.00,0.0000,0.0000
0,MobileNetV4 Temp Scaling (FL),0.40,0.0019,0.00,0.0000,0.0000,0.0019,0.00,0.0000,0.0000
0,MobileNetV4 Temp Scaling (FL),0.50,0.0019,0.00,0.0000,0.0000,0.0019,0.00,0.0000,0.0000
0,MobileNetV4 Matrix Scaling (FL),0.02,0.0118,0.00,0.0000,0.0000,0.0118,0.00,0.0000,0.0000
0,MobileNetV4 Matrix Scaling (FL),0.05,0.0118,0.00,0.0000,0.0000,0.0118,0.00,0.0000,0.0000
0,MobileNetV4 Matrix Scaling (FL),0.08,0.0118,0.00,0.0000,0.0000,0.0118,0.00,0.0000,0.0000
0,MobileNetV4 Matrix Scaling (FL),0.10,0.0118,0.00,0.0000,0.0000,0.0118,0.00,0.0000,0.0000
0,MobileNetV4 Matrix Scaling (FL),0.15,0.0118,0.00,0.0000,0.0000,0.0118,0.00,0.0000,0.0000
0,MobileNetV4 Matrix Scaling (FL),0.20,0.0118,0.00,0.0000,0.0000,0.0118,0.00,0.0000,0.0000
0,MobileNetV4 Matrix Scaling (FL),0.30,0.0118,0.00,0.0000,0.0000,0.0118,0.00,0.0000,0.0000
0,MobileNetV4 Matrix Scaling (FL),0.40,0.0118,0.00,0.0000,0.0000,0.0118,0.00,0.0000,0.0000
0,MobileNetV4 Matrix Scaling (FL),0.50,0.0118,0.00,0.0000,0.0000,0.0118,0.00,0.0000,0.0000
1,SegFormer Base (CE),0.02,0.0123,0.00,0.0000,0.0000,0.0123,0.00,0.0000,0.0000
1,SegFormer Base (CE),0.05,0.0123,0.00,0.0000,0.0000,0.0123,0.00,0.0000,0.0000
1,SegFormer Base (CE),0.08,0.0123,0.00,0.0000,0.0000,0.0123,0.00,0.0000,0.0000
1,SegFormer Base (CE),0.10,0.0123,0.00,0.0000,0.0000,0.0123,0.00,0.0000,0.0000
1,SegFormer Base (CE),0.15,0.0123,0.00,0.0000,0.0000,0.0123,0.00,0.0000,0.0000
1,SegFormer Base (CE),0.20,0.0123,0.00,0.0000,0.0000,0.0123,0.00,0.0000,0.0000
1,SegFormer Base (CE),0.30,0.0123,0.00,0.0000,0.0000,0.0123,0.00,0.0000,0.0000
1,SegFormer Base (CE),0.40,0.0123,0.00,0.0000,0.0000,0.0123,0.00,0.0000,0.0000
1,SegFormer Base (CE),0.50,0.0123,0.00,0.0000,0.0000,0.0123,0.00,0.0000,0.0000
1,SegFormer Temp Scaling (CE),0.02,0.0001,0.00,0.0000,0.0000,0.0001,0.00,0.0000,0.0000
1,SegFormer Temp Scaling (CE),0.05,0.0001,0.00,0.0000,0.0000,0.0001,0.00,0.0000,0.0000
1,SegFormer Temp Scaling (CE),0.08,0.0001,0.00,0.0000,0.0000,0.0001,0.00,0.0000,0.0000
1,SegFormer Temp Scaling (CE),0.10,0.0001,0.00,0.0000,0.0000,0.0001,0.00,0.0000,0.0000
1,SegFormer Temp Scaling (CE),0.15,0.0001,0.00,0.0000,0.0000,0.0001,0.00,0.0000,0.0000
1,SegFormer Temp Scaling (CE),0.20,0.0001,0.00,0.0000,0.0000,0.0001,0.00,0.0000,0.0000
1,SegFormer Temp Scaling (CE),0.30,0.0001,0.00,0.0000,0.0000,0.0001,0.00,0.0000,0.0000
1,SegFormer Temp Scaling (CE),0.40,0.0001,0.00,0.0000,0.0000,0.0001,0.00,0.0000,0.0000
1,SegFormer Temp Scaling (CE),0.50,0.0001,0.00,0.0000,0.0000,0.0001,0.00,0.0000,0.0000
1,SegFormer Matrix Scaling (CE),0.02,0.0032,0.00,0.0000,0.0000,0.0032,0.00,0.0000,0.0000
1,SegFormer Matrix Scaling (CE),0.05,0.0032,0.00,0.0000,0.0000,0.0032,0.00,0.0000,0.0000
1,SegFormer Matrix Scaling (CE),0.08,0.0032,0.00,0.0000,0.0000,0.0032,0.00,0.0000,0.0000
1,SegFormer Matrix Scaling (CE),0.10,0.0032,0.00,0.0000,0.0000,0.0032,0.00,0.0000,0.0000
1,SegFormer Matrix Scaling (CE),0.15,0.0032,0.00,0.0000,0.0000,0.0032,0.00,0.0000,0.0000
1,SegFormer Matrix Scaling (CE),0.20,0.0032,0.00,0.0000,0.0000,0.0032,0.00,0.0000,0.0000
1,SegFormer Matrix Scaling (CE),0.30,0.0032,0.00,0.0000,0.0000,0.0032,0.00,0.0000,0.0000
1,SegFormer Matrix Scaling (CE),0.40,0.0032,0.00,0.0000,0.0000,0.0032,0.00,0.0000,0.0000
1,SegFormer Matrix Scaling (CE),0.50,0.0032,0.00,0.0000,0.0000,0.0032,0.00,0.0000,0.0000
1,SegFormer Base (FL),0.02,0.0567,262144.00,1.0000,0.0000,0.0567,262144.00,1.0000,0.0000
1,SegFormer Base (FL),0.05,0.0567,262144.00,1.0000,0.0000,0.0567,262144.00,1.0000,0.0000
1,SegFormer Base (FL),0.08,0.0567,676.00,0.0026,0.0000,0.0687,676.00,0.0026,0.0000
1,SegFormer Base (FL),0.10,0.0567,0.00,0.0000,0.0000,0.0567,0.00,0.0000,0.0000
1,SegFormer Base (FL),0.15,0.0567,0.00,0.0000,0.0000,0.0567,0.00,0.0000,0.0000
1,SegFormer Base (FL),0.20,0.0567,0.00,0.0000,0.0000,0.0567,0.00,0.0000,0.0000
1,SegFormer Base (FL),0.30,0.0567,0.00,0.0000,0.0000,0.0567,0.00,0.0000,0.0000
1,SegFormer Base (FL),0.40,0.0567,0.00,0.0000,0.0000,0.0567,0.00,0.0000,0.0000
1,SegFormer Base (FL),0.50,0.0567,0.00,0.0000,0.0000,0.0567,0.00,0.0000,0.0000
1,SegFormer Temp Scaling (FL),0.02,0.0025,0.00,0.0000,0.0000,0.0025,0.00,0.0000,0.0000
1,SegFormer Temp Scaling (FL),0.05,0.0025,0.00,0.0000,0.0000,0.0025,0.00,0.0000,0.0000
1,SegFormer Temp Scaling (FL),0.08,0.0025,0.00,0.0000,0.0000,0.0025,0.00,0.0000,0.0000
1,SegFormer Temp Scaling (FL),0.10,0.0025,0.00,0.0000,0.0000,0.0025,0.00,0.0000,0.0000
1,SegFormer Temp Scaling (FL),0.15,0.0025,0.00,0.0000,0.0000,0.0025,0.00,0.0000,0.0000
1,SegFormer Temp Scaling (FL),0.20,0.0025,0.00,0.0000,0.0000,0.0025,0.00,0.0000,0.0000
1,SegFormer Temp Scaling (FL),0.30,0.0025,0.00,0.0000,0.0000,0.0025,0.00,0.0000,0.0000
1,SegFormer Temp Scaling (FL),0.40,0.0025,0.00,0.0000,0.0000,0.0025,0.00,0.0000,0.0000
1,SegFormer Temp Scaling (FL),0.50,0.0025,0.00,0.0000,0.0000,0.0025,0.00,0.0000,0.0000
1,SegFormer Matrix Scaling (FL),0.02,0.0079,0.00,0.0000,0.0000,0.0079,0.00,0.0000,0.0000
1,SegFormer Matrix Scaling (FL),0.05,0.0079,0.00,0.0000,0.0000,0.0079,0.00,0.0000,0.0000
1,SegFormer Matrix Scaling (FL),0.08,0.0079,0.00,0.0000,0.0000,0.0079,0.00,0.0000,0.0000
1,SegFormer Matrix Scaling (FL),0.10,0.0079,0.00,0.0000,0.0000,0.0079,0.00,0.0000,0.0000
1,SegFormer Matrix Scaling (FL),0.15,0.0079,0.00,0.0000,0.0000,0.0079,0.00,0.0000,0.0000
1,SegFormer Matrix Scaling (FL),0.20,0.0079,0.00,0.0000,0.0000,0.0079,0.00,0.0000,0.0000
1,SegFormer Matrix Scaling (FL),0.30,0.0079,0.00,0.0000,0.0000,0.0079,0.00,0.0000,0.0000
1,SegFormer Matrix Scaling (FL),0.40,0.0079,0.00,0.0000,0.0000,0.0079,0.00,0.0000,0.0000
1,SegFormer Matrix Scaling (FL),0.50,0.0079,0.00,0.0000,0.0000,0.0079,0.00,0.0000,0.0000
1,MobileNetV4 Base (CE),0.02,0.0173,2522.00,0.0096,0.0000,0.0196,2522.00,0.0096,0.0000
1,MobileNetV4 Base (CE),0.05,0.0173,0.00,0.0000,0.0000,0.0173,0.00,0.0000,0.0000
1,MobileNetV4 Base (CE),0.08,0.0173,0.00,0.0000,0.0000,0.0173,0.00,0.0000,0.0000
1,MobileNetV4 Base (CE),0.10,0.0173,0.00,0.0000,0.0000,0.0173,0.00,0.0000,0.0000
1,MobileNetV4 Base (CE),0.15,0.0173,0.00,0.0000,0.0000,0.0173,0.00,0.0000,0.0000
1,MobileNetV4 Base (CE),0.20,0.0173,0.00,0.0000,0.0000,0.0173,0.00,0.0000,0.0000
1,MobileNetV4 Base (CE),0.30,0.0173,0.00,0.0000,0.0000,0.0173,0.00,0.0000,0.0000
1,MobileNetV4 Base (CE),0.40,0.0173,0.00,0.0000,0.0000,0.0173,0.00,0.0000,0.0000
1,MobileNetV4 Base (CE),0.50,0.0173,0.00,0.0000,0.0000,0.0173,0.00,0.0000,0.0000
1,MobileNetV4 Temp Scaling (CE),0.02,0.0021,0.00,0.0000,0.0000,0.0021,0.00,0.0000,0.0000
1,MobileNetV4 Temp Scaling (CE),0.05,0.0021,0.00,0.0000,0.0000,0.0021,0.00,0.0000,0.0000
1,MobileNetV4 Temp Scaling (CE),0.08,0.0021,0.00,0.0000,0.0000,0.0021,0.00,0.0000,0.0000
1,MobileNetV4 Temp Scaling (CE),0.10,0.0021,0.00,0.0000,0.0000,0.0021,0.00,0.0000,0.0000
1,MobileNetV4 Temp Scaling (CE),0.15,0.0021,0.00,0.0000,0.0000,0.0021,0.00,0.0000,0.0000
1,MobileNetV4 Temp Scaling (CE),0.20,0.0021,0.00,0.0000,0.0000,0.0021,0.00,0.0000,0.0000
1,MobileNetV4 Temp Scaling (CE),0.30,0.0021,0.00,0.0000,0.0000,0.0021,0.00,0.0000,0.0000
1,MobileNetV4 Temp Scaling (CE),0.40,0.0021,0.00,0.0000,0.0000,0.0021,0.00,0.0000,0.0000
1,MobileNetV4 Temp Scaling (CE),0.50,0.0021,0.00,0.0000,0.0000,0.0021,0.00,0.0000,0.0000
1,MobileNetV4 Matrix Scaling (CE),0.02,0.0093,0.00,0.0000,0.0000,0.0093,0.00,0.0000,0.0000
1,MobileNetV4 Matrix Scaling (CE),0.05,0.0093,0.00,0.0000,0.0000,0.0093,0.00,0.0000,0.0000
1,MobileNetV4 Matrix Scaling (CE),0.08,0.0093,0.00,0.0000,0.0000,0.0093,0.00,0.0000,0.0000
1,MobileNetV4 Matrix Scaling (CE),0.10,0.0093,0.00,0.0000,0.0000,0.0093,0.00,0.0000,0.0000
1,MobileNetV4 Matrix Scaling (CE),0.15,0.0093,0.00,0.0000,0.0000,0.0093,0.00,0.0000,0.0000
1,MobileNetV4 Matrix Scaling (CE),0.20,0.0093,0.00,0.0000,0.0000,0.0093,0.00,0.0000,0.0000
1,MobileNetV4 Matrix Scaling (CE),0.30,0.0093,0.00,0.0000,0.0000,0.0093,0.00,0.0000,0.0000
1,MobileNetV4 Matrix Scaling (CE),0.40,0.0093,0.00,0.0000,0.0000,0.0093,0.00,0.0000,0.0000
1,MobileNetV4 Matrix Scaling (CE),0.50,0.0093,0.00,0.0000,0.0000,0.0093,0.00,0.0000,0.0000
1,MobileNetV4 Base (FL),0.02,0.0413,262144.00,1.0000,0.0000,0.0413,262144.00,1.0000,0.0000
1,MobileNetV4 Base (FL),0.05,0.0413,0.00,0.0000,0.0000,0.0413,0.00,0.0000,0.0000
1,MobileNetV4 Base (FL),0.08,0.0413,0.00,0.0000,0.0000,0.0413,0.00,0.0000,0.0000
1,MobileNetV4 Base (FL),0.10,0.0413,0.00,0.0000,0.0000,0.0413,0.00,0.0000,0.0000
1,MobileNetV4 Base (FL),0.15,0.0413,0.00,0.0000,0.0000,0.0413,0.00,0.0000,0.0000
1,MobileNetV4 Base (FL),0.20,0.0413,0.00,0.0000,0.0000,0.0413,0.00,0.0000,0.0000
1,MobileNetV4 Base (FL),0.30,0.0413,0.00,0.0000,0.0000,0.0413,0.00,0.0000,0.0000
1,MobileNetV4 Base (FL),0.40,0.0413,0.00,0.0000,0.0000,0.0413,0.00,0.0000,0.0000
1,MobileNetV4 Base (FL),0.50,0.0413,0.00,0.0000,0.0000,0.0413,0.00,0.0000,0.0000
1,MobileNetV4 Temp Scaling (FL),0.02,0.0019,0.00,0.0000,0.0000,0.0019,0.00,0.0000,0.0000
1,MobileNetV4 Temp Scaling (FL),0.05,0.0019,0.00,0.0000,0.0000,0.0019,0.00,0.0000,0.0000
1,MobileNetV4 Temp Scaling (FL),0.08,0.0019,0.00,0.0000,0.0000,0.0019,0.00,0.0000,0.0000
1,MobileNetV4 Temp Scaling (FL),0.10,0.0019,0.00,0.0000,0.0000,0.0019,0.00,0.0000,0.0000
1,MobileNetV4 Temp Scaling (FL),0.15,0.0019,0.00,0.0000,0.0000,0.0019,0.00,0.0000,0.0000
1,MobileNetV4 Temp Scaling (FL),0.20,0.0019,0.00,0.0000,0.0000,0.0019,0.00,0.0000,0.0000
1,MobileNetV4 Temp Scaling (FL),0.30,0.0019,0.00,0.0000,0.0000,0.0019,0.00,0.0000,0.0000
1,MobileNetV4 Temp Scaling (FL),0.40,0.0019,0.00,0.0000,0.0000,0.0019,0.00,0.0000,0.0000
1,MobileNetV4 Temp Scaling (FL),0.50,0.0019,0.00,0.0000,0.0000,0.0019,0.00,0.0000,0.0000
1,MobileNetV4 Matrix Scaling (FL),0.02,0.0118,0.00,0.0000,0.0000,0.0118,0.00,0.0000,0.0000
1,MobileNetV4 Matrix Scaling (FL),0.05,0.0118,0.00,0.0000,0.0000,0.0118,0.00,0.0000,0.0000
1,MobileNetV4 Matrix Scaling (FL),0.08,0.0118,0.00,0.0000,0.0000,0.0118,0.00,0.0000,0.0000
1,MobileNetV4 Matrix Scaling (FL),0.10,0.0118,0.00,0.0000,0.0000,0.0118,0.00,0.0000,0.0000
1,MobileNetV4 Matrix Scaling (FL),0.15,0.0118,0.00,0.0000,0.0000,0.0118,0.00,0.0000,0.0000
1,MobileNetV4 Matrix Scaling (FL),0.20,0.0118,0.00,0.0000,0.0000,0.0118,0.00,0.0000,0.0000
1,MobileNetV4 Matrix Scaling (FL),0.30,0.0118,0.00,0.0000,0.0000,0.0118,0.00,0.0000,0.0000
1,MobileNetV4 Matrix Scaling (FL),0.40,0.0118,0.00,0.0000,0.0000,0.0118,0.00,0.0000,0.0000
1,MobileNetV4 Matrix Scaling (FL),0.50,0.0118,0.00,0.0000,0.0000,0.0118,0.00,0.0000,0.0000
10,SegFormer Base (CE),0.02,0.0240,226287.00,0.8671,0.0000,0.0193,226287.00,0.8671,0.0000
10,SegFormer Base (CE),0.05,0.0240,18792.00,0.0707,0.2821,0.0419,18792.00,0.0707,0.2821
10,SegFormer Base (CE),0.08,0.0240,5050.00,0.0169,0.5448,0.0316,5050.00,0.0169,0.5448
10,SegFormer Base (CE),0.10,0.0240,3431.00,0.0103,0.6225,0.0067,3431.00,0.0103,0.6225
10,SegFormer Base (CE),0.15,0.0240,1678.00,0.0026,0.8429,0.0224,1678.00,0.0026,0.8429
10,SegFormer Base (CE),0.20,0.0240,1184.00,0.0000,1.0000,0.0236,1184.00,0.0000,1.0000
10,SegFormer Base (CE),0.30,0.0240,1184.00,0.0000,1.0000,0.0236,1184.00,0.0000,1.0000
10,SegFormer Base (CE),0.40,0.0240,1184.00,0.0000,1.0000,0.0236,1184.00,0.0000,1.0000
10,SegFormer Base (CE),0.50,0.0240,1184.00,0.0000,1.0000,0.0236,1184.00,0.0000,1.0000
10,SegFormer Temp Scaling (CE),0.02,0.0010,7809.00,0.0284,0.3446,0.0062,7809.00,0.0284,0.3446
10,SegFormer Temp Scaling (CE),0.05,0.0010,4496.00,0.0148,0.5448,0.0099,4496.00,0.0148,0.5448
10,SegFormer Temp Scaling (CE),0.08,0.0010,3431.00,0.0103,0.6225,0.0146,3431.00,0.0103,0.6225
10,SegFormer Temp Scaling (CE),0.10,0.0010,2595.00,0.0067,0.7179,0.0158,2595.00,0.0067,0.7179
10,SegFormer Temp Scaling (CE),0.15,0.0010,1678.00,0.0026,0.8429,0.0203,1678.00,0.0026,0.8429
10,SegFormer Temp Scaling (CE),0.20,0.0010,1184.00,0.0000,1.0000,0.0014,1184.00,0.0000,1.0000
10,SegFormer Temp Scaling (CE),0.30,0.0010,1184.00,0.0000,1.0000,0.0014,1184.00,0.0000,1.0000
10,SegFormer Temp Scaling (CE),0.40,0.0010,1184.00,0.0000,1.0000,0.0014,1184.00,0.0000,1.0000
10,SegFormer Temp Scaling (CE),0.50,0.0010,1184.00,0.0000,1.0000,0.0014,1184.00,0.0000,1.0000
10,SegFormer Matrix Scaling (CE),0.02,0.0095,45503.00,0.1739,0.0988,0.0169,45503.00,0.1739,0.0988
10,SegFormer Matrix Scaling (CE),0.05,0.0095,7365.00,0.0261,0.4679,0.0078,7365.00,0.0261,0.4679
10,SegFormer Matrix Scaling (CE),0.08,0.0095,3498.00,0.0103,0.6791,0.0211,3498.00,0.0103,0.6791
10,SegFormer Matrix Scaling (CE),0.10,0.0095,1678.00,0.0026,0.8429,0.0362,1678.00,0.0026,0.8429
10,SegFormer Matrix Scaling (CE),0.15,0.0095,1678.00,0.0026,0.8429,0.0362,1678.00,0.0026,0.8429
10,SegFormer Matrix Scaling (CE),0.20,0.0095,1184.00,0.0000,1.0000,0.0092,1184.00,0.0000,1.0000
10,SegFormer Matrix Scaling (CE),0.30,0.0095,1184.00,0.0000,1.0000,0.0092,1184.00,0.0000,1.0000
10,SegFormer Matrix Scaling (CE),0.40,0.0095,1184.00,0.0000,1.0000,0.0092,1184.00,0.0000,1.0000
10,SegFormer Matrix Scaling (CE),0.50,0.0095,1184.00,0.0000,1.0000,0.0092,1184.00,0.0000,1.0000
10,SegFormer Base (FL),0.02,0.0537,260960.00,1.0000,0.0000,0.0537,260960.00,1.0000,0.0000
10,SegFormer Base (FL),0.05,0.0537,116621.00,0.4467,0.0431,0.0427,116621.00,0.4467,0.0431
10,SegFormer Base (FL),0.08,0.0537,34362.00,0.1310,0.1537,0.0778,34362.00,0.1310,0.1537
10,SegFormer Base (FL),0.10,0.0537,12675.00,0.0468,0.3851,0.0884,12675.00,0.0468,0.3851
10,SegFormer Base (FL),0.15,0.0537,5307.00,0.0183,0.4519,0.0674,5307.00,0.0183,0.4519
10,SegFormer Base (FL),0.20,0.0537,2595.00,0.0067,0.7179,0.0773,2595.00,0.0067,0.7179
10,SegFormer Base (FL),0.30,0.0537,1678.00,0.0026,0.8429,0.0763,1678.00,0.0026,0.8429
10,SegFormer Base (FL),0.40,0.0537,1184.00,0.0000,1.0000,0.0537,1184.00,0.0000,1.0000
10,SegFormer Base (FL),0.50,0.0537,1184.00,0.0000,1.0000,0.0537,1184.00,0.0000,1.0000
10,SegFormer Temp Scaling (FL),0.02,0.0028,14637.00,0.0550,0.2356,0.0205,14637.00,0.0550,0.2356
10,SegFormer Temp Scaling (FL),0.05,0.0028,5836.00,0.0204,0.4240,0.0184,5836.00,0.0204,0.4240
10,SegFormer Temp Scaling (FL),0.08,0.0028,5307.00,0.0183,0.4519,0.0232,5307.00,0.0183,0.4519
10,SegFormer Temp Scaling (FL),0.10,0.0028,3431.00,0.0103,0.6225,0.0378,3431.00,0.0103,0.6225
10,SegFormer Temp Scaling (FL),0.15,0.0028,2595.00,0.0067,0.7179,0.0488,2595.00,0.0067,0.7179
10,SegFormer Temp Scaling (FL),0.20,0.0028,1678.00,0.0026,0.8429,0.0519,1678.00,0.0026,0.8429
10,SegFormer Temp Scaling (FL),0.30,0.0028,1678.00,0.0026,0.8429,0.0519,1678.00,0.0026,0.8429
10,SegFormer Temp Scaling (FL),0.40,0.0028,1184.00,0.0000,1.0000,0.0028,1184.00,0.0000,1.0000
10,SegFormer Temp Scaling (FL),0.50,0.0028,1184.00,0.0000,1.0000,0.0028,1184.00,0.0000,1.0000
10,SegFormer Matrix Scaling (FL),0.02,0.0083,42221.00,0.1614,0.0921,0.0162,42221.00,0.1614,0.0921
10,SegFormer Matrix Scaling (FL),0.05,0.0083,7365.00,0.0261,0.4679,0.0094,7365.00,0.0261,0.4679
10,SegFormer Matrix Scaling (FL),0.08,0.0083,3996.00,0.0124,0.6436,0.0144,3996.00,0.0124,0.6436
10,SegFormer Matrix Scaling (FL),0.10,0.0083,1678.00,0.0026,0.8429,0.0248,1678.00,0.0026,0.8429
10,SegFormer Matrix Scaling (FL),0.15,0.0083,1678.00,0.0026,0.8429,0.0248,1678.00,0.0026,0.8429
10,SegFormer Matrix Scaling (FL),0.20,0.0083,1184.00,0.0000,1.0000,0.0082,1184.00,0.0000,1.0000
10,SegFormer Matrix Scaling (FL),0.30,0.0083,1184.00,0.0000,1.0000,0.0082,1184.00,0.0000,1.0000
10,SegFormer Matrix Scaling (FL),0.40,0.0083,1184.00,0.0000,1.0000,0.0082,1184.00,0.0000,1.0000
10,SegFormer Matrix Scaling (FL),0.50,0.0083,1184.00,0.0000,1.0000,0.0082,1184.00,0.0000,1.0000
10,MobileNetV4 Base (CE),0.02,0.0234,211824.00,0.8117,0.0127,0.0170,211824.00,0.8117,0.0127
10,MobileNetV4 Base (CE),0.05,0.0234,12864.00,0.0484,0.1892,0.0316,12864.00,0.0484,0.1892
10,MobileNetV4 Base (CE),0.08,0.0234,5307.00,0.0183,0.4519,0.0132,5307.00,0.0183,0.4519
10,MobileNetV4 Base (CE),0.10,0.0234,3431.00,0.0103,0.6225,0.0169,3431.00,0.0103,0.6225
10,MobileNetV4 Base (CE),0.15,0.0234,1678.00,0.0026,0.8429,0.0265,1678.00,0.0026,0.8429
10,MobileNetV4 Base (CE),0.20,0.0234,1184.00,0.0000,1.0000,0.0231,1184.00,0.0000,1.0000
10,MobileNetV4 Base (CE),0.30,0.0234,1184.00,0.0000,1.0000,0.0231,1184.00,0.0000,1.0000
10,MobileNetV4 Base (CE),0.40,0.0234,1184.00,0.0000,1.0000,0.0231,1184.00,0.0000,1.0000
10,MobileNetV4 Base (CE),0.50,0.0234,1184.00,0.0000,1.0000,0.0231,1184.00,0.0000,1.0000
10,MobileNetV4 Temp Scaling (CE),0.02,0.0029,12327.00,0.0464,0.1943,0.0010,12327.00,0.0464,0.1943
10,MobileNetV4 Temp Scaling (CE),0.05,0.0029,5307.00,0.0183,0.4519,0.0220,5307.00,0.0183,0.4519
10,MobileNetV4 Temp Scaling (CE),0.08,0.0029,3431.00,0.0103,0.6225,0.0281,3431.00,0.0103,0.6225
10,MobileNetV4 Temp Scaling (CE),0.10,0.0029,1678.00,0.0026,0.8429,0.0268,1678.00,0.0026,0.8429
10,MobileNetV4 Temp Scaling (CE),0.15,0.0029,1678.00,0.0026,0.8429,0.0268,1678.00,0.0026,0.8429
10,MobileNetV4 Temp Scaling (CE),0.20,0.0029,1184.00,0.0000,1.0000,0.0023,1184.00,0.0000,1.0000
10,MobileNetV4 Temp Scaling (CE),0.30,0.0029,1184.00,0.0000,1.0000,0.0023,1184.00,0.0000,1.0000
10,MobileNetV4 Temp Scaling (CE),0.40,0.0029,1184.00,0.0000,1.0000,0.0023,1184.00,0.0000,1.0000
10,MobileNetV4 Temp Scaling (CE),0.50,0.0029,1184.00,0.0000,1.0000,0.0023,1184.00,0.0000,1.0000
10,MobileNetV4 Matrix Scaling (CE),0.02,0.0134,51640.00,0.1978,0.0253,0.0219,51640.00,0.1978,0.0253
10,MobileNetV4 Matrix Scaling (CE),0.05,0.0134,8848.00,0.0322,0.3750,0.0160,8848.00,0.0322,0.3750
10,MobileNetV4 Matrix Scaling (CE),0.08,0.0134,2595.00,0.0067,0.7179,0.0252,2595.00,0.0067,0.7179
10,MobileNetV4 Matrix Scaling (CE),0.10,0.0134,1678.00,0.0026,0.8429,0.0347,1678.00,0.0026,0.8429
10,MobileNetV4 Matrix Scaling (CE),0.15,0.0134,1678.00,0.0026,0.8429,0.0347,1678.00,0.0026,0.8429
10,MobileNetV4 Matrix Scaling (CE),0.20,0.0134,1184.00,0.0000,1.0000,0.0131,1184.00,0.0000,1.0000
10,MobileNetV4 Matrix Scaling (CE),0.30,0.0134,1184.00,0.0000,1.0000,0.0131,1184.00,0.0000,1.0000
10,MobileNetV4 Matrix Scaling (CE),0.40,0.0134,1184.00,0.0000,1.0000,0.0131,1184.00,0.0000,1.0000
10,MobileNetV4 Matrix Scaling (CE),0.50,0.0134,1184.00,0.0000,1.0000,0.0131,1184.00,0.0000,1.0000
10,MobileNetV4 Base (FL),0.02,0.0559,260960.00,1.0000,0.0000,0.0556,260960.00,1.0000,0.0000
10,MobileNetV4 Base (FL),0.05,0.0559,190909.00,0.7314,0.0372,0.0469,190909.00,0.7314,0.0372
10,MobileNetV4 Base (FL),0.08,0.0559,21799.00,0.0824,0.2466,0.0538,21799.00,0.0824,0.2466
10,MobileNetV4 Base (FL),0.10,0.0559,5805.00,0.0204,0.4164,0.0285,5805.00,0.0204,0.4164
10,MobileNetV4 Base (FL),0.15,0.0559,2514.00,0.0062,0.7475,0.0393,2514.00,0.0062,0.7475
10,MobileNetV4 Base (FL),0.20,0.0559,1678.00,0.0026,0.8429,0.0353,1678.00,0.0026,0.8429
10,MobileNetV4 Base (FL),0.30,0.0559,1184.00,0.0000,1.0000,0.0556,1184.00,0.0000,1.0000
10,MobileNetV4 Base (FL),0.40,0.0559,1184.00,0.0000,1.0000,0.0556,1184.00,0.0000,1.0000
10,MobileNetV4 Base (FL),0.50,0.0559,1184.00,0.0000,1.0000,0.0556,1184.00,0.0000,1.0000
10,MobileNetV4 Temp Scaling (FL),0.02,0.0033,11246.00,0.0422,0.1883,0.0183,11246.00,0.0422,0.1883
10,MobileNetV4 Temp Scaling (FL),0.05,0.0033,5805.00,0.0204,0.4164,0.0249,5805.00,0.0204,0.4164
10,MobileNetV4 Temp Scaling (FL),0.08,0.0033,2514.00,0.0062,0.7475,0.0061,2514.00,0.0062,0.7475
10,MobileNetV4 Temp Scaling (FL),0.10,0.0033,1678.00,0.0026,0.8429,0.0085,1678.00,0.0026,0.8429
10,MobileNetV4 Temp Scaling (FL),0.15,0.0033,1678.00,0.0026,0.8429,0.0085,1678.00,0.0026,0.8429
10,MobileNetV4 Temp Scaling (FL),0.20,0.0033,1678.00,0.0026,0.8429,0.0085,1678.00,0.0026,0.8429
10,MobileNetV4 Temp Scaling (FL),0.30,0.0033,1184.00,0.0000,1.0000,0.0029,1184.00,0.0000,1.0000
10,MobileNetV4 Temp Scaling (FL),0.40,0.0033,1184.00,0.0000,1.0000,0.0029,1184.00,0.0000,1.0000
10,MobileNetV4 Temp Scaling (FL),0.50,0.0033,1184.00,0.0000,1.0000,0.0029,1184.00,0.0000,1.0000
10,MobileNetV4 Matrix Scaling (FL),0.02,0.0155,78891.00,0.3019,0.0963,0.0182,78891.00,0.3019,0.0963
10,MobileNetV4 Matrix Scaling (FL),0.05,0.0155,7398.00,0.0266,0.3750,0.0102,7398.00,0.0266,0.3750
10,MobileNetV4 Matrix Scaling (FL),0.08,0.0155,2176.00,0.0047,0.8074,0.0294,2176.00,0.0047,0.8074
10,MobileNetV4 Matrix Scaling (FL),0.10,0.0155,1678.00,0.0026,0.8429,0.0390,1678.00,0.0026,0.8429
10,MobileNetV4 Matrix Scaling (FL),0.15,0.0155,1678.00,0.0026,0.8429,0.0390,1678.00,0.0026,0.8429
10,MobileNetV4 Matrix Scaling (FL),0.20,0.0155,1184.00,0.0000,1.0000,0.0147,1184.00,0.0000,1.0000
10,MobileNetV4 Matrix Scaling (FL),0.30,0.0155,1184.00,0.0000,1.0000,0.0147,1184.00,0.0000,1.0000
10,MobileNetV4 Matrix Scaling (FL),0.40,0.0155,1184.00,0.0000,1.0000,0.0147,1184.00,0.0000,1.0000
10,MobileNetV4 Matrix Scaling (FL),0.50,0.0155,1184.00,0.0000,1.0000,0.0147,1184.00,0.0000,1.0000
11,SegFormer Base (CE),0.02,0.0300,202707.00,0.7878,0.0000,0.0191,202707.00,0.7878,0.0000
11,SegFormer Base (CE),0.05,0.0300,56274.00,0.2182,0.0287,0.0336,56274.00,0.2182,0.0287
11,SegFormer Base (CE),0.08,0.0300,21419.00,0.0806,0.1391,0.0316,21419.00,0.0806,0.1391
11,SegFormer Base (CE),0.10,0.0300,16126.00,0.0593,0.1771,0.0222,16126.00,0.0593,0.1771
11,SegFormer Base (CE),0.15,0.0300,9423.00,0.0298,0.3652,0.0287,9423.00,0.0298,0.3652
11,SegFormer Base (CE),0.20,0.0300,5548.00,0.0127,0.4734,0.0590,5548.00,0.0127,0.4734
11,SegFormer Base (CE),0.30,0.0300,4061.00,0.0054,0.5516,0.0635,4061.00,0.0054,0.5516
11,SegFormer Base (CE),0.40,0.0300,4061.00,0.0054,0.5516,0.0635,4061.00,0.0054,0.5516
11,SegFormer Base (CE),0.50,0.0300,4818.00,0.0015,0.9140,0.0101,4818.00,0.0015,0.9140
11,SegFormer Temp Scaling (CE),0.02,0.0020,30535.00,0.1172,0.0775,0.0065,30535.00,0.1172,0.0775
11,SegFormer Temp Scaling (CE),0.05,0.0020,19120.00,0.0714,0.1548,0.0212,19120.00,0.0714,0.1548
11,SegFormer Temp Scaling (CE),0.08,0.0020,14352.00,0.0520,0.1990,0.0275,14352.00,0.0520,0.1990
11,SegFormer Temp Scaling (CE),0.10,0.0020,11743.00,0.0402,0.2875,0.0349,11743.00,0.0402,0.2875
11,SegFormer Temp Scaling (CE),0.15,0.0020,6580.00,0.0172,0.4468,0.0387,6580.00,0.0172,0.4468
11,SegFormer Temp Scaling (CE),0.20,0.0020,5548.00,0.0127,0.4734,0.0278,5548.00,0.0127,0.4734
11,SegFormer Temp Scaling (CE),0.30,0.0020,4061.00,0.0054,0.5516,0.0194,4061.00,0.0054,0.5516
11,SegFormer Temp Scaling (CE),0.40,0.0020,4061.00,0.0054,0.5516,0.0194,4061.00,0.0054,0.5516
11,SegFormer Temp Scaling (CE),0.50,0.0020,4030.00,0.0032,0.6615,0.0227,4030.00,0.0032,0.6615
11,SegFormer Matrix Scaling (CE),0.02,0.0130,79229.00,0.3077,0.0107,0.0181,79229.00,0.3077,0.0107
11,SegFormer Matrix Scaling (CE),0.05,0.0130,25113.00,0.0951,0.1331,0.0351,25113.00,0.0951,0.1331
11,SegFormer Matrix Scaling (CE),0.08,0.0130,13155.00,0.0464,0.2503,0.0409,13155.00,0.0464,0.2503
11,SegFormer Matrix Scaling (CE),0.10,0.0130,9088.00,0.0282,0.3765,0.0379,9088.00,0.0282,0.3765
11,SegFormer Matrix Scaling (CE),0.15,0.0130,6316.00,0.0160,0.4526,0.0882,6316.00,0.0160,0.4526
11,SegFormer Matrix Scaling (CE),0.20,0.0130,4610.00,0.0086,0.4947,0.1123,4610.00,0.0086,0.4947
11,SegFormer Matrix Scaling (CE),0.30,0.0130,4061.00,0.0054,0.5516,0.1297,4061.00,0.0054,0.5516
11,SegFormer Matrix Scaling (CE),0.40,0.0130,4163.00,0.0019,0.7609,0.1488,4163.00,0.0019,0.7609
11,SegFormer Matrix Scaling (CE),0.50,0.0130,4839.00,0.0000,1.0000,0.0078,4839.00,0.0000,1.0000
11,SegFormer Base (FL),0.02,0.0692,257305.00,1.0000,0.0000,0.0675,257305.00,1.0000,0.0000
11,SegFormer Base (FL),0.05,0.0692,236018.00,0.9173,0.0000,0.0482,236018.00,0.9173,0.0000
11,SegFormer Base (FL),0.08,0.0692,64983.00,0.2524,0.0060,0.0755,64983.00,0.2524,0.0060
11,SegFormer Base (FL),0.10,0.0692,39728.00,0.1536,0.0428,0.0797,39728.00,0.1536,0.0428
11,SegFormer Base (FL),0.15,0.0692,21720.00,0.0821,0.1215,0.0774,21720.00,0.0821,0.1215
11,SegFormer Base (FL),0.20,0.0692,14381.00,0.0517,0.2242,0.0790,14381.00,0.0517,0.2242
11,SegFormer Base (FL),0.30,0.0692,5548.00,0.0127,0.4734,0.0602,5548.00,0.0127,0.4734
11,SegFormer Base (FL),0.40,0.0692,4061.00,0.0054,0.5516,0.0453,4061.00,0.0054,0.5516
11,SegFormer Base (FL),0.50,0.0692,4030.00,0.0032,0.6615,0.0485,4030.00,0.0032,0.6615
11,SegFormer Temp Scaling (FL),0.02,0.0090,41869.00,0.1625,0.0124,0.0091,41869.00,0.1625,0.0124
11,SegFormer Temp Scaling (FL),0.05,0.0090,26737.00,0.1022,0.0901,0.0198,26737.00,0.1022,0.0901
11,SegFormer Temp Scaling (FL),0.08,0.0090,19371.00,0.0725,0.1484,0.0304,19371.00,0.0725,0.1484
11,SegFormer Temp Scaling (FL),0.10,0.0090,15031.00,0.0547,0.1976,0.0500,15031.00,0.0547,0.1976
11,SegFormer Temp Scaling (FL),0.15,0.0090,12372.00,0.0429,0.2765,0.0433,12372.00,0.0429,0.2765
11,SegFormer Temp Scaling (FL),0.20,0.0090,5883.00,0.0142,0.4621,0.0738,5883.00,0.0142,0.4621
11,SegFormer Temp Scaling (FL),0.30,0.0090,4610.00,0.0086,0.4947,0.0316,4610.00,0.0086,0.4947
11,SegFormer Temp Scaling (FL),0.40,0.0090,4061.00,0.0054,0.5516,0.0279,4061.00,0.0054,0.5516
11,SegFormer Temp Scaling (FL),0.50,0.0090,4030.00,0.0032,0.6615,0.0339,4030.00,0.0032,0.6615
11,SegFormer Matrix Scaling (FL),0.02,0.0126,66452.00,0.2580,0.0145,0.0187,66452.00,0.2580,0.0145
11,SegFormer Matrix Scaling (FL),0.05,0.0126,22455.00,0.0835,0.1984,0.0250,22455.00,0.0835,0.1984
11,SegFormer Matrix Scaling (FL),0.08,0.0126,11785.00,0.0409,0.2587,0.0722,11785.00,0.0409,0.2587
11,SegFormer Matrix Scaling (FL),0.10,0.0126,7473.00,0.0210,0.4257,0.1230,7473.00,0.0210,0.4257
11,SegFormer Matrix Scaling (FL),0.15,0.0126,6316.00,0.0160,0.4526,0.1451,6316.00,0.0160,0.4526
11,SegFormer Matrix Scaling (FL),0.20,0.0126,4061.00,0.0054,0.5516,0.1993,4061.00,0.0054,0.5516
11,SegFormer Matrix Scaling (FL),0.30,0.0126,4030.00,0.0032,0.6615,0.1956,4030.00,0.0032,0.6615
11,SegFormer Matrix Scaling (FL),0.40,0.0126,4839.00,0.0000,1.0000,0.0052,4839.00,0.0000,1.0000
11,SegFormer Matrix Scaling (FL),0.50,0.0126,4839.00,0.0000,1.0000,0.0052,4839.00,0.0000,1.0000
11,MobileNetV4 Base (CE),0.02,0.0249,197447.00,0.7674,0.0006,0.0192,197447.00,0.7674,0.0006
11,MobileNetV4 Base (CE),0.05,0.0249,33677.00,0.1299,0.0544,0.0182,33677.00,0.1299,0.0544
11,MobileNetV4 Base (CE),0.08,0.0249,21824.00,0.0823,0.1316,0.0321,21824.00,0.0823,0.1316
11,MobileNetV4 Base (CE),0.10,0.0249,15214.00,0.0545,0.2463,0.0309,15214.00,0.0545,0.2463
11,MobileNetV4 Base (CE),0.15,0.0249,6705.00,0.0177,0.4466,0.0510,6705.00,0.0177,0.4466
11,MobileNetV4 Base (CE),0.20,0.0249,4610.00,0.0086,0.4947,0.0419,4610.00,0.0086,0.4947
11,MobileNetV4 Base (CE),0.30,0.0249,4061.00,0.0054,0.5516,0.0488,4061.00,0.0054,0.5516
11,MobileNetV4 Base (CE),0.40,0.0249,4061.00,0.0054,0.5516,0.0488,4061.00,0.0054,0.5516
11,MobileNetV4 Base (CE),0.50,0.0249,4093.00,0.0025,0.7111,0.0524,4093.00,0.0025,0.7111
11,MobileNetV4 Temp Scaling (CE),0.02,0.0033,34558.00,0.1334,0.0508,0.0016,34558.00,0.1334,0.0508
11,MobileNetV4 Temp Scaling (CE),0.05,0.0033,19628.00,0.0734,0.1517,0.0296,19628.00,0.0734,0.1517
11,MobileNetV4 Temp Scaling (CE),0.08,0.0033,10612.00,0.0353,0.3147,0.0292,10612.00,0.0353,0.3147
11,MobileNetV4 Temp Scaling (CE),0.10,0.0033,8882.00,0.0272,0.3879,0.0159,8882.00,0.0272,0.3879
11,MobileNetV4 Temp Scaling (CE),0.15,0.0033,6026.00,0.0150,0.4480,0.0267,6026.00,0.0150,0.4480
11,MobileNetV4 Temp Scaling (CE),0.20,0.0033,4610.00,0.0086,0.4947,0.0183,4610.00,0.0086,0.4947
11,MobileNetV4 Temp Scaling (CE),0.30,0.0033,4061.00,0.0054,0.5516,0.0202,4061.00,0.0054,0.5516
11,MobileNetV4 Temp Scaling (CE),0.40,0.0033,4061.00,0.0054,0.5516,0.0202,4061.00,0.0054,0.5516
11,MobileNetV4 Temp Scaling (CE),0.50,0.0033,4061.00,0.0054,0.5516,0.0202,4061.00,0.0054,0.5516
11,MobileNetV4 Matrix Scaling (CE),0.02,0.0148,71596.00,0.2781,0.0101,0.0166,71596.00,0.2781,0.0101
11,MobileNetV4 Matrix Scaling (CE),0.05,0.0148,20439.00,0.0764,0.1593,0.0194,20439.00,0.0764,0.1593
11,MobileNetV4 Matrix Scaling (CE),0.08,0.0148,14277.00,0.0509,0.2453,0.0432,14277.00,0.0509,0.2453
11,MobileNetV4 Matrix Scaling (CE),0.10,0.0148,9009.00,0.0275,0.3976,0.0843,9009.00,0.0275,0.3976
11,MobileNetV4 Matrix Scaling (CE),0.15,0.0148,4610.00,0.0086,0.4947,0.1126,4610.00,0.0086,0.4947
11,MobileNetV4 Matrix Scaling (CE),0.20,0.0148,4610.00,0.0086,0.4947,0.1126,4610.00,0.0086,0.4947
11,MobileNetV4 Matrix Scaling (CE),0.30,0.0148,4061.00,0.0054,0.5516,0.1268,4061.00,0.0054,0.5516
11,MobileNetV4 Matrix Scaling (CE),0.40,0.0148,4205.00,0.0027,0.7245,0.1324,4205.00,0.0027,0.7245
11,MobileNetV4 Matrix Scaling (CE),0.50,0.0148,4839.00,0.0000,1.0000,0.0095,4839.00,0.0000,1.0000
11,MobileNetV4 Base (FL),0.02,0.0657,257305.00,1.0000,0.0000,0.0642,257305.00,1.0000,0.0000
11,MobileNetV4 Base (FL),0.05,0.0657,199871.00,0.7768,0.0006,0.0464,199871.00,0.7768,0.0006
11,MobileNetV4 Base (FL),0.08,0.0657,66338.00,0.2575,0.0176,0.0760,66338.00,0.2575,0.0176
11,MobileNetV4 Base (FL),0.10,0.0657,36518.00,0.1406,0.0701,0.0907,36518.00,0.1406,0.0701
11,MobileNetV4 Base (FL),0.15,0.0657,18406.00,0.0682,0.1783,0.0793,18406.00,0.0682,0.1783
11,MobileNetV4 Base (FL),0.20,0.0657,10234.00,0.0336,0.3280,0.0633,10234.00,0.0336,0.3280
11,MobileNetV4 Base (FL),0.30,0.0657,4366.00,0.0067,0.5447,0.0619,4366.00,0.0067,0.5447
11,MobileNetV4 Base (FL),0.40,0.0657,4061.00,0.0054,0.5516,0.0284,4061.00,0.0054,0.5516
11,MobileNetV4 Base (FL),0.50,0.0657,4236.00,0.0049,0.6146,0.0246,4236.00,0.0049,0.6146
11,MobileNetV4 Temp Scaling (FL),0.02,0.0104,42698.00,0.1655,0.0248,0.0072,42698.00,0.1655,0.0248
11,MobileNetV4 Temp Scaling (FL),0.05,0.0104,27359.00,0.1045,0.0988,0.0277,27359.00,0.1045,0.0988
11,MobileNetV4 Temp Scaling (FL),0.08,0.0104,18263.00,0.0679,0.1643,0.0284,18263.00,0.0679,0.1643
11,MobileNetV4 Temp Scaling (FL),0.10,0.0104,12724.00,0.0444,0.2668,0.0495,12724.00,0.0444,0.2668
11,MobileNetV4 Temp Scaling (FL),0.15,0.0104,11362.00,0.0390,0.2759,0.0470,11362.00,0.0390,0.2759
11,MobileNetV4 Temp Scaling (FL),0.20,0.0104,8376.00,0.0246,0.4205,0.0601,8376.00,0.0246,0.4205
11,MobileNetV4 Temp Scaling (FL),0.30,0.0104,4061.00,0.0054,0.5516,0.0493,4061.00,0.0054,0.5516
11,MobileNetV4 Temp Scaling (FL),0.40,0.0104,4061.00,0.0054,0.5516,0.0493,4061.00,0.0054,0.5516
11,MobileNetV4 Temp Scaling (FL),0.50,0.0104,4236.00,0.0049,0.6146,0.0579,4236.00,0.0049,0.6146
11,MobileNetV4 Matrix Scaling (FL),0.02,0.0211,134685.00,0.5234,0.0019,0.0198,134685.00,0.5234,0.0019
11,MobileNetV4 Matrix Scaling (FL),0.05,0.0211,26356.00,0.1003,0.1130,0.0349,26356.00,0.1003,0.1130
11,MobileNetV4 Matrix Scaling (FL),0.08,0.0211,14823.00,0.0533,0.2267,0.0174,14823.00,0.0533,0.2267
11,MobileNetV4 Matrix Scaling (FL),0.10,0.0211,12130.00,0.0423,0.2550,0.0325,12130.00,0.0423,0.2550
11,MobileNetV4 Matrix Scaling (FL),0.15,0.0211,8376.00,0.0246,0.4205,0.0605,8376.00,0.0246,0.4205
11,MobileNetV4 Matrix Scaling (FL),0.20,0.0211,4299.00,0.0068,0.5282,0.1025,4299.00,0.0068,0.5282
11,MobileNetV4 Matrix Scaling (FL),0.30,0.0211,4061.00,0.0054,0.5516,0.1152,4061.00,0.0054,0.5516
11,MobileNetV4 Matrix Scaling (FL),0.40,0.0211,4194.00,0.0041,0.6510,0.1201,4194.00,0.0041,0.6510
11,MobileNetV4 Matrix Scaling (FL),0.50,0.0211,4839.00,0.0000,1.0000,0.0160,4839.00,0.0000,1.0000
12,SegFormer Base (CE),0.02,0.0299,75824.00,0.3091,0.0000,0.0230,75824.00,0.3091,0.0000
12,SegFormer Base (CE),0.05,0.0299,55591.00,0.2264,0.0033,0.0360,55591.00,0.2264,0.0033
12,SegFormer Base (CE),0.08,0.0299,41684.00,0.1688,0.0160,0.0452,41684.00,0.1688,0.0160
12,SegFormer Base (CE),0.10,0.0299,32211.00,0.1290,0.0343,0.0639,32211.00,0.1290,0.0343
12,SegFormer Base (CE),0.15,0.0299,21597.00,0.0833,0.0689,0.0902,21597.00,0.0833,0.0689
12,SegFormer Base (CE),0.20,0.0299,14675.00,0.0524,0.1076,0.0915,14675.00,0.0524,0.1076
12,SegFormer Base (CE),0.30,0.0299,9498.00,0.0272,0.1674,0.0859,9498.00,0.0272,0.1674
12,SegFormer Base (CE),0.40,0.0299,8180.00,0.0197,0.1987,0.0721,8180.00,0.0197,0.1987
12,SegFormer Base (CE),0.50,0.0299,7304.00,0.0147,0.2195,0.0248,7304.00,0.0147,0.2195
12,SegFormer Temp Scaling (CE),0.02,0.0156,49447.00,0.2011,0.0071,0.0120,49447.00,0.2011,0.0071
12,SegFormer Temp Scaling (CE),0.05,0.0156,34517.00,0.1389,0.0261,0.0388,34517.00,0.1389,0.0261
12,SegFormer Temp Scaling (CE),0.08,0.0156,28730.00,0.1146,0.0364,0.0822,28730.00,0.1146,0.0364
12,SegFormer Temp Scaling (CE),0.10,0.0156,23768.00,0.0929,0.0588,0.0976,23768.00,0.0929,0.0588
12,SegFormer Temp Scaling (CE),0.15,0.0156,15828.00,0.0574,0.1033,0.1202,15828.00,0.0574,0.1033
12,SegFormer Temp Scaling (CE),0.20,0.0156,12322.00,0.0409,0.1353,0.1281,12322.00,0.0409,0.1353
12,SegFormer Temp Scaling (CE),0.30,0.0156,9498.00,0.0272,0.1674,0.1344,9498.00,0.0272,0.1674
12,SegFormer Temp Scaling (CE),0.40,0.0156,8180.00,0.0197,0.1987,0.1319,8180.00,0.0197,0.1987
12,SegFormer Temp Scaling (CE),0.50,0.0156,7578.00,0.0162,0.2148,0.1264,7578.00,0.0162,0.2148
12,SegFormer Matrix Scaling (CE),0.02,0.0126,55591.00,0.2264,0.0033,0.0086,55591.00,0.2264,0.0033
12,SegFormer Matrix Scaling (CE),0.05,0.0126,34904.00,0.1407,0.0232,0.0360,34904.00,0.1407,0.0232
12,SegFormer Matrix Scaling (CE),0.08,0.0126,23302.00,0.0913,0.0541,0.0200,23302.00,0.0913,0.0541
12,SegFormer Matrix Scaling (CE),0.10,0.0126,18021.00,0.0678,0.0829,0.0228,18021.00,0.0678,0.0829
12,SegFormer Matrix Scaling (CE),0.15,0.0126,11737.00,0.0383,0.1385,0.0389,11737.00,0.0383,0.1385
12,SegFormer Matrix Scaling (CE),0.20,0.0126,9918.00,0.0290,0.1661,0.0662,9918.00,0.0290,0.1661
12,SegFormer Matrix Scaling (CE),0.30,0.0126,7808.00,0.0179,0.2032,0.0734,7808.00,0.0179,0.2032
12,SegFormer Matrix Scaling (CE),0.40,0.0126,7215.00,0.0138,0.2278,0.0932,7215.00,0.0138,0.2278
12,SegFormer Matrix Scaling (CE),0.50,0.0126,6828.00,0.0096,0.2661,0.1156,6828.00,0.0096,0.2661
12,SegFormer Base (FL),0.02,0.0801,245312.00,1.0000,0.0000,0.0733,245312.00,1.0000,0.0000
12,SegFormer Base (FL),0.05,0.0801,244615.00,0.9972,0.0000,0.0600,244615.00,0.9972,0.0000
12,SegFormer Base (FL),0.08,0.0801,73595.00,0.2998,0.0034,0.0736,73595.00,0.2998,0.0034
12,SegFormer Base (FL),0.10,0.0801,64126.00,0.2610,0.0059,0.0786,64126.00,0.2610,0.0059
12,SegFormer Base (FL),0.15,0.0801,37684.00,0.1516,0.0292,0.1034,37684.00,0.1516,0.0292
12,SegFormer Base (FL),0.20,0.0801,28674.00,0.1135,0.0489,0.1207,28674.00,0.1135,0.0489
12,SegFormer Base (FL),0.30,0.0801,13096.00,0.0427,0.1556,0.1233,13096.00,0.0427,0.1556
12,SegFormer Base (FL),0.40,0.0801,9210.00,0.0257,0.1725,0.0879,9210.00,0.0257,0.1725
12,SegFormer Base (FL),0.50,0.0801,6902.00,0.0119,0.2367,0.0755,6902.00,0.0119,0.2367
12,SegFormer Temp Scaling (FL),0.02,0.0215,59125.00,0.2406,0.0059,0.0117,59125.00,0.2406,0.0059
12,SegFormer Temp Scaling (FL),0.05,0.0215,44744.00,0.1817,0.0106,0.0283,44744.00,0.1817,0.0106
12,SegFormer Temp Scaling (FL),0.08,0.0215,35651.00,0.1433,0.0292,0.0634,35651.00,0.1433,0.0292
12,SegFormer Temp Scaling (FL),0.10,0.0215,29116.00,0.1155,0.0459,0.0865,29116.00,0.1155,0.0459
12,SegFormer Temp Scaling (FL),0.15,0.0215,22010.00,0.0857,0.0587,0.0983,22010.00,0.0857,0.0587
12,SegFormer Temp Scaling (FL),0.20,0.0215,15836.00,0.0575,0.1025,0.1070,15836.00,0.0575,0.1025
12,SegFormer Temp Scaling (FL),0.30,0.0215,9498.00,0.0272,0.1674,0.1221,9498.00,0.0272,0.1674
12,SegFormer Temp Scaling (FL),0.40,0.0215,8564.00,0.0224,0.1817,0.1067,8564.00,0.0224,0.1817
12,SegFormer Temp Scaling (FL),0.50,0.0215,7221.00,0.0146,0.2168,0.1105,7221.00,0.0146,0.2168
12,SegFormer Matrix Scaling (FL),0.02,0.0290,56590.00,0.2305,0.0033,0.0154,56590.00,0.2305,0.0033
12,SegFormer Matrix Scaling (FL),0.05,0.0290,29513.00,0.1179,0.0354,0.0628,29513.00,0.1179,0.0354
12,SegFormer Matrix Scaling (FL),0.08,0.0290,16791.00,0.0631,0.0787,0.0886,16791.00,0.0631,0.0787
12,SegFormer Matrix Scaling (FL),0.10,0.0290,12257.00,0.0417,0.1199,0.1235,12257.00,0.0417,0.1199
12,SegFormer Matrix Scaling (FL),0.15,0.0290,11154.00,0.0347,0.1574,0.1300,11154.00,0.0347,0.1574
12,SegFormer Matrix Scaling (FL),0.20,0.0290,7719.00,0.0178,0.1985,0.1765,7719.00,0.0178,0.1985
12,SegFormer Matrix Scaling (FL),0.30,0.0290,6828.00,0.0096,0.2661,0.2247,6828.00,0.0096,0.2661
12,SegFormer Matrix Scaling (FL),0.40,0.0290,8697.00,0.0032,0.4704,0.2321,8697.00,0.0032,0.4704
12,SegFormer Matrix Scaling (FL),0.50,0.0290,11656.00,0.0012,0.6745,0.2348,11656.00,0.0012,0.6745
12,MobileNetV4 Base (CE),0.02,0.0463,91809.00,0.3743,0.0000,0.0311,91809.00,0.3743,0.0000
12,MobileNetV4 Base (CE),0.05,0.0463,60223.00,0.2450,0.0066,0.0393,60223.00,0.2450,0.0066
12,MobileNetV4 Base (CE),0.08,0.0463,46846.00,0.1900,0.0141,0.0586,46846.00,0.1900,0.0141
12,MobileNetV4 Base (CE),0.10,0.0463,41395.00,0.1669,0.0272,0.0668,41395.00,0.1669,0.0272
12,MobileNetV4 Base (CE),0.15,0.0463,30285.00,0.1195,0.0575,0.0997,30285.00,0.1195,0.0575
12,MobileNetV4 Base (CE),0.20,0.0463,22167.00,0.0837,0.0974,0.1211,22167.00,0.0837,0.0974
12,MobileNetV4 Base (CE),0.30,0.0463,14002.00,0.0465,0.1543,0.1631,14002.00,0.0465,0.1543
12,MobileNetV4 Base (CE),0.40,0.0463,9268.00,0.0255,0.1789,0.1388,9268.00,0.0255,0.1789
12,MobileNetV4 Base (CE),0.50,0.0463,8149.00,0.0186,0.2135,0.1502,8149.00,0.0186,0.2135
12,MobileNetV4 Temp Scaling (CE),0.02,0.0311,57342.00,0.2331,0.0090,0.0183,57342.00,0.2331,0.0090
12,MobileNetV4 Temp Scaling (CE),0.05,0.0311,45868.00,0.1860,0.0149,0.0346,45868.00,0.1860,0.0149
12,MobileNetV4 Temp Scaling (CE),0.08,0.0311,38708.00,0.1559,0.0282,0.0576,38708.00,0.1559,0.0282
12,MobileNetV4 Temp Scaling (CE),0.10,0.0311,33249.00,0.1323,0.0466,0.0717,33249.00,0.1323,0.0466
12,MobileNetV4 Temp Scaling (CE),0.15,0.0311,23968.00,0.0917,0.0871,0.1170,23968.00,0.0917,0.0871
12,MobileNetV4 Temp Scaling (CE),0.20,0.0311,20639.00,0.0771,0.1021,0.1310,20639.00,0.0771,0.1021
12,MobileNetV4 Temp Scaling (CE),0.30,0.0311,13105.00,0.0427,0.1558,0.1810,13105.00,0.0427,0.1558
12,MobileNetV4 Temp Scaling (CE),0.40,0.0311,9498.00,0.0272,0.1674,0.1695,9498.00,0.0272,0.1674
12,MobileNetV4 Temp Scaling (CE),0.50,0.0311,8149.00,0.0186,0.2135,0.1967,8149.00,0.0186,0.2135
12,MobileNetV4 Matrix Scaling (CE),0.02,0.0274,66896.00,0.2725,0.0032,0.0189,66896.00,0.2725,0.0032
12,MobileNetV4 Matrix Scaling (CE),0.05,0.0274,46929.00,0.1904,0.0131,0.0287,46929.00,0.1904,0.0131
12,MobileNetV4 Matrix Scaling (CE),0.08,0.0274,36566.00,0.1468,0.0327,0.0311,36566.00,0.1468,0.0327
12,MobileNetV4 Matrix Scaling (CE),0.10,0.0274,31315.00,0.1239,0.0550,0.0423,31315.00,0.1239,0.0550
12,MobileNetV4 Matrix Scaling (CE),0.15,0.0274,21129.00,0.0805,0.0828,0.0654,21129.00,0.0805,0.0828
12,MobileNetV4 Matrix Scaling (CE),0.20,0.0274,14706.00,0.0499,0.1466,0.0880,14706.00,0.0499,0.1466
12,MobileNetV4 Matrix Scaling (CE),0.30,0.0274,9498.00,0.0272,0.1674,0.0603,9498.00,0.0272,0.1674
12,MobileNetV4 Matrix Scaling (CE),0.40,0.0274,7875.00,0.0171,0.2182,0.0609,7875.00,0.0171,0.2182
12,MobileNetV4 Matrix Scaling (CE),0.50,0.0274,7503.00,0.0153,0.2227,0.0584,7503.00,0.0153,0.2227
12,MobileNetV4 Base (FL),0.02,0.0789,245312.00,1.0000,0.0000,0.0781,245312.00,1.0000,0.0000
12,MobileNetV4 Base (FL),0.05,0.0789,101203.00,0.4125,0.0000,0.0636,101203.00,0.4125,0.0000
12,MobileNetV4 Base (FL),0.08,0.0789,72647.00,0.2961,0.0001,0.0760,72647.00,0.2961,0.0001
12,MobileNetV4 Base (FL),0.10,0.0789,63293.00,0.2574,0.0087,0.0828,63293.00,0.2574,0.0087
12,MobileNetV4 Base (FL),0.15,0.0789,45394.00,0.1830,0.0302,0.1087,45394.00,0.1830,0.0302
12,MobileNetV4 Base (FL),0.20,0.0789,34534.00,0.1377,0.0447,0.1598,34534.00,0.1377,0.0447
12,MobileNetV4 Base (FL),0.30,0.0789,17858.00,0.0651,0.1119,0.1925,17858.00,0.0651,0.1119
12,MobileNetV4 Base (FL),0.40,0.0789,13224.00,0.0435,0.1511,0.1880,13224.00,0.0435,0.1511
12,MobileNetV4 Base (FL),0.50,0.0789,7964.00,0.0181,0.2098,0.0980,7964.00,0.0181,0.2098
12,MobileNetV4 Temp Scaling (FL),0.02,0.0390,67484.00,0.2751,0.0001,0.0236,67484.00,0.2751,0.0001
12,MobileNetV4 Temp Scaling (FL),0.05,0.0390,53242.00,0.2162,0.0124,0.0324,53242.00,0.2162,0.0124
12,MobileNetV4 Temp Scaling (FL),0.08,0.0390,43351.00,0.1751,0.0236,0.0676,43351.00,0.1751,0.0236
12,MobileNetV4 Temp Scaling (FL),0.10,0.0390,37726.00,0.1516,0.0316,0.1255,37726.00,0.1516,0.0316
12,MobileNetV4 Temp Scaling (FL),0.15,0.0390,30668.00,0.1217,0.0490,0.1550,30668.00,0.1217,0.0490
12,MobileNetV4 Temp Scaling (FL),0.20,0.0390,21275.00,0.0813,0.0793,0.2007,21275.00,0.0813,0.0793
12,MobileNetV4 Temp Scaling (FL),0.30,0.0390,16750.00,0.0604,0.1144,0.2245,16750.00,0.0604,0.1144
12,MobileNetV4 Temp Scaling (FL),0.40,0.0390,12811.00,0.0423,0.1442,0.2301,12811.00,0.0423,0.1442
12,MobileNetV4 Temp Scaling (FL),0.50,0.0390,9578.00,0.0272,0.1719,0.1924,9578.00,0.0272,0.1719
12,MobileNetV4 Matrix Scaling (FL),0.02,0.0318,80455.00,0.3280,0.0000,0.0194,80455.00,0.3280,0.0000
12,MobileNetV4 Matrix Scaling (FL),0.05,0.0318,53906.00,0.2189,0.0125,0.0295,53906.00,0.2189,0.0125
12,MobileNetV4 Matrix Scaling (FL),0.08,0.0318,39533.00,0.1595,0.0241,0.0510,39533.00,0.1595,0.0241
12,MobileNetV4 Matrix Scaling (FL),0.10,0.0318,34239.00,0.1366,0.0428,0.0629,34239.00,0.1366,0.0428
12,MobileNetV4 Matrix Scaling (FL),0.15,0.0318,20918.00,0.0793,0.0873,0.0686,20918.00,0.0793,0.0873
12,MobileNetV4 Matrix Scaling (FL),0.20,0.0318,17577.00,0.0648,0.0998,0.0758,17577.00,0.0648,0.0998
12,MobileNetV4 Matrix Scaling (FL),0.30,0.0318,10990.00,0.0340,0.1577,0.0655,10990.00,0.0340,0.1577
12,MobileNetV4 Matrix Scaling (FL),0.40,0.0318,7676.00,0.0165,0.2150,0.0134,7676.00,0.0165,0.2150
12,MobileNetV4 Matrix Scaling (FL),0.50,0.0318,6902.00,0.0119,0.2367,0.0467,6902.00,0.0119,0.2367
13,SegFormer Base (CE),0.02,0.0125,21579.00,0.0826,0.0602,0.0023,21579.00,0.0826,0.0602
13,SegFormer Base (CE),0.05,0.0125,12407.00,0.0461,0.1486,0.0032,12407.00,0.0461,0.1486
13,SegFormer Base (CE),0.08,0.0125,7880.00,0.0276,0.2406,0.0069,7880.00,0.0276,0.2406
13,SegFormer Base (CE),0.10,0.0125,7224.00,0.0248,0.2647,0.0092,7224.00,0.0248,0.2647
13,SegFormer Base (CE),0.15,0.0125,4621.00,0.0128,0.4322,0.0102,4621.00,0.0128,0.4322
13,SegFormer Base (CE),0.20,0.0125,3636.00,0.0073,0.5751,0.0141,3636.00,0.0073,0.5751
13,SegFormer Base (CE),0.30,0.0125,3311.00,0.0048,0.6820,0.0238,3311.00,0.0048,0.6820
13,SegFormer Base (CE),0.40,0.0125,2491.00,0.0000,0.8213,0.0517,2491.00,0.0000,0.8213
13,SegFormer Base (CE),0.50,0.0125,2491.00,0.0000,0.8213,0.0517,2491.00,0.0000,0.8213
13,SegFormer Temp Scaling (CE),0.02,0.0034,11147.00,0.0411,0.1628,0.0273,11147.00,0.0411,0.1628
13,SegFormer Temp Scaling (CE),0.05,0.0034,7880.00,0.0276,0.2406,0.0207,7880.00,0.0276,0.2406
13,SegFormer Temp Scaling (CE),0.08,0.0034,7224.00,0.0248,0.2647,0.0187,7224.00,0.0248,0.2647
13,SegFormer Temp Scaling (CE),0.10,0.0034,6309.00,0.0208,0.3024,0.0260,6309.00,0.0208,0.3024
13,SegFormer Temp Scaling (CE),0.15,0.0034,4235.00,0.0105,0.4990,0.0218,4235.00,0.0105,0.4990
13,SegFormer Temp Scaling (CE),0.20,0.0034,3636.00,0.0073,0.5751,0.0121,3636.00,0.0073,0.5751
13,SegFormer Temp Scaling (CE),0.30,0.0034,3311.00,0.0048,0.6820,0.0291,3311.00,0.0048,0.6820
13,SegFormer Temp Scaling (CE),0.40,0.0034,2491.00,0.0000,0.8213,0.0280,2491.00,0.0000,0.8213
13,SegFormer Temp Scaling (CE),0.50,0.0034,2491.00,0.0000,0.8213,0.0280,2491.00,0.0000,0.8213
13,SegFormer Matrix Scaling (CE),0.02,0.0013,12407.00,0.0461,0.1486,0.0432,12407.00,0.0461,0.1486
13,SegFormer Matrix Scaling (CE),0.05,0.0013,7224.00,0.0248,0.2647,0.0558,7224.00,0.0248,0.2647
13,SegFormer Matrix Scaling (CE),0.08,0.0013,6309.00,0.0208,0.3024,0.0598,6309.00,0.0208,0.3024
13,SegFormer Matrix Scaling (CE),0.10,0.0013,4235.00,0.0105,0.4990,0.0589,4235.00,0.0105,0.4990
13,SegFormer Matrix Scaling (CE),0.15,0.0013,3636.00,0.0073,0.5751,0.0467,3636.00,0.0073,0.5751
13,SegFormer Matrix Scaling (CE),0.20,0.0013,3311.00,0.0048,0.6820,0.0298,3311.00,0.0048,0.6820
13,SegFormer Matrix Scaling (CE),0.30,0.0013,2491.00,0.0000,0.8213,0.0617,2491.00,0.0000,0.8213
13,SegFormer Matrix Scaling (CE),0.40,0.0013,2491.00,0.0000,0.8213,0.0617,2491.00,0.0000,0.8213
13,SegFormer Matrix Scaling (CE),0.50,0.0013,2491.00,0.0000,0.8213,0.0617,2491.00,0.0000,0.8213
13,SegFormer Base (FL),0.02,0.0650,259122.00,1.0000,0.0000,0.0634,259122.00,1.0000,0.0000
13,SegFormer Base (FL),0.05,0.0650,251907.00,0.9722,0.0000,0.0511,251907.00,0.9722,0.0000
13,SegFormer Base (FL),0.08,0.0650,60168.00,0.2319,0.0225,0.0710,60168.00,0.2319,0.0225
13,SegFormer Base (FL),0.10,0.0650,27110.00,0.1035,0.0927,0.0790,27110.00,0.1035,0.0927
13,SegFormer Base (FL),0.15,0.0650,9933.00,0.0357,0.2220,0.0475,9933.00,0.0357,0.2220
13,SegFormer Base (FL),0.20,0.0650,4621.00,0.0128,0.4322,0.0244,4621.00,0.0128,0.4322
13,SegFormer Base (FL),0.30,0.0650,3636.00,0.0073,0.5751,0.0221,3636.00,0.0073,0.5751
13,SegFormer Base (FL),0.40,0.0650,2491.00,0.0000,0.8213,0.1612,2491.00,0.0000,0.8213
13,SegFormer Base (FL),0.50,0.0650,2491.00,0.0000,0.8213,0.1612,2491.00,0.0000,0.8213
13,SegFormer Temp Scaling (FL),0.02,0.0042,18486.00,0.0701,0.1095,0.0108,18486.00,0.0701,0.1095
13,SegFormer Temp Scaling (FL),0.05,0.0042,10775.00,0.0397,0.1582,0.0228,10775.00,0.0397,0.1582
13,SegFormer Temp Scaling (FL),0.08,0.0042,7611.00,0.0264,0.2545,0.0175,7611.00,0.0264,0.2545
13,SegFormer Temp Scaling (FL),0.10,0.0042,7224.00,0.0248,0.2647,0.0190,7224.00,0.0248,0.2647
13,SegFormer Temp Scaling (FL),0.15,0.0042,4235.00,0.0105,0.4990,0.0165,4235.00,0.0105,0.4990
13,SegFormer Temp Scaling (FL),0.20,0.0042,3636.00,0.0073,0.5751,0.0117,3636.00,0.0073,0.5751
13,SegFormer Temp Scaling (FL),0.30,0.0042,2761.00,0.0018,0.7574,0.0500,2761.00,0.0018,0.7574
13,SegFormer Temp Scaling (FL),0.40,0.0042,2491.00,0.0000,0.8213,0.0684,2491.00,0.0000,0.8213
13,SegFormer Temp Scaling (FL),0.50,0.0042,2491.00,0.0000,0.8213,0.0684,2491.00,0.0000,0.8213
13,SegFormer Matrix Scaling (FL),0.02,0.0075,23941.00,0.0908,0.1324,0.0335,23941.00,0.0908,0.1324
13,SegFormer Matrix Scaling (FL),0.05,0.0075,7611.00,0.0264,0.2545,0.0936,7611.00,0.0264,0.2545
13,SegFormer Matrix Scaling (FL),0.08,0.0075,3685.00,0.0075,0.5745,0.2000,3685.00,0.0075,0.5745
13,SegFormer Matrix Scaling (FL),0.10,0.0075,3086.00,0.0043,0.6506,0.2211,3086.00,0.0043,0.6506
13,SegFormer Matrix Scaling (FL),0.15,0.0075,2491.00,0.0000,0.8213,0.2631,2491.00,0.0000,0.8213
13,SegFormer Matrix Scaling (FL),0.20,0.0075,2491.00,0.0000,0.8213,0.2631,2491.00,0.0000,0.8213
13,SegFormer Matrix Scaling (FL),0.30,0.0075,2491.00,0.0000,0.8213,0.2631,2491.00,0.0000,0.8213
13,SegFormer Matrix Scaling (FL),0.40,0.0075,2491.00,0.0000,0.8213,0.2631,2491.00,0.0000,0.8213
13,SegFormer Matrix Scaling (FL),0.50,0.0075,3022.00,0.0000,1.0000,0.0017,3022.00,0.0000,1.0000
13,MobileNetV4 Base (CE),0.02,0.0246,115612.00,0.4461,0.0050,0.0203,115612.00,0.4461,0.0050
13,MobileNetV4 Base (CE),0.05,0.0246,32661.00,0.1256,0.0424,0.0347,32661.00,0.1256,0.0424
13,MobileNetV4 Base (CE),0.08,0.0246,11015.00,0.0404,0.1817,0.0219,11015.00,0.0404,0.1817
13,MobileNetV4 Base (CE),0.10,0.0246,8643.00,0.0309,0.2134,0.0167,8643.00,0.0309,0.2134
13,MobileNetV4 Base (CE),0.15,0.0246,5535.00,0.0173,0.3478,0.0154,5535.00,0.0173,0.3478
13,MobileNetV4 Base (CE),0.20,0.0246,4235.00,0.0105,0.4990,0.0268,4235.00,0.0105,0.4990
13,MobileNetV4 Base (CE),0.30,0.0246,2491.00,0.0000,0.8213,0.1260,2491.00,0.0000,0.8213
13,MobileNetV4 Base (CE),0.40,0.0246,2491.00,0.0000,0.8213,0.1260,2491.00,0.0000,0.8213
13,MobileNetV4 Base (CE),0.50,0.0246,2491.00,0.0000,0.8213,0.1260,2491.00,0.0000,0.8213
13,MobileNetV4 Temp Scaling (CE),0.02,0.0043,21982.00,0.0843,0.0450,0.0067,21982.00,0.0843,0.0450
13,MobileNetV4 Temp Scaling (CE),0.05,0.0043,8643.00,0.0309,0.2134,0.0134,8643.00,0.0309,0.2134
13,MobileNetV4 Temp Scaling (CE),0.08,0.0043,8643.00,0.0309,0.2134,0.0134,8643.00,0.0309,0.2134
13,MobileNetV4 Temp Scaling (CE),0.10,0.0043,6309.00,0.0208,0.3024,0.0174,6309.00,0.0208,0.3024
13,MobileNetV4 Temp Scaling (CE),0.15,0.0043,5149.00,0.0150,0.4146,0.0124,5149.00,0.0150,0.4146
13,MobileNetV4 Temp Scaling (CE),0.20,0.0043,4235.00,0.0105,0.4990,0.0154,4235.00,0.0105,0.4990
13,MobileNetV4 Temp Scaling (CE),0.30,0.0043,2491.00,0.0000,0.8213,0.0697,2491.00,0.0000,0.8213
13,MobileNetV4 Temp Scaling (CE),0.40,0.0043,2491.00,0.0000,0.8213,0.0697,2491.00,0.0000,0.8213
13,MobileNetV4 Temp Scaling (CE),0.50,0.0043,2491.00,0.0000,0.8213,0.0697,2491.00,0.0000,0.8213
13,MobileNetV4 Matrix Scaling (CE),0.02,0.0132,54297.00,0.2093,0.0215,0.0115,54297.00,0.2093,0.0215
13,MobileNetV4 Matrix Scaling (CE),0.05,0.0132,11015.00,0.0404,0.1817,0.0192,11015.00,0.0404,0.1817
13,MobileNetV4 Matrix Scaling (CE),0.08,0.0132,6309.00,0.0208,0.3024,0.0476,6309.00,0.0208,0.3024
13,MobileNetV4 Matrix Scaling (CE),0.10,0.0132,5535.00,0.0173,0.3478,0.0541,5535.00,0.0173,0.3478
13,MobileNetV4 Matrix Scaling (CE),0.15,0.0132,4235.00,0.0105,0.4990,0.0594,4235.00,0.0105,0.4990
13,MobileNetV4 Matrix Scaling (CE),0.20,0.0132,2761.00,0.0018,0.7574,0.1194,2761.00,0.0018,0.7574
13,MobileNetV4 Matrix Scaling (CE),0.30,0.0132,2491.00,0.0000,0.8213,0.1485,2491.00,0.0000,0.8213
13,MobileNetV4 Matrix Scaling (CE),0.40,0.0132,2491.00,0.0000,0.8213,0.1485,2491.00,0.0000,0.8213
13,MobileNetV4 Matrix Scaling (CE),0.50,0.0132,2491.00,0.0000,0.8213,0.1485,2491.00,0.0000,0.8213
13,MobileNetV4 Base (FL),0.02,0.0662,243227.00,0.9386,0.0050,0.0306,243227.00,0.9386,0.0050
13,MobileNetV4 Base (FL),0.05,0.0662,104648.00,0.4037,0.0162,0.0641,104648.00,0.4037,0.0162
13,MobileNetV4 Base (FL),0.08,0.0662,88613.00,0.3416,0.0361,0.0737,88613.00,0.3416,0.0361
13,MobileNetV4 Base (FL),0.10,0.0662,69783.00,0.2688,0.0407,0.0908,69783.00,0.2688,0.0407
13,MobileNetV4 Base (FL),0.15,0.0662,29087.00,0.1104,0.1572,0.1056,29087.00,0.1104,0.1572
13,MobileNetV4 Base (FL),0.20,0.0662,13666.00,0.0491,0.3157,0.1286,13666.00,0.0491,0.3157
13,MobileNetV4 Base (FL),0.30,0.0662,3360.00,0.0050,0.6813,0.1496,3360.00,0.0050,0.6813
13,MobileNetV4 Base (FL),0.40,0.0662,2491.00,0.0000,0.8213,0.2084,2491.00,0.0000,0.8213
13,MobileNetV4 Base (FL),0.50,0.0662,2491.00,0.0000,0.8213,0.2084,2491.00,0.0000,0.8213
13,MobileNetV4 Temp Scaling (FL),0.02,0.0100,60981.00,0.2350,0.0248,0.0186,60981.00,0.2350,0.0248
13,MobileNetV4 Temp Scaling (FL),0.05,0.0100,25566.00,0.0977,0.0814,0.0394,25566.00,0.0977,0.0814
13,MobileNetV4 Temp Scaling (FL),0.08,0.0100,13359.00,0.0491,0.2068,0.0501,13359.00,0.0491,0.2068
13,MobileNetV4 Temp Scaling (FL),0.10,0.0100,11417.00,0.0415,0.2154,0.0504,11417.00,0.0415,0.2154
13,MobileNetV4 Temp Scaling (FL),0.15,0.0100,7342.00,0.0246,0.3180,0.0396,7342.00,0.0246,0.3180
13,MobileNetV4 Temp Scaling (FL),0.20,0.0100,4824.00,0.0125,0.5215,0.0248,4824.00,0.0125,0.5215
13,MobileNetV4 Temp Scaling (FL),0.30,0.0100,2761.00,0.0018,0.7574,0.0878,2761.00,0.0018,0.7574
13,MobileNetV4 Temp Scaling (FL),0.40,0.0100,2491.00,0.0000,0.8213,0.1099,2491.00,0.0000,0.8213
13,MobileNetV4 Temp Scaling (FL),0.50,0.0100,2491.00,0.0000,0.8213,0.1099,2491.00,0.0000,0.8213
13,MobileNetV4 Matrix Scaling (FL),0.02,0.0196,99169.00,0.3825,0.0202,0.0185,99169.00,0.3825,0.0202
13,MobileNetV4 Matrix Scaling (FL),0.05,0.0196,33931.00,0.1294,0.1327,0.0261,33931.00,0.1294,0.1327
13,MobileNetV4 Matrix Scaling (FL),0.08,0.0196,14498.00,0.0535,0.2068,0.0216,14498.00,0.0535,0.2068
13,MobileNetV4 Matrix Scaling (FL),0.10,0.0196,10407.00,0.0373,0.2459,0.0182,10407.00,0.0373,0.2459
13,MobileNetV4 Matrix Scaling (FL),0.15,0.0196,4274.00,0.0095,0.5970,0.0986,4274.00,0.0095,0.5970
13,MobileNetV4 Matrix Scaling (FL),0.20,0.0196,3360.00,0.0050,0.6813,0.1200,3360.00,0.0050,0.6813
13,MobileNetV4 Matrix Scaling (FL),0.30,0.0196,2491.00,0.0000,0.8213,0.2241,2491.00,0.0000,0.8213
13,MobileNetV4 Matrix Scaling (FL),0.40,0.0196,2491.00,0.0000,0.8213,0.2241,2491.00,0.0000,0.8213
13,MobileNetV4 Matrix Scaling (FL),0.50,0.0196,2491.00,0.0000,0.8213,0.2241,2491.00,0.0000,0.8213
14,SegFormer Base (CE),0.02,0.0251,208045.00,0.8029,0.0000,0.0192,208045.00,0.8029,0.0000
14,SegFormer Base (CE),0.05,0.0251,47051.00,0.1787,0.2465,0.0178,47051.00,0.1787,0.2465
14,SegFormer Base (CE),0.08,0.0251,20344.00,0.0721,0.5478,0.0137,20344.00,0.0721,0.5478
14,SegFormer Base (CE),0.10,0.0251,10735.00,0.0337,0.6642,0.0225,10735.00,0.0337,0.6642
14,SegFormer Base (CE),0.15,0.0251,5695.00,0.0123,0.8295,0.0419,5695.00,0.0123,0.8295
14,SegFormer Base (CE),0.20,0.0251,3014.00,0.0000,1.0000,0.0255,3014.00,0.0000,1.0000
14,SegFormer Base (CE),0.30,0.0251,3014.00,0.0000,1.0000,0.0255,3014.00,0.0000,1.0000
14,SegFormer Base (CE),0.40,0.0251,3014.00,0.0000,1.0000,0.0255,3014.00,0.0000,1.0000
14,SegFormer Base (CE),0.50,0.0251,3014.00,0.0000,1.0000,0.0255,3014.00,0.0000,1.0000
14,SegFormer Temp Scaling (CE),0.02,0.0045,21477.00,0.0781,0.4098,0.0341,21477.00,0.0781,0.4098
14,SegFormer Temp Scaling (CE),0.05,0.0045,10542.00,0.0338,0.5956,0.0537,10542.00,0.0338,0.5956
14,SegFormer Temp Scaling (CE),0.08,0.0045,6707.00,0.0166,0.7979,0.0142,6707.00,0.0166,0.7979
14,SegFormer Temp Scaling (CE),0.10,0.0045,4720.00,0.0080,0.8816,0.0142,4720.00,0.0080,0.8816
14,SegFormer Temp Scaling (CE),0.15,0.0045,3548.00,0.0026,0.9562,0.0122,3548.00,0.0026,0.9562
14,SegFormer Temp Scaling (CE),0.20,0.0045,3014.00,0.0000,1.0000,0.0040,3014.00,0.0000,1.0000
14,SegFormer Temp Scaling (CE),0.30,0.0045,3014.00,0.0000,1.0000,0.0040,3014.00,0.0000,1.0000
14,SegFormer Temp Scaling (CE),0.40,0.0045,3014.00,0.0000,1.0000,0.0040,3014.00,0.0000,1.0000
14,SegFormer Temp Scaling (CE),0.50,0.0045,3014.00,0.0000,1.0000,0.0040,3014.00,0.0000,1.0000
14,SegFormer Matrix Scaling (CE),0.02,0.0092,83744.00,0.3216,0.1337,0.0116,83744.00,0.3216,0.1337
14,SegFormer Matrix Scaling (CE),0.05,0.0092,24659.00,0.0893,0.5073,0.0233,24659.00,0.0893,0.5073
14,SegFormer Matrix Scaling (CE),0.08,0.0092,11911.00,0.0374,0.7399,0.0444,11911.00,0.0374,0.7399
14,SegFormer Matrix Scaling (CE),0.10,0.0092,9688.00,0.0279,0.8179,0.0587,9688.00,0.0279,0.8179
14,SegFormer Matrix Scaling (CE),0.15,0.0092,3989.00,0.0044,0.9479,0.0347,3989.00,0.0044,0.9479
14,SegFormer Matrix Scaling (CE),0.20,0.0092,3014.00,0.0000,1.0000,0.0102,3014.00,0.0000,1.0000
14,SegFormer Matrix Scaling (CE),0.30,0.0092,3014.00,0.0000,1.0000,0.0102,3014.00,0.0000,1.0000
14,SegFormer Matrix Scaling (CE),0.40,0.0092,3014.00,0.0000,1.0000,0.0102,3014.00,0.0000,1.0000
14,SegFormer Matrix Scaling (CE),0.50,0.0092,3014.00,0.0000,1.0000,0.0102,3014.00,0.0000,1.0000
14,SegFormer Base (FL),0.02,0.0696,259130.00,1.0000,0.0000,0.0694,259130.00,1.0000,0.0000
14,SegFormer Base (FL),0.05,0.0696,252322.00,0.9737,0.0000,0.0523,252322.00,0.9737,0.0000
14,SegFormer Base (FL),0.08,0.0696,95752.00,0.3683,0.1058,0.0684,95752.00,0.3683,0.1058
14,SegFormer Base (FL),0.10,0.0696,45889.00,0.1740,0.2638,0.0743,45889.00,0.1740,0.2638
14,SegFormer Base (FL),0.15,0.0696,11076.00,0.0361,0.5747,0.0667,11076.00,0.0361,0.5747
14,SegFormer Base (FL),0.20,0.0696,4947.00,0.0086,0.9041,0.1068,4947.00,0.0086,0.9041
14,SegFormer Base (FL),0.30,0.0696,3014.00,0.0000,1.0000,0.0694,3014.00,0.0000,1.0000
14,SegFormer Base (FL),0.40,0.0696,3014.00,0.0000,1.0000,0.0694,3014.00,0.0000,1.0000
14,SegFormer Base (FL),0.50,0.0696,3014.00,0.0000,1.0000,0.0694,3014.00,0.0000,1.0000
14,SegFormer Temp Scaling (FL),0.02,0.0048,51014.00,0.1946,0.1964,0.0023,51014.00,0.1946,0.1964
14,SegFormer Temp Scaling (FL),0.05,0.0048,18043.00,0.0646,0.4297,0.0120,18043.00,0.0646,0.4297
14,SegFormer Temp Scaling (FL),0.08,0.0048,10891.00,0.0350,0.6075,0.0236,10891.00,0.0350,0.6075
14,SegFormer Temp Scaling (FL),0.10,0.0048,7431.00,0.0197,0.7707,0.0220,7431.00,0.0197,0.7707
14,SegFormer Temp Scaling (FL),0.15,0.0048,4112.00,0.0047,0.9562,0.0831,4112.00,0.0047,0.9562
14,SegFormer Temp Scaling (FL),0.20,0.0048,3548.00,0.0026,0.9562,0.0304,3548.00,0.0026,0.9562
14,SegFormer Temp Scaling (FL),0.30,0.0048,3014.00,0.0000,1.0000,0.0048,3014.00,0.0000,1.0000
14,SegFormer Temp Scaling (FL),0.40,0.0048,3014.00,0.0000,1.0000,0.0048,3014.00,0.0000,1.0000
14,SegFormer Temp Scaling (FL),0.50,0.0048,3014.00,0.0000,1.0000,0.0048,3014.00,0.0000,1.0000
14,SegFormer Matrix Scaling (FL),0.02,0.0115,96845.00,0.3726,0.0969,0.0069,96845.00,0.3726,0.0969
14,SegFormer Matrix Scaling (FL),0.05,0.0115,30067.00,0.1105,0.4798,0.0253,30067.00,0.1105,0.4798
14,SegFormer Matrix Scaling (FL),0.08,0.0115,12726.00,0.0409,0.7084,0.0421,12726.00,0.0409,0.7084
14,SegFormer Matrix Scaling (FL),0.10,0.0115,9285.00,0.0272,0.7412,0.0451,9285.00,0.0272,0.7412
14,SegFormer Matrix Scaling (FL),0.15,0.0115,3938.00,0.0036,1.0000,0.1336,3938.00,0.0036,1.0000
14,SegFormer Matrix Scaling (FL),0.20,0.0115,3374.00,0.0014,1.0000,0.1163,3374.00,0.0014,1.0000
14,SegFormer Matrix Scaling (FL),0.30,0.0115,3014.00,0.0000,1.0000,0.0124,3014.00,0.0000,1.0000
14,SegFormer Matrix Scaling (FL),0.40,0.0115,3014.00,0.0000,1.0000,0.0124,3014.00,0.0000,1.0000
14,SegFormer Matrix Scaling (FL),0.50,0.0115,3014.00,0.0000,1.0000,0.0124,3014.00,0.0000,1.0000
14,MobileNetV4 Base (CE),0.02,0.0340,232835.00,0.8985,0.0000,0.0196,232835.00,0.8985,0.0000
14,MobileNetV4 Base (CE),0.05,0.0340,67121.00,0.2576,0.1267,0.0478,67121.00,0.2576,0.1267
14,MobileNetV4 Base (CE),0.08,0.0340,24872.00,0.0911,0.4180,0.0521,24872.00,0.0911,0.4180
14,MobileNetV4 Base (CE),0.10,0.0340,12776.00,0.0418,0.6447,0.0652,12776.00,0.0418,0.6447
14,MobileNetV4 Base (CE),0.15,0.0340,6729.00,0.0168,0.7863,0.0743,6729.00,0.0168,0.7863
14,MobileNetV4 Base (CE),0.20,0.0340,4824.00,0.0082,0.8958,0.0878,4824.00,0.0082,0.8958
14,MobileNetV4 Base (CE),0.30,0.0340,3014.00,0.0000,1.0000,0.0335,3014.00,0.0000,1.0000
14,MobileNetV4 Base (CE),0.40,0.0340,3014.00,0.0000,1.0000,0.0335,3014.00,0.0000,1.0000
14,MobileNetV4 Base (CE),0.50,0.0340,3014.00,0.0000,1.0000,0.0335,3014.00,0.0000,1.0000
14,MobileNetV4 Temp Scaling (CE),0.02,0.0068,56778.00,0.2175,0.1400,0.0212,56778.00,0.2175,0.1400
14,MobileNetV4 Temp Scaling (CE),0.05,0.0068,21807.00,0.0794,0.4048,0.0194,21807.00,0.0794,0.4048
14,MobileNetV4 Temp Scaling (CE),0.08,0.0068,9112.00,0.0269,0.7087,0.0447,9112.00,0.0269,0.7087
14,MobileNetV4 Temp Scaling (CE),0.10,0.0068,6729.00,0.0168,0.7863,0.0542,6729.00,0.0168,0.7863
14,MobileNetV4 Temp Scaling (CE),0.15,0.0068,6400.00,0.0146,0.8643,0.0842,6400.00,0.0146,0.8643
14,MobileNetV4 Temp Scaling (CE),0.20,0.0068,3184.00,0.0010,0.9672,0.0271,3184.00,0.0010,0.9672
14,MobileNetV4 Temp Scaling (CE),0.30,0.0068,3014.00,0.0000,1.0000,0.0062,3014.00,0.0000,1.0000
14,MobileNetV4 Temp Scaling (CE),0.40,0.0068,3014.00,0.0000,1.0000,0.0062,3014.00,0.0000,1.0000
14,MobileNetV4 Temp Scaling (CE),0.50,0.0068,3014.00,0.0000,1.0000,0.0062,3014.00,0.0000,1.0000
14,MobileNetV4 Matrix Scaling (CE),0.02,0.0204,141954.00,0.5476,0.0176,0.0163,141954.00,0.5476,0.0176
14,MobileNetV4 Matrix Scaling (CE),0.05,0.0204,41014.00,0.1558,0.2170,0.0315,41014.00,0.1558,0.2170
14,MobileNetV4 Matrix Scaling (CE),0.08,0.0204,14305.00,0.0474,0.6702,0.0517,14305.00,0.0474,0.6702
14,MobileNetV4 Matrix Scaling (CE),0.10,0.0204,8426.00,0.0241,0.7236,0.0473,8426.00,0.0241,0.7236
14,MobileNetV4 Matrix Scaling (CE),0.15,0.0204,5388.00,0.0104,0.8958,0.0781,5388.00,0.0104,0.8958
14,MobileNetV4 Matrix Scaling (CE),0.20,0.0204,4519.00,0.0068,0.9151,0.0735,4519.00,0.0068,0.9151
14,MobileNetV4 Matrix Scaling (CE),0.30,0.0204,3014.00,0.0000,1.0000,0.0205,3014.00,0.0000,1.0000
14,MobileNetV4 Matrix Scaling (CE),0.40,0.0204,3014.00,0.0000,1.0000,0.0205,3014.00,0.0000,1.0000
14,MobileNetV4 Matrix Scaling (CE),0.50,0.0204,3014.00,0.0000,1.0000,0.0205,3014.00,0.0000,1.0000
14,MobileNetV4 Base (FL),0.02,0.0685,259130.00,1.0000,0.0000,0.0682,259130.00,1.0000,0.0000
14,MobileNetV4 Base (FL),0.05,0.0685,191619.00,0.7393,0.0136,0.0480,191619.00,0.7393,0.0136
14,MobileNetV4 Base (FL),0.08,0.0685,89264.00,0.3437,0.0700,0.0833,89264.00,0.3437,0.0700
14,MobileNetV4 Base (FL),0.10,0.0685,55261.00,0.2111,0.1861,0.0874,55261.00,0.2111,0.1861
14,MobileNetV4 Base (FL),0.15,0.0685,20145.00,0.0721,0.4871,0.1138,20145.00,0.0721,0.4871
14,MobileNetV4 Base (FL),0.20,0.0685,10593.00,0.0341,0.5833,0.0924,10593.00,0.0341,0.5833
14,MobileNetV4 Base (FL),0.30,0.0685,3548.00,0.0026,0.9562,0.1175,3548.00,0.0026,0.9562
14,MobileNetV4 Base (FL),0.40,0.0685,3014.00,0.0000,1.0000,0.0682,3014.00,0.0000,1.0000
14,MobileNetV4 Base (FL),0.50,0.0685,3014.00,0.0000,1.0000,0.0682,3014.00,0.0000,1.0000
14,MobileNetV4 Temp Scaling (FL),0.02,0.0123,74113.00,0.2850,0.0843,0.0330,74113.00,0.2850,0.0843
14,MobileNetV4 Temp Scaling (FL),0.05,0.0123,32356.00,0.1221,0.2339,0.0339,32356.00,0.1221,0.2339
14,MobileNetV4 Temp Scaling (FL),0.08,0.0123,17860.00,0.0639,0.4343,0.0439,17860.00,0.0639,0.4343
14,MobileNetV4 Temp Scaling (FL),0.10,0.0123,13458.00,0.0455,0.5557,0.0510,13458.00,0.0455,0.5557
14,MobileNetV4 Temp Scaling (FL),0.15,0.0123,8636.00,0.0263,0.6022,0.0366,8636.00,0.0263,0.6022
14,MobileNetV4 Temp Scaling (FL),0.20,0.0123,6143.00,0.0144,0.7979,0.0709,6143.00,0.0144,0.7979
14,MobileNetV4 Temp Scaling (FL),0.30,0.0123,3548.00,0.0026,0.9562,0.0790,3548.00,0.0026,0.9562
14,MobileNetV4 Temp Scaling (FL),0.40,0.0123,3014.00,0.0000,1.0000,0.0126,3014.00,0.0000,1.0000
14,MobileNetV4 Temp Scaling (FL),0.50,0.0123,3014.00,0.0000,1.0000,0.0126,3014.00,0.0000,1.0000
14,MobileNetV4 Matrix Scaling (FL),0.02,0.0211,139211.00,0.5370,0.0219,0.0242,139211.00,0.5370,0.0219
14,MobileNetV4 Matrix Scaling (FL),0.05,0.0211,45182.00,0.1718,0.2223,0.0318,45182.00,0.1718,0.2223
14,MobileNetV4 Matrix Scaling (FL),0.08,0.0211,18386.00,0.0655,0.4691,0.0442,18386.00,0.0655,0.4691
14,MobileNetV4 Matrix Scaling (FL),0.10,0.0211,13896.00,0.0470,0.5660,0.0483,13896.00,0.0470,0.5660
14,MobileNetV4 Matrix Scaling (FL),0.15,0.0211,7628.00,0.0209,0.7322,0.0607,7628.00,0.0209,0.7322
14,MobileNetV4 Matrix Scaling (FL),0.20,0.0211,4523.00,0.0069,0.9041,0.0637,4523.00,0.0069,0.9041
14,MobileNetV4 Matrix Scaling (FL),0.30,0.0211,3014.00,0.0000,1.0000,0.0216,3014.00,0.0000,1.0000
14,MobileNetV4 Matrix Scaling (FL),0.40,0.0211,3014.00,0.0000,1.0000,0.0216,3014.00,0.0000,1.0000
14,MobileNetV4 Matrix Scaling (FL),0.50,0.0211,3014.00,0.0000,1.0000,0.0216,3014.00,0.0000,1.0000
15,SegFormer Base (CE),0.02,0.0273,238434.00,0.9171,0.0000,0.0192,238434.00,0.9171,0.0000
15,SegFormer Base (CE),0.05,0.0273,39281.00,0.1459,0.6191,0.0493,39281.00,0.1459,0.6191
15,SegFormer Base (CE),0.08,0.0273,10515.00,0.0339,0.7872,0.0418,10515.00,0.0339,0.7872
15,SegFormer Base (CE),0.10,0.0273,6891.00,0.0191,0.8876,0.0504,6891.00,0.0191,0.8876
15,SegFormer Base (CE),0.15,0.0273,2171.00,0.0000,1.0000,0.0277,2171.00,0.0000,1.0000
15,SegFormer Base (CE),0.20,0.0273,2171.00,0.0000,1.0000,0.0277,2171.00,0.0000,1.0000
15,SegFormer Base (CE),0.30,0.0273,2171.00,0.0000,1.0000,0.0277,2171.00,0.0000,1.0000
15,SegFormer Base (CE),0.40,0.0273,2171.00,0.0000,1.0000,0.0277,2171.00,0.0000,1.0000
15,SegFormer Base (CE),0.50,0.0273,2171.00,0.0000,1.0000,0.0277,2171.00,0.0000,1.0000
15,SegFormer Temp Scaling (CE),0.02,0.0036,13053.00,0.0442,0.7209,0.0097,13053.00,0.0442,0.7209
15,SegFormer Temp Scaling (CE),0.05,0.0036,5793.00,0.0150,0.8701,0.0069,5793.00,0.0150,0.8701
15,SegFormer Temp Scaling (CE),0.08,0.0036,2816.00,0.0028,0.9567,0.0040,2816.00,0.0028,0.9567
15,SegFormer Temp Scaling (CE),0.10,0.0036,2816.00,0.0028,0.9567,0.0040,2816.00,0.0028,0.9567
15,SegFormer Temp Scaling (CE),0.15,0.0036,2171.00,0.0000,1.0000,0.0035,2171.00,0.0000,1.0000
15,SegFormer Temp Scaling (CE),0.20,0.0036,2171.00,0.0000,1.0000,0.0035,2171.00,0.0000,1.0000
15,SegFormer Temp Scaling (CE),0.30,0.0036,2171.00,0.0000,1.0000,0.0035,2171.00,0.0000,1.0000
15,SegFormer Temp Scaling (CE),0.40,0.0036,2171.00,0.0000,1.0000,0.0035,2171.00,0.0000,1.0000
15,SegFormer Temp Scaling (CE),0.50,0.0036,2171.00,0.0000,1.0000,0.0035,2171.00,0.0000,1.0000
15,SegFormer Matrix Scaling (CE),0.02,0.0181,121781.00,0.4656,0.3422,0.0220,121781.00,0.4656,0.3422
15,SegFormer Matrix Scaling (CE),0.05,0.0181,39085.00,0.1448,0.6637,0.0524,39085.00,0.1448,0.6637
15,SegFormer Matrix Scaling (CE),0.08,0.0181,15225.00,0.0514,0.8637,0.0737,15225.00,0.0514,0.8637
15,SegFormer Matrix Scaling (CE),0.10,0.0181,5875.00,0.0147,0.9433,0.0819,5875.00,0.0147,0.9433
15,SegFormer Matrix Scaling (CE),0.15,0.0181,2171.00,0.0000,1.0000,0.0188,2171.00,0.0000,1.0000
15,SegFormer Matrix Scaling (CE),0.20,0.0181,2171.00,0.0000,1.0000,0.0188,2171.00,0.0000,1.0000
15,SegFormer Matrix Scaling (CE),0.30,0.0181,2171.00,0.0000,1.0000,0.0188,2171.00,0.0000,1.0000
15,SegFormer Matrix Scaling (CE),0.40,0.0181,2171.00,0.0000,1.0000,0.0188,2171.00,0.0000,1.0000
15,SegFormer Matrix Scaling (CE),0.50,0.0181,2171.00,0.0000,1.0000,0.0188,2171.00,0.0000,1.0000
15,SegFormer Base (FL),0.02,0.0592,259973.00,1.0000,0.0000,0.0592,259973.00,1.0000,0.0000
15,SegFormer Base (FL),0.05,0.0592,229756.00,0.8836,0.0198,0.0444,229756.00,0.8836,0.0198
15,SegFormer Base (FL),0.08,0.0592,45426.00,0.1701,0.5514,0.0747,45426.00,0.1701,0.5514
15,SegFormer Base (FL),0.10,0.0592,15666.00,0.0543,0.7107,0.0816,15666.00,0.0543,0.7107
15,SegFormer Base (FL),0.15,0.0592,4826.00,0.0112,0.8871,0.0979,4826.00,0.0112,0.8871
15,SegFormer Base (FL),0.20,0.0592,2816.00,0.0028,0.9567,0.0843,2816.00,0.0028,0.9567
15,SegFormer Base (FL),0.30,0.0592,2171.00,0.0000,1.0000,0.0592,2171.00,0.0000,1.0000
15,SegFormer Base (FL),0.40,0.0592,2171.00,0.0000,1.0000,0.0592,2171.00,0.0000,1.0000
15,SegFormer Base (FL),0.50,0.0592,2171.00,0.0000,1.0000,0.0592,2171.00,0.0000,1.0000
15,SegFormer Temp Scaling (FL),0.02,0.0010,20007.00,0.0715,0.6550,0.0011,20007.00,0.0715,0.6550
15,SegFormer Temp Scaling (FL),0.05,0.0010,7317.00,0.0212,0.8356,0.0343,7317.00,0.0212,0.8356
15,SegFormer Temp Scaling (FL),0.08,0.0010,4826.00,0.0112,0.8871,0.0444,4826.00,0.0112,0.8871
15,SegFormer Temp Scaling (FL),0.10,0.0010,4826.00,0.0112,0.8871,0.0444,4826.00,0.0112,0.8871
15,SegFormer Temp Scaling (FL),0.15,0.0010,2816.00,0.0028,0.9567,0.0312,2816.00,0.0028,0.9567
15,SegFormer Temp Scaling (FL),0.20,0.0010,2171.00,0.0000,1.0000,0.0012,2171.00,0.0000,1.0000
15,SegFormer Temp Scaling (FL),0.30,0.0010,2171.00,0.0000,1.0000,0.0012,2171.00,0.0000,1.0000
15,SegFormer Temp Scaling (FL),0.40,0.0010,2171.00,0.0000,1.0000,0.0012,2171.00,0.0000,1.0000
15,SegFormer Temp Scaling (FL),0.50,0.0010,2171.00,0.0000,1.0000,0.0012,2171.00,0.0000,1.0000
15,SegFormer Matrix Scaling (FL),0.02,0.0179,118538.00,0.4528,0.3805,0.0212,118538.00,0.4528,0.3805
15,SegFormer Matrix Scaling (FL),0.05,0.0179,36653.00,0.1353,0.6799,0.0490,36653.00,0.1353,0.6799
15,SegFormer Matrix Scaling (FL),0.08,0.0179,11499.00,0.0374,0.8213,0.0708,11499.00,0.0374,0.8213
15,SegFormer Matrix Scaling (FL),0.10,0.0179,7027.00,0.0199,0.8508,0.0618,7027.00,0.0199,0.8508
15,SegFormer Matrix Scaling (FL),0.15,0.0179,3233.00,0.0045,0.9489,0.0452,3233.00,0.0045,0.9489
15,SegFormer Matrix Scaling (FL),0.20,0.0179,2171.00,0.0000,1.0000,0.0185,2171.00,0.0000,1.0000
15,SegFormer Matrix Scaling (FL),0.30,0.0179,2171.00,0.0000,1.0000,0.0185,2171.00,0.0000,1.0000
15,SegFormer Matrix Scaling (FL),0.40,0.0179,2171.00,0.0000,1.0000,0.0185,2171.00,0.0000,1.0000
15,SegFormer Matrix Scaling (FL),0.50,0.0179,2171.00,0.0000,1.0000,0.0185,2171.00,0.0000,1.0000
15,MobileNetV4 Base (CE),0.02,0.0321,247544.00,0.9522,0.0000,0.0187,247544.00,0.9522,0.0000
15,MobileNetV4 Base (CE),0.05,0.0321,55064.00,0.2082,0.4367,0.0419,55064.00,0.2082,0.4367
15,MobileNetV4 Base (CE),0.08,0.0321,14954.00,0.0514,0.7324,0.0569,14954.00,0.0514,0.7324
15,MobileNetV4 Base (CE),0.10,0.0321,7725.00,0.0225,0.8618,0.0828,7725.00,0.0225,0.8618
15,MobileNetV4 Base (CE),0.15,0.0321,3233.00,0.0045,0.9489,0.0631,3233.00,0.0045,0.9489
15,MobileNetV4 Base (CE),0.20,0.0321,2171.00,0.0000,1.0000,0.0322,2171.00,0.0000,1.0000
15,MobileNetV4 Base (CE),0.30,0.0321,2171.00,0.0000,1.0000,0.0322,2171.00,0.0000,1.0000
15,MobileNetV4 Base (CE),0.40,0.0321,2171.00,0.0000,1.0000,0.0322,2171.00,0.0000,1.0000
15,MobileNetV4 Base (CE),0.50,0.0321,2171.00,0.0000,1.0000,0.0322,2171.00,0.0000,1.0000
15,MobileNetV4 Temp Scaling (CE),0.02,0.0059,45656.00,0.1720,0.4376,0.0062,45656.00,0.1720,0.4376
15,MobileNetV4 Temp Scaling (CE),0.05,0.0059,12573.00,0.0421,0.7517,0.0312,12573.00,0.0421,0.7517
15,MobileNetV4 Temp Scaling (CE),0.08,0.0059,4826.00,0.0112,0.8871,0.0449,4826.00,0.0112,0.8871
15,MobileNetV4 Temp Scaling (CE),0.10,0.0059,4826.00,0.0112,0.8871,0.0449,4826.00,0.0112,0.8871
15,MobileNetV4 Temp Scaling (CE),0.15,0.0059,3233.00,0.0045,0.9489,0.0354,3233.00,0.0045,0.9489
15,MobileNetV4 Temp Scaling (CE),0.20,0.0059,2171.00,0.0000,1.0000,0.0061,2171.00,0.0000,1.0000
15,MobileNetV4 Temp Scaling (CE),0.30,0.0059,2171.00,0.0000,1.0000,0.0061,2171.00,0.0000,1.0000
15,MobileNetV4 Temp Scaling (CE),0.40,0.0059,2171.00,0.0000,1.0000,0.0061,2171.00,0.0000,1.0000
15,MobileNetV4 Temp Scaling (CE),0.50,0.0059,2171.00,0.0000,1.0000,0.0061,2171.00,0.0000,1.0000
15,MobileNetV4 Matrix Scaling (CE),0.02,0.0237,167953.00,0.6447,0.1640,0.0153,167953.00,0.6447,0.1640
15,MobileNetV4 Matrix Scaling (CE),0.05,0.0237,43177.00,0.1616,0.5408,0.0456,43177.00,0.1616,0.5408
15,MobileNetV4 Matrix Scaling (CE),0.08,0.0237,13392.00,0.0453,0.7411,0.0476,13392.00,0.0453,0.7411
15,MobileNetV4 Matrix Scaling (CE),0.10,0.0237,5296.00,0.0130,0.8871,0.0672,5296.00,0.0130,0.8871
15,MobileNetV4 Matrix Scaling (CE),0.15,0.0237,3703.00,0.0063,0.9489,0.0891,3703.00,0.0063,0.9489
15,MobileNetV4 Matrix Scaling (CE),0.20,0.0237,2171.00,0.0000,1.0000,0.0241,2171.00,0.0000,1.0000
15,MobileNetV4 Matrix Scaling (CE),0.30,0.0237,2171.00,0.0000,1.0000,0.0241,2171.00,0.0000,1.0000
15,MobileNetV4 Matrix Scaling (CE),0.40,0.0237,2171.00,0.0000,1.0000,0.0241,2171.00,0.0000,1.0000
15,MobileNetV4 Matrix Scaling (CE),0.50,0.0237,2171.00,0.0000,1.0000,0.0241,2171.00,0.0000,1.0000
15,MobileNetV4 Base (FL),0.02,0.0658,259973.00,1.0000,0.0000,0.0666,259973.00,1.0000,0.0000
15,MobileNetV4 Base (FL),0.05,0.0658,208645.00,0.8025,0.0083,0.0459,208645.00,0.8025,0.0083
15,MobileNetV4 Base (FL),0.08,0.0658,82953.00,0.3162,0.3496,0.0794,82953.00,0.3162,0.3496
15,MobileNetV4 Base (FL),0.10,0.0658,41972.00,0.1562,0.6228,0.0975,41972.00,0.1562,0.6228
15,MobileNetV4 Base (FL),0.15,0.0658,10372.00,0.0325,0.8853,0.1468,10372.00,0.0325,0.8853
15,MobileNetV4 Base (FL),0.20,0.0658,4723.00,0.0104,0.9286,0.1678,4723.00,0.0104,0.9286
15,MobileNetV4 Base (FL),0.30,0.0658,3233.00,0.0045,0.9489,0.1468,3233.00,0.0045,0.9489
15,MobileNetV4 Base (FL),0.40,0.0658,2171.00,0.0000,1.0000,0.0666,2171.00,0.0000,1.0000
15,MobileNetV4 Base (FL),0.50,0.0658,2171.00,0.0000,1.0000,0.0666,2171.00,0.0000,1.0000
15,MobileNetV4 Temp Scaling (FL),0.02,0.0101,75771.00,0.2880,0.4086,0.0176,75771.00,0.2880,0.4086
15,MobileNetV4 Temp Scaling (FL),0.05,0.0101,20669.00,0.0736,0.7043,0.0469,20669.00,0.0736,0.7043
15,MobileNetV4 Temp Scaling (FL),0.08,0.0101,10094.00,0.0322,0.7932,0.0810,10094.00,0.0322,0.7932
15,MobileNetV4 Temp Scaling (FL),0.10,0.0101,7233.00,0.0206,0.8660,0.0994,7233.00,0.0206,0.8660
15,MobileNetV4 Temp Scaling (FL),0.15,0.0101,4253.00,0.0086,0.9286,0.1247,4253.00,0.0086,0.9286
15,MobileNetV4 Temp Scaling (FL),0.20,0.0101,4253.00,0.0086,0.9286,0.1247,4253.00,0.0086,0.9286
15,MobileNetV4 Temp Scaling (FL),0.30,0.0101,2171.00,0.0000,1.0000,0.0111,2171.00,0.0000,1.0000
15,MobileNetV4 Temp Scaling (FL),0.40,0.0101,2171.00,0.0000,1.0000,0.0111,2171.00,0.0000,1.0000
15,MobileNetV4 Temp Scaling (FL),0.50,0.0101,2171.00,0.0000,1.0000,0.0111,2171.00,0.0000,1.0000
15,MobileNetV4 Matrix Scaling (FL),0.02,0.0241,145909.00,0.5599,0.1603,0.0144,145909.00,0.5599,0.1603
15,MobileNetV4 Matrix Scaling (FL),0.05,0.0241,51018.00,0.1913,0.5970,0.0516,51018.00,0.1913,0.5970
15,MobileNetV4 Matrix Scaling (FL),0.08,0.0241,16936.00,0.0585,0.7992,0.0838,16936.00,0.0585,0.7992
15,MobileNetV4 Matrix Scaling (FL),0.10,0.0241,9787.00,0.0303,0.8816,0.0994,9787.00,0.0303,0.8816
15,MobileNetV4 Matrix Scaling (FL),0.15,0.0241,4723.00,0.0104,0.9286,0.1276,4723.00,0.0104,0.9286
15,MobileNetV4 Matrix Scaling (FL),0.20,0.0241,3233.00,0.0045,0.9489,0.0952,3233.00,0.0045,0.9489
15,MobileNetV4 Matrix Scaling (FL),0.30,0.0241,2171.00,0.0000,1.0000,0.0252,2171.00,0.0000,1.0000
15,MobileNetV4 Matrix Scaling (FL),0.40,0.0241,2171.00,0.0000,1.0000,0.0252,2171.00,0.0000,1.0000
15,MobileNetV4 Matrix Scaling (FL),0.50,0.0241,2171.00,0.0000,1.0000,0.0252,2171.00,0.0000,1.0000
16,SegFormer Base (CE),0.02,0.0300,234611.00,0.9065,0.0027,0.0188,234611.00,0.9065,0.0027
16,SegFormer Base (CE),0.05,0.0300,34248.00,0.1298,0.1944,0.0456,34248.00,0.1298,0.1944
16,SegFormer Base (CE),0.08,0.0300,10639.00,0.0376,0.2700,0.0462,10639.00,0.0376,0.2700
16,SegFormer Base (CE),0.10,0.0300,6465.00,0.0199,0.3906,0.0781,6465.00,0.0199,0.3906
16,SegFormer Base (CE),0.15,0.0300,5170.00,0.0144,0.4321,0.1017,5170.00,0.0144,0.4321
16,SegFormer Base (CE),0.20,0.0300,4291.00,0.0076,0.6977,0.0825,4291.00,0.0076,0.6977
16,SegFormer Base (CE),0.30,0.0300,3344.00,0.0000,1.0000,0.0253,3344.00,0.0000,1.0000
16,SegFormer Base (CE),0.40,0.0300,3344.00,0.0000,1.0000,0.0253,3344.00,0.0000,1.0000
16,SegFormer Base (CE),0.50,0.0300,3344.00,0.0000,1.0000,0.0253,3344.00,0.0000,1.0000
16,SegFormer Temp Scaling (CE),0.02,0.0055,11505.00,0.0413,0.2404,0.0623,11505.00,0.0413,0.2404
16,SegFormer Temp Scaling (CE),0.05,0.0055,6590.00,0.0211,0.3352,0.1072,6590.00,0.0211,0.3352
16,SegFormer Temp Scaling (CE),0.08,0.0055,5170.00,0.0144,0.4321,0.1220,5170.00,0.0144,0.4321
16,SegFormer Temp Scaling (CE),0.10,0.0055,4876.00,0.0126,0.4862,0.1026,4876.00,0.0126,0.4862
16,SegFormer Temp Scaling (CE),0.15,0.0055,4291.00,0.0076,0.6977,0.0820,4291.00,0.0076,0.6977
16,SegFormer Temp Scaling (CE),0.20,0.0055,3964.00,0.0048,0.8116,0.0674,3964.00,0.0048,0.8116
16,SegFormer Temp Scaling (CE),0.30,0.0055,3344.00,0.0000,1.0000,0.0051,3344.00,0.0000,1.0000
16,SegFormer Temp Scaling (CE),0.40,0.0055,3344.00,0.0000,1.0000,0.0051,3344.00,0.0000,1.0000
16,SegFormer Temp Scaling (CE),0.50,0.0055,3344.00,0.0000,1.0000,0.0051,3344.00,0.0000,1.0000
16,SegFormer Matrix Scaling (CE),0.02,0.0201,131384.00,0.5069,0.0604,0.0125,131384.00,0.5069,0.0604
16,SegFormer Matrix Scaling (CE),0.05,0.0201,31009.00,0.1171,0.2141,0.0459,31009.00,0.1171,0.2141
16,SegFormer Matrix Scaling (CE),0.08,0.0201,13883.00,0.0493,0.3370,0.0472,13883.00,0.0493,0.3370
16,SegFormer Matrix Scaling (CE),0.10,0.0201,8895.00,0.0296,0.3660,0.0151,8895.00,0.0296,0.3660
16,SegFormer Matrix Scaling (CE),0.15,0.0201,4585.00,0.0094,0.6435,0.1226,4585.00,0.0094,0.6435
16,SegFormer Matrix Scaling (CE),0.20,0.0201,3445.00,0.0014,0.9211,0.1147,3445.00,0.0014,0.9211
16,SegFormer Matrix Scaling (CE),0.30,0.0201,3344.00,0.0000,1.0000,0.0167,3344.00,0.0000,1.0000
16,SegFormer Matrix Scaling (CE),0.40,0.0201,3344.00,0.0000,1.0000,0.0167,3344.00,0.0000,1.0000
16,SegFormer Matrix Scaling (CE),0.50,0.0201,3344.00,0.0000,1.0000,0.0167,3344.00,0.0000,1.0000
16,SegFormer Base (FL),0.02,0.0546,258800.00,1.0000,0.0000,0.0531,258800.00,1.0000,0.0000
16,SegFormer Base (FL),0.05,0.0546,177611.00,0.6859,0.0308,0.0494,177611.00,0.6859,0.0308
16,SegFormer Base (FL),0.08,0.0546,36016.00,0.1377,0.1115,0.0571,36016.00,0.1377,0.1115
16,SegFormer Base (FL),0.10,0.0546,16277.00,0.0600,0.2222,0.0515,16277.00,0.0600,0.2222
16,SegFormer Base (FL),0.15,0.0546,5661.00,0.0169,0.3822,0.0531,5661.00,0.0169,0.3822
16,SegFormer Base (FL),0.20,0.0546,5170.00,0.0144,0.4321,0.0519,5170.00,0.0144,0.4321
16,SegFormer Base (FL),0.30,0.0546,4216.00,0.0071,0.7081,0.0315,4216.00,0.0071,0.7081
16,SegFormer Base (FL),0.40,0.0546,3344.00,0.0000,1.0000,0.0531,3344.00,0.0000,1.0000
16,SegFormer Base (FL),0.50,0.0546,3344.00,0.0000,1.0000,0.0531,3344.00,0.0000,1.0000
16,SegFormer Temp Scaling (FL),0.02,0.0034,25297.00,0.0956,0.1663,0.0039,25297.00,0.0956,0.1663
16,SegFormer Temp Scaling (FL),0.05,0.0034,8751.00,0.0304,0.2641,0.0519,8751.00,0.0304,0.2641
16,SegFormer Temp Scaling (FL),0.08,0.0034,6099.00,0.0186,0.3852,0.0564,6099.00,0.0186,0.3852
16,SegFormer Temp Scaling (FL),0.10,0.0034,5170.00,0.0144,0.4321,0.0602,5170.00,0.0144,0.4321
16,SegFormer Temp Scaling (FL),0.15,0.0034,5170.00,0.0144,0.4321,0.0602,5170.00,0.0144,0.4321
16,SegFormer Temp Scaling (FL),0.20,0.0034,4876.00,0.0126,0.4862,0.0397,4876.00,0.0126,0.4862
16,SegFormer Temp Scaling (FL),0.30,0.0034,4216.00,0.0071,0.7081,0.0243,4216.00,0.0071,0.7081
16,SegFormer Temp Scaling (FL),0.40,0.0034,3344.00,0.0000,1.0000,0.0006,3344.00,0.0000,1.0000
16,SegFormer Temp Scaling (FL),0.50,0.0034,3344.00,0.0000,1.0000,0.0006,3344.00,0.0000,1.0000
16,SegFormer Matrix Scaling (FL),0.02,0.0182,121782.00,0.4699,0.0481,0.0170,121782.00,0.4699,0.0481
16,SegFormer Matrix Scaling (FL),0.05,0.0182,25844.00,0.0961,0.2901,0.0508,25844.00,0.0961,0.2901
16,SegFormer Matrix Scaling (FL),0.08,0.0182,9606.00,0.0324,0.3660,0.0356,9606.00,0.0324,0.3660
16,SegFormer Matrix Scaling (FL),0.10,0.0182,6982.00,0.0217,0.4076,0.0321,6982.00,0.0217,0.4076
16,SegFormer Matrix Scaling (FL),0.15,0.0182,5557.00,0.0159,0.4312,0.0715,5557.00,0.0159,0.4312
16,SegFormer Matrix Scaling (FL),0.20,0.0182,3671.00,0.0027,0.8861,0.0775,3671.00,0.0027,0.8861
16,SegFormer Matrix Scaling (FL),0.30,0.0182,3344.00,0.0000,1.0000,0.0144,3344.00,0.0000,1.0000
16,SegFormer Matrix Scaling (FL),0.40,0.0182,3344.00,0.0000,1.0000,0.0144,3344.00,0.0000,1.0000
16,SegFormer Matrix Scaling (FL),0.50,0.0182,3344.00,0.0000,1.0000,0.0144,3344.00,0.0000,1.0000
16,MobileNetV4 Base (CE),0.02,0.0342,253431.00,0.9793,0.0000,0.0203,253431.00,0.9793,0.0000
16,MobileNetV4 Base (CE),0.05,0.0342,49833.00,0.1911,0.1092,0.0431,49833.00,0.1911,0.1092
16,MobileNetV4 Base (CE),0.08,0.0342,15047.00,0.0552,0.2303,0.0629,15047.00,0.0552,0.2303
16,MobileNetV4 Base (CE),0.10,0.0342,13495.00,0.0489,0.2476,0.0694,13495.00,0.0489,0.2476
16,MobileNetV4 Base (CE),0.15,0.0342,5170.00,0.0144,0.4321,0.0559,5170.00,0.0144,0.4321
16,MobileNetV4 Base (CE),0.20,0.0342,5170.00,0.0144,0.4321,0.0559,5170.00,0.0144,0.4321
16,MobileNetV4 Base (CE),0.30,0.0342,4357.00,0.0091,0.5957,0.0510,4357.00,0.0091,0.5957
16,MobileNetV4 Base (CE),0.40,0.0342,3344.00,0.0000,1.0000,0.0330,3344.00,0.0000,1.0000
16,MobileNetV4 Base (CE),0.50,0.0342,3344.00,0.0000,1.0000,0.0330,3344.00,0.0000,1.0000
16,MobileNetV4 Temp Scaling (CE),0.02,0.0081,40876.00,0.1565,0.1094,0.0187,40876.00,0.1565,0.1094
16,MobileNetV4 Temp Scaling (CE),0.05,0.0081,15894.00,0.0586,0.2189,0.0351,15894.00,0.0586,0.2189
16,MobileNetV4 Temp Scaling (CE),0.08,0.0081,10699.00,0.0379,0.2641,0.0271,10699.00,0.0379,0.2641
16,MobileNetV4 Temp Scaling (CE),0.10,0.0081,8413.00,0.0275,0.3906,0.0261,8413.00,0.0275,0.3906
16,MobileNetV4 Temp Scaling (CE),0.15,0.0081,5170.00,0.0144,0.4321,0.0594,5170.00,0.0144,0.4321
16,MobileNetV4 Temp Scaling (CE),0.20,0.0081,4876.00,0.0126,0.4862,0.0448,4876.00,0.0126,0.4862
16,MobileNetV4 Temp Scaling (CE),0.30,0.0081,4216.00,0.0071,0.7081,0.0310,4216.00,0.0071,0.7081
16,MobileNetV4 Temp Scaling (CE),0.40,0.0081,3344.00,0.0000,1.0000,0.0071,3344.00,0.0000,1.0000
16,MobileNetV4 Temp Scaling (CE),0.50,0.0081,3344.00,0.0000,1.0000,0.0071,3344.00,0.0000,1.0000
16,MobileNetV4 Matrix Scaling (CE),0.02,0.0260,174396.00,0.6735,0.0248,0.0155,174396.00,0.6735,0.0248
16,MobileNetV4 Matrix Scaling (CE),0.05,0.0260,37515.00,0.1432,0.1352,0.0259,37515.00,0.1432,0.1352
16,MobileNetV4 Matrix Scaling (CE),0.08,0.0260,10655.00,0.0367,0.3427,0.0794,10655.00,0.0367,0.3427
16,MobileNetV4 Matrix Scaling (CE),0.10,0.0260,8894.00,0.0293,0.3897,0.0885,8894.00,0.0293,0.3897
16,MobileNetV4 Matrix Scaling (CE),0.15,0.0260,5170.00,0.0144,0.4321,0.0849,5170.00,0.0144,0.4321
16,MobileNetV4 Matrix Scaling (CE),0.20,0.0260,5170.00,0.0144,0.4321,0.0849,5170.00,0.0144,0.4321
16,MobileNetV4 Matrix Scaling (CE),0.30,0.0260,3671.00,0.0027,0.8861,0.0263,3671.00,0.0027,0.8861
16,MobileNetV4 Matrix Scaling (CE),0.40,0.0260,3344.00,0.0000,1.0000,0.0236,3344.00,0.0000,1.0000
16,MobileNetV4 Matrix Scaling (CE),0.50,0.0260,3344.00,0.0000,1.0000,0.0236,3344.00,0.0000,1.0000
16,MobileNetV4 Base (FL),0.02,0.0659,258800.00,1.0000,0.0000,0.0662,258800.00,1.0000,0.0000
16,MobileNetV4 Base (FL),0.05,0.0659,205527.00,0.7941,0.0006,0.0471,205527.00,0.7941,0.0006
16,MobileNetV4 Base (FL),0.08,0.0659,67872.00,0.2609,0.1074,0.0868,67872.00,0.2609,0.1074
16,MobileNetV4 Base (FL),0.10,0.0659,41236.00,0.1573,0.1609,0.0924,41236.00,0.1573,0.1609
16,MobileNetV4 Base (FL),0.15,0.0659,13540.00,0.0489,0.2638,0.0977,13540.00,0.0489,0.2638
16,MobileNetV4 Base (FL),0.20,0.0659,8800.00,0.0290,0.3897,0.0814,8800.00,0.0290,0.3897
16,MobileNetV4 Base (FL),0.30,0.0659,5263.00,0.0141,0.4853,0.0871,5263.00,0.0141,0.4853
16,MobileNetV4 Base (FL),0.40,0.0659,3671.00,0.0027,0.8861,0.0783,3671.00,0.0027,0.8861
16,MobileNetV4 Base (FL),0.50,0.0659,3344.00,0.0000,1.0000,0.0662,3344.00,0.0000,1.0000
16,MobileNetV4 Temp Scaling (FL),0.02,0.0146,56298.00,0.2162,0.1062,0.0284,56298.00,0.2162,0.1062
16,MobileNetV4 Temp Scaling (FL),0.05,0.0146,28165.00,0.1067,0.1672,0.0466,28165.00,0.1067,0.1672
16,MobileNetV4 Temp Scaling (FL),0.08,0.0146,15216.00,0.0554,0.2638,0.0720,15216.00,0.0554,0.2638
16,MobileNetV4 Temp Scaling (FL),0.10,0.0146,11723.00,0.0412,0.3137,0.0750,11723.00,0.0412,0.3137
16,MobileNetV4 Temp Scaling (FL),0.15,0.0146,8894.00,0.0293,0.3897,0.0416,8894.00,0.0293,0.3897
16,MobileNetV4 Temp Scaling (FL),0.20,0.0146,5557.00,0.0159,0.4312,0.1166,5557.00,0.0159,0.4312
16,MobileNetV4 Temp Scaling (FL),0.30,0.0146,5021.00,0.0107,0.6767,0.1387,5021.00,0.0107,0.6767
16,MobileNetV4 Temp Scaling (FL),0.40,0.0146,3671.00,0.0027,0.8861,0.0648,3671.00,0.0027,0.8861
16,MobileNetV4 Temp Scaling (FL),0.50,0.0146,3344.00,0.0000,1.0000,0.0124,3344.00,0.0000,1.0000
16,MobileNetV4 Matrix Scaling (FL),0.02,0.0262,144751.00,0.5589,0.0296,0.0150,144751.00,0.5589,0.0296
16,MobileNetV4 Matrix Scaling (FL),0.05,0.0262,47323.00,0.1808,0.1555,0.0428,47323.00,0.1808,0.1555
16,MobileNetV4 Matrix Scaling (FL),0.08,0.0262,23472.00,0.0872,0.2736,0.0527,23472.00,0.0872,0.2736
16,MobileNetV4 Matrix Scaling (FL),0.10,0.0262,11812.00,0.0416,0.3137,0.0681,11812.00,0.0416,0.3137
16,MobileNetV4 Matrix Scaling (FL),0.15,0.0262,7968.00,0.0258,0.3897,0.0180,7968.00,0.0258,0.3897
16,MobileNetV4 Matrix Scaling (FL),0.20,0.0262,5263.00,0.0141,0.4853,0.1641,5263.00,0.0141,0.4853
16,MobileNetV4 Matrix Scaling (FL),0.30,0.0262,4058.00,0.0042,0.8852,0.1241,4058.00,0.0042,0.8852
16,MobileNetV4 Matrix Scaling (FL),0.40,0.0262,3344.00,0.0000,1.0000,0.0236,3344.00,0.0000,1.0000
16,MobileNetV4 Matrix Scaling (FL),0.50,0.0262,3344.00,0.0000,1.0000,0.0236,3344.00,0.0000,1.0000
17,SegFormer Base (CE),0.02,0.0322,240640.00,0.9330,0.0000,0.0194,240640.00,0.9330,0.0000
17,SegFormer Base (CE),0.05,0.0322,37428.00,0.1438,0.0781,0.0539,37428.00,0.1438,0.0781
17,SegFormer Base (CE),0.08,0.0322,9374.00,0.0346,0.1093,0.0414,9374.00,0.0346,0.1093
17,SegFormer Base (CE),0.10,0.0322,8737.00,0.0321,0.1095,0.0435,8737.00,0.0321,0.1095
17,SegFormer Base (CE),0.15,0.0322,4458.00,0.0139,0.2047,0.0409,4458.00,0.0139,0.2047
17,SegFormer Base (CE),0.20,0.0322,3253.00,0.0077,0.2963,0.0574,3253.00,0.0077,0.2963
17,SegFormer Base (CE),0.30,0.0322,2539.00,0.0030,0.4138,0.0668,2539.00,0.0030,0.4138
17,SegFormer Base (CE),0.40,0.0322,2539.00,0.0030,0.4138,0.0668,2539.00,0.0030,0.4138
17,SegFormer Base (CE),0.50,0.0322,2460.00,0.0011,0.5118,0.0819,2460.00,0.0011,0.5118
17,SegFormer Temp Scaling (CE),0.02,0.0023,11577.00,0.0432,0.1015,0.0170,11577.00,0.0432,0.1015
17,SegFormer Temp Scaling (CE),0.05,0.0023,6184.00,0.0217,0.1379,0.0482,6184.00,0.0217,0.1379
17,SegFormer Temp Scaling (CE),0.08,0.0023,4922.00,0.0168,0.1379,0.0763,4922.00,0.0168,0.1379
17,SegFormer Temp Scaling (CE),0.10,0.0023,4458.00,0.0139,0.2047,0.0396,4458.00,0.0139,0.2047
17,SegFormer Temp Scaling (CE),0.15,0.0023,3253.00,0.0077,0.2963,0.0168,3253.00,0.0077,0.2963
17,SegFormer Temp Scaling (CE),0.20,0.0023,2974.00,0.0059,0.3430,0.0093,2974.00,0.0059,0.3430
17,SegFormer Temp Scaling (CE),0.30,0.0023,2539.00,0.0030,0.4138,0.0089,2539.00,0.0030,0.4138
17,SegFormer Temp Scaling (CE),0.40,0.0023,2539.00,0.0030,0.4138,0.0089,2539.00,0.0030,0.4138
17,SegFormer Temp Scaling (CE),0.50,0.0023,2460.00,0.0011,0.5118,0.0140,2460.00,0.0011,0.5118
17,SegFormer Matrix Scaling (CE),0.02,0.0222,121361.00,0.4699,0.0415,0.0202,121361.00,0.4699,0.0415
17,SegFormer Matrix Scaling (CE),0.05,0.0222,30734.00,0.1174,0.1046,0.0696,30734.00,0.1174,0.1046
17,SegFormer Matrix Scaling (CE),0.08,0.0222,14441.00,0.0529,0.1903,0.0920,14441.00,0.0529,0.1903
17,SegFormer Matrix Scaling (CE),0.10,0.0222,8974.00,0.0317,0.1907,0.0868,8974.00,0.0317,0.1907
17,SegFormer Matrix Scaling (CE),0.15,0.0222,4733.00,0.0134,0.3031,0.0715,4733.00,0.0134,0.3031
17,SegFormer Matrix Scaling (CE),0.20,0.0222,2974.00,0.0059,0.3430,0.0772,2974.00,0.0059,0.3430
17,SegFormer Matrix Scaling (CE),0.30,0.0222,2539.00,0.0030,0.4138,0.0884,2539.00,0.0030,0.4138
17,SegFormer Matrix Scaling (CE),0.40,0.0222,2460.00,0.0011,0.5118,0.0985,2460.00,0.0011,0.5118
17,SegFormer Matrix Scaling (CE),0.50,0.0222,2460.00,0.0011,0.5118,0.0985,2460.00,0.0011,0.5118
17,SegFormer Base (FL),0.02,0.0584,257908.00,1.0000,0.0000,0.0541,257908.00,1.0000,0.0000
17,SegFormer Base (FL),0.05,0.0584,182453.00,0.7073,0.0061,0.0483,182453.00,0.7073,0.0061
17,SegFormer Base (FL),0.08,0.0584,32580.00,0.1255,0.0500,0.0764,32580.00,0.1255,0.0500
17,SegFormer Base (FL),0.10,0.0584,13215.00,0.0499,0.0831,0.0713,13215.00,0.0499,0.0831
17,SegFormer Base (FL),0.15,0.0584,4922.00,0.0168,0.1379,0.0544,4922.00,0.0168,0.1379
17,SegFormer Base (FL),0.20,0.0584,4425.00,0.0142,0.1778,0.0683,4425.00,0.0142,0.1778
17,SegFormer Base (FL),0.30,0.0584,3253.00,0.0077,0.2963,0.0784,3253.00,0.0077,0.2963
17,SegFormer Base (FL),0.40,0.0584,2460.00,0.0011,0.5118,0.1255,2460.00,0.0011,0.5118
17,SegFormer Base (FL),0.50,0.0584,2460.00,0.0011,0.5118,0.1255,2460.00,0.0011,0.5118
17,SegFormer Temp Scaling (FL),0.02,0.0063,14698.00,0.0556,0.0831,0.0400,14698.00,0.0556,0.0831
17,SegFormer Temp Scaling (FL),0.05,0.0063,7214.00,0.0262,0.1095,0.0543,7214.00,0.0262,0.1095
17,SegFormer Temp Scaling (FL),0.08,0.0063,4922.00,0.0168,0.1379,0.0675,4922.00,0.0168,0.1379
17,SegFormer Temp Scaling (FL),0.10,0.0063,4922.00,0.0168,0.1379,0.0675,4922.00,0.0168,0.1379
17,SegFormer Temp Scaling (FL),0.15,0.0063,3961.00,0.0113,0.2446,0.0271,3961.00,0.0113,0.2446
17,SegFormer Temp Scaling (FL),0.20,0.0063,3253.00,0.0077,0.2963,0.0296,3253.00,0.0077,0.2963
17,SegFormer Temp Scaling (FL),0.30,0.0063,2539.00,0.0030,0.4138,0.0377,2539.00,0.0030,0.4138
17,SegFormer Temp Scaling (FL),0.40,0.0063,2460.00,0.0011,0.5118,0.0353,2460.00,0.0011,0.5118
17,SegFormer Temp Scaling (FL),0.50,0.0063,2460.00,0.0011,0.5118,0.0353,2460.00,0.0011,0.5118
17,SegFormer Matrix Scaling (FL),0.02,0.0194,111121.00,0.4302,0.0415,0.0197,111121.00,0.4302,0.0415
17,SegFormer Matrix Scaling (FL),0.05,0.0194,21925.00,0.0831,0.1190,0.0757,21925.00,0.0831,0.1190
17,SegFormer Matrix Scaling (FL),0.08,0.0194,12926.00,0.0481,0.1235,0.0927,12926.00,0.0481,0.1235
17,SegFormer Matrix Scaling (FL),0.10,0.0194,8364.00,0.0277,0.2887,0.1121,8364.00,0.0277,0.2887
17,SegFormer Matrix Scaling (FL),0.15,0.0194,4114.00,0.0096,0.3872,0.0951,4114.00,0.0096,0.3872
17,SegFormer Matrix Scaling (FL),0.20,0.0194,2460.00,0.0011,0.5118,0.2080,2460.00,0.0011,0.5118
17,SegFormer Matrix Scaling (FL),0.30,0.0194,2460.00,0.0011,0.5118,0.2080,2460.00,0.0011,0.5118
17,SegFormer Matrix Scaling (FL),0.40,0.0194,2899.00,0.0003,0.6631,0.2174,2899.00,0.0003,0.6631
17,SegFormer Matrix Scaling (FL),0.50,0.0194,3646.00,0.0002,0.8475,0.1467,3646.00,0.0002,0.8475
17,MobileNetV4 Base (CE),0.02,0.0359,245735.00,0.9528,0.0000,0.0188,245735.00,0.9528,0.0000
17,MobileNetV4 Base (CE),0.05,0.0359,41393.00,0.1602,0.0163,0.0549,41393.00,0.1602,0.0163
17,MobileNetV4 Base (CE),0.08,0.0359,10098.00,0.0374,0.1095,0.0606,10098.00,0.0374,0.1095
17,MobileNetV4 Base (CE),0.10,0.0359,8272.00,0.0300,0.1239,0.0594,8272.00,0.0300,0.1239
17,MobileNetV4 Base (CE),0.15,0.0359,6184.00,0.0217,0.1379,0.0386,6184.00,0.0217,0.1379
17,MobileNetV4 Base (CE),0.20,0.0359,4458.00,0.0139,0.2047,0.0380,4458.00,0.0139,0.2047
17,MobileNetV4 Base (CE),0.30,0.0359,2818.00,0.0049,0.3671,0.0691,2818.00,0.0049,0.3671
17,MobileNetV4 Base (CE),0.40,0.0359,2460.00,0.0011,0.5118,0.0932,2460.00,0.0011,0.5118
17,MobileNetV4 Base (CE),0.50,0.0359,2460.00,0.0011,0.5118,0.0932,2460.00,0.0011,0.5118
17,MobileNetV4 Temp Scaling (CE),0.02,0.0103,39778.00,0.1539,0.0184,0.0227,39778.00,0.1539,0.0184
17,MobileNetV4 Temp Scaling (CE),0.05,0.0103,10126.00,0.0377,0.0956,0.0230,10126.00,0.0377,0.0956
17,MobileNetV4 Temp Scaling (CE),0.08,0.0103,6184.00,0.0217,0.1379,0.0142,6184.00,0.0217,0.1379
17,MobileNetV4 Temp Scaling (CE),0.10,0.0103,6184.00,0.0217,0.1379,0.0142,6184.00,0.0217,0.1379
17,MobileNetV4 Temp Scaling (CE),0.15,0.0103,4458.00,0.0139,0.2047,0.0278,4458.00,0.0139,0.2047
17,MobileNetV4 Temp Scaling (CE),0.20,0.0103,3253.00,0.0077,0.2963,0.0353,3253.00,0.0077,0.2963
17,MobileNetV4 Temp Scaling (CE),0.30,0.0103,2818.00,0.0049,0.3671,0.0352,2818.00,0.0049,0.3671
17,MobileNetV4 Temp Scaling (CE),0.40,0.0103,2460.00,0.0011,0.5118,0.0442,2460.00,0.0011,0.5118
17,MobileNetV4 Temp Scaling (CE),0.50,0.0103,2460.00,0.0011,0.5118,0.0442,2460.00,0.0011,0.5118
17,MobileNetV4 Matrix Scaling (CE),0.02,0.0288,166386.00,0.6451,0.0002,0.0174,166386.00,0.6451,0.0002
17,MobileNetV4 Matrix Scaling (CE),0.05,0.0288,33582.00,0.1290,0.0734,0.0559,33582.00,0.1290,0.0734
17,MobileNetV4 Matrix Scaling (CE),0.08,0.0288,11770.00,0.0436,0.1239,0.0753,11770.00,0.0436,0.1239
17,MobileNetV4 Matrix Scaling (CE),0.10,0.0288,7659.00,0.0277,0.1239,0.0648,7659.00,0.0277,0.1239
17,MobileNetV4 Matrix Scaling (CE),0.15,0.0288,5720.00,0.0188,0.2047,0.0828,5720.00,0.0188,0.2047
17,MobileNetV4 Matrix Scaling (CE),0.20,0.0288,3253.00,0.0077,0.2963,0.0939,3253.00,0.0077,0.2963
17,MobileNetV4 Matrix Scaling (CE),0.30,0.0288,2460.00,0.0011,0.5118,0.1288,2460.00,0.0011,0.5118
17,MobileNetV4 Matrix Scaling (CE),0.40,0.0288,2460.00,0.0011,0.5118,0.1288,2460.00,0.0011,0.5118
17,MobileNetV4 Matrix Scaling (CE),0.50,0.0288,2460.00,0.0011,0.5118,0.1288,2460.00,0.0011,0.5118
17,MobileNetV4 Base (FL),0.02,0.0648,257908.00,1.0000,0.0000,0.0624,257908.00,1.0000,0.0000
17,MobileNetV4 Base (FL),0.05,0.0648,197998.00,0.7676,0.0050,0.0444,197998.00,0.7676,0.0050
17,MobileNetV4 Base (FL),0.08,0.0648,65132.00,0.2521,0.0290,0.0908,65132.00,0.2521,0.0290
17,MobileNetV4 Base (FL),0.10,0.0648,29400.00,0.1127,0.0812,0.1086,29400.00,0.1127,0.0812
17,MobileNetV4 Base (FL),0.15,0.0648,10327.00,0.0382,0.1095,0.1031,10327.00,0.0382,0.1095
17,MobileNetV4 Base (FL),0.20,0.0648,5223.00,0.0162,0.2446,0.1113,5223.00,0.0162,0.2446
17,MobileNetV4 Base (FL),0.30,0.0648,2974.00,0.0059,0.3430,0.0802,2974.00,0.0059,0.3430
17,MobileNetV4 Base (FL),0.40,0.0648,2460.00,0.0011,0.5118,0.1176,2460.00,0.0011,0.5118
17,MobileNetV4 Base (FL),0.50,0.0648,2460.00,0.0011,0.5118,0.1176,2460.00,0.0011,0.5118
17,MobileNetV4 Temp Scaling (FL),0.02,0.0124,63471.00,0.2457,0.0234,0.0302,63471.00,0.2457,0.0234
17,MobileNetV4 Temp Scaling (FL),0.05,0.0124,15848.00,0.0599,0.0956,0.0520,15848.00,0.0599,0.0956
17,MobileNetV4 Temp Scaling (FL),0.08,0.0124,10784.00,0.0398,0.1239,0.0459,10784.00,0.0398,0.1239
17,MobileNetV4 Temp Scaling (FL),0.10,0.0124,8272.00,0.0300,0.1239,0.0348,8272.00,0.0300,0.1239
17,MobileNetV4 Temp Scaling (FL),0.15,0.0124,5223.00,0.0162,0.2446,0.0682,5223.00,0.0162,0.2446
17,MobileNetV4 Temp Scaling (FL),0.20,0.0124,3253.00,0.0077,0.2963,0.0281,3253.00,0.0077,0.2963
17,MobileNetV4 Temp Scaling (FL),0.30,0.0124,2974.00,0.0059,0.3430,0.0246,2974.00,0.0059,0.3430
17,MobileNetV4 Temp Scaling (FL),0.40,0.0124,2460.00,0.0011,0.5118,0.0333,2460.00,0.0011,0.5118
17,MobileNetV4 Temp Scaling (FL),0.50,0.0124,2460.00,0.0011,0.5118,0.0333,2460.00,0.0011,0.5118
17,MobileNetV4 Matrix Scaling (FL),0.02,0.0265,137253.00,0.5321,0.0076,0.0189,137253.00,0.5321,0.0076
17,MobileNetV4 Matrix Scaling (FL),0.05,0.0265,39123.00,0.1501,0.0996,0.0677,39123.00,0.1501,0.0996
17,MobileNetV4 Matrix Scaling (FL),0.08,0.0265,17955.00,0.0676,0.1239,0.0812,17955.00,0.0676,0.1239
17,MobileNetV4 Matrix Scaling (FL),0.10,0.0265,10732.00,0.0396,0.1239,0.0759,10732.00,0.0396,0.1239
17,MobileNetV4 Matrix Scaling (FL),0.15,0.0265,4958.00,0.0138,0.3291,0.1171,4958.00,0.0138,0.3291
17,MobileNetV4 Matrix Scaling (FL),0.20,0.0265,2974.00,0.0059,0.3430,0.1077,2974.00,0.0059,0.3430
17,MobileNetV4 Matrix Scaling (FL),0.30,0.0265,2460.00,0.0011,0.5118,0.1371,2460.00,0.0011,0.5118
17,MobileNetV4 Matrix Scaling (FL),0.40,0.0265,2460.00,0.0011,0.5118,0.1371,2460.00,0.0011,0.5118
17,MobileNetV4 Matrix Scaling (FL),0.50,0.0265,2460.00,0.0011,0.5118,0.1371,2460.00,0.0011,0.5118
18,SegFormer Base (CE),0.02,0.0251,206454.00,0.7890,0.0061,0.0188,206454.00,0.7890,0.0061
18,SegFormer Base (CE),0.05,0.0251,11872.00,0.0446,0.4312,0.0356,11872.00,0.0446,0.4312
18,SegFormer Base (CE),0.08,0.0251,494.00,0.0000,1.0000,0.0257,494.00,0.0000,1.0000
18,SegFormer Base (CE),0.10,0.0251,494.00,0.0000,1.0000,0.0257,494.00,0.0000,1.0000
18,SegFormer Base (CE),0.15,0.0251,494.00,0.0000,1.0000,0.0257,494.00,0.0000,1.0000
18,SegFormer Base (CE),0.20,0.0251,494.00,0.0000,1.0000,0.0257,494.00,0.0000,1.0000
18,SegFormer Base (CE),0.30,0.0251,494.00,0.0000,1.0000,0.0257,494.00,0.0000,1.0000
18,SegFormer Base (CE),0.40,0.0251,494.00,0.0000,1.0000,0.0257,494.00,0.0000,1.0000
18,SegFormer Base (CE),0.50,0.0251,494.00,0.0000,1.0000,0.0257,494.00,0.0000,1.0000
18,SegFormer Temp Scaling (CE),0.02,0.0001,1779.00,0.0052,0.8563,0.0146,1779.00,0.0052,0.8563
18,SegFormer Temp Scaling (CE),0.05,0.0001,494.00,0.0000,1.0000,0.0001,494.00,0.0000,1.0000
18,SegFormer Temp Scaling (CE),0.08,0.0001,494.00,0.0000,1.0000,0.0001,494.00,0.0000,1.0000
18,SegFormer Temp Scaling (CE),0.10,0.0001,494.00,0.0000,1.0000,0.0001,494.00,0.0000,1.0000
18,SegFormer Temp Scaling (CE),0.15,0.0001,494.00,0.0000,1.0000,0.0001,494.00,0.0000,1.0000
18,SegFormer Temp Scaling (CE),0.20,0.0001,494.00,0.0000,1.0000,0.0001,494.00,0.0000,1.0000
18,SegFormer Temp Scaling (CE),0.30,0.0001,494.00,0.0000,1.0000,0.0001,494.00,0.0000,1.0000
18,SegFormer Temp Scaling (CE),0.40,0.0001,494.00,0.0000,1.0000,0.0001,494.00,0.0000,1.0000
18,SegFormer Temp Scaling (CE),0.50,0.0001,494.00,0.0000,1.0000,0.0001,494.00,0.0000,1.0000
18,SegFormer Matrix Scaling (CE),0.02,0.0167,105599.00,0.4032,0.2065,0.0252,105599.00,0.4032,0.2065
18,SegFormer Matrix Scaling (CE),0.05,0.0167,12237.00,0.0459,0.4636,0.0494,12237.00,0.0459,0.4636
18,SegFormer Matrix Scaling (CE),0.08,0.0167,2984.00,0.0098,0.8502,0.0539,2984.00,0.0098,0.8502
18,SegFormer Matrix Scaling (CE),0.10,0.0167,494.00,0.0000,1.0000,0.0185,494.00,0.0000,1.0000
18,SegFormer Matrix Scaling (CE),0.15,0.0167,494.00,0.0000,1.0000,0.0185,494.00,0.0000,1.0000
18,SegFormer Matrix Scaling (CE),0.20,0.0167,494.00,0.0000,1.0000,0.0185,494.00,0.0000,1.0000
18,SegFormer Matrix Scaling (CE),0.30,0.0167,494.00,0.0000,1.0000,0.0185,494.00,0.0000,1.0000
18,SegFormer Matrix Scaling (CE),0.40,0.0167,494.00,0.0000,1.0000,0.0185,494.00,0.0000,1.0000
18,SegFormer Matrix Scaling (CE),0.50,0.0167,494.00,0.0000,1.0000,0.0185,494.00,0.0000,1.0000
18,SegFormer Base (FL),0.02,0.0471,261650.00,1.0000,0.0000,0.0463,261650.00,1.0000,0.0000
18,SegFormer Base (FL),0.05,0.0471,90242.00,0.3447,0.0931,0.0494,90242.00,0.3447,0.0931
18,SegFormer Base (FL),0.08,0.0471,5926.00,0.0216,0.5810,0.0629,5926.00,0.0216,0.5810
18,SegFormer Base (FL),0.10,0.0471,494.00,0.0000,1.0000,0.0463,494.00,0.0000,1.0000
18,SegFormer Base (FL),0.15,0.0471,494.00,0.0000,1.0000,0.0463,494.00,0.0000,1.0000
18,SegFormer Base (FL),0.20,0.0471,494.00,0.0000,1.0000,0.0463,494.00,0.0000,1.0000
18,SegFormer Base (FL),0.30,0.0471,494.00,0.0000,1.0000,0.0463,494.00,0.0000,1.0000
18,SegFormer Base (FL),0.40,0.0471,494.00,0.0000,1.0000,0.0463,494.00,0.0000,1.0000
18,SegFormer Base (FL),0.50,0.0471,494.00,0.0000,1.0000,0.0463,494.00,0.0000,1.0000
18,SegFormer Temp Scaling (FL),0.02,0.0017,2938.00,0.0101,0.6134,0.0266,2938.00,0.0101,0.6134
18,SegFormer Temp Scaling (FL),0.05,0.0017,494.00,0.0000,1.0000,0.0014,494.00,0.0000,1.0000
18,SegFormer Temp Scaling (FL),0.08,0.0017,494.00,0.0000,1.0000,0.0014,494.00,0.0000,1.0000
18,SegFormer Temp Scaling (FL),0.10,0.0017,494.00,0.0000,1.0000,0.0014,494.00,0.0000,1.0000
18,SegFormer Temp Scaling (FL),0.15,0.0017,494.00,0.0000,1.0000,0.0014,494.00,0.0000,1.0000
18,SegFormer Temp Scaling (FL),0.20,0.0017,494.00,0.0000,1.0000,0.0014,494.00,0.0000,1.0000
18,SegFormer Temp Scaling (FL),0.30,0.0017,494.00,0.0000,1.0000,0.0014,494.00,0.0000,1.0000
18,SegFormer Temp Scaling (FL),0.40,0.0017,494.00,0.0000,1.0000,0.0014,494.00,0.0000,1.0000
18,SegFormer Temp Scaling (FL),0.50,0.0017,494.00,0.0000,1.0000,0.0014,494.00,0.0000,1.0000
18,SegFormer Matrix Scaling (FL),0.02,0.0140,79777.00,0.3045,0.2065,0.0258,79777.00,0.3045,0.2065
18,SegFormer Matrix Scaling (FL),0.05,0.0140,4720.00,0.0169,0.6073,0.0378,4720.00,0.0169,0.6073
18,SegFormer Matrix Scaling (FL),0.08,0.0140,1174.00,0.0026,1.0000,0.0594,1174.00,0.0026,1.0000
18,SegFormer Matrix Scaling (FL),0.10,0.0140,1174.00,0.0026,1.0000,0.0594,1174.00,0.0026,1.0000
18,SegFormer Matrix Scaling (FL),0.15,0.0140,494.00,0.0000,1.0000,0.0150,494.00,0.0000,1.0000
18,SegFormer Matrix Scaling (FL),0.20,0.0140,494.00,0.0000,1.0000,0.0150,494.00,0.0000,1.0000
18,SegFormer Matrix Scaling (FL),0.30,0.0140,494.00,0.0000,1.0000,0.0150,494.00,0.0000,1.0000
18,SegFormer Matrix Scaling (FL),0.40,0.0140,494.00,0.0000,1.0000,0.0150,494.00,0.0000,1.0000
18,SegFormer Matrix Scaling (FL),0.50,0.0140,494.00,0.0000,1.0000,0.0150,494.00,0.0000,1.0000
18,MobileNetV4 Base (CE),0.02,0.0294,243203.00,0.9295,0.0000,0.0186,243203.00,0.9295,0.0000
18,MobileNetV4 Base (CE),0.05,0.0294,13047.00,0.0491,0.4231,0.0364,13047.00,0.0491,0.4231
18,MobileNetV4 Base (CE),0.08,0.0294,494.00,0.0000,1.0000,0.0291,494.00,0.0000,1.0000
18,MobileNetV4 Base (CE),0.10,0.0294,494.00,0.0000,1.0000,0.0291,494.00,0.0000,1.0000
18,MobileNetV4 Base (CE),0.15,0.0294,494.00,0.0000,1.0000,0.0291,494.00,0.0000,1.0000
18,MobileNetV4 Base (CE),0.20,0.0294,494.00,0.0000,1.0000,0.0291,494.00,0.0000,1.0000
18,MobileNetV4 Base (CE),0.30,0.0294,494.00,0.0000,1.0000,0.0291,494.00,0.0000,1.0000
18,MobileNetV4 Base (CE),0.40,0.0294,494.00,0.0000,1.0000,0.0291,494.00,0.0000,1.0000
18,MobileNetV4 Base (CE),0.50,0.0294,494.00,0.0000,1.0000,0.0291,494.00,0.0000,1.0000
18,MobileNetV4 Temp Scaling (CE),0.02,0.0057,10283.00,0.0385,0.4231,0.0018,10283.00,0.0385,0.4231
18,MobileNetV4 Temp Scaling (CE),0.05,0.0057,494.00,0.0000,1.0000,0.0056,494.00,0.0000,1.0000
18,MobileNetV4 Temp Scaling (CE),0.08,0.0057,494.00,0.0000,1.0000,0.0056,494.00,0.0000,1.0000
18,MobileNetV4 Temp Scaling (CE),0.10,0.0057,494.00,0.0000,1.0000,0.0056,494.00,0.0000,1.0000
18,MobileNetV4 Temp Scaling (CE),0.15,0.0057,494.00,0.0000,1.0000,0.0056,494.00,0.0000,1.0000
18,MobileNetV4 Temp Scaling (CE),0.20,0.0057,494.00,0.0000,1.0000,0.0056,494.00,0.0000,1.0000
18,MobileNetV4 Temp Scaling (CE),0.30,0.0057,494.00,0.0000,1.0000,0.0056,494.00,0.0000,1.0000
18,MobileNetV4 Temp Scaling (CE),0.40,0.0057,494.00,0.0000,1.0000,0.0056,494.00,0.0000,1.0000
18,MobileNetV4 Temp Scaling (CE),0.50,0.0057,494.00,0.0000,1.0000,0.0056,494.00,0.0000,1.0000
18,MobileNetV4 Matrix Scaling (CE),0.02,0.0217,144455.00,0.5519,0.1235,0.0176,144455.00,0.5519,0.1235
18,MobileNetV4 Matrix Scaling (CE),0.05,0.0217,11022.00,0.0410,0.6073,0.0410,11022.00,0.0410,0.6073
18,MobileNetV4 Matrix Scaling (CE),0.08,0.0217,494.00,0.0000,1.0000,0.0225,494.00,0.0000,1.0000
18,MobileNetV4 Matrix Scaling (CE),0.10,0.0217,494.00,0.0000,1.0000,0.0225,494.00,0.0000,1.0000
18,MobileNetV4 Matrix Scaling (CE),0.15,0.0217,494.00,0.0000,1.0000,0.0225,494.00,0.0000,1.0000
18,MobileNetV4 Matrix Scaling (CE),0.20,0.0217,494.00,0.0000,1.0000,0.0225,494.00,0.0000,1.0000
18,MobileNetV4 Matrix Scaling (CE),0.30,0.0217,494.00,0.0000,1.0000,0.0225,494.00,0.0000,1.0000
18,MobileNetV4 Matrix Scaling (CE),0.40,0.0217,494.00,0.0000,1.0000,0.0225,494.00,0.0000,1.0000
18,MobileNetV4 Matrix Scaling (CE),0.50,0.0217,494.00,0.0000,1.0000,0.0225,494.00,0.0000,1.0000
18,MobileNetV4 Base (FL),0.02,0.0539,261650.00,1.0000,0.0000,0.0539,261650.00,1.0000,0.0000
18,MobileNetV4 Base (FL),0.05,0.0539,148265.00,0.5666,0.0061,0.0478,148265.00,0.5666,0.0061
18,MobileNetV4 Base (FL),0.08,0.0539,23189.00,0.0879,0.3968,0.0801,23189.00,0.0879,0.3968
18,MobileNetV4 Base (FL),0.10,0.0539,9523.00,0.0351,0.6984,0.0850,9523.00,0.0351,0.6984
18,MobileNetV4 Base (FL),0.15,0.0539,1174.00,0.0026,1.0000,0.1152,1174.00,0.0026,1.0000
18,MobileNetV4 Base (FL),0.20,0.0539,494.00,0.0000,1.0000,0.0539,494.00,0.0000,1.0000
18,MobileNetV4 Base (FL),0.30,0.0539,494.00,0.0000,1.0000,0.0539,494.00,0.0000,1.0000
18,MobileNetV4 Base (FL),0.40,0.0539,494.00,0.0000,1.0000,0.0539,494.00,0.0000,1.0000
18,MobileNetV4 Base (FL),0.50,0.0539,494.00,0.0000,1.0000,0.0539,494.00,0.0000,1.0000
18,MobileNetV4 Temp Scaling (FL),0.02,0.0053,18936.00,0.0719,0.2632,0.0160,18936.00,0.0719,0.2632
18,MobileNetV4 Temp Scaling (FL),0.05,0.0053,1174.00,0.0026,1.0000,0.0501,1174.00,0.0026,1.0000
18,MobileNetV4 Temp Scaling (FL),0.08,0.0053,1174.00,0.0026,1.0000,0.0501,1174.00,0.0026,1.0000
18,MobileNetV4 Temp Scaling (FL),0.10,0.0053,494.00,0.0000,1.0000,0.0053,494.00,0.0000,1.0000
18,MobileNetV4 Temp Scaling (FL),0.15,0.0053,494.00,0.0000,1.0000,0.0053,494.00,0.0000,1.0000
18,MobileNetV4 Temp Scaling (FL),0.20,0.0053,494.00,0.0000,1.0000,0.0053,494.00,0.0000,1.0000
18,MobileNetV4 Temp Scaling (FL),0.30,0.0053,494.00,0.0000,1.0000,0.0053,494.00,0.0000,1.0000
18,MobileNetV4 Temp Scaling (FL),0.40,0.0053,494.00,0.0000,1.0000,0.0053,494.00,0.0000,1.0000
18,MobileNetV4 Temp Scaling (FL),0.50,0.0053,494.00,0.0000,1.0000,0.0053,494.00,0.0000,1.0000
18,MobileNetV4 Matrix Scaling (FL),0.02,0.0180,79737.00,0.3044,0.1741,0.0254,79737.00,0.3044,0.1741
18,MobileNetV4 Matrix Scaling (FL),0.05,0.0180,14061.00,0.0527,0.5486,0.0517,14061.00,0.0527,0.5486
18,MobileNetV4 Matrix Scaling (FL),0.08,0.0180,1174.00,0.0026,1.0000,0.0844,1174.00,0.0026,1.0000
18,MobileNetV4 Matrix Scaling (FL),0.10,0.0180,1174.00,0.0026,1.0000,0.0844,1174.00,0.0026,1.0000
18,MobileNetV4 Matrix Scaling (FL),0.15,0.0180,1174.00,0.0026,1.0000,0.0844,1174.00,0.0026,1.0000
18,MobileNetV4 Matrix Scaling (FL),0.20,0.0180,494.00,0.0000,1.0000,0.0188,494.00,0.0000,1.0000
18,MobileNetV4 Matrix Scaling (FL),0.30,0.0180,494.00,0.0000,1.0000,0.0188,494.00,0.0000,1.0000
18,MobileNetV4 Matrix Scaling (FL),0.40,0.0180,494.00,0.0000,1.0000,0.0188,494.00,0.0000,1.0000
18,MobileNetV4 Matrix Scaling (FL),0.50,0.0180,494.00,0.0000,1.0000,0.0188,494.00,0.0000,1.0000
19,SegFormer Base (CE),0.02,0.0248,205264.00,0.7845,0.0040,0.0192,205264.00,0.7845,0.0040
19,SegFormer Base (CE),0.05,0.0248,3837.00,0.0129,0.9071,0.0484,3837.00,0.0129,0.9071
19,SegFormer Base (CE),0.08,0.0248,495.00,0.0000,1.0000,0.0252,495.00,0.0000,1.0000
19,SegFormer Base (CE),0.10,0.0248,495.00,0.0000,1.0000,0.0252,495.00,0.0000,1.0000
19,SegFormer Base (CE),0.15,0.0248,495.00,0.0000,1.0000,0.0252,495.00,0.0000,1.0000
19,SegFormer Base (CE),0.20,0.0248,495.00,0.0000,1.0000,0.0252,495.00,0.0000,1.0000
19,SegFormer Base (CE),0.30,0.0248,495.00,0.0000,1.0000,0.0252,495.00,0.0000,1.0000
19,SegFormer Base (CE),0.40,0.0248,495.00,0.0000,1.0000,0.0252,495.00,0.0000,1.0000
19,SegFormer Base (CE),0.50,0.0248,495.00,0.0000,1.0000,0.0252,495.00,0.0000,1.0000
19,SegFormer Temp Scaling (CE),0.02,0.0002,1923.00,0.0056,0.9091,0.0030,1923.00,0.0056,0.9091
19,SegFormer Temp Scaling (CE),0.05,0.0002,495.00,0.0000,1.0000,0.0002,495.00,0.0000,1.0000
19,SegFormer Temp Scaling (CE),0.08,0.0002,495.00,0.0000,1.0000,0.0002,495.00,0.0000,1.0000
19,SegFormer Temp Scaling (CE),0.10,0.0002,495.00,0.0000,1.0000,0.0002,495.00,0.0000,1.0000
19,SegFormer Temp Scaling (CE),0.15,0.0002,495.00,0.0000,1.0000,0.0002,495.00,0.0000,1.0000
19,SegFormer Temp Scaling (CE),0.20,0.0002,495.00,0.0000,1.0000,0.0002,495.00,0.0000,1.0000
19,SegFormer Temp Scaling (CE),0.30,0.0002,495.00,0.0000,1.0000,0.0002,495.00,0.0000,1.0000
19,SegFormer Temp Scaling (CE),0.40,0.0002,495.00,0.0000,1.0000,0.0002,495.00,0.0000,1.0000
19,SegFormer Temp Scaling (CE),0.50,0.0002,495.00,0.0000,1.0000,0.0002,495.00,0.0000,1.0000
19,SegFormer Matrix Scaling (CE),0.02,0.0154,101518.00,0.3873,0.3434,0.0279,101518.00,0.3873,0.3434
19,SegFormer Matrix Scaling (CE),0.05,0.0154,9025.00,0.0326,0.9980,0.0568,9025.00,0.0326,0.9980
19,SegFormer Matrix Scaling (CE),0.08,0.0154,1317.00,0.0031,1.0000,0.0682,1317.00,0.0031,1.0000
19,SegFormer Matrix Scaling (CE),0.10,0.0154,940.00,0.0017,1.0000,0.0619,940.00,0.0017,1.0000
19,SegFormer Matrix Scaling (CE),0.15,0.0154,495.00,0.0000,1.0000,0.0163,495.00,0.0000,1.0000
19,SegFormer Matrix Scaling (CE),0.20,0.0154,495.00,0.0000,1.0000,0.0163,495.00,0.0000,1.0000
19,SegFormer Matrix Scaling (CE),0.30,0.0154,495.00,0.0000,1.0000,0.0163,495.00,0.0000,1.0000
19,SegFormer Matrix Scaling (CE),0.40,0.0154,495.00,0.0000,1.0000,0.0163,495.00,0.0000,1.0000
19,SegFormer Matrix Scaling (CE),0.50,0.0154,495.00,0.0000,1.0000,0.0163,495.00,0.0000,1.0000
19,SegFormer Base (FL),0.02,0.0475,261649.00,1.0000,0.0000,0.0472,261649.00,1.0000,0.0000
19,SegFormer Base (FL),0.05,0.0475,89839.00,0.3432,0.1030,0.0544,89839.00,0.3432,0.1030
19,SegFormer Base (FL),0.08,0.0475,5612.00,0.0199,0.8000,0.0679,5612.00,0.0199,0.8000
19,SegFormer Base (FL),0.10,0.0475,1923.00,0.0056,0.9091,0.0670,1923.00,0.0056,0.9091
19,SegFormer Base (FL),0.15,0.0475,495.00,0.0000,1.0000,0.0472,495.00,0.0000,1.0000
19,SegFormer Base (FL),0.20,0.0475,495.00,0.0000,1.0000,0.0472,495.00,0.0000,1.0000
19,SegFormer Base (FL),0.30,0.0475,495.00,0.0000,1.0000,0.0472,495.00,0.0000,1.0000
19,SegFormer Base (FL),0.40,0.0475,495.00,0.0000,1.0000,0.0472,495.00,0.0000,1.0000
19,SegFormer Base (FL),0.50,0.0475,495.00,0.0000,1.0000,0.0472,495.00,0.0000,1.0000
19,SegFormer Temp Scaling (FL),0.02,0.0017,1923.00,0.0056,0.9091,0.0093,1923.00,0.0056,0.9091
19,SegFormer Temp Scaling (FL),0.05,0.0017,1140.00,0.0026,0.9091,0.0011,1140.00,0.0026,0.9091
19,SegFormer Temp Scaling (FL),0.08,0.0017,495.00,0.0000,1.0000,0.0016,495.00,0.0000,1.0000
19,SegFormer Temp Scaling (FL),0.10,0.0017,495.00,0.0000,1.0000,0.0016,495.00,0.0000,1.0000
19,SegFormer Temp Scaling (FL),0.15,0.0017,495.00,0.0000,1.0000,0.0016,495.00,0.0000,1.0000
19,SegFormer Temp Scaling (FL),0.20,0.0017,495.00,0.0000,1.0000,0.0016,495.00,0.0000,1.0000
19,SegFormer Temp Scaling (FL),0.30,0.0017,495.00,0.0000,1.0000,0.0016,495.00,0.0000,1.0000
19,SegFormer Temp Scaling (FL),0.40,0.0017,495.00,0.0000,1.0000,0.0016,495.00,0.0000,1.0000
19,SegFormer Temp Scaling (FL),0.50,0.0017,495.00,0.0000,1.0000,0.0016,495.00,0.0000,1.0000
19,SegFormer Matrix Scaling (FL),0.02,0.0129,70736.00,0.2697,0.3515,0.0251,70736.00,0.2697,0.3515
19,SegFormer Matrix Scaling (FL),0.05,0.0129,6378.00,0.0225,0.9980,0.0599,6378.00,0.0225,0.9980
19,SegFormer Matrix Scaling (FL),0.08,0.0129,940.00,0.0017,1.0000,0.0626,940.00,0.0017,1.0000
19,SegFormer Matrix Scaling (FL),0.10,0.0129,940.00,0.0017,1.0000,0.0626,940.00,0.0017,1.0000
19,SegFormer Matrix Scaling (FL),0.15,0.0129,495.00,0.0000,1.0000,0.0135,495.00,0.0000,1.0000
19,SegFormer Matrix Scaling (FL),0.20,0.0129,495.00,0.0000,1.0000,0.0135,495.00,0.0000,1.0000
19,SegFormer Matrix Scaling (FL),0.30,0.0129,495.00,0.0000,1.0000,0.0135,495.00,0.0000,1.0000
19,SegFormer Matrix Scaling (FL),0.40,0.0129,495.00,0.0000,1.0000,0.0135,495.00,0.0000,1.0000
19,SegFormer Matrix Scaling (FL),0.50,0.0129,495.00,0.0000,1.0000,0.0135,495.00,0.0000,1.0000
19,MobileNetV4 Base (CE),0.02,0.0292,231482.00,0.8847,0.0000,0.0182,231482.00,0.8847,0.0000
19,MobileNetV4 Base (CE),0.05,0.0292,10792.00,0.0403,0.5172,0.0469,10792.00,0.0403,0.5172
19,MobileNetV4 Base (CE),0.08,0.0292,3409.00,0.0113,0.9071,0.0668,3409.00,0.0113,0.9071
19,MobileNetV4 Base (CE),0.10,0.0292,1672.00,0.0045,1.0000,0.0881,1672.00,0.0045,1.0000
19,MobileNetV4 Base (CE),0.15,0.0292,495.00,0.0000,1.0000,0.0289,495.00,0.0000,1.0000
19,MobileNetV4 Base (CE),0.20,0.0292,495.00,0.0000,1.0000,0.0289,495.00,0.0000,1.0000
19,MobileNetV4 Base (CE),0.30,0.0292,495.00,0.0000,1.0000,0.0289,495.00,0.0000,1.0000
19,MobileNetV4 Base (CE),0.40,0.0292,495.00,0.0000,1.0000,0.0289,495.00,0.0000,1.0000
19,MobileNetV4 Base (CE),0.50,0.0292,495.00,0.0000,1.0000,0.0289,495.00,0.0000,1.0000
19,MobileNetV4 Temp Scaling (CE),0.02,0.0057,7551.00,0.0279,0.5172,0.0114,7551.00,0.0279,0.5172
19,MobileNetV4 Temp Scaling (CE),0.05,0.0057,2317.00,0.0071,0.9091,0.0401,2317.00,0.0071,0.9091
19,MobileNetV4 Temp Scaling (CE),0.08,0.0057,941.00,0.0017,1.0000,0.0445,941.00,0.0017,1.0000
19,MobileNetV4 Temp Scaling (CE),0.10,0.0057,495.00,0.0000,1.0000,0.0056,495.00,0.0000,1.0000
19,MobileNetV4 Temp Scaling (CE),0.15,0.0057,495.00,0.0000,1.0000,0.0056,495.00,0.0000,1.0000
19,MobileNetV4 Temp Scaling (CE),0.20,0.0057,495.00,0.0000,1.0000,0.0056,495.00,0.0000,1.0000
19,MobileNetV4 Temp Scaling (CE),0.30,0.0057,495.00,0.0000,1.0000,0.0056,495.00,0.0000,1.0000
19,MobileNetV4 Temp Scaling (CE),0.40,0.0057,495.00,0.0000,1.0000,0.0056,495.00,0.0000,1.0000
19,MobileNetV4 Temp Scaling (CE),0.50,0.0057,495.00,0.0000,1.0000,0.0056,495.00,0.0000,1.0000
19,MobileNetV4 Matrix Scaling (CE),0.02,0.0213,134649.00,0.5143,0.1455,0.0274,134649.00,0.5143,0.1455
19,MobileNetV4 Matrix Scaling (CE),0.05,0.0213,8456.00,0.0309,0.7556,0.0499,8456.00,0.0309,0.7556
19,MobileNetV4 Matrix Scaling (CE),0.08,0.0213,3209.00,0.0104,0.9980,0.0756,3209.00,0.0104,0.9980
19,MobileNetV4 Matrix Scaling (CE),0.10,0.0213,1226.00,0.0028,1.0000,0.0693,1226.00,0.0028,1.0000
19,MobileNetV4 Matrix Scaling (CE),0.15,0.0213,495.00,0.0000,1.0000,0.0215,495.00,0.0000,1.0000
19,MobileNetV4 Matrix Scaling (CE),0.20,0.0213,495.00,0.0000,1.0000,0.0215,495.00,0.0000,1.0000
19,MobileNetV4 Matrix Scaling (CE),0.30,0.0213,495.00,0.0000,1.0000,0.0215,495.00,0.0000,1.0000
19,MobileNetV4 Matrix Scaling (CE),0.40,0.0213,495.00,0.0000,1.0000,0.0215,495.00,0.0000,1.0000
19,MobileNetV4 Matrix Scaling (CE),0.50,0.0213,495.00,0.0000,1.0000,0.0215,495.00,0.0000,1.0000
19,MobileNetV4 Base (FL),0.02,0.0499,261136.00,0.9980,0.0000,0.0342,261136.00,0.9980,0.0000
19,MobileNetV4 Base (FL),0.05,0.0499,117350.00,0.4482,0.1677,0.0539,117350.00,0.4482,0.1677
19,MobileNetV4 Base (FL),0.08,0.0499,15433.00,0.0581,0.4909,0.0757,15433.00,0.0581,0.4909
19,MobileNetV4 Base (FL),0.10,0.0499,3861.00,0.0130,0.9091,0.0941,3861.00,0.0130,0.9091
19,MobileNetV4 Base (FL),0.15,0.0499,495.00,0.0000,1.0000,0.0499,495.00,0.0000,1.0000
19,MobileNetV4 Base (FL),0.20,0.0499,495.00,0.0000,1.0000,0.0499,495.00,0.0000,1.0000
19,MobileNetV4 Base (FL),0.30,0.0499,495.00,0.0000,1.0000,0.0499,495.00,0.0000,1.0000
19,MobileNetV4 Base (FL),0.40,0.0499,495.00,0.0000,1.0000,0.0499,495.00,0.0000,1.0000
19,MobileNetV4 Base (FL),0.50,0.0499,495.00,0.0000,1.0000,0.0499,495.00,0.0000,1.0000
19,MobileNetV4 Temp Scaling (FL),0.02,0.0042,14632.00,0.0549,0.5172,0.0142,14632.00,0.0549,0.5172
19,MobileNetV4 Temp Scaling (FL),0.05,0.0042,2684.00,0.0085,0.9091,0.0270,2684.00,0.0085,0.9091
19,MobileNetV4 Temp Scaling (FL),0.08,0.0042,495.00,0.0000,1.0000,0.0042,495.00,0.0000,1.0000
19,MobileNetV4 Temp Scaling (FL),0.10,0.0042,495.00,0.0000,1.0000,0.0042,495.00,0.0000,1.0000
19,MobileNetV4 Temp Scaling (FL),0.15,0.0042,495.00,0.0000,1.0000,0.0042,495.00,0.0000,1.0000
19,MobileNetV4 Temp Scaling (FL),0.20,0.0042,495.00,0.0000,1.0000,0.0042,495.00,0.0000,1.0000
19,MobileNetV4 Temp Scaling (FL),0.30,0.0042,495.00,0.0000,1.0000,0.0042,495.00,0.0000,1.0000
19,MobileNetV4 Temp Scaling (FL),0.40,0.0042,495.00,0.0000,1.0000,0.0042,495.00,0.0000,1.0000
19,MobileNetV4 Temp Scaling (FL),0.50,0.0042,495.00,0.0000,1.0000,0.0042,495.00,0.0000,1.0000
19,MobileNetV4 Matrix Scaling (FL),0.02,0.0157,75833.00,0.2895,0.1677,0.0273,75833.00,0.2895,0.1677
19,MobileNetV4 Matrix Scaling (FL),0.05,0.0157,7994.00,0.0287,0.9980,0.0617,7994.00,0.0287,0.9980
19,MobileNetV4 Matrix Scaling (FL),0.08,0.0157,940.00,0.0017,1.0000,0.0673,940.00,0.0017,1.0000
19,MobileNetV4 Matrix Scaling (FL),0.10,0.0157,940.00,0.0017,1.0000,0.0673,940.00,0.0017,1.0000
19,MobileNetV4 Matrix Scaling (FL),0.15,0.0157,495.00,0.0000,1.0000,0.0161,495.00,0.0000,1.0000
19,MobileNetV4 Matrix Scaling (FL),0.20,0.0157,495.00,0.0000,1.0000,0.0161,495.00,0.0000,1.0000
19,MobileNetV4 Matrix Scaling (FL),0.30,0.0157,495.00,0.0000,1.0000,0.0161,495.00,0.0000,1.0000
19,MobileNetV4 Matrix Scaling (FL),0.40,0.0157,495.00,0.0000,1.0000,0.0161,495.00,0.0000,1.0000
19,MobileNetV4 Matrix Scaling (FL),0.50,0.0157,495.00,0.0000,1.0000,0.0161,495.00,0.0000,1.0000
2,SegFormer Base (CE),0.02,0.0138,13328.00,0.0508,0.0000,0.0328,13328.00,0.0508,0.0000
2,SegFormer Base (CE),0.05,0.0138,8630.00,0.0329,0.0000,0.0394,8630.00,0.0329,0.0000
2,SegFormer Base (CE),0.08,0.0138,1658.00,0.0062,1.0000,0.0762,1658.00,0.0062,1.0000
2,SegFormer Base (CE),0.10,0.0138,875.00,0.0032,1.0000,0.0650,875.00,0.0032,1.0000
2,SegFormer Base (CE),0.15,0.0138,27.00,0.0000,1.0000,0.0144,27.00,0.0000,1.0000
2,SegFormer Base (CE),0.20,0.0138,27.00,0.0000,1.0000,0.0144,27.00,0.0000,1.0000
2,SegFormer Base (CE),0.30,0.0138,27.00,0.0000,1.0000,0.0144,27.00,0.0000,1.0000
2,SegFormer Base (CE),0.40,0.0138,27.00,0.0000,1.0000,0.0144,27.00,0.0000,1.0000
2,SegFormer Base (CE),0.50,0.0138,27.00,0.0000,1.0000,0.0144,27.00,0.0000,1.0000
2,SegFormer Temp Scaling (CE),0.02,0.0006,5659.00,0.0216,0.0000,0.0228,5659.00,0.0216,0.0000
2,SegFormer Temp Scaling (CE),0.05,0.0006,27.00,0.0000,1.0000,0.0008,27.00,0.0000,1.0000
2,SegFormer Temp Scaling (CE),0.08,0.0006,27.00,0.0000,1.0000,0.0008,27.00,0.0000,1.0000
2,SegFormer Temp Scaling (CE),0.10,0.0006,27.00,0.0000,1.0000,0.0008,27.00,0.0000,1.0000
2,SegFormer Temp Scaling (CE),0.15,0.0006,27.00,0.0000,1.0000,0.0008,27.00,0.0000,1.0000
2,SegFormer Temp Scaling (CE),0.20,0.0006,27.00,0.0000,1.0000,0.0008,27.00,0.0000,1.0000
2,SegFormer Temp Scaling (CE),0.30,0.0006,27.00,0.0000,1.0000,0.0008,27.00,0.0000,1.0000
2,SegFormer Temp Scaling (CE),0.40,0.0006,27.00,0.0000,1.0000,0.0008,27.00,0.0000,1.0000
2,SegFormer Temp Scaling (CE),0.50,0.0006,27.00,0.0000,1.0000,0.0008,27.00,0.0000,1.0000
2,SegFormer Matrix Scaling (CE),0.02,0.0044,9708.00,0.0370,0.0000,0.0244,9708.00,0.0370,0.0000
2,SegFormer Matrix Scaling (CE),0.05,0.0044,1658.00,0.0062,1.0000,0.0634,1658.00,0.0062,1.0000
2,SegFormer Matrix Scaling (CE),0.08,0.0044,1658.00,0.0062,1.0000,0.0634,1658.00,0.0062,1.0000
2,SegFormer Matrix Scaling (CE),0.10,0.0044,27.00,0.0000,1.0000,0.0049,27.00,0.0000,1.0000
2,SegFormer Matrix Scaling (CE),0.15,0.0044,27.00,0.0000,1.0000,0.0049,27.00,0.0000,1.0000
2,SegFormer Matrix Scaling (CE),0.20,0.0044,27.00,0.0000,1.0000,0.0049,27.00,0.0000,1.0000
2,SegFormer Matrix Scaling (CE),0.30,0.0044,27.00,0.0000,1.0000,0.0049,27.00,0.0000,1.0000
2,SegFormer Matrix Scaling (CE),0.40,0.0044,27.00,0.0000,1.0000,0.0049,27.00,0.0000,1.0000
2,SegFormer Matrix Scaling (CE),0.50,0.0044,27.00,0.0000,1.0000,0.0049,27.00,0.0000,1.0000
2,SegFormer Base (FL),0.02,0.0569,262117.00,1.0000,0.0000,0.0571,262117.00,1.0000,0.0000
2,SegFormer Base (FL),0.05,0.0569,262117.00,1.0000,0.0000,0.0571,262117.00,1.0000,0.0000
2,SegFormer Base (FL),0.08,0.0569,3277.00,0.0124,1.0000,0.0853,3277.00,0.0124,1.0000
2,SegFormer Base (FL),0.10,0.0569,875.00,0.0032,1.0000,0.0832,875.00,0.0032,1.0000
2,SegFormer Base (FL),0.15,0.0569,27.00,0.0000,1.0000,0.0571,27.00,0.0000,1.0000
2,SegFormer Base (FL),0.20,0.0569,27.00,0.0000,1.0000,0.0571,27.00,0.0000,1.0000
2,SegFormer Base (FL),0.30,0.0569,27.00,0.0000,1.0000,0.0571,27.00,0.0000,1.0000
2,SegFormer Base (FL),0.40,0.0569,27.00,0.0000,1.0000,0.0571,27.00,0.0000,1.0000
2,SegFormer Base (FL),0.50,0.0569,27.00,0.0000,1.0000,0.0571,27.00,0.0000,1.0000
2,SegFormer Temp Scaling (FL),0.02,0.0028,2601.00,0.0098,1.0000,0.0205,2601.00,0.0098,1.0000
2,SegFormer Temp Scaling (FL),0.05,0.0028,27.00,0.0000,1.0000,0.0029,27.00,0.0000,1.0000
2,SegFormer Temp Scaling (FL),0.08,0.0028,27.00,0.0000,1.0000,0.0029,27.00,0.0000,1.0000
2,SegFormer Temp Scaling (FL),0.10,0.0028,27.00,0.0000,1.0000,0.0029,27.00,0.0000,1.0000
2,SegFormer Temp Scaling (FL),0.15,0.0028,27.00,0.0000,1.0000,0.0029,27.00,0.0000,1.0000
2,SegFormer Temp Scaling (FL),0.20,0.0028,27.00,0.0000,1.0000,0.0029,27.00,0.0000,1.0000
2,SegFormer Temp Scaling (FL),0.30,0.0028,27.00,0.0000,1.0000,0.0029,27.00,0.0000,1.0000
2,SegFormer Temp Scaling (FL),0.40,0.0028,27.00,0.0000,1.0000,0.0029,27.00,0.0000,1.0000
2,SegFormer Temp Scaling (FL),0.50,0.0028,27.00,0.0000,1.0000,0.0029,27.00,0.0000,1.0000
2,SegFormer Matrix Scaling (FL),0.02,0.0084,7794.00,0.0296,1.0000,0.0226,7794.00,0.0296,1.0000
2,SegFormer Matrix Scaling (FL),0.05,0.0084,1658.00,0.0062,1.0000,0.0445,1658.00,0.0062,1.0000
2,SegFormer Matrix Scaling (FL),0.08,0.0084,27.00,0.0000,1.0000,0.0087,27.00,0.0000,1.0000
2,SegFormer Matrix Scaling (FL),0.10,0.0084,27.00,0.0000,1.0000,0.0087,27.00,0.0000,1.0000
2,SegFormer Matrix Scaling (FL),0.15,0.0084,27.00,0.0000,1.0000,0.0087,27.00,0.0000,1.0000
2,SegFormer Matrix Scaling (FL),0.20,0.0084,27.00,0.0000,1.0000,0.0087,27.00,0.0000,1.0000
2,SegFormer Matrix Scaling (FL),0.30,0.0084,27.00,0.0000,1.0000,0.0087,27.00,0.0000,1.0000
2,SegFormer Matrix Scaling (FL),0.40,0.0084,27.00,0.0000,1.0000,0.0087,27.00,0.0000,1.0000
2,SegFormer Matrix Scaling (FL),0.50,0.0084,27.00,0.0000,1.0000,0.0087,27.00,0.0000,1.0000
2,MobileNetV4 Base (CE),0.02,0.0178,13968.00,0.0533,0.0000,0.0222,13968.00,0.0533,0.0000
2,MobileNetV4 Base (CE),0.05,0.0178,1711.00,0.0065,0.0000,0.0370,1711.00,0.0065,0.0000
2,MobileNetV4 Base (CE),0.08,0.0178,27.00,0.0000,1.0000,0.0179,27.00,0.0000,1.0000
2,MobileNetV4 Base (CE),0.10,0.0178,27.00,0.0000,1.0000,0.0179,27.00,0.0000,1.0000
2,MobileNetV4 Base (CE),0.15,0.0178,27.00,0.0000,1.0000,0.0179,27.00,0.0000,1.0000
2,MobileNetV4 Base (CE),0.20,0.0178,27.00,0.0000,1.0000,0.0179,27.00,0.0000,1.0000
2,MobileNetV4 Base (CE),0.30,0.0178,27.00,0.0000,1.0000,0.0179,27.00,0.0000,1.0000
2,MobileNetV4 Base (CE),0.40,0.0178,27.00,0.0000,1.0000,0.0179,27.00,0.0000,1.0000
2,MobileNetV4 Base (CE),0.50,0.0178,27.00,0.0000,1.0000,0.0179,27.00,0.0000,1.0000
2,MobileNetV4 Temp Scaling (CE),0.02,0.0023,875.00,0.0032,1.0000,0.0152,875.00,0.0032,1.0000
2,MobileNetV4 Temp Scaling (CE),0.05,0.0023,27.00,0.0000,1.0000,0.0023,27.00,0.0000,1.0000
2,MobileNetV4 Temp Scaling (CE),0.08,0.0023,27.00,0.0000,1.0000,0.0023,27.00,0.0000,1.0000
2,MobileNetV4 Temp Scaling (CE),0.10,0.0023,27.00,0.0000,1.0000,0.0023,27.00,0.0000,1.0000
2,MobileNetV4 Temp Scaling (CE),0.15,0.0023,27.00,0.0000,1.0000,0.0023,27.00,0.0000,1.0000
2,MobileNetV4 Temp Scaling (CE),0.20,0.0023,27.00,0.0000,1.0000,0.0023,27.00,0.0000,1.0000
2,MobileNetV4 Temp Scaling (CE),0.30,0.0023,27.00,0.0000,1.0000,0.0023,27.00,0.0000,1.0000
2,MobileNetV4 Temp Scaling (CE),0.40,0.0023,27.00,0.0000,1.0000,0.0023,27.00,0.0000,1.0000
2,MobileNetV4 Temp Scaling (CE),0.50,0.0023,27.00,0.0000,1.0000,0.0023,27.00,0.0000,1.0000
2,MobileNetV4 Matrix Scaling (CE),0.02,0.0099,8951.00,0.0341,0.0000,0.0212,8951.00,0.0341,0.0000
2,MobileNetV4 Matrix Scaling (CE),0.05,0.0099,875.00,0.0032,1.0000,0.0404,875.00,0.0032,1.0000
2,MobileNetV4 Matrix Scaling (CE),0.08,0.0099,27.00,0.0000,1.0000,0.0101,27.00,0.0000,1.0000
2,MobileNetV4 Matrix Scaling (CE),0.10,0.0099,27.00,0.0000,1.0000,0.0101,27.00,0.0000,1.0000
2,MobileNetV4 Matrix Scaling (CE),0.15,0.0099,27.00,0.0000,1.0000,0.0101,27.00,0.0000,1.0000
2,MobileNetV4 Matrix Scaling (CE),0.20,0.0099,27.00,0.0000,1.0000,0.0101,27.00,0.0000,1.0000
2,MobileNetV4 Matrix Scaling (CE),0.30,0.0099,27.00,0.0000,1.0000,0.0101,27.00,0.0000,1.0000
2,MobileNetV4 Matrix Scaling (CE),0.40,0.0099,27.00,0.0000,1.0000,0.0101,27.00,0.0000,1.0000
2,MobileNetV4 Matrix Scaling (CE),0.50,0.0099,27.00,0.0000,1.0000,0.0101,27.00,0.0000,1.0000
2,MobileNetV4 Base (FL),0.02,0.0427,262117.00,1.0000,0.0000,0.0432,262117.00,1.0000,0.0000
2,MobileNetV4 Base (FL),0.05,0.0427,11495.00,0.0439,0.0000,0.0629,11495.00,0.0439,0.0000
2,MobileNetV4 Base (FL),0.08,0.0427,4369.00,0.0166,1.0000,0.0893,4369.00,0.0166,1.0000
2,MobileNetV4 Base (FL),0.10,0.0427,2468.00,0.0093,1.0000,0.1038,2468.00,0.0093,1.0000
2,MobileNetV4 Base (FL),0.15,0.0427,875.00,0.0032,1.0000,0.1248,875.00,0.0032,1.0000
2,MobileNetV4 Base (FL),0.20,0.0427,875.00,0.0032,1.0000,0.1248,875.00,0.0032,1.0000
2,MobileNetV4 Base (FL),0.30,0.0427,27.00,0.0000,1.0000,0.0432,27.00,0.0000,1.0000
2,MobileNetV4 Base (FL),0.40,0.0427,27.00,0.0000,1.0000,0.0432,27.00,0.0000,1.0000
2,MobileNetV4 Base (FL),0.50,0.0427,27.00,0.0000,1.0000,0.0432,27.00,0.0000,1.0000
2,MobileNetV4 Temp Scaling (FL),0.02,0.0027,3411.00,0.0129,1.0000,0.0436,3411.00,0.0129,1.0000
2,MobileNetV4 Temp Scaling (FL),0.05,0.0027,875.00,0.0032,1.0000,0.0780,875.00,0.0032,1.0000
2,MobileNetV4 Temp Scaling (FL),0.08,0.0027,875.00,0.0032,1.0000,0.0780,875.00,0.0032,1.0000
2,MobileNetV4 Temp Scaling (FL),0.10,0.0027,875.00,0.0032,1.0000,0.0780,875.00,0.0032,1.0000
2,MobileNetV4 Temp Scaling (FL),0.15,0.0027,875.00,0.0032,1.0000,0.0780,875.00,0.0032,1.0000
2,MobileNetV4 Temp Scaling (FL),0.20,0.0027,27.00,0.0000,1.0000,0.0029,27.00,0.0000,1.0000
2,MobileNetV4 Temp Scaling (FL),0.30,0.0027,27.00,0.0000,1.0000,0.0029,27.00,0.0000,1.0000
2,MobileNetV4 Temp Scaling (FL),0.40,0.0027,27.00,0.0000,1.0000,0.0029,27.00,0.0000,1.0000
2,MobileNetV4 Temp Scaling (FL),0.50,0.0027,27.00,0.0000,1.0000,0.0029,27.00,0.0000,1.0000
2,MobileNetV4 Matrix Scaling (FL),0.02,0.0129,9708.00,0.0370,0.0000,0.0312,9708.00,0.0370,0.0000
2,MobileNetV4 Matrix Scaling (FL),0.05,0.0129,2468.00,0.0093,1.0000,0.0618,2468.00,0.0093,1.0000
2,MobileNetV4 Matrix Scaling (FL),0.08,0.0129,875.00,0.0032,1.0000,0.0867,875.00,0.0032,1.0000
2,MobileNetV4 Matrix Scaling (FL),0.10,0.0129,875.00,0.0032,1.0000,0.0867,875.00,0.0032,1.0000
2,MobileNetV4 Matrix Scaling (FL),0.15,0.0129,875.00,0.0032,1.0000,0.0867,875.00,0.0032,1.0000
2,MobileNetV4 Matrix Scaling (FL),0.20,0.0129,27.00,0.0000,1.0000,0.0133,27.00,0.0000,1.0000
2,MobileNetV4 Matrix Scaling (FL),0.30,0.0129,27.00,0.0000,1.0000,0.0133,27.00,0.0000,1.0000
2,MobileNetV4 Matrix Scaling (FL),0.40,0.0129,27.00,0.0000,1.0000,0.0133,27.00,0.0000,1.0000
2,MobileNetV4 Matrix Scaling (FL),0.50,0.0129,27.00,0.0000,1.0000,0.0133,27.00,0.0000,1.0000
20,SegFormer Base (CE),0.02,0.0260,220053.00,0.8432,0.0000,0.0190,220053.00,0.8432,0.0000
20,SegFormer Base (CE),0.05,0.0260,10874.00,0.0393,0.5152,0.0497,10874.00,0.0393,0.5152
20,SegFormer Base (CE),0.08,0.0260,2114.00,0.0053,0.6125,0.1113,2114.00,0.0053,0.6125
20,SegFormer Base (CE),0.10,0.0260,1112.00,0.0006,0.8147,0.1815,1112.00,0.0006,0.8147
20,SegFormer Base (CE),0.15,0.0260,1112.00,0.0006,0.8147,0.1815,1112.00,0.0006,0.8147
20,SegFormer Base (CE),0.20,0.0260,1112.00,0.0006,0.8147,0.1815,1112.00,0.0006,0.8147
20,SegFormer Base (CE),0.30,0.0260,1182.00,0.0000,1.0000,0.0247,1182.00,0.0000,1.0000
20,SegFormer Base (CE),0.40,0.0260,1182.00,0.0000,1.0000,0.0247,1182.00,0.0000,1.0000
20,SegFormer Base (CE),0.50,0.0260,1182.00,0.0000,1.0000,0.0247,1182.00,0.0000,1.0000
20,SegFormer Temp Scaling (CE),0.02,0.0028,2504.00,0.0066,0.6514,0.1433,2504.00,0.0066,0.6514
20,SegFormer Temp Scaling (CE),0.05,0.0028,1112.00,0.0006,0.8147,0.1872,1112.00,0.0006,0.8147
20,SegFormer Temp Scaling (CE),0.08,0.0028,1112.00,0.0006,0.8147,0.1872,1112.00,0.0006,0.8147
20,SegFormer Temp Scaling (CE),0.10,0.0028,1112.00,0.0006,0.8147,0.1872,1112.00,0.0006,0.8147
20,SegFormer Temp Scaling (CE),0.15,0.0028,1112.00,0.0006,0.8147,0.1872,1112.00,0.0006,0.8147
20,SegFormer Temp Scaling (CE),0.20,0.0028,1112.00,0.0006,0.8147,0.1872,1112.00,0.0006,0.8147
20,SegFormer Temp Scaling (CE),0.30,0.0028,1182.00,0.0000,1.0000,0.0021,1182.00,0.0000,1.0000
20,SegFormer Temp Scaling (CE),0.40,0.0028,1182.00,0.0000,1.0000,0.0021,1182.00,0.0000,1.0000
20,SegFormer Temp Scaling (CE),0.50,0.0028,1182.00,0.0000,1.0000,0.0021,1182.00,0.0000,1.0000
20,SegFormer Matrix Scaling (CE),0.02,0.0169,105020.00,0.4019,0.1134,0.0276,105020.00,0.4019,0.1134
20,SegFormer Matrix Scaling (CE),0.05,0.0169,19405.00,0.0717,0.5914,0.0587,19405.00,0.0717,0.5914
20,SegFormer Matrix Scaling (CE),0.08,0.0169,3064.00,0.0091,0.5914,0.0860,3064.00,0.0091,0.5914
20,SegFormer Matrix Scaling (CE),0.10,0.0169,1703.00,0.0030,0.7758,0.1261,1703.00,0.0030,0.7758
20,SegFormer Matrix Scaling (CE),0.15,0.0169,1112.00,0.0006,0.8147,0.2072,1112.00,0.0006,0.8147
20,SegFormer Matrix Scaling (CE),0.20,0.0169,1182.00,0.0000,1.0000,0.0159,1182.00,0.0000,1.0000
20,SegFormer Matrix Scaling (CE),0.30,0.0169,1182.00,0.0000,1.0000,0.0159,1182.00,0.0000,1.0000
20,SegFormer Matrix Scaling (CE),0.40,0.0169,1182.00,0.0000,1.0000,0.0159,1182.00,0.0000,1.0000
20,SegFormer Matrix Scaling (CE),0.50,0.0169,1182.00,0.0000,1.0000,0.0159,1182.00,0.0000,1.0000
20,SegFormer Base (FL),0.02,0.0476,259539.00,0.9945,0.0000,0.0315,259539.00,0.9945,0.0000
20,SegFormer Base (FL),0.05,0.0476,91634.00,0.3510,0.0406,0.0523,91634.00,0.3510,0.0406
20,SegFormer Base (FL),0.08,0.0476,6768.00,0.0239,0.4560,0.0846,6768.00,0.0239,0.4560
20,SegFormer Base (FL),0.10,0.0476,1523.00,0.0029,0.6514,0.1716,1523.00,0.0029,0.6514
20,SegFormer Base (FL),0.15,0.0476,1112.00,0.0006,0.8147,0.1956,1112.00,0.0006,0.8147
20,SegFormer Base (FL),0.20,0.0476,1112.00,0.0006,0.8147,0.1956,1112.00,0.0006,0.8147
20,SegFormer Base (FL),0.30,0.0476,1182.00,0.0000,1.0000,0.0453,1182.00,0.0000,1.0000
20,SegFormer Base (FL),0.40,0.0476,1182.00,0.0000,1.0000,0.0453,1182.00,0.0000,1.0000
20,SegFormer Base (FL),0.50,0.0476,1182.00,0.0000,1.0000,0.0453,1182.00,0.0000,1.0000
20,SegFormer Temp Scaling (FL),0.02,0.0013,2298.00,0.0059,0.6514,0.1425,2298.00,0.0059,0.6514
20,SegFormer Temp Scaling (FL),0.05,0.0013,1112.00,0.0006,0.8147,0.1934,1112.00,0.0006,0.8147
20,SegFormer Temp Scaling (FL),0.08,0.0013,1112.00,0.0006,0.8147,0.1934,1112.00,0.0006,0.8147
20,SegFormer Temp Scaling (FL),0.10,0.0013,1112.00,0.0006,0.8147,0.1934,1112.00,0.0006,0.8147
20,SegFormer Temp Scaling (FL),0.15,0.0013,1112.00,0.0006,0.8147,0.1934,1112.00,0.0006,0.8147
20,SegFormer Temp Scaling (FL),0.20,0.0013,1112.00,0.0006,0.8147,0.1934,1112.00,0.0006,0.8147
20,SegFormer Temp Scaling (FL),0.30,0.0013,1182.00,0.0000,1.0000,0.0005,1182.00,0.0000,1.0000
20,SegFormer Temp Scaling (FL),0.40,0.0013,1182.00,0.0000,1.0000,0.0005,1182.00,0.0000,1.0000
20,SegFormer Temp Scaling (FL),0.50,0.0013,1182.00,0.0000,1.0000,0.0005,1182.00,0.0000,1.0000
20,SegFormer Matrix Scaling (FL),0.02,0.0138,83950.00,0.3208,0.1887,0.0257,83950.00,0.3208,0.1887
20,SegFormer Matrix Scaling (FL),0.05,0.0138,6720.00,0.0231,0.5914,0.0663,6720.00,0.0231,0.5914
20,SegFormer Matrix Scaling (FL),0.08,0.0138,3064.00,0.0091,0.5914,0.0927,3064.00,0.0091,0.5914
20,SegFormer Matrix Scaling (FL),0.10,0.0138,1112.00,0.0006,0.8147,0.2166,1112.00,0.0006,0.8147
20,SegFormer Matrix Scaling (FL),0.15,0.0138,1112.00,0.0006,0.8147,0.2166,1112.00,0.0006,0.8147
20,SegFormer Matrix Scaling (FL),0.20,0.0138,1182.00,0.0000,1.0000,0.0124,1182.00,0.0000,1.0000
20,SegFormer Matrix Scaling (FL),0.30,0.0138,1182.00,0.0000,1.0000,0.0124,1182.00,0.0000,1.0000
20,SegFormer Matrix Scaling (FL),0.40,0.0138,1182.00,0.0000,1.0000,0.0124,1182.00,0.0000,1.0000
20,SegFormer Matrix Scaling (FL),0.50,0.0138,1182.00,0.0000,1.0000,0.0124,1182.00,0.0000,1.0000
20,MobileNetV4 Base (CE),0.02,0.0297,238318.00,0.9132,0.0000,0.0183,238318.00,0.9132,0.0000
20,MobileNetV4 Base (CE),0.05,0.0297,12299.00,0.0460,0.2555,0.0485,12299.00,0.0460,0.2555
20,MobileNetV4 Base (CE),0.08,0.0297,2483.00,0.0066,0.6514,0.1547,2483.00,0.0066,0.6514
20,MobileNetV4 Base (CE),0.10,0.0297,1523.00,0.0029,0.6514,0.1784,1523.00,0.0029,0.6514
20,MobileNetV4 Base (CE),0.15,0.0297,1112.00,0.0006,0.8147,0.2162,1112.00,0.0006,0.8147
20,MobileNetV4 Base (CE),0.20,0.0297,1182.00,0.0000,1.0000,0.0269,1182.00,0.0000,1.0000
20,MobileNetV4 Base (CE),0.30,0.0297,1182.00,0.0000,1.0000,0.0269,1182.00,0.0000,1.0000
20,MobileNetV4 Base (CE),0.40,0.0297,1182.00,0.0000,1.0000,0.0269,1182.00,0.0000,1.0000
20,MobileNetV4 Base (CE),0.50,0.0297,1182.00,0.0000,1.0000,0.0269,1182.00,0.0000,1.0000
20,MobileNetV4 Temp Scaling (CE),0.02,0.0068,12369.00,0.0464,0.2132,0.0518,12369.00,0.0464,0.2132
20,MobileNetV4 Temp Scaling (CE),0.05,0.0068,2417.00,0.0066,0.5922,0.1452,2417.00,0.0066,0.5922
20,MobileNetV4 Temp Scaling (CE),0.08,0.0068,1523.00,0.0029,0.6514,0.1937,1523.00,0.0029,0.6514
20,MobileNetV4 Temp Scaling (CE),0.10,0.0068,1523.00,0.0029,0.6514,0.1937,1523.00,0.0029,0.6514
20,MobileNetV4 Temp Scaling (CE),0.15,0.0068,1112.00,0.0006,0.8147,0.2204,1112.00,0.0006,0.8147
20,MobileNetV4 Temp Scaling (CE),0.20,0.0068,1182.00,0.0000,1.0000,0.0037,1182.00,0.0000,1.0000
20,MobileNetV4 Temp Scaling (CE),0.30,0.0068,1182.00,0.0000,1.0000,0.0037,1182.00,0.0000,1.0000
20,MobileNetV4 Temp Scaling (CE),0.40,0.0068,1182.00,0.0000,1.0000,0.0037,1182.00,0.0000,1.0000
20,MobileNetV4 Temp Scaling (CE),0.50,0.0068,1182.00,0.0000,1.0000,0.0037,1182.00,0.0000,1.0000
20,MobileNetV4 Matrix Scaling (CE),0.02,0.0211,129676.00,0.4968,0.0169,0.0216,129676.00,0.4968,0.0169
20,MobileNetV4 Matrix Scaling (CE),0.05,0.0211,9694.00,0.0350,0.4662,0.0564,9694.00,0.0350,0.4662
20,MobileNetV4 Matrix Scaling (CE),0.08,0.0211,2483.00,0.0066,0.6514,0.1119,2483.00,0.0066,0.6514
20,MobileNetV4 Matrix Scaling (CE),0.10,0.0211,2483.00,0.0066,0.6514,0.1119,2483.00,0.0066,0.6514
20,MobileNetV4 Matrix Scaling (CE),0.15,0.0211,1112.00,0.0006,0.8147,0.2231,1112.00,0.0006,0.8147
20,MobileNetV4 Matrix Scaling (CE),0.20,0.0211,1182.00,0.0000,1.0000,0.0192,1182.00,0.0000,1.0000
20,MobileNetV4 Matrix Scaling (CE),0.30,0.0211,1182.00,0.0000,1.0000,0.0192,1182.00,0.0000,1.0000
20,MobileNetV4 Matrix Scaling (CE),0.40,0.0211,1182.00,0.0000,1.0000,0.0192,1182.00,0.0000,1.0000
20,MobileNetV4 Matrix Scaling (CE),0.50,0.0211,1182.00,0.0000,1.0000,0.0192,1182.00,0.0000,1.0000
20,MobileNetV4 Base (FL),0.02,0.0521,260962.00,1.0000,0.0000,0.0508,260962.00,1.0000,0.0000
20,MobileNetV4 Base (FL),0.05,0.0521,144425.00,0.5534,0.0169,0.0480,144425.00,0.5534,0.0169
20,MobileNetV4 Base (FL),0.08,0.0521,18615.00,0.0699,0.3054,0.0849,18615.00,0.0699,0.3054
20,MobileNetV4 Base (FL),0.10,0.0521,7127.00,0.0249,0.5237,0.0936,7127.00,0.0249,0.5237
20,MobileNetV4 Base (FL),0.15,0.0521,1523.00,0.0029,0.6514,0.1429,1523.00,0.0029,0.6514
20,MobileNetV4 Base (FL),0.20,0.0521,1112.00,0.0006,0.8147,0.1884,1112.00,0.0006,0.8147
20,MobileNetV4 Base (FL),0.30,0.0521,1182.00,0.0000,1.0000,0.0508,1182.00,0.0000,1.0000
20,MobileNetV4 Base (FL),0.40,0.0521,1182.00,0.0000,1.0000,0.0508,1182.00,0.0000,1.0000
20,MobileNetV4 Base (FL),0.50,0.0521,1182.00,0.0000,1.0000,0.0508,1182.00,0.0000,1.0000
20,MobileNetV4 Temp Scaling (FL),0.02,0.0054,16312.00,0.0616,0.2107,0.0244,16312.00,0.0616,0.2107
20,MobileNetV4 Temp Scaling (FL),0.05,0.0054,3179.00,0.0098,0.5313,0.1005,3179.00,0.0098,0.5313
20,MobileNetV4 Temp Scaling (FL),0.08,0.0054,1523.00,0.0029,0.6514,0.1582,1523.00,0.0029,0.6514
20,MobileNetV4 Temp Scaling (FL),0.10,0.0054,1523.00,0.0029,0.6514,0.1582,1523.00,0.0029,0.6514
20,MobileNetV4 Temp Scaling (FL),0.15,0.0054,1112.00,0.0006,0.8147,0.1818,1112.00,0.0006,0.8147
20,MobileNetV4 Temp Scaling (FL),0.20,0.0054,1112.00,0.0006,0.8147,0.1818,1112.00,0.0006,0.8147
20,MobileNetV4 Temp Scaling (FL),0.30,0.0054,1182.00,0.0000,1.0000,0.0031,1182.00,0.0000,1.0000
20,MobileNetV4 Temp Scaling (FL),0.40,0.0054,1182.00,0.0000,1.0000,0.0031,1182.00,0.0000,1.0000
20,MobileNetV4 Temp Scaling (FL),0.50,0.0054,1182.00,0.0000,1.0000,0.0031,1182.00,0.0000,1.0000
20,MobileNetV4 Matrix Scaling (FL),0.02,0.0176,87651.00,0.3356,0.0558,0.0254,87651.00,0.3356,0.0558
20,MobileNetV4 Matrix Scaling (FL),0.05,0.0176,9907.00,0.0354,0.5601,0.0844,9907.00,0.0354,0.5601
20,MobileNetV4 Matrix Scaling (FL),0.08,0.0176,3074.00,0.0090,0.6125,0.1272,3074.00,0.0090,0.6125
20,MobileNetV4 Matrix Scaling (FL),0.10,0.0176,1523.00,0.0029,0.6514,0.1796,1523.00,0.0029,0.6514
20,MobileNetV4 Matrix Scaling (FL),0.15,0.0176,1112.00,0.0006,0.8147,0.2160,1112.00,0.0006,0.8147
20,MobileNetV4 Matrix Scaling (FL),0.20,0.0176,1182.00,0.0000,1.0000,0.0154,1182.00,0.0000,1.0000
20,MobileNetV4 Matrix Scaling (FL),0.30,0.0176,1182.00,0.0000,1.0000,0.0154,1182.00,0.0000,1.0000
20,MobileNetV4 Matrix Scaling (FL),0.40,0.0176,1182.00,0.0000,1.0000,0.0154,1182.00,0.0000,1.0000
20,MobileNetV4 Matrix Scaling (FL),0.50,0.0176,1182.00,0.0000,1.0000,0.0154,1182.00,0.0000,1.0000
21,SegFormer Base (CE),0.02,0.0251,204229.00,0.7805,0.0000,0.0189,204229.00,0.7805,0.0000
21,SegFormer Base (CE),0.05,0.0251,6112.00,0.0232,0.1113,0.0065,6112.00,0.0232,0.1113
21,SegFormer Base (CE),0.08,0.0251,1992.00,0.0066,0.5651,0.0116,1992.00,0.0066,0.5651
21,SegFormer Base (CE),0.10,0.0251,476.00,0.0000,1.0000,0.0256,476.00,0.0000,1.0000
21,SegFormer Base (CE),0.15,0.0251,476.00,0.0000,1.0000,0.0256,476.00,0.0000,1.0000
21,SegFormer Base (CE),0.20,0.0251,476.00,0.0000,1.0000,0.0256,476.00,0.0000,1.0000
21,SegFormer Base (CE),0.30,0.0251,476.00,0.0000,1.0000,0.0256,476.00,0.0000,1.0000
21,SegFormer Base (CE),0.40,0.0251,476.00,0.0000,1.0000,0.0256,476.00,0.0000,1.0000
21,SegFormer Base (CE),0.50,0.0251,476.00,0.0000,1.0000,0.0256,476.00,0.0000,1.0000
21,SegFormer Temp Scaling (CE),0.02,0.0001,3312.00,0.0122,0.2605,0.0513,3312.00,0.0122,0.2605
21,SegFormer Temp Scaling (CE),0.05,0.0001,1561.00,0.0046,0.7542,0.0143,1561.00,0.0046,0.7542
21,SegFormer Temp Scaling (CE),0.08,0.0001,476.00,0.0000,1.0000,0.0001,476.00,0.0000,1.0000
21,SegFormer Temp Scaling (CE),0.10,0.0001,476.00,0.0000,1.0000,0.0001,476.00,0.0000,1.0000
21,SegFormer Temp Scaling (CE),0.15,0.0001,476.00,0.0000,1.0000,0.0001,476.00,0.0000,1.0000
21,SegFormer Temp Scaling (CE),0.20,0.0001,476.00,0.0000,1.0000,0.0001,476.00,0.0000,1.0000
21,SegFormer Temp Scaling (CE),0.30,0.0001,476.00,0.0000,1.0000,0.0001,476.00,0.0000,1.0000
21,SegFormer Temp Scaling (CE),0.40,0.0001,476.00,0.0000,1.0000,0.0001,476.00,0.0000,1.0000
21,SegFormer Temp Scaling (CE),0.50,0.0001,476.00,0.0000,1.0000,0.0001,476.00,0.0000,1.0000
21,SegFormer Matrix Scaling (CE),0.02,0.0156,94203.00,0.3600,0.0084,0.0263,94203.00,0.3600,0.0084
21,SegFormer Matrix Scaling (CE),0.05,0.0156,12679.00,0.0479,0.3004,0.0416,12679.00,0.0479,0.3004
21,SegFormer Matrix Scaling (CE),0.08,0.0156,476.00,0.0000,1.0000,0.0169,476.00,0.0000,1.0000
21,SegFormer Matrix Scaling (CE),0.10,0.0156,476.00,0.0000,1.0000,0.0169,476.00,0.0000,1.0000
21,SegFormer Matrix Scaling (CE),0.15,0.0156,476.00,0.0000,1.0000,0.0169,476.00,0.0000,1.0000
21,SegFormer Matrix Scaling (CE),0.20,0.0156,476.00,0.0000,1.0000,0.0169,476.00,0.0000,1.0000
21,SegFormer Matrix Scaling (CE),0.30,0.0156,476.00,0.0000,1.0000,0.0169,476.00,0.0000,1.0000
21,SegFormer Matrix Scaling (CE),0.40,0.0156,476.00,0.0000,1.0000,0.0169,476.00,0.0000,1.0000
21,SegFormer Matrix Scaling (CE),0.50,0.0156,476.00,0.0000,1.0000,0.0169,476.00,0.0000,1.0000
21,SegFormer Base (FL),0.02,0.0474,261668.00,1.0000,0.0000,0.0473,261668.00,1.0000,0.0000
21,SegFormer Base (FL),0.05,0.0474,83398.00,0.3187,0.0210,0.0546,83398.00,0.3187,0.0210
21,SegFormer Base (FL),0.08,0.0474,5098.00,0.0186,0.4832,0.0458,5098.00,0.0186,0.4832
21,SegFormer Base (FL),0.10,0.0474,1992.00,0.0066,0.5651,0.0188,1992.00,0.0066,0.5651
21,SegFormer Base (FL),0.15,0.0474,476.00,0.0000,1.0000,0.0473,476.00,0.0000,1.0000
21,SegFormer Base (FL),0.20,0.0474,476.00,0.0000,1.0000,0.0473,476.00,0.0000,1.0000
21,SegFormer Base (FL),0.30,0.0474,476.00,0.0000,1.0000,0.0473,476.00,0.0000,1.0000
21,SegFormer Base (FL),0.40,0.0474,476.00,0.0000,1.0000,0.0473,476.00,0.0000,1.0000
21,SegFormer Base (FL),0.50,0.0474,476.00,0.0000,1.0000,0.0473,476.00,0.0000,1.0000
21,SegFormer Temp Scaling (FL),0.02,0.0016,2565.00,0.0089,0.4832,0.0434,2565.00,0.0089,0.4832
21,SegFormer Temp Scaling (FL),0.05,0.0016,1561.00,0.0046,0.7542,0.0139,1561.00,0.0046,0.7542
21,SegFormer Temp Scaling (FL),0.08,0.0016,476.00,0.0000,1.0000,0.0017,476.00,0.0000,1.0000
21,SegFormer Temp Scaling (FL),0.10,0.0016,476.00,0.0000,1.0000,0.0017,476.00,0.0000,1.0000
21,SegFormer Temp Scaling (FL),0.15,0.0016,476.00,0.0000,1.0000,0.0017,476.00,0.0000,1.0000
21,SegFormer Temp Scaling (FL),0.20,0.0016,476.00,0.0000,1.0000,0.0017,476.00,0.0000,1.0000
21,SegFormer Temp Scaling (FL),0.30,0.0016,476.00,0.0000,1.0000,0.0017,476.00,0.0000,1.0000
21,SegFormer Temp Scaling (FL),0.40,0.0016,476.00,0.0000,1.0000,0.0017,476.00,0.0000,1.0000
21,SegFormer Temp Scaling (FL),0.50,0.0016,476.00,0.0000,1.0000,0.0017,476.00,0.0000,1.0000
21,SegFormer Matrix Scaling (FL),0.02,0.0132,77491.00,0.2961,0.0084,0.0223,77491.00,0.2961,0.0084
21,SegFormer Matrix Scaling (FL),0.05,0.0132,4823.00,0.0173,0.6050,0.0362,4823.00,0.0173,0.6050
21,SegFormer Matrix Scaling (FL),0.08,0.0132,1561.00,0.0046,0.7542,0.0029,1561.00,0.0046,0.7542
21,SegFormer Matrix Scaling (FL),0.10,0.0132,476.00,0.0000,1.0000,0.0142,476.00,0.0000,1.0000
21,SegFormer Matrix Scaling (FL),0.15,0.0132,476.00,0.0000,1.0000,0.0142,476.00,0.0000,1.0000
21,SegFormer Matrix Scaling (FL),0.20,0.0132,476.00,0.0000,1.0000,0.0142,476.00,0.0000,1.0000
21,SegFormer Matrix Scaling (FL),0.30,0.0132,476.00,0.0000,1.0000,0.0142,476.00,0.0000,1.0000
21,SegFormer Matrix Scaling (FL),0.40,0.0132,476.00,0.0000,1.0000,0.0142,476.00,0.0000,1.0000
21,SegFormer Matrix Scaling (FL),0.50,0.0132,476.00,0.0000,1.0000,0.0142,476.00,0.0000,1.0000
21,MobileNetV4 Base (CE),0.02,0.0294,240794.00,0.9202,0.0000,0.0184,240794.00,0.9202,0.0000
21,MobileNetV4 Base (CE),0.05,0.0294,14488.00,0.0550,0.2185,0.0427,14488.00,0.0550,0.2185
21,MobileNetV4 Base (CE),0.08,0.0294,3454.00,0.0125,0.3676,0.0168,3454.00,0.0125,0.3676
21,MobileNetV4 Base (CE),0.10,0.0294,476.00,0.0000,1.0000,0.0291,476.00,0.0000,1.0000
21,MobileNetV4 Base (CE),0.15,0.0294,476.00,0.0000,1.0000,0.0291,476.00,0.0000,1.0000
21,MobileNetV4 Base (CE),0.20,0.0294,476.00,0.0000,1.0000,0.0291,476.00,0.0000,1.0000
21,MobileNetV4 Base (CE),0.30,0.0294,476.00,0.0000,1.0000,0.0291,476.00,0.0000,1.0000
21,MobileNetV4 Base (CE),0.40,0.0294,476.00,0.0000,1.0000,0.0291,476.00,0.0000,1.0000
21,MobileNetV4 Base (CE),0.50,0.0294,476.00,0.0000,1.0000,0.0291,476.00,0.0000,1.0000
21,MobileNetV4 Temp Scaling (CE),0.02,0.0058,7218.00,0.0272,0.2185,0.0062,7218.00,0.0272,0.2185
21,MobileNetV4 Temp Scaling (CE),0.05,0.0058,2881.00,0.0102,0.4496,0.0061,2881.00,0.0102,0.4496
21,MobileNetV4 Temp Scaling (CE),0.08,0.0058,476.00,0.0000,1.0000,0.0058,476.00,0.0000,1.0000
21,MobileNetV4 Temp Scaling (CE),0.10,0.0058,476.00,0.0000,1.0000,0.0058,476.00,0.0000,1.0000
21,MobileNetV4 Temp Scaling (CE),0.15,0.0058,476.00,0.0000,1.0000,0.0058,476.00,0.0000,1.0000
21,MobileNetV4 Temp Scaling (CE),0.20,0.0058,476.00,0.0000,1.0000,0.0058,476.00,0.0000,1.0000
21,MobileNetV4 Temp Scaling (CE),0.30,0.0058,476.00,0.0000,1.0000,0.0058,476.00,0.0000,1.0000
21,MobileNetV4 Temp Scaling (CE),0.40,0.0058,476.00,0.0000,1.0000,0.0058,476.00,0.0000,1.0000
21,MobileNetV4 Temp Scaling (CE),0.50,0.0058,476.00,0.0000,1.0000,0.0058,476.00,0.0000,1.0000
21,MobileNetV4 Matrix Scaling (CE),0.02,0.0205,120434.00,0.4603,0.0000,0.0205,120434.00,0.4603,0.0000
21,MobileNetV4 Matrix Scaling (CE),0.05,0.0205,10078.00,0.0381,0.2185,0.0377,10078.00,0.0381,0.2185
21,MobileNetV4 Matrix Scaling (CE),0.08,0.0205,2229.00,0.0075,0.5462,0.0017,2229.00,0.0075,0.5462
21,MobileNetV4 Matrix Scaling (CE),0.10,0.0205,476.00,0.0000,1.0000,0.0209,476.00,0.0000,1.0000
21,MobileNetV4 Matrix Scaling (CE),0.15,0.0205,476.00,0.0000,1.0000,0.0209,476.00,0.0000,1.0000
21,MobileNetV4 Matrix Scaling (CE),0.20,0.0205,476.00,0.0000,1.0000,0.0209,476.00,0.0000,1.0000
21,MobileNetV4 Matrix Scaling (CE),0.30,0.0205,476.00,0.0000,1.0000,0.0209,476.00,0.0000,1.0000
21,MobileNetV4 Matrix Scaling (CE),0.40,0.0205,476.00,0.0000,1.0000,0.0209,476.00,0.0000,1.0000
21,MobileNetV4 Matrix Scaling (CE),0.50,0.0205,476.00,0.0000,1.0000,0.0209,476.00,0.0000,1.0000
21,MobileNetV4 Base (FL),0.02,0.0598,261668.00,1.0000,0.0000,0.0598,261668.00,1.0000,0.0000
21,MobileNetV4 Base (FL),0.05,0.0598,188792.00,0.7215,0.0000,0.0477,188792.00,0.7215,0.0000
21,MobileNetV4 Base (FL),0.08,0.0598,29963.00,0.1145,0.0210,0.0816,29963.00,0.1145,0.0210
21,MobileNetV4 Base (FL),0.10,0.0598,15195.00,0.0580,0.0210,0.0861,15195.00,0.0580,0.0210
21,MobileNetV4 Base (FL),0.15,0.0598,2527.00,0.0084,0.6870,0.0966,2527.00,0.0084,0.6870
21,MobileNetV4 Base (FL),0.20,0.0598,476.00,0.0000,1.0000,0.0598,476.00,0.0000,1.0000
21,MobileNetV4 Base (FL),0.30,0.0598,476.00,0.0000,1.0000,0.0598,476.00,0.0000,1.0000
21,MobileNetV4 Base (FL),0.40,0.0598,476.00,0.0000,1.0000,0.0598,476.00,0.0000,1.0000
21,MobileNetV4 Base (FL),0.50,0.0598,476.00,0.0000,1.0000,0.0598,476.00,0.0000,1.0000
21,MobileNetV4 Temp Scaling (FL),0.02,0.0071,23673.00,0.0904,0.0210,0.0195,23673.00,0.0904,0.0210
21,MobileNetV4 Temp Scaling (FL),0.05,0.0071,5078.00,0.0189,0.2605,0.0224,5078.00,0.0189,0.2605
21,MobileNetV4 Temp Scaling (FL),0.08,0.0071,3312.00,0.0122,0.2605,0.0338,3312.00,0.0122,0.2605
21,MobileNetV4 Temp Scaling (FL),0.10,0.0071,1796.00,0.0056,0.6954,0.0388,1796.00,0.0056,0.6954
21,MobileNetV4 Temp Scaling (FL),0.15,0.0071,1796.00,0.0056,0.6954,0.0388,1796.00,0.0056,0.6954
21,MobileNetV4 Temp Scaling (FL),0.20,0.0071,476.00,0.0000,1.0000,0.0076,476.00,0.0000,1.0000
21,MobileNetV4 Temp Scaling (FL),0.30,0.0071,476.00,0.0000,1.0000,0.0076,476.00,0.0000,1.0000
21,MobileNetV4 Temp Scaling (FL),0.40,0.0071,476.00,0.0000,1.0000,0.0076,476.00,0.0000,1.0000
21,MobileNetV4 Temp Scaling (FL),0.50,0.0071,476.00,0.0000,1.0000,0.0076,476.00,0.0000,1.0000
21,MobileNetV4 Matrix Scaling (FL),0.02,0.0197,103544.00,0.3957,0.0000,0.0237,103544.00,0.3957,0.0000
21,MobileNetV4 Matrix Scaling (FL),0.05,0.0197,15443.00,0.0588,0.1029,0.0413,15443.00,0.0588,0.1029
21,MobileNetV4 Matrix Scaling (FL),0.08,0.0197,2710.00,0.0091,0.6954,0.0482,2710.00,0.0091,0.6954
21,MobileNetV4 Matrix Scaling (FL),0.10,0.0197,1796.00,0.0056,0.6954,0.0287,1796.00,0.0056,0.6954
21,MobileNetV4 Matrix Scaling (FL),0.15,0.0197,476.00,0.0000,1.0000,0.0206,476.00,0.0000,1.0000
21,MobileNetV4 Matrix Scaling (FL),0.20,0.0197,476.00,0.0000,1.0000,0.0206,476.00,0.0000,1.0000
21,MobileNetV4 Matrix Scaling (FL),0.30,0.0197,476.00,0.0000,1.0000,0.0206,476.00,0.0000,1.0000
21,MobileNetV4 Matrix Scaling (FL),0.40,0.0197,476.00,0.0000,1.0000,0.0206,476.00,0.0000,1.0000
21,MobileNetV4 Matrix Scaling (FL),0.50,0.0197,476.00,0.0000,1.0000,0.0206,476.00,0.0000,1.0000
22,SegFormer Base (CE),0.02,0.0271,237844.00,0.9096,0.0000,0.0192,237844.00,0.9096,0.0000
22,SegFormer Base (CE),0.05,0.0271,10826.00,0.0407,0.2914,0.0438,10826.00,0.0407,0.2914
22,SegFormer Base (CE),0.08,0.0271,1501.00,0.0043,0.5666,0.0340,1501.00,0.0043,0.5666
22,SegFormer Base (CE),0.10,0.0271,1501.00,0.0043,0.5666,0.0340,1501.00,0.0043,0.5666
22,SegFormer Base (CE),0.15,0.0271,1501.00,0.0043,0.5666,0.0340,1501.00,0.0043,0.5666
22,SegFormer Base (CE),0.20,0.0271,676.00,0.0000,1.0000,0.0270,676.00,0.0000,1.0000
22,SegFormer Base (CE),0.30,0.0271,676.00,0.0000,1.0000,0.0270,676.00,0.0000,1.0000
22,SegFormer Base (CE),0.40,0.0271,676.00,0.0000,1.0000,0.0270,676.00,0.0000,1.0000
22,SegFormer Base (CE),0.50,0.0271,676.00,0.0000,1.0000,0.0270,676.00,0.0000,1.0000
22,SegFormer Temp Scaling (CE),0.02,0.0009,4095.00,0.0144,0.4822,0.0245,4095.00,0.0144,0.4822
22,SegFormer Temp Scaling (CE),0.05,0.0009,1501.00,0.0043,0.5666,0.0490,1501.00,0.0043,0.5666
22,SegFormer Temp Scaling (CE),0.08,0.0009,1501.00,0.0043,0.5666,0.0490,1501.00,0.0043,0.5666
22,SegFormer Temp Scaling (CE),0.10,0.0009,1501.00,0.0043,0.5666,0.0490,1501.00,0.0043,0.5666
22,SegFormer Temp Scaling (CE),0.15,0.0009,1009.00,0.0019,0.7751,0.0422,1009.00,0.0019,0.7751
22,SegFormer Temp Scaling (CE),0.20,0.0009,676.00,0.0000,1.0000,0.0001,676.00,0.0000,1.0000
22,SegFormer Temp Scaling (CE),0.30,0.0009,676.00,0.0000,1.0000,0.0001,676.00,0.0000,1.0000
22,SegFormer Temp Scaling (CE),0.40,0.0009,676.00,0.0000,1.0000,0.0001,676.00,0.0000,1.0000
22,SegFormer Temp Scaling (CE),0.50,0.0009,676.00,0.0000,1.0000,0.0001,676.00,0.0000,1.0000
22,SegFormer Matrix Scaling (CE),0.02,0.0184,116075.00,0.4432,0.2870,0.0159,116075.00,0.4432,0.2870
22,SegFormer Matrix Scaling (CE),0.05,0.0184,12896.00,0.0486,0.2973,0.0534,12896.00,0.0486,0.2973
22,SegFormer Matrix Scaling (CE),0.08,0.0184,3253.00,0.0110,0.5666,0.0326,3253.00,0.0110,0.5666
22,SegFormer Matrix Scaling (CE),0.10,0.0184,1501.00,0.0043,0.5666,0.0417,1501.00,0.0043,0.5666
22,SegFormer Matrix Scaling (CE),0.15,0.0184,1168.00,0.0024,0.7914,0.0121,1168.00,0.0024,0.7914
22,SegFormer Matrix Scaling (CE),0.20,0.0184,676.00,0.0000,1.0000,0.0189,676.00,0.0000,1.0000
22,SegFormer Matrix Scaling (CE),0.30,0.0184,676.00,0.0000,1.0000,0.0189,676.00,0.0000,1.0000
22,SegFormer Matrix Scaling (CE),0.40,0.0184,676.00,0.0000,1.0000,0.0189,676.00,0.0000,1.0000
22,SegFormer Matrix Scaling (CE),0.50,0.0184,676.00,0.0000,1.0000,0.0189,676.00,0.0000,1.0000
22,SegFormer Base (FL),0.02,0.0497,261468.00,1.0000,0.0000,0.0490,261468.00,1.0000,0.0000
22,SegFormer Base (FL),0.05,0.0497,115617.00,0.4422,0.0000,0.0438,115617.00,0.4422,0.0000
22,SegFormer Base (FL),0.08,0.0497,8179.00,0.0301,0.4556,0.0741,8179.00,0.0301,0.4556
22,SegFormer Base (FL),0.10,0.0497,2905.00,0.0099,0.4822,0.0459,2905.00,0.0099,0.4822
22,SegFormer Base (FL),0.15,0.0497,1501.00,0.0043,0.5666,0.0344,1501.00,0.0043,0.5666
22,SegFormer Base (FL),0.20,0.0497,1009.00,0.0019,0.7751,0.0427,1009.00,0.0019,0.7751
22,SegFormer Base (FL),0.30,0.0497,676.00,0.0000,1.0000,0.0490,676.00,0.0000,1.0000
22,SegFormer Base (FL),0.40,0.0497,676.00,0.0000,1.0000,0.0490,676.00,0.0000,1.0000
22,SegFormer Base (FL),0.50,0.0497,676.00,0.0000,1.0000,0.0490,676.00,0.0000,1.0000
22,SegFormer Temp Scaling (FL),0.02,0.0024,5076.00,0.0182,0.4615,0.0004,5076.00,0.0182,0.4615
22,SegFormer Temp Scaling (FL),0.05,0.0024,2905.00,0.0099,0.4822,0.0371,2905.00,0.0099,0.4822
22,SegFormer Temp Scaling (FL),0.08,0.0024,1501.00,0.0043,0.5666,0.0584,1501.00,0.0043,0.5666
22,SegFormer Temp Scaling (FL),0.10,0.0024,1009.00,0.0019,0.7751,0.0478,1009.00,0.0019,0.7751
22,SegFormer Temp Scaling (FL),0.15,0.0024,676.00,0.0000,1.0000,0.0017,676.00,0.0000,1.0000
22,SegFormer Temp Scaling (FL),0.20,0.0024,676.00,0.0000,1.0000,0.0017,676.00,0.0000,1.0000
22,SegFormer Temp Scaling (FL),0.30,0.0024,676.00,0.0000,1.0000,0.0017,676.00,0.0000,1.0000
22,SegFormer Temp Scaling (FL),0.40,0.0024,676.00,0.0000,1.0000,0.0017,676.00,0.0000,1.0000
22,SegFormer Temp Scaling (FL),0.50,0.0024,676.00,0.0000,1.0000,0.0017,676.00,0.0000,1.0000
22,SegFormer Matrix Scaling (FL),0.02,0.0158,87044.00,0.3322,0.2870,0.0232,87044.00,0.3322,0.2870
22,SegFormer Matrix Scaling (FL),0.05,0.0158,8315.00,0.0306,0.4615,0.0476,8315.00,0.0306,0.4615
22,SegFormer Matrix Scaling (FL),0.08,0.0158,3253.00,0.0110,0.5666,0.0355,3253.00,0.0110,0.5666
22,SegFormer Matrix Scaling (FL),0.10,0.0158,1501.00,0.0043,0.5666,0.0514,1501.00,0.0043,0.5666
22,SegFormer Matrix Scaling (FL),0.15,0.0158,1168.00,0.0024,0.7914,0.0213,1168.00,0.0024,0.7914
22,SegFormer Matrix Scaling (FL),0.20,0.0158,676.00,0.0000,1.0000,0.0156,676.00,0.0000,1.0000
22,SegFormer Matrix Scaling (FL),0.30,0.0158,676.00,0.0000,1.0000,0.0156,676.00,0.0000,1.0000
22,SegFormer Matrix Scaling (FL),0.40,0.0158,676.00,0.0000,1.0000,0.0156,676.00,0.0000,1.0000
22,SegFormer Matrix Scaling (FL),0.50,0.0158,676.00,0.0000,1.0000,0.0156,676.00,0.0000,1.0000
22,MobileNetV4 Base (CE),0.02,0.0324,243419.00,0.9310,0.0000,0.0189,243419.00,0.9310,0.0000
22,MobileNetV4 Base (CE),0.05,0.0324,26056.00,0.0994,0.0799,0.0474,26056.00,0.0994,0.0799
22,MobileNetV4 Base (CE),0.08,0.0324,3087.00,0.0105,0.4911,0.0432,3087.00,0.0105,0.4911
22,MobileNetV4 Base (CE),0.10,0.0324,1501.00,0.0043,0.5666,0.0326,1501.00,0.0043,0.5666
22,MobileNetV4 Base (CE),0.15,0.0324,1501.00,0.0043,0.5666,0.0326,1501.00,0.0043,0.5666
22,MobileNetV4 Base (CE),0.20,0.0324,1501.00,0.0043,0.5666,0.0326,1501.00,0.0043,0.5666
22,MobileNetV4 Base (CE),0.30,0.0324,676.00,0.0000,1.0000,0.0316,676.00,0.0000,1.0000
22,MobileNetV4 Base (CE),0.40,0.0324,676.00,0.0000,1.0000,0.0316,676.00,0.0000,1.0000
22,MobileNetV4 Base (CE),0.50,0.0324,676.00,0.0000,1.0000,0.0316,676.00,0.0000,1.0000
22,MobileNetV4 Temp Scaling (CE),0.02,0.0072,15320.00,0.0580,0.2441,0.0122,15320.00,0.0580,0.2441
22,MobileNetV4 Temp Scaling (CE),0.05,0.0072,2467.00,0.0080,0.5666,0.0239,2467.00,0.0080,0.5666
22,MobileNetV4 Temp Scaling (CE),0.08,0.0072,1501.00,0.0043,0.5666,0.0116,1501.00,0.0043,0.5666
22,MobileNetV4 Temp Scaling (CE),0.10,0.0072,1501.00,0.0043,0.5666,0.0116,1501.00,0.0043,0.5666
22,MobileNetV4 Temp Scaling (CE),0.15,0.0072,1501.00,0.0043,0.5666,0.0116,1501.00,0.0043,0.5666
22,MobileNetV4 Temp Scaling (CE),0.20,0.0072,1009.00,0.0019,0.7751,0.0086,1009.00,0.0019,0.7751
22,MobileNetV4 Temp Scaling (CE),0.30,0.0072,676.00,0.0000,1.0000,0.0069,676.00,0.0000,1.0000
22,MobileNetV4 Temp Scaling (CE),0.40,0.0072,676.00,0.0000,1.0000,0.0069,676.00,0.0000,1.0000
22,MobileNetV4 Temp Scaling (CE),0.50,0.0072,676.00,0.0000,1.0000,0.0069,676.00,0.0000,1.0000
22,MobileNetV4 Matrix Scaling (CE),0.02,0.0224,149977.00,0.5735,0.0192,0.0172,149977.00,0.5735,0.0192
22,MobileNetV4 Matrix Scaling (CE),0.05,0.0224,12609.00,0.0475,0.2973,0.0489,12609.00,0.0475,0.2973
22,MobileNetV4 Matrix Scaling (CE),0.08,0.0224,1501.00,0.0043,0.5666,0.0113,1501.00,0.0043,0.5666
22,MobileNetV4 Matrix Scaling (CE),0.10,0.0224,1501.00,0.0043,0.5666,0.0113,1501.00,0.0043,0.5666
22,MobileNetV4 Matrix Scaling (CE),0.15,0.0224,1501.00,0.0043,0.5666,0.0113,1501.00,0.0043,0.5666
22,MobileNetV4 Matrix Scaling (CE),0.20,0.0224,1501.00,0.0043,0.5666,0.0113,1501.00,0.0043,0.5666
22,MobileNetV4 Matrix Scaling (CE),0.30,0.0224,676.00,0.0000,1.0000,0.0226,676.00,0.0000,1.0000
22,MobileNetV4 Matrix Scaling (CE),0.40,0.0224,676.00,0.0000,1.0000,0.0226,676.00,0.0000,1.0000
22,MobileNetV4 Matrix Scaling (CE),0.50,0.0224,676.00,0.0000,1.0000,0.0226,676.00,0.0000,1.0000
22,MobileNetV4 Base (FL),0.02,0.0764,261468.00,1.0000,0.0000,0.0751,261468.00,1.0000,0.0000
22,MobileNetV4 Base (FL),0.05,0.0764,233284.00,0.8922,0.0000,0.0480,233284.00,0.8922,0.0000
22,MobileNetV4 Base (FL),0.08,0.0764,88039.00,0.3365,0.1006,0.0862,88039.00,0.3365,0.1006
22,MobileNetV4 Base (FL),0.10,0.0764,43005.00,0.1639,0.2219,0.1093,43005.00,0.1639,0.2219
22,MobileNetV4 Base (FL),0.15,0.0764,9053.00,0.0334,0.4911,0.1326,9053.00,0.0334,0.4911
22,MobileNetV4 Base (FL),0.20,0.0764,1501.00,0.0043,0.5666,0.0690,1501.00,0.0043,0.5666
22,MobileNetV4 Base (FL),0.30,0.0764,1009.00,0.0019,0.7751,0.0809,1009.00,0.0019,0.7751
22,MobileNetV4 Base (FL),0.40,0.0764,676.00,0.0000,1.0000,0.0751,676.00,0.0000,1.0000
22,MobileNetV4 Base (FL),0.50,0.0764,676.00,0.0000,1.0000,0.0751,676.00,0.0000,1.0000
22,MobileNetV4 Temp Scaling (FL),0.02,0.0138,47728.00,0.1824,0.0651,0.0306,47728.00,0.1824,0.0651
22,MobileNetV4 Temp Scaling (FL),0.05,0.0138,15555.00,0.0589,0.2219,0.0540,15555.00,0.0589,0.2219
22,MobileNetV4 Temp Scaling (FL),0.08,0.0138,6124.00,0.0220,0.5666,0.0620,6124.00,0.0220,0.5666
22,MobileNetV4 Temp Scaling (FL),0.10,0.0138,4226.00,0.0147,0.5666,0.0570,4226.00,0.0147,0.5666
22,MobileNetV4 Temp Scaling (FL),0.15,0.0138,1501.00,0.0043,0.5666,0.0272,1501.00,0.0043,0.5666
22,MobileNetV4 Temp Scaling (FL),0.20,0.0138,1009.00,0.0019,0.7751,0.0357,1009.00,0.0019,0.7751
22,MobileNetV4 Temp Scaling (FL),0.30,0.0138,676.00,0.0000,1.0000,0.0133,676.00,0.0000,1.0000
22,MobileNetV4 Temp Scaling (FL),0.40,0.0138,676.00,0.0000,1.0000,0.0133,676.00,0.0000,1.0000
22,MobileNetV4 Temp Scaling (FL),0.50,0.0138,676.00,0.0000,1.0000,0.0133,676.00,0.0000,1.0000
22,MobileNetV4 Matrix Scaling (FL),0.02,0.0285,158643.00,0.6066,0.0414,0.0159,158643.00,0.6066,0.0414
22,MobileNetV4 Matrix Scaling (FL),0.05,0.0285,32025.00,0.1219,0.2219,0.0661,32025.00,0.1219,0.2219
22,MobileNetV4 Matrix Scaling (FL),0.08,0.0285,12929.00,0.0487,0.2973,0.0880,12929.00,0.0487,0.2973
22,MobileNetV4 Matrix Scaling (FL),0.10,0.0285,6833.00,0.0251,0.4024,0.0810,6833.00,0.0251,0.4024
22,MobileNetV4 Matrix Scaling (FL),0.15,0.0285,3253.00,0.0110,0.5666,0.0614,3253.00,0.0110,0.5666
22,MobileNetV4 Matrix Scaling (FL),0.20,0.0285,1009.00,0.0019,0.7751,0.0242,1009.00,0.0019,0.7751
22,MobileNetV4 Matrix Scaling (FL),0.30,0.0285,676.00,0.0000,1.0000,0.0286,676.00,0.0000,1.0000
22,MobileNetV4 Matrix Scaling (FL),0.40,0.0285,676.00,0.0000,1.0000,0.0286,676.00,0.0000,1.0000
22,MobileNetV4 Matrix Scaling (FL),0.50,0.0285,676.00,0.0000,1.0000,0.0286,676.00,0.0000,1.0000
23,SegFormer Base (CE),0.02,0.0269,210257.00,0.8028,0.0000,0.0195,210257.00,0.8028,0.0000
23,SegFormer Base (CE),0.05,0.0269,12050.00,0.0458,0.2283,0.0470,12050.00,0.0458,0.2283
23,SegFormer Base (CE),0.08,0.0269,254.00,0.0000,1.0000,0.0272,254.00,0.0000,1.0000
23,SegFormer Base (CE),0.10,0.0269,254.00,0.0000,1.0000,0.0272,254.00,0.0000,1.0000
23,SegFormer Base (CE),0.15,0.0269,254.00,0.0000,1.0000,0.0272,254.00,0.0000,1.0000
23,SegFormer Base (CE),0.20,0.0269,254.00,0.0000,1.0000,0.0272,254.00,0.0000,1.0000
23,SegFormer Base (CE),0.30,0.0269,254.00,0.0000,1.0000,0.0272,254.00,0.0000,1.0000
23,SegFormer Base (CE),0.40,0.0269,254.00,0.0000,1.0000,0.0272,254.00,0.0000,1.0000
23,SegFormer Base (CE),0.50,0.0269,254.00,0.0000,1.0000,0.0272,254.00,0.0000,1.0000
23,SegFormer Temp Scaling (CE),0.02,0.0010,1931.00,0.0067,0.7047,0.0031,1931.00,0.0067,0.7047
23,SegFormer Temp Scaling (CE),0.05,0.0010,254.00,0.0000,1.0000,0.0010,254.00,0.0000,1.0000
23,SegFormer Temp Scaling (CE),0.08,0.0010,254.00,0.0000,1.0000,0.0010,254.00,0.0000,1.0000
23,SegFormer Temp Scaling (CE),0.10,0.0010,254.00,0.0000,1.0000,0.0010,254.00,0.0000,1.0000
23,SegFormer Temp Scaling (CE),0.15,0.0010,254.00,0.0000,1.0000,0.0010,254.00,0.0000,1.0000
23,SegFormer Temp Scaling (CE),0.20,0.0010,254.00,0.0000,1.0000,0.0010,254.00,0.0000,1.0000
23,SegFormer Temp Scaling (CE),0.30,0.0010,254.00,0.0000,1.0000,0.0010,254.00,0.0000,1.0000
23,SegFormer Temp Scaling (CE),0.40,0.0010,254.00,0.0000,1.0000,0.0010,254.00,0.0000,1.0000
23,SegFormer Temp Scaling (CE),0.50,0.0010,254.00,0.0000,1.0000,0.0010,254.00,0.0000,1.0000
23,SegFormer Matrix Scaling (CE),0.02,0.0175,107350.00,0.4098,0.1220,0.0287,107350.00,0.4098,0.1220
23,SegFormer Matrix Scaling (CE),0.05,0.0175,15504.00,0.0590,0.2283,0.0520,15504.00,0.0590,0.2283
23,SegFormer Matrix Scaling (CE),0.08,0.0175,601.00,0.0013,1.0000,0.0524,601.00,0.0013,1.0000
23,SegFormer Matrix Scaling (CE),0.10,0.0175,254.00,0.0000,1.0000,0.0184,254.00,0.0000,1.0000
23,SegFormer Matrix Scaling (CE),0.15,0.0175,254.00,0.0000,1.0000,0.0184,254.00,0.0000,1.0000
23,SegFormer Matrix Scaling (CE),0.20,0.0175,254.00,0.0000,1.0000,0.0184,254.00,0.0000,1.0000
23,SegFormer Matrix Scaling (CE),0.30,0.0175,254.00,0.0000,1.0000,0.0184,254.00,0.0000,1.0000
23,SegFormer Matrix Scaling (CE),0.40,0.0175,254.00,0.0000,1.0000,0.0184,254.00,0.0000,1.0000
23,SegFormer Matrix Scaling (CE),0.50,0.0175,254.00,0.0000,1.0000,0.0184,254.00,0.0000,1.0000
23,SegFormer Base (FL),0.02,0.0499,261890.00,1.0000,0.0000,0.0495,261890.00,1.0000,0.0000
23,SegFormer Base (FL),0.05,0.0499,107335.00,0.4098,0.0315,0.0530,107335.00,0.4098,0.0315
23,SegFormer Base (FL),0.08,0.0499,6565.00,0.0245,0.5984,0.0743,6565.00,0.0245,0.5984
23,SegFormer Base (FL),0.10,0.0499,254.00,0.0000,1.0000,0.0495,254.00,0.0000,1.0000
23,SegFormer Base (FL),0.15,0.0499,254.00,0.0000,1.0000,0.0495,254.00,0.0000,1.0000
23,SegFormer Base (FL),0.20,0.0499,254.00,0.0000,1.0000,0.0495,254.00,0.0000,1.0000
23,SegFormer Base (FL),0.30,0.0499,254.00,0.0000,1.0000,0.0495,254.00,0.0000,1.0000
23,SegFormer Base (FL),0.40,0.0499,254.00,0.0000,1.0000,0.0495,254.00,0.0000,1.0000
23,SegFormer Base (FL),0.50,0.0499,254.00,0.0000,1.0000,0.0495,254.00,0.0000,1.0000
23,SegFormer Temp Scaling (FL),0.02,0.0029,3071.00,0.0115,0.2283,0.0172,3071.00,0.0115,0.2283
23,SegFormer Temp Scaling (FL),0.05,0.0029,254.00,0.0000,1.0000,0.0028,254.00,0.0000,1.0000
23,SegFormer Temp Scaling (FL),0.08,0.0029,254.00,0.0000,1.0000,0.0028,254.00,0.0000,1.0000
23,SegFormer Temp Scaling (FL),0.10,0.0029,254.00,0.0000,1.0000,0.0028,254.00,0.0000,1.0000
23,SegFormer Temp Scaling (FL),0.15,0.0029,254.00,0.0000,1.0000,0.0028,254.00,0.0000,1.0000
23,SegFormer Temp Scaling (FL),0.20,0.0029,254.00,0.0000,1.0000,0.0028,254.00,0.0000,1.0000
23,SegFormer Temp Scaling (FL),0.30,0.0029,254.00,0.0000,1.0000,0.0028,254.00,0.0000,1.0000
23,SegFormer Temp Scaling (FL),0.40,0.0029,254.00,0.0000,1.0000,0.0028,254.00,0.0000,1.0000
23,SegFormer Temp Scaling (FL),0.50,0.0029,254.00,0.0000,1.0000,0.0028,254.00,0.0000,1.0000
23,SegFormer Matrix Scaling (FL),0.02,0.0149,85007.00,0.3245,0.1220,0.0275,85007.00,0.3245,0.1220
23,SegFormer Matrix Scaling (FL),0.05,0.0149,7316.00,0.0273,0.7047,0.0470,7316.00,0.0273,0.7047
23,SegFormer Matrix Scaling (FL),0.08,0.0149,254.00,0.0000,1.0000,0.0154,254.00,0.0000,1.0000
23,SegFormer Matrix Scaling (FL),0.10,0.0149,254.00,0.0000,1.0000,0.0154,254.00,0.0000,1.0000
23,SegFormer Matrix Scaling (FL),0.15,0.0149,254.00,0.0000,1.0000,0.0154,254.00,0.0000,1.0000
23,SegFormer Matrix Scaling (FL),0.20,0.0149,254.00,0.0000,1.0000,0.0154,254.00,0.0000,1.0000
23,SegFormer Matrix Scaling (FL),0.30,0.0149,254.00,0.0000,1.0000,0.0154,254.00,0.0000,1.0000
23,SegFormer Matrix Scaling (FL),0.40,0.0149,254.00,0.0000,1.0000,0.0154,254.00,0.0000,1.0000
23,SegFormer Matrix Scaling (FL),0.50,0.0149,254.00,0.0000,1.0000,0.0154,254.00,0.0000,1.0000
23,MobileNetV4 Base (CE),0.02,0.0322,249962.00,0.9545,0.0000,0.0190,249962.00,0.9545,0.0000
23,MobileNetV4 Base (CE),0.05,0.0322,17878.00,0.0681,0.1220,0.0510,17878.00,0.0681,0.1220
23,MobileNetV4 Base (CE),0.08,0.0322,3958.00,0.0149,0.2283,0.0405,3958.00,0.0149,0.2283
23,MobileNetV4 Base (CE),0.10,0.0322,254.00,0.0000,1.0000,0.0323,254.00,0.0000,1.0000
23,MobileNetV4 Base (CE),0.15,0.0322,254.00,0.0000,1.0000,0.0323,254.00,0.0000,1.0000
23,MobileNetV4 Base (CE),0.20,0.0322,254.00,0.0000,1.0000,0.0323,254.00,0.0000,1.0000
23,MobileNetV4 Base (CE),0.30,0.0322,254.00,0.0000,1.0000,0.0323,254.00,0.0000,1.0000
23,MobileNetV4 Base (CE),0.40,0.0322,254.00,0.0000,1.0000,0.0323,254.00,0.0000,1.0000
23,MobileNetV4 Base (CE),0.50,0.0322,254.00,0.0000,1.0000,0.0323,254.00,0.0000,1.0000
23,MobileNetV4 Temp Scaling (CE),0.02,0.0076,13021.00,0.0496,0.1220,0.0167,13021.00,0.0496,0.1220
23,MobileNetV4 Temp Scaling (CE),0.05,0.0076,3071.00,0.0115,0.2283,0.0002,3071.00,0.0115,0.2283
23,MobileNetV4 Temp Scaling (CE),0.08,0.0076,254.00,0.0000,1.0000,0.0076,254.00,0.0000,1.0000
23,MobileNetV4 Temp Scaling (CE),0.10,0.0076,254.00,0.0000,1.0000,0.0076,254.00,0.0000,1.0000
23,MobileNetV4 Temp Scaling (CE),0.15,0.0076,254.00,0.0000,1.0000,0.0076,254.00,0.0000,1.0000
23,MobileNetV4 Temp Scaling (CE),0.20,0.0076,254.00,0.0000,1.0000,0.0076,254.00,0.0000,1.0000
23,MobileNetV4 Temp Scaling (CE),0.30,0.0076,254.00,0.0000,1.0000,0.0076,254.00,0.0000,1.0000
23,MobileNetV4 Temp Scaling (CE),0.40,0.0076,254.00,0.0000,1.0000,0.0076,254.00,0.0000,1.0000
23,MobileNetV4 Temp Scaling (CE),0.50,0.0076,254.00,0.0000,1.0000,0.0076,254.00,0.0000,1.0000
23,MobileNetV4 Matrix Scaling (CE),0.02,0.0229,144087.00,0.5502,0.0315,0.0218,144087.00,0.5502,0.0315
23,MobileNetV4 Matrix Scaling (CE),0.05,0.0229,9273.00,0.0352,0.2283,0.0556,9273.00,0.0352,0.2283
23,MobileNetV4 Matrix Scaling (CE),0.08,0.0229,3165.00,0.0114,0.7047,0.0632,3165.00,0.0114,0.7047
23,MobileNetV4 Matrix Scaling (CE),0.10,0.0229,254.00,0.0000,1.0000,0.0235,254.00,0.0000,1.0000
23,MobileNetV4 Matrix Scaling (CE),0.15,0.0229,254.00,0.0000,1.0000,0.0235,254.00,0.0000,1.0000
23,MobileNetV4 Matrix Scaling (CE),0.20,0.0229,254.00,0.0000,1.0000,0.0235,254.00,0.0000,1.0000
23,MobileNetV4 Matrix Scaling (CE),0.30,0.0229,254.00,0.0000,1.0000,0.0235,254.00,0.0000,1.0000
23,MobileNetV4 Matrix Scaling (CE),0.40,0.0229,254.00,0.0000,1.0000,0.0235,254.00,0.0000,1.0000
23,MobileNetV4 Matrix Scaling (CE),0.50,0.0229,254.00,0.0000,1.0000,0.0235,254.00,0.0000,1.0000
23,MobileNetV4 Base (FL),0.02,0.0659,261890.00,1.0000,0.0000,0.0666,261890.00,1.0000,0.0000
23,MobileNetV4 Base (FL),0.05,0.0659,205704.00,0.7855,0.0000,0.0502,205704.00,0.7855,0.0000
23,MobileNetV4 Base (FL),0.08,0.0659,63517.00,0.2425,0.0315,0.0976,63517.00,0.2425,0.0315
23,MobileNetV4 Base (FL),0.10,0.0659,21966.00,0.0838,0.1220,0.1077,21966.00,0.0838,0.1220
23,MobileNetV4 Base (FL),0.15,0.0659,2252.00,0.0076,1.0000,0.1388,2252.00,0.0076,1.0000
23,MobileNetV4 Base (FL),0.20,0.0659,254.00,0.0000,1.0000,0.0666,254.00,0.0000,1.0000
23,MobileNetV4 Base (FL),0.30,0.0659,254.00,0.0000,1.0000,0.0666,254.00,0.0000,1.0000
23,MobileNetV4 Base (FL),0.40,0.0659,254.00,0.0000,1.0000,0.0666,254.00,0.0000,1.0000
23,MobileNetV4 Base (FL),0.50,0.0659,254.00,0.0000,1.0000,0.0666,254.00,0.0000,1.0000
23,MobileNetV4 Temp Scaling (FL),0.02,0.0105,40639.00,0.1551,0.1220,0.0302,40639.00,0.1551,0.1220
23,MobileNetV4 Temp Scaling (FL),0.05,0.0105,8017.00,0.0304,0.2283,0.0527,8017.00,0.0304,0.2283
23,MobileNetV4 Temp Scaling (FL),0.08,0.0105,2252.00,0.0076,1.0000,0.0813,2252.00,0.0076,1.0000
23,MobileNetV4 Temp Scaling (FL),0.10,0.0105,2252.00,0.0076,1.0000,0.0813,2252.00,0.0076,1.0000
23,MobileNetV4 Temp Scaling (FL),0.15,0.0105,254.00,0.0000,1.0000,0.0111,254.00,0.0000,1.0000
23,MobileNetV4 Temp Scaling (FL),0.20,0.0105,254.00,0.0000,1.0000,0.0111,254.00,0.0000,1.0000
23,MobileNetV4 Temp Scaling (FL),0.30,0.0105,254.00,0.0000,1.0000,0.0111,254.00,0.0000,1.0000
23,MobileNetV4 Temp Scaling (FL),0.40,0.0105,254.00,0.0000,1.0000,0.0111,254.00,0.0000,1.0000
23,MobileNetV4 Temp Scaling (FL),0.50,0.0105,254.00,0.0000,1.0000,0.0111,254.00,0.0000,1.0000
23,MobileNetV4 Matrix Scaling (FL),0.02,0.0237,127728.00,0.4877,0.0315,0.0327,127728.00,0.4877,0.0315
23,MobileNetV4 Matrix Scaling (FL),0.05,0.0237,27081.00,0.1032,0.2283,0.0634,27081.00,0.1032,0.2283
23,MobileNetV4 Matrix Scaling (FL),0.08,0.0237,4338.00,0.0156,1.0000,0.0922,4338.00,0.0156,1.0000
23,MobileNetV4 Matrix Scaling (FL),0.10,0.0237,2921.00,0.0102,1.0000,0.0928,2921.00,0.0102,1.0000
23,MobileNetV4 Matrix Scaling (FL),0.15,0.0237,254.00,0.0000,1.0000,0.0248,254.00,0.0000,1.0000
23,MobileNetV4 Matrix Scaling (FL),0.20,0.0237,254.00,0.0000,1.0000,0.0248,254.00,0.0000,1.0000
23,MobileNetV4 Matrix Scaling (FL),0.30,0.0237,254.00,0.0000,1.0000,0.0248,254.00,0.0000,1.0000
23,MobileNetV4 Matrix Scaling (FL),0.40,0.0237,254.00,0.0000,1.0000,0.0248,254.00,0.0000,1.0000
23,MobileNetV4 Matrix Scaling (FL),0.50,0.0237,254.00,0.0000,1.0000,0.0248,254.00,0.0000,1.0000
24,SegFormer Base (CE),0.02,0.0242,192723.00,0.7390,0.0151,0.0183,192723.00,0.7390,0.0151
24,SegFormer Base (CE),0.05,0.0242,14228.00,0.0526,0.3599,0.0292,14228.00,0.0526,0.3599
24,SegFormer Base (CE),0.08,0.0242,3888.00,0.0114,0.6487,0.0462,3888.00,0.0114,0.6487
24,SegFormer Base (CE),0.10,0.0242,1900.00,0.0031,0.7881,0.0754,1900.00,0.0031,0.7881
24,SegFormer Base (CE),0.15,0.0242,1900.00,0.0031,0.7881,0.0754,1900.00,0.0031,0.7881
24,SegFormer Base (CE),0.20,0.0242,1392.00,0.0000,1.0000,0.0233,1392.00,0.0000,1.0000
24,SegFormer Base (CE),0.30,0.0242,1392.00,0.0000,1.0000,0.0233,1392.00,0.0000,1.0000
24,SegFormer Base (CE),0.40,0.0242,1392.00,0.0000,1.0000,0.0233,1392.00,0.0000,1.0000
24,SegFormer Base (CE),0.50,0.0242,1392.00,0.0000,1.0000,0.0233,1392.00,0.0000,1.0000
24,SegFormer Temp Scaling (CE),0.02,0.0026,5342.00,0.0178,0.5043,0.0739,5342.00,0.0178,0.5043
24,SegFormer Temp Scaling (CE),0.05,0.0026,2713.00,0.0065,0.7349,0.0693,2713.00,0.0065,0.7349
24,SegFormer Temp Scaling (CE),0.08,0.0026,1900.00,0.0031,0.7881,0.0899,1900.00,0.0031,0.7881
24,SegFormer Temp Scaling (CE),0.10,0.0026,1900.00,0.0031,0.7881,0.0899,1900.00,0.0031,0.7881
24,SegFormer Temp Scaling (CE),0.15,0.0026,1622.00,0.0014,0.8944,0.0632,1622.00,0.0014,0.8944
24,SegFormer Temp Scaling (CE),0.20,0.0026,1392.00,0.0000,1.0000,0.0022,1392.00,0.0000,1.0000
24,SegFormer Temp Scaling (CE),0.30,0.0026,1392.00,0.0000,1.0000,0.0022,1392.00,0.0000,1.0000
24,SegFormer Temp Scaling (CE),0.40,0.0026,1392.00,0.0000,1.0000,0.0022,1392.00,0.0000,1.0000
24,SegFormer Temp Scaling (CE),0.50,0.0026,1392.00,0.0000,1.0000,0.0022,1392.00,0.0000,1.0000
24,SegFormer Matrix Scaling (CE),0.02,0.0138,87508.00,0.3345,0.2033,0.0259,87508.00,0.3345,0.2033
24,SegFormer Matrix Scaling (CE),0.05,0.0138,13618.00,0.0492,0.5711,0.0550,13618.00,0.0492,0.5711
24,SegFormer Matrix Scaling (CE),0.08,0.0138,3683.00,0.0102,0.7320,0.0799,3683.00,0.0102,0.7320
24,SegFormer Matrix Scaling (CE),0.10,0.0138,2643.00,0.0062,0.7320,0.0760,2643.00,0.0062,0.7320
24,SegFormer Matrix Scaling (CE),0.15,0.0138,1392.00,0.0000,1.0000,0.0130,1392.00,0.0000,1.0000
24,SegFormer Matrix Scaling (CE),0.20,0.0138,1392.00,0.0000,1.0000,0.0130,1392.00,0.0000,1.0000
24,SegFormer Matrix Scaling (CE),0.30,0.0138,1392.00,0.0000,1.0000,0.0130,1392.00,0.0000,1.0000
24,SegFormer Matrix Scaling (CE),0.40,0.0138,1392.00,0.0000,1.0000,0.0130,1392.00,0.0000,1.0000
24,SegFormer Matrix Scaling (CE),0.50,0.0138,1392.00,0.0000,1.0000,0.0130,1392.00,0.0000,1.0000
24,SegFormer Base (FL),0.02,0.0520,260163.00,0.9977,0.0079,0.0261,260163.00,0.9977,0.0079
24,SegFormer Base (FL),0.05,0.0520,143584.00,0.5506,0.0086,0.0497,143584.00,0.5506,0.0086
24,SegFormer Base (FL),0.08,0.0520,20845.00,0.0777,0.4116,0.0716,20845.00,0.0777,0.4116
24,SegFormer Base (FL),0.10,0.0520,9242.00,0.0328,0.4892,0.0724,9242.00,0.0328,0.4892
24,SegFormer Base (FL),0.15,0.0520,3115.00,0.0084,0.6681,0.0401,3115.00,0.0084,0.6681
24,SegFormer Base (FL),0.20,0.0520,1900.00,0.0031,0.7881,0.0244,1900.00,0.0031,0.7881
24,SegFormer Base (FL),0.30,0.0520,1392.00,0.0000,1.0000,0.0515,1392.00,0.0000,1.0000
24,SegFormer Base (FL),0.40,0.0520,1392.00,0.0000,1.0000,0.0515,1392.00,0.0000,1.0000
24,SegFormer Base (FL),0.50,0.0520,1392.00,0.0000,1.0000,0.0515,1392.00,0.0000,1.0000
24,SegFormer Temp Scaling (FL),0.02,0.0022,13763.00,0.0505,0.4318,0.0079,13763.00,0.0505,0.4318
24,SegFormer Temp Scaling (FL),0.05,0.0022,5724.00,0.0192,0.5223,0.0114,5724.00,0.0192,0.5223
24,SegFormer Temp Scaling (FL),0.08,0.0022,3336.00,0.0093,0.6487,0.0134,3336.00,0.0093,0.6487
24,SegFormer Temp Scaling (FL),0.10,0.0022,3336.00,0.0093,0.6487,0.0134,3336.00,0.0093,0.6487
24,SegFormer Temp Scaling (FL),0.15,0.0022,1900.00,0.0031,0.7881,0.0184,1900.00,0.0031,0.7881
24,SegFormer Temp Scaling (FL),0.20,0.0022,1900.00,0.0031,0.7881,0.0184,1900.00,0.0031,0.7881
24,SegFormer Temp Scaling (FL),0.30,0.0022,1392.00,0.0000,1.0000,0.0018,1392.00,0.0000,1.0000
24,SegFormer Temp Scaling (FL),0.40,0.0022,1392.00,0.0000,1.0000,0.0018,1392.00,0.0000,1.0000
24,SegFormer Temp Scaling (FL),0.50,0.0022,1392.00,0.0000,1.0000,0.0018,1392.00,0.0000,1.0000
24,SegFormer Matrix Scaling (FL),0.02,0.0126,75011.00,0.2861,0.2874,0.0236,75011.00,0.2861,0.2874
24,SegFormer Matrix Scaling (FL),0.05,0.0126,12980.00,0.0473,0.4670,0.0394,12980.00,0.0473,0.4670
24,SegFormer Matrix Scaling (FL),0.08,0.0126,5131.00,0.0162,0.6458,0.0475,5131.00,0.0162,0.6458
24,SegFormer Matrix Scaling (FL),0.10,0.0126,3075.00,0.0080,0.7019,0.0387,3075.00,0.0080,0.7019
24,SegFormer Matrix Scaling (FL),0.15,0.0126,1392.00,0.0000,1.0000,0.0123,1392.00,0.0000,1.0000
24,SegFormer Matrix Scaling (FL),0.20,0.0126,1392.00,0.0000,1.0000,0.0123,1392.00,0.0000,1.0000
24,SegFormer Matrix Scaling (FL),0.30,0.0126,1392.00,0.0000,1.0000,0.0123,1392.00,0.0000,1.0000
24,SegFormer Matrix Scaling (FL),0.40,0.0126,1392.00,0.0000,1.0000,0.0123,1392.00,0.0000,1.0000
24,SegFormer Matrix Scaling (FL),0.50,0.0126,1392.00,0.0000,1.0000,0.0123,1392.00,0.0000,1.0000
24,MobileNetV4 Base (CE),0.02,0.0323,247387.00,0.9487,0.0000,0.0192,247387.00,0.9487,0.0000
24,MobileNetV4 Base (CE),0.05,0.0323,36818.00,0.1406,0.1200,0.0399,36818.00,0.1406,0.1200
24,MobileNetV4 Base (CE),0.08,0.0323,11265.00,0.0406,0.4892,0.0462,11265.00,0.0406,0.4892
24,MobileNetV4 Base (CE),0.10,0.0323,5223.00,0.0170,0.5654,0.0460,5223.00,0.0170,0.5654
24,MobileNetV4 Base (CE),0.15,0.0323,2523.00,0.0059,0.7019,0.0400,2523.00,0.0059,0.7019
24,MobileNetV4 Base (CE),0.20,0.0323,1900.00,0.0031,0.7881,0.0352,1900.00,0.0031,0.7881
24,MobileNetV4 Base (CE),0.30,0.0323,1392.00,0.0000,1.0000,0.0315,1392.00,0.0000,1.0000
24,MobileNetV4 Base (CE),0.40,0.0323,1392.00,0.0000,1.0000,0.0315,1392.00,0.0000,1.0000
24,MobileNetV4 Base (CE),0.50,0.0323,1392.00,0.0000,1.0000,0.0315,1392.00,0.0000,1.0000
24,MobileNetV4 Temp Scaling (CE),0.02,0.0071,30498.00,0.1160,0.1853,0.0031,30498.00,0.1160,0.1853
24,MobileNetV4 Temp Scaling (CE),0.05,0.0071,7768.00,0.0273,0.4691,0.0146,7768.00,0.0273,0.4691
24,MobileNetV4 Temp Scaling (CE),0.08,0.0071,3280.00,0.0093,0.6092,0.0214,3280.00,0.0093,0.6092
24,MobileNetV4 Temp Scaling (CE),0.10,0.0071,2523.00,0.0059,0.7019,0.0205,2523.00,0.0059,0.7019
24,MobileNetV4 Temp Scaling (CE),0.15,0.0071,2523.00,0.0059,0.7019,0.0205,2523.00,0.0059,0.7019
24,MobileNetV4 Temp Scaling (CE),0.20,0.0071,1670.00,0.0016,0.8937,0.0128,1670.00,0.0016,0.8937
24,MobileNetV4 Temp Scaling (CE),0.30,0.0071,1392.00,0.0000,1.0000,0.0066,1392.00,0.0000,1.0000
24,MobileNetV4 Temp Scaling (CE),0.40,0.0071,1392.00,0.0000,1.0000,0.0066,1392.00,0.0000,1.0000
24,MobileNetV4 Temp Scaling (CE),0.50,0.0071,1392.00,0.0000,1.0000,0.0066,1392.00,0.0000,1.0000
24,MobileNetV4 Matrix Scaling (CE),0.02,0.0212,138210.00,0.5298,0.0453,0.0194,138210.00,0.5298,0.0453
24,MobileNetV4 Matrix Scaling (CE),0.05,0.0212,23406.00,0.0883,0.2787,0.0326,23406.00,0.0883,0.2787
24,MobileNetV4 Matrix Scaling (CE),0.08,0.0212,5003.00,0.0156,0.6803,0.0378,5003.00,0.0156,0.6803
24,MobileNetV4 Matrix Scaling (CE),0.10,0.0212,3075.00,0.0080,0.7019,0.0159,3075.00,0.0080,0.7019
24,MobileNetV4 Matrix Scaling (CE),0.15,0.0212,2523.00,0.0059,0.7019,0.0485,2523.00,0.0059,0.7019
24,MobileNetV4 Matrix Scaling (CE),0.20,0.0212,1392.00,0.0000,1.0000,0.0213,1392.00,0.0000,1.0000
24,MobileNetV4 Matrix Scaling (CE),0.30,0.0212,1392.00,0.0000,1.0000,0.0213,1392.00,0.0000,1.0000
24,MobileNetV4 Matrix Scaling (CE),0.40,0.0212,1392.00,0.0000,1.0000,0.0213,1392.00,0.0000,1.0000
24,MobileNetV4 Matrix Scaling (CE),0.50,0.0212,1392.00,0.0000,1.0000,0.0213,1392.00,0.0000,1.0000
24,MobileNetV4 Base (FL),0.02,0.0625,260752.00,1.0000,0.0000,0.0626,260752.00,1.0000,0.0000
24,MobileNetV4 Base (FL),0.05,0.0625,193910.00,0.7437,0.0000,0.0481,193910.00,0.7437,0.0000
24,MobileNetV4 Base (FL),0.08,0.0625,55466.00,0.2114,0.2507,0.0762,55466.00,0.2114,0.2507
24,MobileNetV4 Base (FL),0.10,0.0625,26421.00,0.0990,0.4389,0.0953,26421.00,0.0990,0.4389
24,MobileNetV4 Base (FL),0.15,0.0625,6488.00,0.0213,0.6688,0.1204,6488.00,0.0213,0.6688
24,MobileNetV4 Base (FL),0.20,0.0625,4025.00,0.0119,0.6688,0.0988,4025.00,0.0119,0.6688
24,MobileNetV4 Base (FL),0.30,0.0625,1670.00,0.0016,0.8937,0.0559,1670.00,0.0016,0.8937
24,MobileNetV4 Base (FL),0.40,0.0625,1392.00,0.0000,1.0000,0.0626,1392.00,0.0000,1.0000
24,MobileNetV4 Base (FL),0.50,0.0625,1392.00,0.0000,1.0000,0.0626,1392.00,0.0000,1.0000
24,MobileNetV4 Temp Scaling (FL),0.02,0.0093,48430.00,0.1842,0.2838,0.0228,48430.00,0.1842,0.2838
24,MobileNetV4 Temp Scaling (FL),0.05,0.0093,13054.00,0.0475,0.4784,0.0535,13054.00,0.0475,0.4784
24,MobileNetV4 Temp Scaling (FL),0.08,0.0093,7494.00,0.0259,0.5230,0.0473,7494.00,0.0259,0.5230
24,MobileNetV4 Temp Scaling (FL),0.10,0.0093,5437.00,0.0173,0.6688,0.0599,5437.00,0.0173,0.6688
24,MobileNetV4 Temp Scaling (FL),0.15,0.0093,3223.00,0.0086,0.7019,0.0430,3223.00,0.0086,0.7019
24,MobileNetV4 Temp Scaling (FL),0.20,0.0093,2523.00,0.0059,0.7019,0.0115,2523.00,0.0059,0.7019
24,MobileNetV4 Temp Scaling (FL),0.30,0.0093,1392.00,0.0000,1.0000,0.0092,1392.00,0.0000,1.0000
24,MobileNetV4 Temp Scaling (FL),0.40,0.0093,1392.00,0.0000,1.0000,0.0092,1392.00,0.0000,1.0000
24,MobileNetV4 Temp Scaling (FL),0.50,0.0093,1392.00,0.0000,1.0000,0.0092,1392.00,0.0000,1.0000
24,MobileNetV4 Matrix Scaling (FL),0.02,0.0199,111942.00,0.4286,0.1293,0.0213,111942.00,0.4286,0.1293
24,MobileNetV4 Matrix Scaling (FL),0.05,0.0199,23762.00,0.0889,0.4116,0.0485,23762.00,0.0889,0.4116
24,MobileNetV4 Matrix Scaling (FL),0.08,0.0199,9093.00,0.0313,0.6688,0.0517,9093.00,0.0313,0.6688
24,MobileNetV4 Matrix Scaling (FL),0.10,0.0199,4850.00,0.0150,0.6688,0.0375,4850.00,0.0150,0.6688
24,MobileNetV4 Matrix Scaling (FL),0.15,0.0199,3223.00,0.0086,0.7019,0.0785,3223.00,0.0086,0.7019
24,MobileNetV4 Matrix Scaling (FL),0.20,0.0199,2092.00,0.0027,1.0000,0.1123,2092.00,0.0027,1.0000
24,MobileNetV4 Matrix Scaling (FL),0.30,0.0199,1392.00,0.0000,1.0000,0.0207,1392.00,0.0000,1.0000
24,MobileNetV4 Matrix Scaling (FL),0.40,0.0199,1392.00,0.0000,1.0000,0.0207,1392.00,0.0000,1.0000
24,MobileNetV4 Matrix Scaling (FL),0.50,0.0199,1392.00,0.0000,1.0000,0.0207,1392.00,0.0000,1.0000
25,SegFormer Base (CE),0.02,0.0652,246511.00,1.0000,0.0000,0.0650,246511.00,1.0000,0.0000
25,SegFormer Base (CE),0.05,0.0652,149002.00,0.6043,0.0027,0.0642,149002.00,0.6043,0.0027
25,SegFormer Base (CE),0.08,0.0652,85253.00,0.3436,0.0361,0.0618,85253.00,0.3436,0.0361
25,SegFormer Base (CE),0.10,0.0652,64343.00,0.2574,0.0568,0.0792,64343.00,0.2574,0.0568
25,SegFormer Base (CE),0.15,0.0652,38507.00,0.1473,0.1400,0.0879,38507.00,0.1473,0.1400
25,SegFormer Base (CE),0.20,0.0652,29346.00,0.1063,0.2014,0.1037,29346.00,0.1063,0.2014
25,SegFormer Base (CE),0.30,0.0652,16572.00,0.0443,0.3611,0.1378,16572.00,0.0443,0.3611
25,SegFormer Base (CE),0.40,0.0652,13504.00,0.0289,0.4084,0.1432,13504.00,0.0289,0.4084
25,SegFormer Base (CE),0.50,0.0652,11203.00,0.0153,0.4757,0.1223,11203.00,0.0153,0.4757
25,SegFormer Temp Scaling (CE),0.02,0.0292,89218.00,0.3601,0.0295,0.0208,89218.00,0.3601,0.0295
25,SegFormer Temp Scaling (CE),0.05,0.0292,60820.00,0.2423,0.0700,0.0506,60820.00,0.2423,0.0700
25,SegFormer Temp Scaling (CE),0.08,0.0292,45177.00,0.1771,0.0976,0.0598,45177.00,0.1771,0.0976
25,SegFormer Temp Scaling (CE),0.10,0.0292,38164.00,0.1468,0.1272,0.0717,38164.00,0.1468,0.1272
25,SegFormer Temp Scaling (CE),0.15,0.0292,28683.00,0.1031,0.2083,0.1016,28683.00,0.1031,0.2083
25,SegFormer Temp Scaling (CE),0.20,0.0292,24186.00,0.0819,0.2559,0.1262,24186.00,0.0819,0.2559
25,SegFormer Temp Scaling (CE),0.30,0.0292,16120.00,0.0415,0.3771,0.1947,16120.00,0.0415,0.3771
25,SegFormer Temp Scaling (CE),0.40,0.0292,13504.00,0.0289,0.4084,0.2056,13504.00,0.0289,0.4084
25,SegFormer Temp Scaling (CE),0.50,0.0292,12603.00,0.0233,0.4387,0.2021,12603.00,0.0233,0.4387
25,SegFormer Matrix Scaling (CE),0.02,0.0217,140358.00,0.5690,0.0063,0.0214,140358.00,0.5690,0.0063
25,SegFormer Matrix Scaling (CE),0.05,0.0217,67213.00,0.2690,0.0583,0.0280,67213.00,0.2690,0.0583
25,SegFormer Matrix Scaling (CE),0.08,0.0217,41991.00,0.1628,0.1196,0.0427,41991.00,0.1628,0.1196
25,SegFormer Matrix Scaling (CE),0.10,0.0217,33909.00,0.1278,0.1543,0.0436,33909.00,0.1278,0.1543
25,SegFormer Matrix Scaling (CE),0.15,0.0217,24390.00,0.0829,0.2522,0.0331,24390.00,0.0829,0.2522
25,SegFormer Matrix Scaling (CE),0.20,0.0217,18293.00,0.0518,0.3527,0.0644,18293.00,0.0518,0.3527
25,SegFormer Matrix Scaling (CE),0.30,0.0217,12953.00,0.0257,0.4237,0.0453,12953.00,0.0257,0.4237
25,SegFormer Matrix Scaling (CE),0.40,0.0217,11599.00,0.0182,0.4551,0.0351,11599.00,0.0182,0.4551
25,SegFormer Matrix Scaling (CE),0.50,0.0217,10499.00,0.0099,0.5153,0.0093,10499.00,0.0099,0.5153
25,SegFormer Base (FL),0.02,0.1048,245853.00,0.9973,0.0000,0.0612,245853.00,0.9973,0.0000
25,SegFormer Base (FL),0.05,0.1048,245397.00,0.9955,0.0000,0.0551,245397.00,0.9955,0.0000
25,SegFormer Base (FL),0.08,0.1048,173137.00,0.7020,0.0056,0.0710,173137.00,0.7020,0.0056
25,SegFormer Base (FL),0.10,0.1048,123002.00,0.4981,0.0141,0.0980,123002.00,0.4981,0.0141
25,SegFormer Base (FL),0.15,0.1048,66913.00,0.2660,0.0850,0.1117,66913.00,0.2660,0.0850
25,SegFormer Base (FL),0.20,0.1048,42839.00,0.1629,0.1712,0.1201,42839.00,0.1629,0.1712
25,SegFormer Base (FL),0.30,0.1048,18828.00,0.0543,0.3488,0.1204,18828.00,0.0543,0.3488
25,SegFormer Base (FL),0.40,0.1048,14181.00,0.0326,0.3937,0.1280,14181.00,0.0326,0.3937
25,SegFormer Base (FL),0.50,0.1048,12576.00,0.0222,0.4549,0.1180,12576.00,0.0222,0.4549
25,SegFormer Temp Scaling (FL),0.02,0.0369,102612.00,0.4145,0.0275,0.0263,102612.00,0.4145,0.0275
25,SegFormer Temp Scaling (FL),0.05,0.0369,71614.00,0.2862,0.0677,0.0417,71614.00,0.2862,0.0677
25,SegFormer Temp Scaling (FL),0.08,0.0369,58103.00,0.2298,0.0931,0.0531,58103.00,0.2298,0.0931
25,SegFormer Temp Scaling (FL),0.10,0.0369,46666.00,0.1822,0.1115,0.0591,46666.00,0.1822,0.1115
25,SegFormer Temp Scaling (FL),0.15,0.0369,32726.00,0.1197,0.2051,0.0654,32726.00,0.1197,0.2051
25,SegFormer Temp Scaling (FL),0.20,0.0369,22925.00,0.0740,0.2997,0.1340,22925.00,0.0740,0.2997
25,SegFormer Temp Scaling (FL),0.30,0.0369,17103.00,0.0466,0.3585,0.1687,17103.00,0.0466,0.3585
25,SegFormer Temp Scaling (FL),0.40,0.0369,13622.00,0.0294,0.4082,0.1719,13622.00,0.0294,0.4082
25,SegFormer Temp Scaling (FL),0.50,0.0369,12972.00,0.0251,0.4343,0.2024,12972.00,0.0251,0.4343
25,SegFormer Matrix Scaling (FL),0.02,0.0158,90668.00,0.3653,0.0393,0.0312,90668.00,0.3653,0.0393
25,SegFormer Matrix Scaling (FL),0.05,0.0158,53020.00,0.2091,0.0942,0.0315,53020.00,0.2091,0.0942
25,SegFormer Matrix Scaling (FL),0.08,0.0158,30203.00,0.1088,0.2158,0.0742,30203.00,0.1088,0.2158
25,SegFormer Matrix Scaling (FL),0.10,0.0158,23923.00,0.0793,0.2794,0.0679,23923.00,0.0793,0.2794
25,SegFormer Matrix Scaling (FL),0.15,0.0158,17591.00,0.0481,0.3666,0.0877,17591.00,0.0481,0.3666
25,SegFormer Matrix Scaling (FL),0.20,0.0158,12477.00,0.0234,0.4285,0.1163,12477.00,0.0234,0.4285
25,SegFormer Matrix Scaling (FL),0.30,0.0158,10809.00,0.0112,0.5151,0.1871,10809.00,0.0112,0.5151
25,SegFormer Matrix Scaling (FL),0.40,0.0158,10302.00,0.0038,0.5992,0.1854,10302.00,0.0038,0.5992
25,SegFormer Matrix Scaling (FL),0.50,0.0158,10827.00,0.0012,0.6738,0.1996,10827.00,0.0012,0.6738
25,MobileNetV4 Base (CE),0.02,0.0586,236256.00,0.9584,0.0000,0.0213,236256.00,0.9584,0.0000
25,MobileNetV4 Base (CE),0.05,0.0586,117571.00,0.4753,0.0265,0.0273,117571.00,0.4753,0.0265
25,MobileNetV4 Base (CE),0.08,0.0586,73377.00,0.2937,0.0619,0.0449,73377.00,0.2937,0.0619
25,MobileNetV4 Base (CE),0.10,0.0586,61893.00,0.2439,0.1126,0.0618,61893.00,0.2439,0.1126
25,MobileNetV4 Base (CE),0.15,0.0586,40182.00,0.1507,0.1938,0.0680,40182.00,0.1507,0.1938
25,MobileNetV4 Base (CE),0.20,0.0586,29494.00,0.1042,0.2441,0.0846,29494.00,0.1042,0.2441
25,MobileNetV4 Base (CE),0.30,0.0586,16409.00,0.0429,0.3734,0.1067,16409.00,0.0429,0.3734
25,MobileNetV4 Base (CE),0.40,0.0586,14250.00,0.0315,0.4144,0.1373,14250.00,0.0315,0.4144
25,MobileNetV4 Base (CE),0.50,0.0586,12355.00,0.0202,0.4711,0.1176,12355.00,0.0202,0.4711
25,MobileNetV4 Temp Scaling (CE),0.02,0.0339,103488.00,0.4181,0.0267,0.0212,103488.00,0.4181,0.0267
25,MobileNetV4 Temp Scaling (CE),0.05,0.0339,67713.00,0.2705,0.0654,0.0270,67713.00,0.2705,0.0654
25,MobileNetV4 Temp Scaling (CE),0.08,0.0339,51469.00,0.2000,0.1381,0.0378,51469.00,0.2000,0.1381
25,MobileNetV4 Temp Scaling (CE),0.10,0.0339,42673.00,0.1612,0.1885,0.0476,42673.00,0.1612,0.1885
25,MobileNetV4 Temp Scaling (CE),0.15,0.0339,33382.00,0.1221,0.2095,0.0609,33382.00,0.1221,0.2095
25,MobileNetV4 Temp Scaling (CE),0.20,0.0339,24536.00,0.0823,0.2715,0.0924,24536.00,0.0823,0.2715
25,MobileNetV4 Temp Scaling (CE),0.30,0.0339,15415.00,0.0389,0.3734,0.1443,15415.00,0.0389,0.3734
25,MobileNetV4 Temp Scaling (CE),0.40,0.0339,14162.00,0.0303,0.4274,0.1818,14162.00,0.0303,0.4274
25,MobileNetV4 Temp Scaling (CE),0.50,0.0339,13017.00,0.0239,0.4554,0.1840,13017.00,0.0239,0.4554
25,MobileNetV4 Matrix Scaling (CE),0.02,0.0269,147412.00,0.5967,0.0197,0.0085,147412.00,0.5967,0.0197
25,MobileNetV4 Matrix Scaling (CE),0.05,0.0269,73075.00,0.2925,0.0613,0.0241,73075.00,0.2925,0.0613
25,MobileNetV4 Matrix Scaling (CE),0.08,0.0269,47731.00,0.1837,0.1561,0.0274,47731.00,0.1837,0.1561
25,MobileNetV4 Matrix Scaling (CE),0.10,0.0269,39055.00,0.1473,0.1755,0.0258,39055.00,0.1473,0.1755
25,MobileNetV4 Matrix Scaling (CE),0.15,0.0269,25470.00,0.0868,0.2600,0.0572,25470.00,0.0868,0.2600
25,MobileNetV4 Matrix Scaling (CE),0.20,0.0269,19365.00,0.0586,0.3141,0.0469,19365.00,0.0586,0.3141
25,MobileNetV4 Matrix Scaling (CE),0.30,0.0269,14162.00,0.0303,0.4274,0.0584,14162.00,0.0303,0.4274
25,MobileNetV4 Matrix Scaling (CE),0.40,0.0269,11510.00,0.0162,0.4804,0.0899,11510.00,0.0162,0.4804
25,MobileNetV4 Matrix Scaling (CE),0.50,0.0269,10436.00,0.0091,0.5238,0.0422,10436.00,0.0091,0.5238
25,MobileNetV4 Base (FL),0.02,0.1342,246511.00,1.0000,0.0000,0.1319,246511.00,1.0000,0.0000
25,MobileNetV4 Base (FL),0.05,0.1342,241181.00,0.9784,0.0000,0.0568,241181.00,0.9784,0.0000
25,MobileNetV4 Base (FL),0.08,0.1342,204391.00,0.8286,0.0083,0.0724,204391.00,0.8286,0.0083
25,MobileNetV4 Base (FL),0.10,0.1342,171578.00,0.6946,0.0232,0.0902,171578.00,0.6946,0.0232
25,MobileNetV4 Base (FL),0.15,0.1342,99051.00,0.3977,0.0643,0.1177,99051.00,0.3977,0.0643
25,MobileNetV4 Base (FL),0.20,0.1342,67867.00,0.2669,0.1330,0.1411,67867.00,0.2669,0.1330
25,MobileNetV4 Base (FL),0.30,0.1342,31079.00,0.1100,0.2538,0.2022,31079.00,0.1100,0.2538
25,MobileNetV4 Base (FL),0.40,0.1342,18630.00,0.0517,0.3766,0.2119,18630.00,0.0517,0.3766
25,MobileNetV4 Base (FL),0.50,0.1342,14225.00,0.0311,0.4189,0.1716,14225.00,0.0311,0.4189
25,MobileNetV4 Temp Scaling (FL),0.02,0.0675,163406.00,0.6620,0.0133,0.0108,163406.00,0.6620,0.0133
25,MobileNetV4 Temp Scaling (FL),0.05,0.0675,98464.00,0.3966,0.0451,0.0611,98464.00,0.3966,0.0451
25,MobileNetV4 Temp Scaling (FL),0.08,0.0675,82975.00,0.3319,0.0736,0.0710,82975.00,0.3319,0.0736
25,MobileNetV4 Temp Scaling (FL),0.10,0.0675,67668.00,0.2670,0.1176,0.0868,67668.00,0.2670,0.1176
25,MobileNetV4 Temp Scaling (FL),0.15,0.0675,49933.00,0.1915,0.1743,0.1159,49933.00,0.1915,0.1743
25,MobileNetV4 Temp Scaling (FL),0.20,0.0675,38361.00,0.1418,0.2184,0.1670,38361.00,0.1418,0.2184
25,MobileNetV4 Temp Scaling (FL),0.30,0.0675,24121.00,0.0797,0.2863,0.2223,24121.00,0.0797,0.2863
25,MobileNetV4 Temp Scaling (FL),0.40,0.0675,16608.00,0.0430,0.3846,0.2291,16608.00,0.0430,0.3846
25,MobileNetV4 Temp Scaling (FL),0.50,0.0675,14313.00,0.0323,0.4059,0.2288,14313.00,0.0323,0.4059
25,MobileNetV4 Matrix Scaling (FL),0.02,0.0497,215465.00,0.8735,0.0083,0.0161,215465.00,0.8735,0.0083
25,MobileNetV4 Matrix Scaling (FL),0.05,0.0497,108763.00,0.4389,0.0364,0.0205,108763.00,0.4389,0.0364
25,MobileNetV4 Matrix Scaling (FL),0.08,0.0497,78110.00,0.3106,0.0991,0.0332,78110.00,0.3106,0.0991
25,MobileNetV4 Matrix Scaling (FL),0.10,0.0497,58571.00,0.2291,0.1343,0.0335,58571.00,0.2291,0.1343
25,MobileNetV4 Matrix Scaling (FL),0.15,0.0497,38268.00,0.1418,0.2126,0.0777,38268.00,0.1418,0.2126
25,MobileNetV4 Matrix Scaling (FL),0.20,0.0497,25462.00,0.0864,0.2659,0.0890,25462.00,0.0864,0.2659
25,MobileNetV4 Matrix Scaling (FL),0.30,0.0497,15617.00,0.0384,0.3940,0.0859,15617.00,0.0384,0.3940
25,MobileNetV4 Matrix Scaling (FL),0.40,0.0497,12464.00,0.0222,0.4475,0.0867,12464.00,0.0222,0.4475
25,MobileNetV4 Matrix Scaling (FL),0.50,0.0497,10587.00,0.0102,0.5159,0.0545,10587.00,0.0102,0.5159
26,SegFormer Base (CE),0.02,0.0156,131762.00,0.5243,0.0031,0.0110,131762.00,0.5243,0.0031
26,SegFormer Base (CE),0.05,0.0156,43364.00,0.1667,0.1354,0.0272,43364.00,0.1667,0.1354
26,SegFormer Base (CE),0.08,0.0156,26837.00,0.0960,0.2489,0.0514,26837.00,0.0960,0.2489
26,SegFormer Base (CE),0.10,0.0156,22230.00,0.0762,0.2834,0.0608,22230.00,0.0762,0.2834
26,SegFormer Base (CE),0.15,0.0156,17504.00,0.0540,0.3624,0.0621,17504.00,0.0540,0.3624
26,SegFormer Base (CE),0.20,0.0156,14092.00,0.0358,0.4671,0.0673,14092.00,0.0358,0.4671
26,SegFormer Base (CE),0.30,0.0156,10087.00,0.0143,0.5976,0.0627,10087.00,0.0143,0.5976
26,SegFormer Base (CE),0.40,0.0156,8467.00,0.0015,0.7421,0.0714,8467.00,0.0015,0.7421
26,SegFormer Base (CE),0.50,0.0156,8410.00,0.0001,0.7693,0.0766,8410.00,0.0001,0.7693
26,SegFormer Temp Scaling (CE),0.02,0.0105,37649.00,0.1422,0.1762,0.0222,37649.00,0.1422,0.1762
26,SegFormer Temp Scaling (CE),0.05,0.0105,24417.00,0.0859,0.2609,0.0621,24417.00,0.0859,0.2609
26,SegFormer Temp Scaling (CE),0.08,0.0105,20330.00,0.0670,0.3207,0.0656,20330.00,0.0670,0.3207
26,SegFormer Temp Scaling (CE),0.10,0.0105,17475.00,0.0542,0.3541,0.0657,17475.00,0.0542,0.3541
26,SegFormer Temp Scaling (CE),0.15,0.0105,15789.00,0.0461,0.3854,0.0681,15789.00,0.0461,0.3854
26,SegFormer Temp Scaling (CE),0.20,0.0105,11903.00,0.0240,0.5393,0.0591,11903.00,0.0240,0.5393
26,SegFormer Temp Scaling (CE),0.30,0.0105,9839.00,0.0116,0.6351,0.0839,9839.00,0.0116,0.6351
26,SegFormer Temp Scaling (CE),0.40,0.0105,8467.00,0.0015,0.7421,0.0296,8467.00,0.0015,0.7421
26,SegFormer Temp Scaling (CE),0.50,0.0105,8410.00,0.0001,0.7693,0.0307,8410.00,0.0001,0.7693
26,SegFormer Matrix Scaling (CE),0.02,0.0115,39166.00,0.1489,0.1620,0.0483,39166.00,0.1489,0.1620
26,SegFormer Matrix Scaling (CE),0.05,0.0115,21759.00,0.0735,0.3020,0.0761,21759.00,0.0735,0.3020
26,SegFormer Matrix Scaling (CE),0.08,0.0115,17038.00,0.0519,0.3662,0.0640,17038.00,0.0519,0.3662
26,SegFormer Matrix Scaling (CE),0.10,0.0115,15789.00,0.0461,0.3854,0.0646,15789.00,0.0461,0.3854
26,SegFormer Matrix Scaling (CE),0.15,0.0115,11678.00,0.0226,0.5514,0.0470,11678.00,0.0226,0.5514
26,SegFormer Matrix Scaling (CE),0.20,0.0115,10087.00,0.0143,0.5976,0.0607,10087.00,0.0143,0.5976
26,SegFormer Matrix Scaling (CE),0.30,0.0115,8410.00,0.0001,0.7693,0.1316,8410.00,0.0001,0.7693
26,SegFormer Matrix Scaling (CE),0.40,0.0115,8410.00,0.0001,0.7693,0.1316,8410.00,0.0001,0.7693
26,SegFormer Matrix Scaling (CE),0.50,0.0115,8410.00,0.0001,0.7693,0.1316,8410.00,0.0001,0.7693
26,SegFormer Base (FL),0.02,0.0912,251258.00,1.0000,0.0000,0.0866,251258.00,1.0000,0.0000
26,SegFormer Base (FL),0.05,0.0912,250875.00,0.9985,0.0000,0.0637,250875.00,0.9985,0.0000
26,SegFormer Base (FL),0.08,0.0912,190769.00,0.7592,0.0010,0.0765,190769.00,0.7592,0.0010
26,SegFormer Base (FL),0.10,0.0912,113700.00,0.4515,0.0235,0.0951,113700.00,0.4515,0.0235
26,SegFormer Base (FL),0.15,0.0912,47171.00,0.1830,0.1089,0.1035,47171.00,0.1830,0.1089
26,SegFormer Base (FL),0.20,0.0912,22995.00,0.0787,0.2948,0.0987,22995.00,0.0787,0.2948
26,SegFormer Base (FL),0.30,0.0912,12609.00,0.0275,0.5225,0.0951,12609.00,0.0275,0.5225
26,SegFormer Base (FL),0.40,0.0912,8908.00,0.0064,0.6710,0.0625,8908.00,0.0064,0.6710
26,SegFormer Base (FL),0.50,0.0912,8458.00,0.0018,0.7350,0.1215,8458.00,0.0018,0.7350
26,SegFormer Temp Scaling (FL),0.02,0.0104,82586.00,0.3275,0.0277,0.0062,82586.00,0.3275,0.0277
26,SegFormer Temp Scaling (FL),0.05,0.0104,44472.00,0.1724,0.1053,0.0472,44472.00,0.1724,0.1053
26,SegFormer Temp Scaling (FL),0.08,0.0104,27694.00,0.1003,0.2297,0.0603,27694.00,0.1003,0.2297
26,SegFormer Temp Scaling (FL),0.10,0.0104,23634.00,0.0824,0.2692,0.0582,23634.00,0.0824,0.2692
26,SegFormer Temp Scaling (FL),0.15,0.0104,17504.00,0.0540,0.3624,0.0786,17504.00,0.0540,0.3624
26,SegFormer Temp Scaling (FL),0.20,0.0104,15417.00,0.0424,0.4377,0.0814,15417.00,0.0424,0.4377
26,SegFormer Temp Scaling (FL),0.30,0.0104,10634.00,0.0173,0.5780,0.0744,10634.00,0.0173,0.5780
26,SegFormer Temp Scaling (FL),0.40,0.0104,8908.00,0.0064,0.6710,0.0124,8908.00,0.0064,0.6710
26,SegFormer Temp Scaling (FL),0.50,0.0104,8458.00,0.0018,0.7350,0.0284,8458.00,0.0018,0.7350
26,SegFormer Matrix Scaling (FL),0.02,0.0101,72015.00,0.2842,0.0556,0.0267,72015.00,0.2842,0.0556
26,SegFormer Matrix Scaling (FL),0.05,0.0101,21718.00,0.0743,0.2808,0.0694,21718.00,0.0743,0.2808
26,SegFormer Matrix Scaling (FL),0.08,0.0101,14198.00,0.0371,0.4478,0.0928,14198.00,0.0371,0.4478
26,SegFormer Matrix Scaling (FL),0.10,0.0101,14198.00,0.0371,0.4478,0.0928,14198.00,0.0371,0.4478
26,SegFormer Matrix Scaling (FL),0.15,0.0101,9637.00,0.0097,0.6615,0.1776,9637.00,0.0097,0.6615
26,SegFormer Matrix Scaling (FL),0.20,0.0101,8410.00,0.0001,0.7693,0.2754,8410.00,0.0001,0.7693
26,SegFormer Matrix Scaling (FL),0.30,0.0101,8410.00,0.0001,0.7693,0.2754,8410.00,0.0001,0.7693
26,SegFormer Matrix Scaling (FL),0.40,0.0101,8410.00,0.0001,0.7693,0.2754,8410.00,0.0001,0.7693
26,SegFormer Matrix Scaling (FL),0.50,0.0101,8410.00,0.0001,0.7693,0.2754,8410.00,0.0001,0.7693
26,MobileNetV4 Base (CE),0.02,0.0363,243021.00,0.9672,0.0009,0.0187,243021.00,0.9672,0.0009
26,MobileNetV4 Base (CE),0.05,0.0363,101603.00,0.4019,0.0562,0.0440,101603.00,0.4019,0.0562
26,MobileNetV4 Base (CE),0.08,0.0363,46735.00,0.1807,0.1229,0.0365,46735.00,0.1807,0.1229
26,MobileNetV4 Base (CE),0.10,0.0363,34711.00,0.1299,0.1900,0.0384,34711.00,0.1299,0.1900
26,MobileNetV4 Base (CE),0.15,0.0363,18653.00,0.0592,0.3459,0.0362,18653.00,0.0592,0.3459
26,MobileNetV4 Base (CE),0.20,0.0363,12802.00,0.0297,0.4911,0.0693,12802.00,0.0297,0.4911
26,MobileNetV4 Base (CE),0.30,0.0363,9741.00,0.0107,0.6473,0.1011,9741.00,0.0107,0.6473
26,MobileNetV4 Base (CE),0.40,0.0363,8562.00,0.0028,0.7207,0.1211,8562.00,0.0028,0.7207
26,MobileNetV4 Base (CE),0.50,0.0363,8410.00,0.0001,0.7693,0.1324,8410.00,0.0001,0.7693
26,MobileNetV4 Temp Scaling (CE),0.02,0.0079,78687.00,0.3113,0.0427,0.0151,78687.00,0.3113,0.0427
26,MobileNetV4 Temp Scaling (CE),0.05,0.0079,37696.00,0.1434,0.1523,0.0181,37696.00,0.1434,0.1523
26,MobileNetV4 Temp Scaling (CE),0.08,0.0079,24452.00,0.0861,0.2585,0.0318,24452.00,0.0861,0.2585
26,MobileNetV4 Temp Scaling (CE),0.10,0.0079,20190.00,0.0669,0.3112,0.0417,20190.00,0.0669,0.3112
26,MobileNetV4 Temp Scaling (CE),0.15,0.0079,15509.00,0.0445,0.3969,0.0472,15509.00,0.0445,0.3969
26,MobileNetV4 Temp Scaling (CE),0.20,0.0079,11755.00,0.0234,0.5386,0.0574,11755.00,0.0234,0.5386
26,MobileNetV4 Temp Scaling (CE),0.30,0.0079,9741.00,0.0107,0.6473,0.0728,9741.00,0.0107,0.6473
26,MobileNetV4 Temp Scaling (CE),0.40,0.0079,8562.00,0.0028,0.7207,0.0700,8562.00,0.0028,0.7207
26,MobileNetV4 Temp Scaling (CE),0.50,0.0079,8410.00,0.0001,0.7693,0.0729,8410.00,0.0001,0.7693
26,MobileNetV4 Matrix Scaling (CE),0.02,0.0176,144230.00,0.5732,0.0203,0.0115,144230.00,0.5732,0.0203
26,MobileNetV4 Matrix Scaling (CE),0.05,0.0176,43846.00,0.1688,0.1318,0.0145,43846.00,0.1688,0.1318
26,MobileNetV4 Matrix Scaling (CE),0.08,0.0176,23985.00,0.0839,0.2675,0.0493,23985.00,0.0839,0.2675
26,MobileNetV4 Matrix Scaling (CE),0.10,0.0176,16870.00,0.0508,0.3772,0.0618,16870.00,0.0508,0.3772
26,MobileNetV4 Matrix Scaling (CE),0.15,0.0176,12989.00,0.0300,0.5005,0.0602,12989.00,0.0300,0.5005
26,MobileNetV4 Matrix Scaling (CE),0.20,0.0176,9798.00,0.0121,0.6200,0.1060,9798.00,0.0121,0.6200
26,MobileNetV4 Matrix Scaling (CE),0.30,0.0176,8562.00,0.0028,0.7207,0.1747,8562.00,0.0028,0.7207
26,MobileNetV4 Matrix Scaling (CE),0.40,0.0176,8410.00,0.0001,0.7693,0.1798,8410.00,0.0001,0.7693
26,MobileNetV4 Matrix Scaling (CE),0.50,0.0176,8410.00,0.0001,0.7693,0.1798,8410.00,0.0001,0.7693
26,MobileNetV4 Base (FL),0.02,0.1143,251258.00,1.0000,0.0000,0.1109,251258.00,1.0000,0.0000
26,MobileNetV4 Base (FL),0.05,0.1143,251258.00,1.0000,0.0000,0.1109,251258.00,1.0000,0.0000
26,MobileNetV4 Base (FL),0.08,0.1143,216055.00,0.8598,0.0026,0.0728,216055.00,0.8598,0.0026
26,MobileNetV4 Base (FL),0.10,0.1143,173852.00,0.6917,0.0049,0.0892,173852.00,0.6917,0.0049
26,MobileNetV4 Base (FL),0.15,0.1143,78378.00,0.3079,0.0938,0.1419,78378.00,0.3079,0.0938
26,MobileNetV4 Base (FL),0.20,0.1143,42498.00,0.1623,0.1576,0.1707,42498.00,0.1623,0.1576
26,MobileNetV4 Base (FL),0.30,0.1143,12924.00,0.0306,0.4808,0.1298,12924.00,0.0306,0.4808
26,MobileNetV4 Base (FL),0.40,0.1143,10030.00,0.0128,0.6248,0.1293,10030.00,0.0128,0.6248
26,MobileNetV4 Base (FL),0.50,0.1143,8458.00,0.0018,0.7350,0.1408,8458.00,0.0018,0.7350
26,MobileNetV4 Temp Scaling (FL),0.02,0.0295,142940.00,0.5685,0.0086,0.0157,142940.00,0.5685,0.0086
26,MobileNetV4 Temp Scaling (FL),0.05,0.0295,69084.00,0.2723,0.0611,0.0608,69084.00,0.2723,0.0611
26,MobileNetV4 Temp Scaling (FL),0.08,0.0295,49062.00,0.1900,0.1211,0.0803,49062.00,0.1900,0.1211
26,MobileNetV4 Temp Scaling (FL),0.10,0.0295,41656.00,0.1599,0.1353,0.0811,41656.00,0.1599,0.1353
26,MobileNetV4 Temp Scaling (FL),0.15,0.0295,27235.00,0.0981,0.2387,0.0973,27235.00,0.0981,0.2387
26,MobileNetV4 Temp Scaling (FL),0.20,0.0295,17665.00,0.0554,0.3430,0.0970,17665.00,0.0554,0.3430
26,MobileNetV4 Temp Scaling (FL),0.30,0.0295,11274.00,0.0215,0.5393,0.1072,11274.00,0.0215,0.5393
26,MobileNetV4 Temp Scaling (FL),0.40,0.0295,9664.00,0.0098,0.6608,0.1299,9664.00,0.0098,0.6608
26,MobileNetV4 Temp Scaling (FL),0.50,0.0295,8851.00,0.0050,0.6983,0.0352,8851.00,0.0050,0.6983
26,MobileNetV4 Matrix Scaling (FL),0.02,0.0349,239507.00,0.9532,0.0000,0.0182,239507.00,0.9532,0.0000
26,MobileNetV4 Matrix Scaling (FL),0.05,0.0349,99414.00,0.3940,0.0383,0.0346,99414.00,0.3940,0.0383
26,MobileNetV4 Matrix Scaling (FL),0.08,0.0349,48782.00,0.1887,0.1270,0.0477,48782.00,0.1887,0.1270
26,MobileNetV4 Matrix Scaling (FL),0.10,0.0349,33279.00,0.1244,0.1868,0.0466,33279.00,0.1244,0.1868
26,MobileNetV4 Matrix Scaling (FL),0.15,0.0349,17665.00,0.0554,0.3430,0.0516,17665.00,0.0554,0.3430
26,MobileNetV4 Matrix Scaling (FL),0.20,0.0349,12508.00,0.0281,0.5012,0.0797,12508.00,0.0281,0.5012
26,MobileNetV4 Matrix Scaling (FL),0.30,0.0349,9664.00,0.0098,0.6608,0.1133,9664.00,0.0098,0.6608
26,MobileNetV4 Matrix Scaling (FL),0.40,0.0349,8410.00,0.0001,0.7693,0.1794,8410.00,0.0001,0.7693
26,MobileNetV4 Matrix Scaling (FL),0.50,0.0349,8410.00,0.0001,0.7693,0.1794,8410.00,0.0001,0.7693
27,SegFormer Base (CE),0.02,0.0231,235424.00,0.9146,0.0000,0.0189,235424.00,0.9146,0.0000
27,SegFormer Base (CE),0.05,0.0231,45559.00,0.1741,0.1589,0.0161,45559.00,0.1741,0.1589
27,SegFormer Base (CE),0.08,0.0231,17378.00,0.0589,0.4710,0.0129,17378.00,0.0589,0.4710
27,SegFormer Base (CE),0.10,0.0231,10773.00,0.0306,0.6105,0.0373,10773.00,0.0306,0.6105
27,SegFormer Base (CE),0.15,0.0231,5685.00,0.0081,0.7636,0.1483,5685.00,0.0081,0.7636
27,SegFormer Base (CE),0.20,0.0231,4524.00,0.0005,0.9325,0.1550,4524.00,0.0005,0.9325
27,SegFormer Base (CE),0.30,0.0231,4524.00,0.0005,0.9325,0.1550,4524.00,0.0005,0.9325
27,SegFormer Base (CE),0.40,0.0231,4524.00,0.0005,0.9325,0.1550,4524.00,0.0005,0.9325
27,SegFormer Base (CE),0.50,0.0231,4726.00,0.0000,1.0000,0.0199,4726.00,0.0000,1.0000
27,SegFormer Temp Scaling (CE),0.02,0.0080,32636.00,0.1223,0.2414,0.0379,32636.00,0.1223,0.2414
27,SegFormer Temp Scaling (CE),0.05,0.0080,13543.00,0.0434,0.5040,0.0511,13543.00,0.0434,0.5040
27,SegFormer Temp Scaling (CE),0.08,0.0080,9663.00,0.0259,0.6329,0.0640,9663.00,0.0259,0.6329
27,SegFormer Temp Scaling (CE),0.10,0.0080,6704.00,0.0125,0.7359,0.1059,6704.00,0.0125,0.7359
27,SegFormer Temp Scaling (CE),0.15,0.0080,4524.00,0.0005,0.9325,0.1350,4524.00,0.0005,0.9325
27,SegFormer Temp Scaling (CE),0.20,0.0080,4524.00,0.0005,0.9325,0.1350,4524.00,0.0005,0.9325
27,SegFormer Temp Scaling (CE),0.30,0.0080,4524.00,0.0005,0.9325,0.1350,4524.00,0.0005,0.9325
27,SegFormer Temp Scaling (CE),0.40,0.0080,4524.00,0.0005,0.9325,0.1350,4524.00,0.0005,0.9325
27,SegFormer Temp Scaling (CE),0.50,0.0080,4726.00,0.0000,1.0000,0.0081,4726.00,0.0000,1.0000
27,SegFormer Matrix Scaling (CE),0.02,0.0046,83165.00,0.3208,0.1259,0.0056,83165.00,0.3208,0.1259
27,SegFormer Matrix Scaling (CE),0.05,0.0046,17107.00,0.0569,0.5231,0.0402,17107.00,0.0569,0.5231
27,SegFormer Matrix Scaling (CE),0.08,0.0046,9401.00,0.0243,0.6665,0.0780,9401.00,0.0243,0.6665
27,SegFormer Matrix Scaling (CE),0.10,0.0046,5543.00,0.0049,0.9048,0.1464,5543.00,0.0049,0.9048
27,SegFormer Matrix Scaling (CE),0.15,0.0046,4524.00,0.0005,0.9325,0.2191,4524.00,0.0005,0.9325
27,SegFormer Matrix Scaling (CE),0.20,0.0046,4524.00,0.0005,0.9325,0.2191,4524.00,0.0005,0.9325
27,SegFormer Matrix Scaling (CE),0.30,0.0046,4726.00,0.0000,1.0000,0.0020,4726.00,0.0000,1.0000
27,SegFormer Matrix Scaling (CE),0.40,0.0046,4726.00,0.0000,1.0000,0.0020,4726.00,0.0000,1.0000
27,SegFormer Matrix Scaling (CE),0.50,0.0046,4726.00,0.0000,1.0000,0.0020,4726.00,0.0000,1.0000
27,SegFormer Base (FL),0.02,0.0605,257418.00,1.0000,0.0000,0.0585,257418.00,1.0000,0.0000
27,SegFormer Base (FL),0.05,0.0605,233595.00,0.9075,0.0000,0.0483,233595.00,0.9075,0.0000
27,SegFormer Base (FL),0.08,0.0605,70839.00,0.2730,0.1200,0.0506,70839.00,0.2730,0.1200
27,SegFormer Base (FL),0.10,0.0605,36814.00,0.1385,0.2446,0.0505,36814.00,0.1385,0.2446
27,SegFormer Base (FL),0.15,0.0605,9983.00,0.0274,0.6204,0.0926,9983.00,0.0274,0.6204
27,SegFormer Base (FL),0.20,0.0605,5685.00,0.0081,0.7636,0.1290,5685.00,0.0081,0.7636
27,SegFormer Base (FL),0.30,0.0605,4524.00,0.0005,0.9325,0.1807,4524.00,0.0005,0.9325
27,SegFormer Base (FL),0.40,0.0605,4524.00,0.0005,0.9325,0.1807,4524.00,0.0005,0.9325
27,SegFormer Base (FL),0.50,0.0605,4726.00,0.0000,1.0000,0.0585,4726.00,0.0000,1.0000
27,SegFormer Temp Scaling (FL),0.02,0.0015,51071.00,0.1956,0.1534,0.0096,51071.00,0.1956,0.1534
27,SegFormer Temp Scaling (FL),0.05,0.0015,20100.00,0.0710,0.3864,0.0284,20100.00,0.0710,0.3864
27,SegFormer Temp Scaling (FL),0.08,0.0015,11792.00,0.0347,0.6071,0.0481,11792.00,0.0347,0.6071
27,SegFormer Temp Scaling (FL),0.10,0.0015,8946.00,0.0228,0.6507,0.0431,8946.00,0.0228,0.6507
27,SegFormer Temp Scaling (FL),0.15,0.0015,5685.00,0.0081,0.7636,0.1064,5685.00,0.0081,0.7636
27,SegFormer Temp Scaling (FL),0.20,0.0015,5685.00,0.0081,0.7636,0.1064,5685.00,0.0081,0.7636
27,SegFormer Temp Scaling (FL),0.30,0.0015,4524.00,0.0005,0.9325,0.1282,4524.00,0.0005,0.9325
27,SegFormer Temp Scaling (FL),0.40,0.0015,4524.00,0.0005,0.9325,0.1282,4524.00,0.0005,0.9325
27,SegFormer Temp Scaling (FL),0.50,0.0015,4726.00,0.0000,1.0000,0.0010,4726.00,0.0000,1.0000
27,SegFormer Matrix Scaling (FL),0.02,0.0047,86388.00,0.3325,0.1689,0.0144,86388.00,0.3325,0.1689
27,SegFormer Matrix Scaling (FL),0.05,0.0047,18186.00,0.0595,0.6077,0.0506,18186.00,0.0595,0.6077
27,SegFormer Matrix Scaling (FL),0.08,0.0047,8768.00,0.0206,0.7359,0.1071,8768.00,0.0206,0.7359
27,SegFormer Matrix Scaling (FL),0.10,0.0047,6217.00,0.0096,0.7950,0.1409,6217.00,0.0096,0.7950
27,SegFormer Matrix Scaling (FL),0.15,0.0047,4524.00,0.0005,0.9325,0.2549,4524.00,0.0005,0.9325
27,SegFormer Matrix Scaling (FL),0.20,0.0047,4524.00,0.0005,0.9325,0.2549,4524.00,0.0005,0.9325
27,SegFormer Matrix Scaling (FL),0.30,0.0047,4726.00,0.0000,1.0000,0.0016,4726.00,0.0000,1.0000
27,SegFormer Matrix Scaling (FL),0.40,0.0047,4726.00,0.0000,1.0000,0.0016,4726.00,0.0000,1.0000
27,SegFormer Matrix Scaling (FL),0.50,0.0047,4726.00,0.0000,1.0000,0.0016,4726.00,0.0000,1.0000
27,MobileNetV4 Base (CE),0.02,0.0291,243245.00,0.9449,0.0004,0.0180,243245.00,0.9449,0.0004
27,MobileNetV4 Base (CE),0.05,0.0291,59756.00,0.2295,0.1452,0.0330,59756.00,0.2295,0.1452
27,MobileNetV4 Base (CE),0.08,0.0291,23140.00,0.0821,0.4264,0.0200,23140.00,0.0821,0.4264
27,MobileNetV4 Base (CE),0.10,0.0291,14075.00,0.0448,0.5404,0.0444,14075.00,0.0448,0.5404
27,MobileNetV4 Base (CE),0.15,0.0291,7151.00,0.0151,0.6926,0.0985,7151.00,0.0151,0.6926
27,MobileNetV4 Base (CE),0.20,0.0291,4656.00,0.0015,0.9012,0.1461,4656.00,0.0015,0.9012
27,MobileNetV4 Base (CE),0.30,0.0291,4524.00,0.0005,0.9325,0.1812,4524.00,0.0005,0.9325
27,MobileNetV4 Base (CE),0.40,0.0291,4726.00,0.0000,1.0000,0.0264,4726.00,0.0000,1.0000
27,MobileNetV4 Base (CE),0.50,0.0291,4726.00,0.0000,1.0000,0.0264,4726.00,0.0000,1.0000
27,MobileNetV4 Temp Scaling (CE),0.02,0.0024,52443.00,0.2008,0.1581,0.0172,52443.00,0.2008,0.1581
27,MobileNetV4 Temp Scaling (CE),0.05,0.0024,17441.00,0.0593,0.4590,0.0210,17441.00,0.0593,0.4590
27,MobileNetV4 Temp Scaling (CE),0.08,0.0024,11039.00,0.0321,0.5872,0.0630,11039.00,0.0321,0.5872
27,MobileNetV4 Temp Scaling (CE),0.10,0.0024,8638.00,0.0211,0.6780,0.0715,8638.00,0.0211,0.6780
27,MobileNetV4 Temp Scaling (CE),0.15,0.0024,6748.00,0.0133,0.7057,0.1341,6748.00,0.0133,0.7057
27,MobileNetV4 Temp Scaling (CE),0.20,0.0024,4656.00,0.0015,0.9012,0.1399,4656.00,0.0015,0.9012
27,MobileNetV4 Temp Scaling (CE),0.30,0.0024,4524.00,0.0005,0.9325,0.1588,4524.00,0.0005,0.9325
27,MobileNetV4 Temp Scaling (CE),0.40,0.0024,4524.00,0.0005,0.9325,0.1588,4524.00,0.0005,0.9325
27,MobileNetV4 Temp Scaling (CE),0.50,0.0024,4726.00,0.0000,1.0000,0.0005,4726.00,0.0000,1.0000
27,MobileNetV4 Matrix Scaling (CE),0.02,0.0166,143430.00,0.5567,0.0260,0.0135,143430.00,0.5567,0.0260
27,MobileNetV4 Matrix Scaling (CE),0.05,0.0166,31064.00,0.1147,0.3254,0.0097,31064.00,0.1147,0.3254
27,MobileNetV4 Matrix Scaling (CE),0.08,0.0166,11703.00,0.0347,0.5872,0.0627,11703.00,0.0347,0.5872
27,MobileNetV4 Matrix Scaling (CE),0.10,0.0166,9337.00,0.0250,0.6130,0.0937,9337.00,0.0250,0.6130
27,MobileNetV4 Matrix Scaling (CE),0.15,0.0166,4656.00,0.0015,0.9012,0.1794,4656.00,0.0015,0.9012
27,MobileNetV4 Matrix Scaling (CE),0.20,0.0166,4524.00,0.0005,0.9325,0.1933,4524.00,0.0005,0.9325
27,MobileNetV4 Matrix Scaling (CE),0.30,0.0166,4524.00,0.0005,0.9325,0.1933,4524.00,0.0005,0.9325
27,MobileNetV4 Matrix Scaling (CE),0.40,0.0166,4726.00,0.0000,1.0000,0.0118,4726.00,0.0000,1.0000
27,MobileNetV4 Matrix Scaling (CE),0.50,0.0166,4726.00,0.0000,1.0000,0.0118,4726.00,0.0000,1.0000
27,MobileNetV4 Base (FL),0.02,0.0671,256989.00,0.9983,0.0000,0.0433,256989.00,0.9983,0.0000
27,MobileNetV4 Base (FL),0.05,0.0671,204523.00,0.7944,0.0080,0.0502,204523.00,0.7944,0.0080
27,MobileNetV4 Base (FL),0.08,0.0671,107533.00,0.4167,0.0546,0.0708,107533.00,0.4167,0.0546
27,MobileNetV4 Base (FL),0.10,0.0671,56700.00,0.2179,0.1299,0.0730,56700.00,0.2179,0.1299
27,MobileNetV4 Base (FL),0.15,0.0671,21995.00,0.0777,0.4192,0.0759,21995.00,0.0777,0.4192
27,MobileNetV4 Base (FL),0.20,0.0671,7935.00,0.0184,0.6765,0.0956,7935.00,0.0184,0.6765
27,MobileNetV4 Base (FL),0.30,0.0671,4656.00,0.0015,0.9012,0.0807,4656.00,0.0015,0.9012
27,MobileNetV4 Base (FL),0.40,0.0671,4524.00,0.0005,0.9325,0.1014,4524.00,0.0005,0.9325
27,MobileNetV4 Base (FL),0.50,0.0671,4524.00,0.0005,0.9325,0.1014,4524.00,0.0005,0.9325
27,MobileNetV4 Temp Scaling (FL),0.02,0.0077,70966.00,0.2748,0.0472,0.0138,70966.00,0.2748,0.0472
27,MobileNetV4 Temp Scaling (FL),0.05,0.0077,37387.00,0.1415,0.2052,0.0133,37387.00,0.1415,0.2052
27,MobileNetV4 Temp Scaling (FL),0.08,0.0077,20719.00,0.0732,0.3972,0.0163,20719.00,0.0732,0.3972
27,MobileNetV4 Temp Scaling (FL),0.10,0.0077,16929.00,0.0569,0.4846,0.0245,16929.00,0.0569,0.4846
27,MobileNetV4 Temp Scaling (FL),0.15,0.0077,8306.00,0.0202,0.6583,0.0236,8306.00,0.0202,0.6583
27,MobileNetV4 Temp Scaling (FL),0.20,0.0077,6748.00,0.0133,0.7057,0.0121,6748.00,0.0133,0.7057
27,MobileNetV4 Temp Scaling (FL),0.30,0.0077,4656.00,0.0015,0.9012,0.0108,4656.00,0.0015,0.9012
27,MobileNetV4 Temp Scaling (FL),0.40,0.0077,4524.00,0.0005,0.9325,0.0078,4524.00,0.0005,0.9325
27,MobileNetV4 Temp Scaling (FL),0.50,0.0077,4524.00,0.0005,0.9325,0.0078,4524.00,0.0005,0.9325
27,MobileNetV4 Matrix Scaling (FL),0.02,0.0184,151795.00,0.5892,0.0248,0.0205,151795.00,0.5892,0.0248
27,MobileNetV4 Matrix Scaling (FL),0.05,0.0184,42097.00,0.1600,0.1932,0.0206,42097.00,0.1600,0.1932
27,MobileNetV4 Matrix Scaling (FL),0.08,0.0184,17889.00,0.0611,0.4547,0.0307,17889.00,0.0611,0.4547
27,MobileNetV4 Matrix Scaling (FL),0.10,0.0184,10728.00,0.0314,0.5580,0.0451,10728.00,0.0314,0.5580
27,MobileNetV4 Matrix Scaling (FL),0.15,0.0184,6748.00,0.0133,0.7057,0.0963,6748.00,0.0133,0.7057
27,MobileNetV4 Matrix Scaling (FL),0.20,0.0184,5685.00,0.0081,0.7636,0.1044,5685.00,0.0081,0.7636
27,MobileNetV4 Matrix Scaling (FL),0.30,0.0184,4524.00,0.0005,0.9325,0.1224,4524.00,0.0005,0.9325
27,MobileNetV4 Matrix Scaling (FL),0.40,0.0184,4524.00,0.0005,0.9325,0.1224,4524.00,0.0005,0.9325
27,MobileNetV4 Matrix Scaling (FL),0.50,0.0184,4524.00,0.0005,0.9325,0.1224,4524.00,0.0005,0.9325
28,SegFormer Base (CE),0.02,0.0177,213711.00,0.8285,0.0043,0.0183,213711.00,0.8285,0.0043
28,SegFormer Base (CE),0.05,0.0177,29875.00,0.1095,0.3860,0.0283,29875.00,0.1095,0.3860
28,SegFormer Base (CE),0.08,0.0177,11234.00,0.0328,0.6578,0.0203,11234.00,0.0328,0.6578
28,SegFormer Base (CE),0.10,0.0177,7879.00,0.0175,0.7930,0.0220,7879.00,0.0175,0.7930
28,SegFormer Base (CE),0.15,0.0177,5959.00,0.0086,0.8827,0.0181,5959.00,0.0086,0.8827
28,SegFormer Base (CE),0.20,0.0177,5147.00,0.0047,0.9331,0.0301,5147.00,0.0047,0.9331
28,SegFormer Base (CE),0.30,0.0177,4228.00,0.0000,1.0000,0.0185,4228.00,0.0000,1.0000
28,SegFormer Base (CE),0.40,0.0177,4228.00,0.0000,1.0000,0.0185,4228.00,0.0000,1.0000
28,SegFormer Base (CE),0.50,0.0177,4228.00,0.0000,1.0000,0.0185,4228.00,0.0000,1.0000
28,SegFormer Temp Scaling (CE),0.02,0.0108,14834.00,0.0484,0.5572,0.0325,14834.00,0.0484,0.5572
28,SegFormer Temp Scaling (CE),0.05,0.0108,9090.00,0.0234,0.7237,0.0500,9090.00,0.0234,0.7237
28,SegFormer Temp Scaling (CE),0.08,0.0108,6913.00,0.0131,0.8335,0.0177,6913.00,0.0131,0.8335
28,SegFormer Temp Scaling (CE),0.10,0.0108,6913.00,0.0131,0.8335,0.0177,6913.00,0.0131,0.8335
28,SegFormer Temp Scaling (CE),0.15,0.0108,5959.00,0.0086,0.8827,0.0081,5959.00,0.0086,0.8827
28,SegFormer Temp Scaling (CE),0.20,0.0108,4794.00,0.0028,0.9657,0.0314,4794.00,0.0028,0.9657
28,SegFormer Temp Scaling (CE),0.30,0.0108,4228.00,0.0000,1.0000,0.0097,4228.00,0.0000,1.0000
28,SegFormer Temp Scaling (CE),0.40,0.0108,4228.00,0.0000,1.0000,0.0097,4228.00,0.0000,1.0000
28,SegFormer Temp Scaling (CE),0.50,0.0108,4228.00,0.0000,1.0000,0.0097,4228.00,0.0000,1.0000
28,SegFormer Matrix Scaling (CE),0.02,0.0059,113532.00,0.4373,0.1750,0.0133,113532.00,0.4373,0.1750
28,SegFormer Matrix Scaling (CE),0.05,0.0059,22362.00,0.0767,0.6071,0.0188,22362.00,0.0767,0.6071
28,SegFormer Matrix Scaling (CE),0.08,0.0059,9129.00,0.0227,0.7741,0.0088,9129.00,0.0227,0.7741
28,SegFormer Matrix Scaling (CE),0.10,0.0059,7233.00,0.0143,0.8396,0.0095,7233.00,0.0143,0.8396
28,SegFormer Matrix Scaling (CE),0.15,0.0059,5147.00,0.0047,0.9331,0.0250,5147.00,0.0047,0.9331
28,SegFormer Matrix Scaling (CE),0.20,0.0059,4228.00,0.0000,1.0000,0.0075,4228.00,0.0000,1.0000
28,SegFormer Matrix Scaling (CE),0.30,0.0059,4228.00,0.0000,1.0000,0.0075,4228.00,0.0000,1.0000
28,SegFormer Matrix Scaling (CE),0.40,0.0059,4228.00,0.0000,1.0000,0.0075,4228.00,0.0000,1.0000
28,SegFormer Matrix Scaling (CE),0.50,0.0059,4228.00,0.0000,1.0000,0.0075,4228.00,0.0000,1.0000
28,SegFormer Base (FL),0.02,0.0455,257916.00,1.0000,0.0000,0.0463,257916.00,1.0000,0.0000
28,SegFormer Base (FL),0.05,0.0455,151548.00,0.5872,0.0244,0.0468,151548.00,0.5872,0.0244
28,SegFormer Base (FL),0.08,0.0455,41469.00,0.1561,0.2836,0.0401,41469.00,0.1561,0.2836
28,SegFormer Base (FL),0.10,0.0455,20227.00,0.0711,0.4449,0.0436,20227.00,0.0711,0.4449
28,SegFormer Base (FL),0.15,0.0455,6211.00,0.0103,0.8422,0.0905,6211.00,0.0103,0.8422
28,SegFormer Base (FL),0.20,0.0455,5959.00,0.0086,0.8827,0.0852,5959.00,0.0086,0.8827
28,SegFormer Base (FL),0.30,0.0455,5147.00,0.0047,0.9331,0.1004,5147.00,0.0047,0.9331
28,SegFormer Base (FL),0.40,0.0455,4228.00,0.0000,1.0000,0.0463,4228.00,0.0000,1.0000
28,SegFormer Base (FL),0.50,0.0455,4228.00,0.0000,1.0000,0.0463,4228.00,0.0000,1.0000
28,SegFormer Temp Scaling (FL),0.02,0.0078,22607.00,0.0809,0.4125,0.0306,22607.00,0.0809,0.4125
28,SegFormer Temp Scaling (FL),0.05,0.0078,10308.00,0.0297,0.6232,0.1058,10308.00,0.0297,0.6232
28,SegFormer Temp Scaling (FL),0.08,0.0078,7165.00,0.0148,0.7930,0.0674,7165.00,0.0148,0.7930
28,SegFormer Temp Scaling (FL),0.10,0.0078,6211.00,0.0103,0.8422,0.0868,6211.00,0.0103,0.8422
28,SegFormer Temp Scaling (FL),0.15,0.0078,5959.00,0.0086,0.8827,0.0564,5959.00,0.0086,0.8827
28,SegFormer Temp Scaling (FL),0.20,0.0078,5959.00,0.0086,0.8827,0.0564,5959.00,0.0086,0.8827
28,SegFormer Temp Scaling (FL),0.30,0.0078,4794.00,0.0028,0.9657,0.0780,4794.00,0.0028,0.9657
28,SegFormer Temp Scaling (FL),0.40,0.0078,4228.00,0.0000,1.0000,0.0052,4228.00,0.0000,1.0000
28,SegFormer Temp Scaling (FL),0.50,0.0078,4228.00,0.0000,1.0000,0.0052,4228.00,0.0000,1.0000
28,SegFormer Matrix Scaling (FL),0.02,0.0038,104073.00,0.4002,0.2036,0.0129,104073.00,0.4002,0.2036
28,SegFormer Matrix Scaling (FL),0.05,0.0038,23067.00,0.0790,0.6358,0.0226,23067.00,0.0790,0.6358
28,SegFormer Matrix Scaling (FL),0.08,0.0038,8175.00,0.0182,0.8233,0.0227,8175.00,0.0182,0.8233
28,SegFormer Matrix Scaling (FL),0.10,0.0038,6673.00,0.0114,0.8827,0.0152,6673.00,0.0114,0.8827
28,SegFormer Matrix Scaling (FL),0.15,0.0038,5147.00,0.0047,0.9331,0.0128,5147.00,0.0047,0.9331
28,SegFormer Matrix Scaling (FL),0.20,0.0038,4228.00,0.0000,1.0000,0.0057,4228.00,0.0000,1.0000
28,SegFormer Matrix Scaling (FL),0.30,0.0038,4228.00,0.0000,1.0000,0.0057,4228.00,0.0000,1.0000
28,SegFormer Matrix Scaling (FL),0.40,0.0038,4228.00,0.0000,1.0000,0.0057,4228.00,0.0000,1.0000
28,SegFormer Matrix Scaling (FL),0.50,0.0038,4228.00,0.0000,1.0000,0.0057,4228.00,0.0000,1.0000
28,MobileNetV4 Base (CE),0.02,0.0296,242880.00,0.9417,0.0000,0.0181,242880.00,0.9417,0.0000
28,MobileNetV4 Base (CE),0.05,0.0296,56914.00,0.2194,0.0799,0.0373,56914.00,0.2194,0.0799
28,MobileNetV4 Base (CE),0.08,0.0296,20610.00,0.0742,0.3482,0.0342,20610.00,0.0742,0.3482
28,MobileNetV4 Base (CE),0.10,0.0296,10337.00,0.0306,0.5797,0.0532,10337.00,0.0306,0.5797
28,MobileNetV4 Base (CE),0.15,0.0296,6964.00,0.0148,0.7422,0.0671,6964.00,0.0148,0.7422
28,MobileNetV4 Base (CE),0.20,0.0296,5959.00,0.0086,0.8827,0.0354,5959.00,0.0086,0.8827
28,MobileNetV4 Base (CE),0.30,0.0296,4228.00,0.0000,1.0000,0.0275,4228.00,0.0000,1.0000
28,MobileNetV4 Base (CE),0.40,0.0296,4228.00,0.0000,1.0000,0.0275,4228.00,0.0000,1.0000
28,MobileNetV4 Base (CE),0.50,0.0296,4228.00,0.0000,1.0000,0.0275,4228.00,0.0000,1.0000
28,MobileNetV4 Temp Scaling (CE),0.02,0.0028,44099.00,0.1690,0.1232,0.0214,44099.00,0.1690,0.1232
28,MobileNetV4 Temp Scaling (CE),0.05,0.0028,14652.00,0.0485,0.5043,0.0460,14652.00,0.0485,0.5043
28,MobileNetV4 Temp Scaling (CE),0.08,0.0028,9777.00,0.0277,0.6228,0.0662,9777.00,0.0277,0.6228
28,MobileNetV4 Temp Scaling (CE),0.10,0.0028,8566.00,0.0219,0.6921,0.0480,8566.00,0.0219,0.6921
28,MobileNetV4 Temp Scaling (CE),0.15,0.0028,5959.00,0.0086,0.8827,0.0313,5959.00,0.0086,0.8827
28,MobileNetV4 Temp Scaling (CE),0.20,0.0028,5606.00,0.0067,0.9153,0.0330,5606.00,0.0067,0.9153
28,MobileNetV4 Temp Scaling (CE),0.30,0.0028,4228.00,0.0000,1.0000,0.0010,4228.00,0.0000,1.0000
28,MobileNetV4 Temp Scaling (CE),0.40,0.0028,4228.00,0.0000,1.0000,0.0010,4228.00,0.0000,1.0000
28,MobileNetV4 Temp Scaling (CE),0.50,0.0028,4228.00,0.0000,1.0000,0.0010,4228.00,0.0000,1.0000
28,MobileNetV4 Matrix Scaling (CE),0.02,0.0171,159681.00,0.6188,0.0168,0.0183,159681.00,0.6188,0.0168
28,MobileNetV4 Matrix Scaling (CE),0.05,0.0171,39278.00,0.1473,0.3042,0.0191,39278.00,0.1473,0.3042
28,MobileNetV4 Matrix Scaling (CE),0.08,0.0171,11993.00,0.0373,0.5634,0.0274,11993.00,0.0373,0.5634
28,MobileNetV4 Matrix Scaling (CE),0.10,0.0171,10781.00,0.0310,0.6568,0.0103,10781.00,0.0310,0.6568
28,MobileNetV4 Matrix Scaling (CE),0.15,0.0171,5959.00,0.0086,0.8827,0.0138,5959.00,0.0086,0.8827
28,MobileNetV4 Matrix Scaling (CE),0.20,0.0171,4794.00,0.0028,0.9657,0.0408,4794.00,0.0028,0.9657
28,MobileNetV4 Matrix Scaling (CE),0.30,0.0171,4228.00,0.0000,1.0000,0.0166,4228.00,0.0000,1.0000
28,MobileNetV4 Matrix Scaling (CE),0.40,0.0171,4228.00,0.0000,1.0000,0.0166,4228.00,0.0000,1.0000
28,MobileNetV4 Matrix Scaling (CE),0.50,0.0171,4228.00,0.0000,1.0000,0.0166,4228.00,0.0000,1.0000
28,MobileNetV4 Base (FL),0.02,0.0540,257916.00,1.0000,0.0000,0.0559,257916.00,1.0000,0.0000
28,MobileNetV4 Base (FL),0.05,0.0540,188733.00,0.7315,0.0149,0.0486,188733.00,0.7315,0.0149
28,MobileNetV4 Base (FL),0.08,0.0540,65962.00,0.2538,0.1164,0.0642,65962.00,0.2538,0.1164
28,MobileNetV4 Base (FL),0.10,0.0540,35415.00,0.1328,0.2748,0.0688,35415.00,0.1328,0.2748
28,MobileNetV4 Base (FL),0.15,0.0540,8709.00,0.0230,0.6563,0.0342,8709.00,0.0230,0.6563
28,MobileNetV4 Base (FL),0.20,0.0540,6904.00,0.0138,0.7940,0.0403,6904.00,0.0138,0.7940
28,MobileNetV4 Base (FL),0.30,0.0540,4228.00,0.0000,1.0000,0.0559,4228.00,0.0000,1.0000
28,MobileNetV4 Base (FL),0.40,0.0540,4228.00,0.0000,1.0000,0.0559,4228.00,0.0000,1.0000
28,MobileNetV4 Base (FL),0.50,0.0540,4228.00,0.0000,1.0000,0.0559,4228.00,0.0000,1.0000
28,MobileNetV4 Temp Scaling (FL),0.02,0.0035,58849.00,0.2260,0.1336,0.0022,58849.00,0.2260,0.1336
28,MobileNetV4 Temp Scaling (FL),0.05,0.0035,21105.00,0.0751,0.4115,0.0314,21105.00,0.0751,0.4115
28,MobileNetV4 Temp Scaling (FL),0.08,0.0035,10678.00,0.0320,0.5759,0.0515,10678.00,0.0320,0.5759
28,MobileNetV4 Temp Scaling (FL),0.10,0.0035,9467.00,0.0261,0.6452,0.0310,9467.00,0.0261,0.6452
28,MobileNetV4 Temp Scaling (FL),0.15,0.0035,6519.00,0.0115,0.8396,0.0356,6519.00,0.0115,0.8396
28,MobileNetV4 Temp Scaling (FL),0.20,0.0035,4794.00,0.0028,0.9657,0.0558,4794.00,0.0028,0.9657
28,MobileNetV4 Temp Scaling (FL),0.30,0.0035,4228.00,0.0000,1.0000,0.0018,4228.00,0.0000,1.0000
28,MobileNetV4 Temp Scaling (FL),0.40,0.0035,4228.00,0.0000,1.0000,0.0018,4228.00,0.0000,1.0000
28,MobileNetV4 Temp Scaling (FL),0.50,0.0035,4228.00,0.0000,1.0000,0.0018,4228.00,0.0000,1.0000
28,MobileNetV4 Matrix Scaling (FL),0.02,0.0123,122995.00,0.4756,0.0769,0.0157,122995.00,0.4756,0.0769
28,MobileNetV4 Matrix Scaling (FL),0.05,0.0123,39189.00,0.1459,0.3692,0.0214,39189.00,0.1459,0.3692
28,MobileNetV4 Matrix Scaling (FL),0.08,0.0123,13882.00,0.0445,0.5681,0.0239,13882.00,0.0445,0.5681
28,MobileNetV4 Matrix Scaling (FL),0.10,0.0123,7846.00,0.0177,0.7777,0.0289,7846.00,0.0177,0.7777
28,MobileNetV4 Matrix Scaling (FL),0.15,0.0123,5354.00,0.0056,0.9227,0.0050,5354.00,0.0056,0.9227
28,MobileNetV4 Matrix Scaling (FL),0.20,0.0123,4228.00,0.0000,1.0000,0.0129,4228.00,0.0000,1.0000
28,MobileNetV4 Matrix Scaling (FL),0.30,0.0123,4228.00,0.0000,1.0000,0.0129,4228.00,0.0000,1.0000
28,MobileNetV4 Matrix Scaling (FL),0.40,0.0123,4228.00,0.0000,1.0000,0.0129,4228.00,0.0000,1.0000
28,MobileNetV4 Matrix Scaling (FL),0.50,0.0123,4228.00,0.0000,1.0000,0.0129,4228.00,0.0000,1.0000
29,SegFormer Base (CE),0.02,0.0215,204056.00,0.7851,0.0114,0.0184,204056.00,0.7851,0.0114
29,SegFormer Base (CE),0.05,0.0215,19056.00,0.0681,0.5952,0.0258,19056.00,0.0681,0.5952
29,SegFormer Base (CE),0.08,0.0215,3067.00,0.0045,0.8382,0.0405,3067.00,0.0045,0.8382
29,SegFormer Base (CE),0.10,0.0215,2402.00,0.0014,0.8971,0.0539,2402.00,0.0014,0.8971
29,SegFormer Base (CE),0.15,0.0215,2402.00,0.0014,0.8971,0.0539,2402.00,0.0014,0.8971
29,SegFormer Base (CE),0.20,0.0215,2402.00,0.0014,0.8971,0.0539,2402.00,0.0014,0.8971
29,SegFormer Base (CE),0.30,0.0215,2402.00,0.0014,0.8971,0.0539,2402.00,0.0014,0.8971
29,SegFormer Base (CE),0.40,0.0215,2275.00,0.0000,1.0000,0.0219,2275.00,0.0000,1.0000
29,SegFormer Base (CE),0.50,0.0215,2275.00,0.0000,1.0000,0.0219,2275.00,0.0000,1.0000
29,SegFormer Temp Scaling (CE),0.02,0.0055,7692.00,0.0237,0.6774,0.0470,7692.00,0.0237,0.6774
29,SegFormer Temp Scaling (CE),0.05,0.0055,2402.00,0.0014,0.8971,0.0550,2402.00,0.0014,0.8971
29,SegFormer Temp Scaling (CE),0.08,0.0055,2402.00,0.0014,0.8971,0.0550,2402.00,0.0014,0.8971
29,SegFormer Temp Scaling (CE),0.10,0.0055,2402.00,0.0014,0.8971,0.0550,2402.00,0.0014,0.8971
29,SegFormer Temp Scaling (CE),0.15,0.0055,2402.00,0.0014,0.8971,0.0550,2402.00,0.0014,0.8971
29,SegFormer Temp Scaling (CE),0.20,0.0055,2402.00,0.0014,0.8971,0.0550,2402.00,0.0014,0.8971
29,SegFormer Temp Scaling (CE),0.30,0.0055,2275.00,0.0000,1.0000,0.0052,2275.00,0.0000,1.0000
29,SegFormer Temp Scaling (CE),0.40,0.0055,2275.00,0.0000,1.0000,0.0052,2275.00,0.0000,1.0000
29,SegFormer Temp Scaling (CE),0.50,0.0055,2275.00,0.0000,1.0000,0.0052,2275.00,0.0000,1.0000
29,SegFormer Matrix Scaling (CE),0.02,0.0130,114427.00,0.4370,0.3789,0.0135,114427.00,0.4370,0.3789
29,SegFormer Matrix Scaling (CE),0.05,0.0130,26126.00,0.0954,0.5877,0.0363,26126.00,0.0954,0.5877
29,SegFormer Matrix Scaling (CE),0.08,0.0130,5364.00,0.0132,0.8527,0.0606,5364.00,0.0132,0.8527
29,SegFormer Matrix Scaling (CE),0.10,0.0130,2402.00,0.0014,0.8971,0.0836,2402.00,0.0014,0.8971
29,SegFormer Matrix Scaling (CE),0.15,0.0130,2402.00,0.0014,0.8971,0.0836,2402.00,0.0014,0.8971
29,SegFormer Matrix Scaling (CE),0.20,0.0130,2402.00,0.0014,0.8971,0.0836,2402.00,0.0014,0.8971
29,SegFormer Matrix Scaling (CE),0.30,0.0130,2275.00,0.0000,1.0000,0.0139,2275.00,0.0000,1.0000
29,SegFormer Matrix Scaling (CE),0.40,0.0130,2275.00,0.0000,1.0000,0.0139,2275.00,0.0000,1.0000
29,SegFormer Matrix Scaling (CE),0.50,0.0130,2275.00,0.0000,1.0000,0.0139,2275.00,0.0000,1.0000
29,SegFormer Base (FL),0.02,0.0435,259869.00,1.0000,0.0000,0.0433,259869.00,1.0000,0.0000
29,SegFormer Base (FL),0.05,0.0435,112000.00,0.4303,0.0800,0.0468,112000.00,0.4303,0.0800
29,SegFormer Base (FL),0.08,0.0435,14349.00,0.0499,0.6031,0.0336,14349.00,0.0499,0.6031
29,SegFormer Base (FL),0.10,0.0435,4151.00,0.0088,0.8242,0.0216,4151.00,0.0088,0.8242
29,SegFormer Base (FL),0.15,0.0435,2402.00,0.0014,0.8971,0.0555,2402.00,0.0014,0.8971
29,SegFormer Base (FL),0.20,0.0435,2402.00,0.0014,0.8971,0.0555,2402.00,0.0014,0.8971
29,SegFormer Base (FL),0.30,0.0435,2402.00,0.0014,0.8971,0.0555,2402.00,0.0014,0.8971
29,SegFormer Base (FL),0.40,0.0435,2275.00,0.0000,1.0000,0.0433,2275.00,0.0000,1.0000
29,SegFormer Base (FL),0.50,0.0435,2275.00,0.0000,1.0000,0.0433,2275.00,0.0000,1.0000
29,SegFormer Temp Scaling (FL),0.02,0.0033,9753.00,0.0317,0.6633,0.0292,9753.00,0.0317,0.6633
29,SegFormer Temp Scaling (FL),0.05,0.0033,3067.00,0.0045,0.8382,0.0474,3067.00,0.0045,0.8382
29,SegFormer Temp Scaling (FL),0.08,0.0033,2402.00,0.0014,0.8971,0.0345,2402.00,0.0014,0.8971
29,SegFormer Temp Scaling (FL),0.10,0.0033,2402.00,0.0014,0.8971,0.0345,2402.00,0.0014,0.8971
29,SegFormer Temp Scaling (FL),0.15,0.0033,2402.00,0.0014,0.8971,0.0345,2402.00,0.0014,0.8971
29,SegFormer Temp Scaling (FL),0.20,0.0033,2402.00,0.0014,0.8971,0.0345,2402.00,0.0014,0.8971
29,SegFormer Temp Scaling (FL),0.30,0.0033,2402.00,0.0014,0.8971,0.0345,2402.00,0.0014,0.8971
29,SegFormer Temp Scaling (FL),0.40,0.0033,2275.00,0.0000,1.0000,0.0032,2275.00,0.0000,1.0000
29,SegFormer Temp Scaling (FL),0.50,0.0033,2275.00,0.0000,1.0000,0.0032,2275.00,0.0000,1.0000
29,SegFormer Matrix Scaling (FL),0.02,0.0104,90640.00,0.3455,0.3802,0.0133,90640.00,0.3455,0.3802
29,SegFormer Matrix Scaling (FL),0.05,0.0104,16184.00,0.0562,0.6945,0.0312,16184.00,0.0562,0.6945
29,SegFormer Matrix Scaling (FL),0.08,0.0104,3069.00,0.0040,0.8971,0.0898,3069.00,0.0040,0.8971
29,SegFormer Matrix Scaling (FL),0.10,0.0104,2402.00,0.0014,0.8971,0.0940,2402.00,0.0014,0.8971
29,SegFormer Matrix Scaling (FL),0.15,0.0104,2402.00,0.0014,0.8971,0.0940,2402.00,0.0014,0.8971
29,SegFormer Matrix Scaling (FL),0.20,0.0104,2402.00,0.0014,0.8971,0.0940,2402.00,0.0014,0.8971
29,SegFormer Matrix Scaling (FL),0.30,0.0104,2275.00,0.0000,1.0000,0.0107,2275.00,0.0000,1.0000
29,SegFormer Matrix Scaling (FL),0.40,0.0104,2275.00,0.0000,1.0000,0.0107,2275.00,0.0000,1.0000
29,SegFormer Matrix Scaling (FL),0.50,0.0104,2275.00,0.0000,1.0000,0.0107,2275.00,0.0000,1.0000
29,MobileNetV4 Base (CE),0.02,0.0297,245264.00,0.9438,0.0000,0.0180,245264.00,0.9438,0.0000
29,MobileNetV4 Base (CE),0.05,0.0297,47847.00,0.1826,0.1745,0.0287,47847.00,0.1826,0.1745
29,MobileNetV4 Base (CE),0.08,0.0297,14787.00,0.0526,0.4923,0.0230,14787.00,0.0526,0.4923
29,MobileNetV4 Base (CE),0.10,0.0297,6691.00,0.0196,0.7068,0.0310,6691.00,0.0196,0.7068
29,MobileNetV4 Base (CE),0.15,0.0297,2402.00,0.0014,0.8971,0.0171,2402.00,0.0014,0.8971
29,MobileNetV4 Base (CE),0.20,0.0297,2402.00,0.0014,0.8971,0.0171,2402.00,0.0014,0.8971
29,MobileNetV4 Base (CE),0.30,0.0297,2402.00,0.0014,0.8971,0.0171,2402.00,0.0014,0.8971
29,MobileNetV4 Base (CE),0.40,0.0297,2275.00,0.0000,1.0000,0.0301,2275.00,0.0000,1.0000
29,MobileNetV4 Base (CE),0.50,0.0297,2275.00,0.0000,1.0000,0.0301,2275.00,0.0000,1.0000
29,MobileNetV4 Temp Scaling (CE),0.02,0.0045,39437.00,0.1498,0.2246,0.0077,39437.00,0.1498,0.2246
29,MobileNetV4 Temp Scaling (CE),0.05,0.0045,9461.00,0.0315,0.5653,0.0175,9461.00,0.0315,0.5653
29,MobileNetV4 Temp Scaling (CE),0.08,0.0045,4008.00,0.0086,0.7815,0.0129,4008.00,0.0086,0.7815
29,MobileNetV4 Temp Scaling (CE),0.10,0.0045,3067.00,0.0045,0.8382,0.0152,3067.00,0.0045,0.8382
29,MobileNetV4 Temp Scaling (CE),0.15,0.0045,2402.00,0.0014,0.8971,0.0088,2402.00,0.0014,0.8971
29,MobileNetV4 Temp Scaling (CE),0.20,0.0045,2402.00,0.0014,0.8971,0.0088,2402.00,0.0014,0.8971
29,MobileNetV4 Temp Scaling (CE),0.30,0.0045,2402.00,0.0014,0.8971,0.0088,2402.00,0.0014,0.8971
29,MobileNetV4 Temp Scaling (CE),0.40,0.0045,2402.00,0.0014,0.8971,0.0088,2402.00,0.0014,0.8971
29,MobileNetV4 Temp Scaling (CE),0.50,0.0045,2275.00,0.0000,1.0000,0.0046,2275.00,0.0000,1.0000
29,MobileNetV4 Matrix Scaling (CE),0.02,0.0204,154143.00,0.5928,0.0409,0.0181,154143.00,0.5928,0.0409
29,MobileNetV4 Matrix Scaling (CE),0.05,0.0204,32213.00,0.1209,0.3547,0.0367,32213.00,0.1209,0.3547
29,MobileNetV4 Matrix Scaling (CE),0.08,0.0204,9659.00,0.0312,0.6848,0.0389,9659.00,0.0312,0.6848
29,MobileNetV4 Matrix Scaling (CE),0.10,0.0204,3440.00,0.0055,0.8822,0.0569,3440.00,0.0055,0.8822
29,MobileNetV4 Matrix Scaling (CE),0.15,0.0204,2402.00,0.0014,0.8971,0.0453,2402.00,0.0014,0.8971
29,MobileNetV4 Matrix Scaling (CE),0.20,0.0204,2402.00,0.0014,0.8971,0.0453,2402.00,0.0014,0.8971
29,MobileNetV4 Matrix Scaling (CE),0.30,0.0204,2402.00,0.0014,0.8971,0.0453,2402.00,0.0014,0.8971
29,MobileNetV4 Matrix Scaling (CE),0.40,0.0204,2275.00,0.0000,1.0000,0.0212,2275.00,0.0000,1.0000
29,MobileNetV4 Matrix Scaling (CE),0.50,0.0204,2275.00,0.0000,1.0000,0.0212,2275.00,0.0000,1.0000
29,MobileNetV4 Base (FL),0.02,0.0630,259869.00,1.0000,0.0000,0.0640,259869.00,1.0000,0.0000
29,MobileNetV4 Base (FL),0.05,0.0630,207928.00,0.8000,0.0114,0.0461,207928.00,0.8000,0.0114
29,MobileNetV4 Base (FL),0.08,0.0630,66116.00,0.2536,0.0949,0.0732,66116.00,0.2536,0.0949
29,MobileNetV4 Base (FL),0.10,0.0630,35481.00,0.1331,0.3868,0.0955,35481.00,0.1331,0.3868
29,MobileNetV4 Base (FL),0.15,0.0630,9917.00,0.0322,0.6831,0.1202,9917.00,0.0322,0.6831
29,MobileNetV4 Base (FL),0.20,0.0630,3440.00,0.0055,0.8822,0.1139,3440.00,0.0055,0.8822
29,MobileNetV4 Base (FL),0.30,0.0630,2402.00,0.0014,0.8971,0.0622,2402.00,0.0014,0.8971
29,MobileNetV4 Base (FL),0.40,0.0630,2402.00,0.0014,0.8971,0.0622,2402.00,0.0014,0.8971
29,MobileNetV4 Base (FL),0.50,0.0630,2275.00,0.0000,1.0000,0.0640,2275.00,0.0000,1.0000
29,MobileNetV4 Temp Scaling (FL),0.02,0.0077,56905.00,0.2172,0.2004,0.0189,56905.00,0.2172,0.2004
29,MobileNetV4 Temp Scaling (FL),0.05,0.0077,16133.00,0.0578,0.4870,0.0361,16133.00,0.0578,0.4870
29,MobileNetV4 Temp Scaling (FL),0.08,0.0077,9496.00,0.0311,0.6268,0.0518,9496.00,0.0311,0.6268
29,MobileNetV4 Temp Scaling (FL),0.10,0.0077,6132.00,0.0165,0.8141,0.0751,6132.00,0.0165,0.8141
29,MobileNetV4 Temp Scaling (FL),0.15,0.0077,3440.00,0.0055,0.8822,0.0875,3440.00,0.0055,0.8822
29,MobileNetV4 Temp Scaling (FL),0.20,0.0077,2402.00,0.0014,0.8971,0.0477,2402.00,0.0014,0.8971
29,MobileNetV4 Temp Scaling (FL),0.30,0.0077,2402.00,0.0014,0.8971,0.0477,2402.00,0.0014,0.8971
29,MobileNetV4 Temp Scaling (FL),0.40,0.0077,2402.00,0.0014,0.8971,0.0477,2402.00,0.0014,0.8971
29,MobileNetV4 Temp Scaling (FL),0.50,0.0077,2275.00,0.0000,1.0000,0.0083,2275.00,0.0000,1.0000
29,MobileNetV4 Matrix Scaling (FL),0.02,0.0204,143447.00,0.5517,0.0312,0.0171,143447.00,0.5517,0.0312
29,MobileNetV4 Matrix Scaling (FL),0.05,0.0204,35840.00,0.1341,0.4338,0.0517,35840.00,0.1341,0.4338
29,MobileNetV4 Matrix Scaling (FL),0.08,0.0204,17153.00,0.0600,0.6835,0.0621,17153.00,0.0600,0.6835
29,MobileNetV4 Matrix Scaling (FL),0.10,0.0204,8848.00,0.0270,0.8018,0.0833,8848.00,0.0270,0.8018
29,MobileNetV4 Matrix Scaling (FL),0.15,0.0204,5191.00,0.0124,0.8708,0.0935,5191.00,0.0124,0.8708
29,MobileNetV4 Matrix Scaling (FL),0.20,0.0204,2402.00,0.0014,0.8971,0.0412,2402.00,0.0014,0.8971
29,MobileNetV4 Matrix Scaling (FL),0.30,0.0204,2402.00,0.0014,0.8971,0.0412,2402.00,0.0014,0.8971
29,MobileNetV4 Matrix Scaling (FL),0.40,0.0204,2275.00,0.0000,1.0000,0.0217,2275.00,0.0000,1.0000
29,MobileNetV4 Matrix Scaling (FL),0.50,0.0204,2275.00,0.0000,1.0000,0.0217,2275.00,0.0000,1.0000
3,SegFormer Base (CE),0.02,0.0174,37268.00,0.1423,0.0000,0.0313,37268.00,0.1423,0.0000
3,SegFormer Base (CE),0.05,0.0174,20070.00,0.0766,0.0184,0.0362,20070.00,0.0766,0.0184
3,SegFormer Base (CE),0.08,0.0174,6832.00,0.0257,0.4101,0.0818,6832.00,0.0257,0.4101
3,SegFormer Base (CE),0.10,0.0174,2588.00,0.0095,0.4470,0.0812,2588.00,0.0095,0.4470
3,SegFormer Base (CE),0.15,0.0174,898.00,0.0030,0.5207,0.0606,898.00,0.0030,0.5207
3,SegFormer Base (CE),0.20,0.0174,898.00,0.0030,0.5207,0.0606,898.00,0.0030,0.5207
3,SegFormer Base (CE),0.30,0.0174,217.00,0.0000,1.0000,0.0178,217.00,0.0000,1.0000
3,SegFormer Base (CE),0.40,0.0174,217.00,0.0000,1.0000,0.0178,217.00,0.0000,1.0000
3,SegFormer Base (CE),0.50,0.0174,217.00,0.0000,1.0000,0.0178,217.00,0.0000,1.0000
3,SegFormer Temp Scaling (CE),0.02,0.0012,8050.00,0.0305,0.2442,0.0190,8050.00,0.0305,0.2442
3,SegFormer Temp Scaling (CE),0.05,0.0012,1402.00,0.0049,0.5207,0.0342,1402.00,0.0049,0.5207
3,SegFormer Temp Scaling (CE),0.08,0.0012,898.00,0.0030,0.5207,0.0348,898.00,0.0030,0.5207
3,SegFormer Temp Scaling (CE),0.10,0.0012,898.00,0.0030,0.5207,0.0348,898.00,0.0030,0.5207
3,SegFormer Temp Scaling (CE),0.15,0.0012,898.00,0.0030,0.5207,0.0348,898.00,0.0030,0.5207
3,SegFormer Temp Scaling (CE),0.20,0.0012,217.00,0.0000,1.0000,0.0014,217.00,0.0000,1.0000
3,SegFormer Temp Scaling (CE),0.30,0.0012,217.00,0.0000,1.0000,0.0014,217.00,0.0000,1.0000
3,SegFormer Temp Scaling (CE),0.40,0.0012,217.00,0.0000,1.0000,0.0014,217.00,0.0000,1.0000
3,SegFormer Temp Scaling (CE),0.50,0.0012,217.00,0.0000,1.0000,0.0014,217.00,0.0000,1.0000
3,SegFormer Matrix Scaling (CE),0.02,0.0065,21006.00,0.0802,0.0184,0.0184,21006.00,0.0802,0.0184
3,SegFormer Matrix Scaling (CE),0.05,0.0065,8194.00,0.0311,0.2673,0.0609,8194.00,0.0311,0.2673
3,SegFormer Matrix Scaling (CE),0.08,0.0065,2678.00,0.0099,0.4470,0.0599,2678.00,0.0099,0.4470
3,SegFormer Matrix Scaling (CE),0.10,0.0065,1440.00,0.0051,0.4470,0.0441,1440.00,0.0051,0.4470
3,SegFormer Matrix Scaling (CE),0.15,0.0065,898.00,0.0030,0.5207,0.0208,898.00,0.0030,0.5207
3,SegFormer Matrix Scaling (CE),0.20,0.0065,217.00,0.0000,1.0000,0.0068,217.00,0.0000,1.0000
3,SegFormer Matrix Scaling (CE),0.30,0.0065,217.00,0.0000,1.0000,0.0068,217.00,0.0000,1.0000
3,SegFormer Matrix Scaling (CE),0.40,0.0065,217.00,0.0000,1.0000,0.0068,217.00,0.0000,1.0000
3,SegFormer Matrix Scaling (CE),0.50,0.0065,217.00,0.0000,1.0000,0.0068,217.00,0.0000,1.0000
3,SegFormer Base (FL),0.02,0.0591,261927.00,1.0000,0.0000,0.0594,261927.00,1.0000,0.0000
3,SegFormer Base (FL),0.05,0.0591,260693.00,0.9953,0.0000,0.0528,260693.00,0.9953,0.0000
3,SegFormer Base (FL),0.08,0.0591,18269.00,0.0697,0.0000,0.0766,18269.00,0.0697,0.0000
3,SegFormer Base (FL),0.10,0.0591,7908.00,0.0302,0.0415,0.0968,7908.00,0.0302,0.0415
3,SegFormer Base (FL),0.15,0.0591,1869.00,0.0067,0.5161,0.0971,1869.00,0.0067,0.5161
3,SegFormer Base (FL),0.20,0.0591,898.00,0.0030,0.5207,0.0776,898.00,0.0030,0.5207
3,SegFormer Base (FL),0.30,0.0591,217.00,0.0000,1.0000,0.0594,217.00,0.0000,1.0000
3,SegFormer Base (FL),0.40,0.0591,217.00,0.0000,1.0000,0.0594,217.00,0.0000,1.0000
3,SegFormer Base (FL),0.50,0.0591,217.00,0.0000,1.0000,0.0594,217.00,0.0000,1.0000
3,SegFormer Temp Scaling (FL),0.02,0.0035,9832.00,0.0375,0.0415,0.0189,9832.00,0.0375,0.0415
3,SegFormer Temp Scaling (FL),0.05,0.0035,2658.00,0.0099,0.3134,0.0183,2658.00,0.0099,0.3134
3,SegFormer Temp Scaling (FL),0.08,0.0035,898.00,0.0030,0.5207,0.0204,898.00,0.0030,0.5207
3,SegFormer Temp Scaling (FL),0.10,0.0035,898.00,0.0030,0.5207,0.0204,898.00,0.0030,0.5207
3,SegFormer Temp Scaling (FL),0.15,0.0035,898.00,0.0030,0.5207,0.0204,898.00,0.0030,0.5207
3,SegFormer Temp Scaling (FL),0.20,0.0035,217.00,0.0000,1.0000,0.0037,217.00,0.0000,1.0000
3,SegFormer Temp Scaling (FL),0.30,0.0035,217.00,0.0000,1.0000,0.0037,217.00,0.0000,1.0000
3,SegFormer Temp Scaling (FL),0.40,0.0035,217.00,0.0000,1.0000,0.0037,217.00,0.0000,1.0000
3,SegFormer Temp Scaling (FL),0.50,0.0035,217.00,0.0000,1.0000,0.0037,217.00,0.0000,1.0000
3,SegFormer Matrix Scaling (FL),0.02,0.0096,20065.00,0.0766,0.0000,0.0201,20065.00,0.0766,0.0000
3,SegFormer Matrix Scaling (FL),0.05,0.0096,6900.00,0.0263,0.0645,0.0373,6900.00,0.0263,0.0645
3,SegFormer Matrix Scaling (FL),0.08,0.0096,1440.00,0.0051,0.4470,0.0316,1440.00,0.0051,0.4470
3,SegFormer Matrix Scaling (FL),0.10,0.0096,759.00,0.0021,0.9263,0.0451,759.00,0.0021,0.9263
3,SegFormer Matrix Scaling (FL),0.15,0.0096,217.00,0.0000,1.0000,0.0098,217.00,0.0000,1.0000
3,SegFormer Matrix Scaling (FL),0.20,0.0096,217.00,0.0000,1.0000,0.0098,217.00,0.0000,1.0000
3,SegFormer Matrix Scaling (FL),0.30,0.0096,217.00,0.0000,1.0000,0.0098,217.00,0.0000,1.0000
3,SegFormer Matrix Scaling (FL),0.40,0.0096,217.00,0.0000,1.0000,0.0098,217.00,0.0000,1.0000
3,SegFormer Matrix Scaling (FL),0.50,0.0096,217.00,0.0000,1.0000,0.0098,217.00,0.0000,1.0000
3,MobileNetV4 Base (CE),0.02,0.0189,25435.00,0.0971,0.0369,0.0265,25435.00,0.0971,0.0369
3,MobileNetV4 Base (CE),0.05,0.0189,7787.00,0.0297,0.0415,0.0469,7787.00,0.0297,0.0415
3,MobileNetV4 Base (CE),0.08,0.0189,898.00,0.0030,0.5207,0.0238,898.00,0.0030,0.5207
3,MobileNetV4 Base (CE),0.10,0.0189,898.00,0.0030,0.5207,0.0238,898.00,0.0030,0.5207
3,MobileNetV4 Base (CE),0.15,0.0189,217.00,0.0000,1.0000,0.0189,217.00,0.0000,1.0000
3,MobileNetV4 Base (CE),0.20,0.0189,217.00,0.0000,1.0000,0.0189,217.00,0.0000,1.0000
3,MobileNetV4 Base (CE),0.30,0.0189,217.00,0.0000,1.0000,0.0189,217.00,0.0000,1.0000
3,MobileNetV4 Base (CE),0.40,0.0189,217.00,0.0000,1.0000,0.0189,217.00,0.0000,1.0000
3,MobileNetV4 Base (CE),0.50,0.0189,217.00,0.0000,1.0000,0.0189,217.00,0.0000,1.0000
3,MobileNetV4 Temp Scaling (CE),0.02,0.0026,5659.00,0.0216,0.0415,0.0107,5659.00,0.0216,0.0415
3,MobileNetV4 Temp Scaling (CE),0.05,0.0026,898.00,0.0030,0.5207,0.0030,898.00,0.0030,0.5207
3,MobileNetV4 Temp Scaling (CE),0.08,0.0026,898.00,0.0030,0.5207,0.0030,898.00,0.0030,0.5207
3,MobileNetV4 Temp Scaling (CE),0.10,0.0026,898.00,0.0030,0.5207,0.0030,898.00,0.0030,0.5207
3,MobileNetV4 Temp Scaling (CE),0.15,0.0026,217.00,0.0000,1.0000,0.0026,217.00,0.0000,1.0000
3,MobileNetV4 Temp Scaling (CE),0.20,0.0026,217.00,0.0000,1.0000,0.0026,217.00,0.0000,1.0000
3,MobileNetV4 Temp Scaling (CE),0.30,0.0026,217.00,0.0000,1.0000,0.0026,217.00,0.0000,1.0000
3,MobileNetV4 Temp Scaling (CE),0.40,0.0026,217.00,0.0000,1.0000,0.0026,217.00,0.0000,1.0000
3,MobileNetV4 Temp Scaling (CE),0.50,0.0026,217.00,0.0000,1.0000,0.0026,217.00,0.0000,1.0000
3,MobileNetV4 Matrix Scaling (CE),0.02,0.0106,15932.00,0.0608,0.0369,0.0254,15932.00,0.0608,0.0369
3,MobileNetV4 Matrix Scaling (CE),0.05,0.0106,3394.00,0.0129,0.0645,0.0147,3394.00,0.0129,0.0645
3,MobileNetV4 Matrix Scaling (CE),0.08,0.0106,1440.00,0.0051,0.4470,0.0148,1440.00,0.0051,0.4470
3,MobileNetV4 Matrix Scaling (CE),0.10,0.0106,217.00,0.0000,1.0000,0.0106,217.00,0.0000,1.0000
3,MobileNetV4 Matrix Scaling (CE),0.15,0.0106,217.00,0.0000,1.0000,0.0106,217.00,0.0000,1.0000
3,MobileNetV4 Matrix Scaling (CE),0.20,0.0106,217.00,0.0000,1.0000,0.0106,217.00,0.0000,1.0000
3,MobileNetV4 Matrix Scaling (CE),0.30,0.0106,217.00,0.0000,1.0000,0.0106,217.00,0.0000,1.0000
3,MobileNetV4 Matrix Scaling (CE),0.40,0.0106,217.00,0.0000,1.0000,0.0106,217.00,0.0000,1.0000
3,MobileNetV4 Matrix Scaling (CE),0.50,0.0106,217.00,0.0000,1.0000,0.0106,217.00,0.0000,1.0000
3,MobileNetV4 Base (FL),0.02,0.0438,261927.00,1.0000,0.0000,0.0440,261927.00,1.0000,0.0000
3,MobileNetV4 Base (FL),0.05,0.0438,24824.00,0.0947,0.0369,0.0491,24824.00,0.0947,0.0369
3,MobileNetV4 Base (FL),0.08,0.0438,7932.00,0.0302,0.0599,0.0786,7932.00,0.0302,0.0599
3,MobileNetV4 Base (FL),0.10,0.0438,3448.00,0.0130,0.2442,0.0740,3448.00,0.0130,0.2442
3,MobileNetV4 Base (FL),0.15,0.0438,898.00,0.0030,0.5207,0.0638,898.00,0.0030,0.5207
3,MobileNetV4 Base (FL),0.20,0.0438,898.00,0.0030,0.5207,0.0638,898.00,0.0030,0.5207
3,MobileNetV4 Base (FL),0.30,0.0438,217.00,0.0000,1.0000,0.0440,217.00,0.0000,1.0000
3,MobileNetV4 Base (FL),0.40,0.0438,217.00,0.0000,1.0000,0.0440,217.00,0.0000,1.0000
3,MobileNetV4 Base (FL),0.50,0.0438,217.00,0.0000,1.0000,0.0440,217.00,0.0000,1.0000
3,MobileNetV4 Temp Scaling (FL),0.02,0.0026,4613.00,0.0176,0.0645,0.0120,4613.00,0.0176,0.0645
3,MobileNetV4 Temp Scaling (FL),0.05,0.0026,898.00,0.0030,0.5207,0.0163,898.00,0.0030,0.5207
3,MobileNetV4 Temp Scaling (FL),0.08,0.0026,898.00,0.0030,0.5207,0.0163,898.00,0.0030,0.5207
3,MobileNetV4 Temp Scaling (FL),0.10,0.0026,898.00,0.0030,0.5207,0.0163,898.00,0.0030,0.5207
3,MobileNetV4 Temp Scaling (FL),0.15,0.0026,217.00,0.0000,1.0000,0.0027,217.00,0.0000,1.0000
3,MobileNetV4 Temp Scaling (FL),0.20,0.0026,217.00,0.0000,1.0000,0.0027,217.00,0.0000,1.0000
3,MobileNetV4 Temp Scaling (FL),0.30,0.0026,217.00,0.0000,1.0000,0.0027,217.00,0.0000,1.0000
3,MobileNetV4 Temp Scaling (FL),0.40,0.0026,217.00,0.0000,1.0000,0.0027,217.00,0.0000,1.0000
3,MobileNetV4 Temp Scaling (FL),0.50,0.0026,217.00,0.0000,1.0000,0.0027,217.00,0.0000,1.0000
3,MobileNetV4 Matrix Scaling (FL),0.02,0.0129,19119.00,0.0729,0.0553,0.0137,19119.00,0.0729,0.0553
3,MobileNetV4 Matrix Scaling (FL),0.05,0.0129,3824.00,0.0144,0.2673,0.0311,3824.00,0.0144,0.2673
3,MobileNetV4 Matrix Scaling (FL),0.08,0.0129,898.00,0.0030,0.5207,0.0066,898.00,0.0030,0.5207
3,MobileNetV4 Matrix Scaling (FL),0.10,0.0129,898.00,0.0030,0.5207,0.0066,898.00,0.0030,0.5207
3,MobileNetV4 Matrix Scaling (FL),0.15,0.0129,217.00,0.0000,1.0000,0.0130,217.00,0.0000,1.0000
3,MobileNetV4 Matrix Scaling (FL),0.20,0.0129,217.00,0.0000,1.0000,0.0130,217.00,0.0000,1.0000
3,MobileNetV4 Matrix Scaling (FL),0.30,0.0129,217.00,0.0000,1.0000,0.0130,217.00,0.0000,1.0000
3,MobileNetV4 Matrix Scaling (FL),0.40,0.0129,217.00,0.0000,1.0000,0.0130,217.00,0.0000,1.0000
3,MobileNetV4 Matrix Scaling (FL),0.50,0.0129,217.00,0.0000,1.0000,0.0130,217.00,0.0000,1.0000
30,SegFormer Base (CE),0.02,0.0244,205952.00,0.7936,0.0000,0.0191,205952.00,0.7936,0.0000
30,SegFormer Base (CE),0.05,0.0244,17405.00,0.0642,0.2850,0.0497,17405.00,0.0642,0.2850
30,SegFormer Base (CE),0.08,0.0244,7658.00,0.0235,0.5989,0.0390,7658.00,0.0235,0.5989
30,SegFormer Base (CE),0.10,0.0244,4295.00,0.0089,0.7632,0.0950,4295.00,0.0089,0.7632
30,SegFormer Base (CE),0.15,0.0244,2618.00,0.0000,1.0000,0.0217,2618.00,0.0000,1.0000
30,SegFormer Base (CE),0.20,0.0244,2618.00,0.0000,1.0000,0.0217,2618.00,0.0000,1.0000
30,SegFormer Base (CE),0.30,0.0244,2618.00,0.0000,1.0000,0.0217,2618.00,0.0000,1.0000
30,SegFormer Base (CE),0.40,0.0244,2618.00,0.0000,1.0000,0.0217,2618.00,0.0000,1.0000
30,SegFormer Base (CE),0.50,0.0244,2618.00,0.0000,1.0000,0.0217,2618.00,0.0000,1.0000
30,SegFormer Temp Scaling (CE),0.02,0.0065,9238.00,0.0306,0.4973,0.0461,9238.00,0.0306,0.4973
30,SegFormer Temp Scaling (CE),0.05,0.0065,3837.00,0.0057,0.8988,0.0690,3837.00,0.0057,0.8988
30,SegFormer Temp Scaling (CE),0.08,0.0065,2618.00,0.0000,1.0000,0.0066,2618.00,0.0000,1.0000
30,SegFormer Temp Scaling (CE),0.10,0.0065,2618.00,0.0000,1.0000,0.0066,2618.00,0.0000,1.0000
30,SegFormer Temp Scaling (CE),0.15,0.0065,2618.00,0.0000,1.0000,0.0066,2618.00,0.0000,1.0000
30,SegFormer Temp Scaling (CE),0.20,0.0065,2618.00,0.0000,1.0000,0.0066,2618.00,0.0000,1.0000
30,SegFormer Temp Scaling (CE),0.30,0.0065,2618.00,0.0000,1.0000,0.0066,2618.00,0.0000,1.0000
30,SegFormer Temp Scaling (CE),0.40,0.0065,2618.00,0.0000,1.0000,0.0066,2618.00,0.0000,1.0000
30,SegFormer Temp Scaling (CE),0.50,0.0065,2618.00,0.0000,1.0000,0.0066,2618.00,0.0000,1.0000
30,SegFormer Matrix Scaling (CE),0.02,0.0114,117901.00,0.4532,0.1127,0.0235,117901.00,0.4532,0.1127
30,SegFormer Matrix Scaling (CE),0.05,0.0114,15477.00,0.0538,0.5772,0.0264,15477.00,0.0538,0.5772
30,SegFormer Matrix Scaling (CE),0.08,0.0114,7804.00,0.0234,0.6574,0.0289,7804.00,0.0234,0.6574
30,SegFormer Matrix Scaling (CE),0.10,0.0114,4257.00,0.0073,0.9045,0.0172,4257.00,0.0073,0.9045
30,SegFormer Matrix Scaling (CE),0.15,0.0114,2618.00,0.0000,1.0000,0.0124,2618.00,0.0000,1.0000
30,SegFormer Matrix Scaling (CE),0.20,0.0114,2618.00,0.0000,1.0000,0.0124,2618.00,0.0000,1.0000
30,SegFormer Matrix Scaling (CE),0.30,0.0114,2618.00,0.0000,1.0000,0.0124,2618.00,0.0000,1.0000
30,SegFormer Matrix Scaling (CE),0.40,0.0114,2618.00,0.0000,1.0000,0.0124,2618.00,0.0000,1.0000
30,SegFormer Matrix Scaling (CE),0.50,0.0114,2618.00,0.0000,1.0000,0.0124,2618.00,0.0000,1.0000
30,SegFormer Base (FL),0.02,0.0444,259526.00,1.0000,0.0000,0.0421,259526.00,1.0000,0.0000
30,SegFormer Base (FL),0.05,0.0444,112323.00,0.4324,0.0390,0.0486,112323.00,0.4324,0.0390
30,SegFormer Base (FL),0.08,0.0444,13479.00,0.0491,0.2796,0.0531,13479.00,0.0491,0.2796
30,SegFormer Base (FL),0.10,0.0444,6274.00,0.0178,0.6356,0.0331,6274.00,0.0178,0.6356
30,SegFormer Base (FL),0.15,0.0444,3118.00,0.0037,0.8220,0.1173,3118.00,0.0037,0.8220
30,SegFormer Base (FL),0.20,0.0444,2618.00,0.0000,1.0000,0.0421,2618.00,0.0000,1.0000
30,SegFormer Base (FL),0.30,0.0444,2618.00,0.0000,1.0000,0.0421,2618.00,0.0000,1.0000
30,SegFormer Base (FL),0.40,0.0444,2618.00,0.0000,1.0000,0.0421,2618.00,0.0000,1.0000
30,SegFormer Base (FL),0.50,0.0444,2618.00,0.0000,1.0000,0.0421,2618.00,0.0000,1.0000
30,SegFormer Temp Scaling (FL),0.02,0.0046,11535.00,0.0414,0.2998,0.0287,11535.00,0.0414,0.2998
30,SegFormer Temp Scaling (FL),0.05,0.0046,3937.00,0.0074,0.7716,0.1334,3937.00,0.0074,0.7716
30,SegFormer Temp Scaling (FL),0.08,0.0046,3118.00,0.0037,0.8220,0.1585,3118.00,0.0037,0.8220
30,SegFormer Temp Scaling (FL),0.10,0.0046,2618.00,0.0000,1.0000,0.0047,2618.00,0.0000,1.0000
30,SegFormer Temp Scaling (FL),0.15,0.0046,2618.00,0.0000,1.0000,0.0047,2618.00,0.0000,1.0000
30,SegFormer Temp Scaling (FL),0.20,0.0046,2618.00,0.0000,1.0000,0.0047,2618.00,0.0000,1.0000
30,SegFormer Temp Scaling (FL),0.30,0.0046,2618.00,0.0000,1.0000,0.0047,2618.00,0.0000,1.0000
30,SegFormer Temp Scaling (FL),0.40,0.0046,2618.00,0.0000,1.0000,0.0047,2618.00,0.0000,1.0000
30,SegFormer Temp Scaling (FL),0.50,0.0046,2618.00,0.0000,1.0000,0.0047,2618.00,0.0000,1.0000
30,SegFormer Matrix Scaling (FL),0.02,0.0082,89879.00,0.3450,0.1291,0.0260,89879.00,0.3450,0.1291
30,SegFormer Matrix Scaling (FL),0.05,0.0082,10075.00,0.0327,0.6070,0.0066,10075.00,0.0327,0.6070
30,SegFormer Matrix Scaling (FL),0.08,0.0082,4757.00,0.0110,0.7265,0.0986,4757.00,0.0110,0.7265
30,SegFormer Matrix Scaling (FL),0.10,0.0082,2914.00,0.0017,0.9412,0.0790,2914.00,0.0017,0.9412
30,SegFormer Matrix Scaling (FL),0.15,0.0082,2618.00,0.0000,1.0000,0.0081,2618.00,0.0000,1.0000
30,SegFormer Matrix Scaling (FL),0.20,0.0082,2618.00,0.0000,1.0000,0.0081,2618.00,0.0000,1.0000
30,SegFormer Matrix Scaling (FL),0.30,0.0082,2618.00,0.0000,1.0000,0.0081,2618.00,0.0000,1.0000
30,SegFormer Matrix Scaling (FL),0.40,0.0082,2618.00,0.0000,1.0000,0.0081,2618.00,0.0000,1.0000
30,SegFormer Matrix Scaling (FL),0.50,0.0082,2618.00,0.0000,1.0000,0.0081,2618.00,0.0000,1.0000
30,MobileNetV4 Base (CE),0.02,0.0286,231772.00,0.8931,0.0000,0.0182,231772.00,0.8931,0.0000
30,MobileNetV4 Base (CE),0.05,0.0286,29597.00,0.1128,0.1196,0.0405,29597.00,0.1128,0.1196
30,MobileNetV4 Base (CE),0.08,0.0286,9899.00,0.0355,0.2632,0.0378,9899.00,0.0355,0.2632
30,MobileNetV4 Base (CE),0.10,0.0286,8913.00,0.0310,0.3323,0.0676,8913.00,0.0310,0.3323
30,MobileNetV4 Base (CE),0.15,0.0286,3702.00,0.0062,0.7945,0.0645,3702.00,0.0062,0.7945
30,MobileNetV4 Base (CE),0.20,0.0286,2780.00,0.0014,0.9232,0.0788,2780.00,0.0014,0.9232
30,MobileNetV4 Base (CE),0.30,0.0286,2618.00,0.0000,1.0000,0.0253,2618.00,0.0000,1.0000
30,MobileNetV4 Base (CE),0.40,0.0286,2618.00,0.0000,1.0000,0.0253,2618.00,0.0000,1.0000
30,MobileNetV4 Base (CE),0.50,0.0286,2618.00,0.0000,1.0000,0.0253,2618.00,0.0000,1.0000
30,MobileNetV4 Temp Scaling (CE),0.02,0.0041,22280.00,0.0846,0.1196,0.0010,22280.00,0.0846,0.1196
30,MobileNetV4 Temp Scaling (CE),0.05,0.0041,9899.00,0.0355,0.2632,0.0500,9899.00,0.0355,0.2632
30,MobileNetV4 Temp Scaling (CE),0.08,0.0041,6784.00,0.0216,0.4496,0.0911,6784.00,0.0216,0.4496
30,MobileNetV4 Temp Scaling (CE),0.10,0.0041,4553.00,0.0105,0.6971,0.0852,4553.00,0.0105,0.6971
30,MobileNetV4 Temp Scaling (CE),0.15,0.0041,3076.00,0.0031,0.8644,0.0925,3076.00,0.0031,0.8644
30,MobileNetV4 Temp Scaling (CE),0.20,0.0041,2618.00,0.0000,1.0000,0.0015,2618.00,0.0000,1.0000
30,MobileNetV4 Temp Scaling (CE),0.30,0.0041,2618.00,0.0000,1.0000,0.0015,2618.00,0.0000,1.0000
30,MobileNetV4 Temp Scaling (CE),0.40,0.0041,2618.00,0.0000,1.0000,0.0015,2618.00,0.0000,1.0000
30,MobileNetV4 Temp Scaling (CE),0.50,0.0041,2618.00,0.0000,1.0000,0.0015,2618.00,0.0000,1.0000
30,MobileNetV4 Matrix Scaling (CE),0.02,0.0205,137198.00,0.5283,0.0344,0.0192,137198.00,0.5283,0.0344
30,MobileNetV4 Matrix Scaling (CE),0.05,0.0205,20629.00,0.0778,0.1650,0.0388,20629.00,0.0778,0.1650
30,MobileNetV4 Matrix Scaling (CE),0.08,0.0205,8946.00,0.0308,0.3625,0.0857,8946.00,0.0308,0.3625
30,MobileNetV4 Matrix Scaling (CE),0.10,0.0205,7629.00,0.0250,0.4396,0.0795,7629.00,0.0250,0.4396
30,MobileNetV4 Matrix Scaling (CE),0.15,0.0205,3076.00,0.0031,0.8644,0.0935,3076.00,0.0031,0.8644
30,MobileNetV4 Matrix Scaling (CE),0.20,0.0205,2618.00,0.0000,1.0000,0.0171,2618.00,0.0000,1.0000
30,MobileNetV4 Matrix Scaling (CE),0.30,0.0205,2618.00,0.0000,1.0000,0.0171,2618.00,0.0000,1.0000
30,MobileNetV4 Matrix Scaling (CE),0.40,0.0205,2618.00,0.0000,1.0000,0.0171,2618.00,0.0000,1.0000
30,MobileNetV4 Matrix Scaling (CE),0.50,0.0205,2618.00,0.0000,1.0000,0.0171,2618.00,0.0000,1.0000
30,MobileNetV4 Base (FL),0.02,0.0527,259526.00,1.0000,0.0000,0.0537,259526.00,1.0000,0.0000
30,MobileNetV4 Base (FL),0.05,0.0527,164410.00,0.6335,0.0038,0.0456,164410.00,0.6335,0.0038
30,MobileNetV4 Base (FL),0.08,0.0527,36510.00,0.1398,0.0905,0.0824,36510.00,0.1398,0.0905
30,MobileNetV4 Base (FL),0.10,0.0527,24861.00,0.0944,0.1402,0.0868,24861.00,0.0944,0.1402
30,MobileNetV4 Base (FL),0.15,0.0527,8921.00,0.0307,0.3598,0.0561,8921.00,0.0307,0.3598
30,MobileNetV4 Base (FL),0.20,0.0527,4843.00,0.0117,0.6940,0.0299,4843.00,0.0117,0.6940
30,MobileNetV4 Base (FL),0.30,0.0527,2780.00,0.0014,0.9232,0.0403,2780.00,0.0014,0.9232
30,MobileNetV4 Base (FL),0.40,0.0527,2618.00,0.0000,1.0000,0.0537,2618.00,0.0000,1.0000
30,MobileNetV4 Base (FL),0.50,0.0527,2618.00,0.0000,1.0000,0.0537,2618.00,0.0000,1.0000
30,MobileNetV4 Temp Scaling (FL),0.02,0.0064,32369.00,0.1237,0.1043,0.0235,32369.00,0.1237,0.1043
30,MobileNetV4 Temp Scaling (FL),0.05,0.0064,15578.00,0.0574,0.2605,0.0350,15578.00,0.0574,0.2605
30,MobileNetV4 Temp Scaling (FL),0.08,0.0064,8921.00,0.0307,0.3598,0.0629,8921.00,0.0307,0.3598
30,MobileNetV4 Temp Scaling (FL),0.10,0.0064,7139.00,0.0227,0.4763,0.0498,7139.00,0.0227,0.4763
30,MobileNetV4 Temp Scaling (FL),0.15,0.0064,4843.00,0.0117,0.6940,0.0512,4843.00,0.0117,0.6940
30,MobileNetV4 Temp Scaling (FL),0.20,0.0064,3076.00,0.0031,0.8644,0.0421,3076.00,0.0031,0.8644
30,MobileNetV4 Temp Scaling (FL),0.30,0.0064,2618.00,0.0000,1.0000,0.0044,2618.00,0.0000,1.0000
30,MobileNetV4 Temp Scaling (FL),0.40,0.0064,2618.00,0.0000,1.0000,0.0044,2618.00,0.0000,1.0000
30,MobileNetV4 Temp Scaling (FL),0.50,0.0064,2618.00,0.0000,1.0000,0.0044,2618.00,0.0000,1.0000
30,MobileNetV4 Matrix Scaling (FL),0.02,0.0175,116701.00,0.4493,0.0378,0.0244,116701.00,0.4493,0.0378
30,MobileNetV4 Matrix Scaling (FL),0.05,0.0175,22680.00,0.0857,0.1650,0.0414,22680.00,0.0857,0.1650
30,MobileNetV4 Matrix Scaling (FL),0.08,0.0175,9349.00,0.0316,0.4370,0.0748,9349.00,0.0316,0.4370
30,MobileNetV4 Matrix Scaling (FL),0.10,0.0175,6778.00,0.0207,0.5371,0.0542,6778.00,0.0207,0.5371
30,MobileNetV4 Matrix Scaling (FL),0.15,0.0175,4505.00,0.0093,0.7953,0.0131,4505.00,0.0093,0.7953
30,MobileNetV4 Matrix Scaling (FL),0.20,0.0175,3076.00,0.0031,0.8644,0.0739,3076.00,0.0031,0.8644
30,MobileNetV4 Matrix Scaling (FL),0.30,0.0175,2618.00,0.0000,1.0000,0.0158,2618.00,0.0000,1.0000
30,MobileNetV4 Matrix Scaling (FL),0.40,0.0175,2618.00,0.0000,1.0000,0.0158,2618.00,0.0000,1.0000
30,MobileNetV4 Matrix Scaling (FL),0.50,0.0175,2618.00,0.0000,1.0000,0.0158,2618.00,0.0000,1.0000
31,SegFormer Base (CE),0.02,0.0230,190295.00,0.7275,0.0571,0.0179,190295.00,0.7275,0.0571
31,SegFormer Base (CE),0.05,0.0230,631.00,0.0000,1.0000,0.0236,631.00,0.0000,1.0000
31,SegFormer Base (CE),0.08,0.0230,631.00,0.0000,1.0000,0.0236,631.00,0.0000,1.0000
31,SegFormer Base (CE),0.10,0.0230,631.00,0.0000,1.0000,0.0236,631.00,0.0000,1.0000
31,SegFormer Base (CE),0.15,0.0230,631.00,0.0000,1.0000,0.0236,631.00,0.0000,1.0000
31,SegFormer Base (CE),0.20,0.0230,631.00,0.0000,1.0000,0.0236,631.00,0.0000,1.0000
31,SegFormer Base (CE),0.30,0.0230,631.00,0.0000,1.0000,0.0236,631.00,0.0000,1.0000
31,SegFormer Base (CE),0.40,0.0230,631.00,0.0000,1.0000,0.0236,631.00,0.0000,1.0000
31,SegFormer Base (CE),0.50,0.0230,631.00,0.0000,1.0000,0.0236,631.00,0.0000,1.0000
31,SegFormer Temp Scaling (CE),0.02,0.0008,631.00,0.0000,1.0000,0.0009,631.00,0.0000,1.0000
31,SegFormer Temp Scaling (CE),0.05,0.0008,631.00,0.0000,1.0000,0.0009,631.00,0.0000,1.0000
31,SegFormer Temp Scaling (CE),0.08,0.0008,631.00,0.0000,1.0000,0.0009,631.00,0.0000,1.0000
31,SegFormer Temp Scaling (CE),0.10,0.0008,631.00,0.0000,1.0000,0.0009,631.00,0.0000,1.0000
31,SegFormer Temp Scaling (CE),0.15,0.0008,631.00,0.0000,1.0000,0.0009,631.00,0.0000,1.0000
31,SegFormer Temp Scaling (CE),0.20,0.0008,631.00,0.0000,1.0000,0.0009,631.00,0.0000,1.0000
31,SegFormer Temp Scaling (CE),0.30,0.0008,631.00,0.0000,1.0000,0.0009,631.00,0.0000,1.0000
31,SegFormer Temp Scaling (CE),0.40,0.0008,631.00,0.0000,1.0000,0.0009,631.00,0.0000,1.0000
31,SegFormer Temp Scaling (CE),0.50,0.0008,631.00,0.0000,1.0000,0.0009,631.00,0.0000,1.0000
31,SegFormer Matrix Scaling (CE),0.02,0.0139,103308.00,0.3943,0.3138,0.0169,103308.00,0.3943,0.3138
31,SegFormer Matrix Scaling (CE),0.05,0.0139,3281.00,0.0101,1.0000,0.0531,3281.00,0.0101,1.0000
31,SegFormer Matrix Scaling (CE),0.08,0.0139,631.00,0.0000,1.0000,0.0151,631.00,0.0000,1.0000
31,SegFormer Matrix Scaling (CE),0.10,0.0139,631.00,0.0000,1.0000,0.0151,631.00,0.0000,1.0000
31,SegFormer Matrix Scaling (CE),0.15,0.0139,631.00,0.0000,1.0000,0.0151,631.00,0.0000,1.0000
31,SegFormer Matrix Scaling (CE),0.20,0.0139,631.00,0.0000,1.0000,0.0151,631.00,0.0000,1.0000
31,SegFormer Matrix Scaling (CE),0.30,0.0139,631.00,0.0000,1.0000,0.0151,631.00,0.0000,1.0000
31,SegFormer Matrix Scaling (CE),0.40,0.0139,631.00,0.0000,1.0000,0.0151,631.00,0.0000,1.0000
31,SegFormer Matrix Scaling (CE),0.50,0.0139,631.00,0.0000,1.0000,0.0151,631.00,0.0000,1.0000
31,SegFormer Base (FL),0.02,0.0453,261513.00,1.0000,0.0000,0.0444,261513.00,1.0000,0.0000
31,SegFormer Base (FL),0.05,0.0453,70789.00,0.2698,0.3582,0.0540,70789.00,0.2698,0.3582
31,SegFormer Base (FL),0.08,0.0453,4034.00,0.0130,1.0000,0.0774,4034.00,0.0130,1.0000
31,SegFormer Base (FL),0.10,0.0453,631.00,0.0000,1.0000,0.0444,631.00,0.0000,1.0000
31,SegFormer Base (FL),0.15,0.0453,631.00,0.0000,1.0000,0.0444,631.00,0.0000,1.0000
31,SegFormer Base (FL),0.20,0.0453,631.00,0.0000,1.0000,0.0444,631.00,0.0000,1.0000
31,SegFormer Base (FL),0.30,0.0453,631.00,0.0000,1.0000,0.0444,631.00,0.0000,1.0000
31,SegFormer Base (FL),0.40,0.0453,631.00,0.0000,1.0000,0.0444,631.00,0.0000,1.0000
31,SegFormer Base (FL),0.50,0.0453,631.00,0.0000,1.0000,0.0444,631.00,0.0000,1.0000
31,SegFormer Temp Scaling (FL),0.02,0.0009,1417.00,0.0032,0.9398,0.0061,1417.00,0.0032,0.9398
31,SegFormer Temp Scaling (FL),0.05,0.0009,631.00,0.0000,1.0000,0.0007,631.00,0.0000,1.0000
31,SegFormer Temp Scaling (FL),0.08,0.0009,631.00,0.0000,1.0000,0.0007,631.00,0.0000,1.0000
31,SegFormer Temp Scaling (FL),0.10,0.0009,631.00,0.0000,1.0000,0.0007,631.00,0.0000,1.0000
31,SegFormer Temp Scaling (FL),0.15,0.0009,631.00,0.0000,1.0000,0.0007,631.00,0.0000,1.0000
31,SegFormer Temp Scaling (FL),0.20,0.0009,631.00,0.0000,1.0000,0.0007,631.00,0.0000,1.0000
31,SegFormer Temp Scaling (FL),0.30,0.0009,631.00,0.0000,1.0000,0.0007,631.00,0.0000,1.0000
31,SegFormer Temp Scaling (FL),0.40,0.0009,631.00,0.0000,1.0000,0.0007,631.00,0.0000,1.0000
31,SegFormer Temp Scaling (FL),0.50,0.0009,631.00,0.0000,1.0000,0.0007,631.00,0.0000,1.0000
31,SegFormer Matrix Scaling (FL),0.02,0.0115,66191.00,0.2518,0.5341,0.0232,66191.00,0.2518,0.5341
31,SegFormer Matrix Scaling (FL),0.05,0.0115,3666.00,0.0119,0.8922,0.0347,3666.00,0.0119,0.8922
31,SegFormer Matrix Scaling (FL),0.08,0.0115,631.00,0.0000,1.0000,0.0121,631.00,0.0000,1.0000
31,SegFormer Matrix Scaling (FL),0.10,0.0115,631.00,0.0000,1.0000,0.0121,631.00,0.0000,1.0000
31,SegFormer Matrix Scaling (FL),0.15,0.0115,631.00,0.0000,1.0000,0.0121,631.00,0.0000,1.0000
31,SegFormer Matrix Scaling (FL),0.20,0.0115,631.00,0.0000,1.0000,0.0121,631.00,0.0000,1.0000
31,SegFormer Matrix Scaling (FL),0.30,0.0115,631.00,0.0000,1.0000,0.0121,631.00,0.0000,1.0000
31,SegFormer Matrix Scaling (FL),0.40,0.0115,631.00,0.0000,1.0000,0.0121,631.00,0.0000,1.0000
31,SegFormer Matrix Scaling (FL),0.50,0.0115,631.00,0.0000,1.0000,0.0121,631.00,0.0000,1.0000
31,MobileNetV4 Base (CE),0.02,0.0264,229173.00,0.8763,0.0000,0.0187,229173.00,0.8763,0.0000
31,MobileNetV4 Base (CE),0.05,0.0264,9047.00,0.0329,0.7084,0.0420,9047.00,0.0329,0.7084
31,MobileNetV4 Base (CE),0.08,0.0264,1633.00,0.0038,1.0000,0.0677,1633.00,0.0038,1.0000
31,MobileNetV4 Base (CE),0.10,0.0264,1633.00,0.0038,1.0000,0.0677,1633.00,0.0038,1.0000
31,MobileNetV4 Base (CE),0.15,0.0264,631.00,0.0000,1.0000,0.0262,631.00,0.0000,1.0000
31,MobileNetV4 Base (CE),0.20,0.0264,631.00,0.0000,1.0000,0.0262,631.00,0.0000,1.0000
31,MobileNetV4 Base (CE),0.30,0.0264,631.00,0.0000,1.0000,0.0262,631.00,0.0000,1.0000
31,MobileNetV4 Base (CE),0.40,0.0264,631.00,0.0000,1.0000,0.0262,631.00,0.0000,1.0000
31,MobileNetV4 Base (CE),0.50,0.0264,631.00,0.0000,1.0000,0.0262,631.00,0.0000,1.0000
31,MobileNetV4 Temp Scaling (CE),0.02,0.0046,7388.00,0.0264,0.7639,0.0164,7388.00,0.0264,0.7639
31,MobileNetV4 Temp Scaling (CE),0.05,0.0046,1633.00,0.0038,1.0000,0.0457,1633.00,0.0038,1.0000
31,MobileNetV4 Temp Scaling (CE),0.08,0.0046,1633.00,0.0038,1.0000,0.0457,1633.00,0.0038,1.0000
31,MobileNetV4 Temp Scaling (CE),0.10,0.0046,631.00,0.0000,1.0000,0.0045,631.00,0.0000,1.0000
31,MobileNetV4 Temp Scaling (CE),0.15,0.0046,631.00,0.0000,1.0000,0.0045,631.00,0.0000,1.0000
31,MobileNetV4 Temp Scaling (CE),0.20,0.0046,631.00,0.0000,1.0000,0.0045,631.00,0.0000,1.0000
31,MobileNetV4 Temp Scaling (CE),0.30,0.0046,631.00,0.0000,1.0000,0.0045,631.00,0.0000,1.0000
31,MobileNetV4 Temp Scaling (CE),0.40,0.0046,631.00,0.0000,1.0000,0.0045,631.00,0.0000,1.0000
31,MobileNetV4 Temp Scaling (CE),0.50,0.0046,631.00,0.0000,1.0000,0.0045,631.00,0.0000,1.0000
31,MobileNetV4 Matrix Scaling (CE),0.02,0.0189,129029.00,0.4929,0.1981,0.0163,129029.00,0.4929,0.1981
31,MobileNetV4 Matrix Scaling (CE),0.05,0.0189,2141.00,0.0058,1.0000,0.0530,2141.00,0.0058,1.0000
31,MobileNetV4 Matrix Scaling (CE),0.08,0.0189,1633.00,0.0038,1.0000,0.0531,1633.00,0.0038,1.0000
31,MobileNetV4 Matrix Scaling (CE),0.10,0.0189,631.00,0.0000,1.0000,0.0194,631.00,0.0000,1.0000
31,MobileNetV4 Matrix Scaling (CE),0.15,0.0189,631.00,0.0000,1.0000,0.0194,631.00,0.0000,1.0000
31,MobileNetV4 Matrix Scaling (CE),0.20,0.0189,631.00,0.0000,1.0000,0.0194,631.00,0.0000,1.0000
31,MobileNetV4 Matrix Scaling (CE),0.30,0.0189,631.00,0.0000,1.0000,0.0194,631.00,0.0000,1.0000
31,MobileNetV4 Matrix Scaling (CE),0.40,0.0189,631.00,0.0000,1.0000,0.0194,631.00,0.0000,1.0000
31,MobileNetV4 Matrix Scaling (CE),0.50,0.0189,631.00,0.0000,1.0000,0.0194,631.00,0.0000,1.0000
31,MobileNetV4 Base (FL),0.02,0.0465,261513.00,1.0000,0.0000,0.0467,261513.00,1.0000,0.0000
31,MobileNetV4 Base (FL),0.05,0.0465,101319.00,0.3872,0.1141,0.0493,101319.00,0.3872,0.1141
31,MobileNetV4 Base (FL),0.08,0.0465,7382.00,0.0263,0.7924,0.0661,7382.00,0.0263,0.7924
31,MobileNetV4 Base (FL),0.10,0.0465,2315.00,0.0066,0.9128,0.0622,2315.00,0.0066,0.9128
31,MobileNetV4 Base (FL),0.15,0.0465,631.00,0.0000,1.0000,0.0467,631.00,0.0000,1.0000
31,MobileNetV4 Base (FL),0.20,0.0465,631.00,0.0000,1.0000,0.0467,631.00,0.0000,1.0000
31,MobileNetV4 Base (FL),0.30,0.0465,631.00,0.0000,1.0000,0.0467,631.00,0.0000,1.0000
31,MobileNetV4 Base (FL),0.40,0.0465,631.00,0.0000,1.0000,0.0467,631.00,0.0000,1.0000
31,MobileNetV4 Base (FL),0.50,0.0465,631.00,0.0000,1.0000,0.0467,631.00,0.0000,1.0000
31,MobileNetV4 Temp Scaling (FL),0.02,0.0031,7866.00,0.0282,0.7765,0.0194,7866.00,0.0282,0.7765
31,MobileNetV4 Temp Scaling (FL),0.05,0.0031,2315.00,0.0066,0.9128,0.0225,2315.00,0.0066,0.9128
31,MobileNetV4 Temp Scaling (FL),0.08,0.0031,631.00,0.0000,1.0000,0.0031,631.00,0.0000,1.0000
31,MobileNetV4 Temp Scaling (FL),0.10,0.0031,631.00,0.0000,1.0000,0.0031,631.00,0.0000,1.0000
31,MobileNetV4 Temp Scaling (FL),0.15,0.0031,631.00,0.0000,1.0000,0.0031,631.00,0.0000,1.0000
31,MobileNetV4 Temp Scaling (FL),0.20,0.0031,631.00,0.0000,1.0000,0.0031,631.00,0.0000,1.0000
31,MobileNetV4 Temp Scaling (FL),0.30,0.0031,631.00,0.0000,1.0000,0.0031,631.00,0.0000,1.0000
31,MobileNetV4 Temp Scaling (FL),0.40,0.0031,631.00,0.0000,1.0000,0.0031,631.00,0.0000,1.0000
31,MobileNetV4 Temp Scaling (FL),0.50,0.0031,631.00,0.0000,1.0000,0.0031,631.00,0.0000,1.0000
31,MobileNetV4 Matrix Scaling (FL),0.02,0.0136,68740.00,0.2622,0.2916,0.0225,68740.00,0.2622,0.2916
31,MobileNetV4 Matrix Scaling (FL),0.05,0.0136,3100.00,0.0097,0.9128,0.0281,3100.00,0.0097,0.9128
31,MobileNetV4 Matrix Scaling (FL),0.08,0.0136,631.00,0.0000,1.0000,0.0142,631.00,0.0000,1.0000
31,MobileNetV4 Matrix Scaling (FL),0.10,0.0136,631.00,0.0000,1.0000,0.0142,631.00,0.0000,1.0000
31,MobileNetV4 Matrix Scaling (FL),0.15,0.0136,631.00,0.0000,1.0000,0.0142,631.00,0.0000,1.0000
31,MobileNetV4 Matrix Scaling (FL),0.20,0.0136,631.00,0.0000,1.0000,0.0142,631.00,0.0000,1.0000
31,MobileNetV4 Matrix Scaling (FL),0.30,0.0136,631.00,0.0000,1.0000,0.0142,631.00,0.0000,1.0000
31,MobileNetV4 Matrix Scaling (FL),0.40,0.0136,631.00,0.0000,1.0000,0.0142,631.00,0.0000,1.0000
31,MobileNetV4 Matrix Scaling (FL),0.50,0.0136,631.00,0.0000,1.0000,0.0142,631.00,0.0000,1.0000
32,SegFormer Base (CE),0.02,0.0241,191977.00,0.7345,0.0078,0.0188,191977.00,0.7345,0.0078
32,SegFormer Base (CE),0.05,0.0241,7302.00,0.0250,1.0000,0.0490,7302.00,0.0250,1.0000
32,SegFormer Base (CE),0.08,0.0241,768.00,0.0000,1.0000,0.0242,768.00,0.0000,1.0000
32,SegFormer Base (CE),0.10,0.0241,768.00,0.0000,1.0000,0.0242,768.00,0.0000,1.0000
32,SegFormer Base (CE),0.15,0.0241,768.00,0.0000,1.0000,0.0242,768.00,0.0000,1.0000
32,SegFormer Base (CE),0.20,0.0241,768.00,0.0000,1.0000,0.0242,768.00,0.0000,1.0000
32,SegFormer Base (CE),0.30,0.0241,768.00,0.0000,1.0000,0.0242,768.00,0.0000,1.0000
32,SegFormer Base (CE),0.40,0.0241,768.00,0.0000,1.0000,0.0242,768.00,0.0000,1.0000
32,SegFormer Base (CE),0.50,0.0241,768.00,0.0000,1.0000,0.0242,768.00,0.0000,1.0000
32,SegFormer Temp Scaling (CE),0.02,0.0006,2084.00,0.0050,1.0000,0.0121,2084.00,0.0050,1.0000
32,SegFormer Temp Scaling (CE),0.05,0.0006,768.00,0.0000,1.0000,0.0011,768.00,0.0000,1.0000
32,SegFormer Temp Scaling (CE),0.08,0.0006,768.00,0.0000,1.0000,0.0011,768.00,0.0000,1.0000
32,SegFormer Temp Scaling (CE),0.10,0.0006,768.00,0.0000,1.0000,0.0011,768.00,0.0000,1.0000
32,SegFormer Temp Scaling (CE),0.15,0.0006,768.00,0.0000,1.0000,0.0011,768.00,0.0000,1.0000
32,SegFormer Temp Scaling (CE),0.20,0.0006,768.00,0.0000,1.0000,0.0011,768.00,0.0000,1.0000
32,SegFormer Temp Scaling (CE),0.30,0.0006,768.00,0.0000,1.0000,0.0011,768.00,0.0000,1.0000
32,SegFormer Temp Scaling (CE),0.40,0.0006,768.00,0.0000,1.0000,0.0011,768.00,0.0000,1.0000
32,SegFormer Temp Scaling (CE),0.50,0.0006,768.00,0.0000,1.0000,0.0011,768.00,0.0000,1.0000
32,SegFormer Matrix Scaling (CE),0.02,0.0143,105385.00,0.4019,0.4440,0.0237,105385.00,0.4019,0.4440
32,SegFormer Matrix Scaling (CE),0.05,0.0143,6085.00,0.0203,1.0000,0.0567,6085.00,0.0203,1.0000
32,SegFormer Matrix Scaling (CE),0.08,0.0143,768.00,0.0000,1.0000,0.0152,768.00,0.0000,1.0000
32,SegFormer Matrix Scaling (CE),0.10,0.0143,768.00,0.0000,1.0000,0.0152,768.00,0.0000,1.0000
32,SegFormer Matrix Scaling (CE),0.15,0.0143,768.00,0.0000,1.0000,0.0152,768.00,0.0000,1.0000
32,SegFormer Matrix Scaling (CE),0.20,0.0143,768.00,0.0000,1.0000,0.0152,768.00,0.0000,1.0000
32,SegFormer Matrix Scaling (CE),0.30,0.0143,768.00,0.0000,1.0000,0.0152,768.00,0.0000,1.0000
32,SegFormer Matrix Scaling (CE),0.40,0.0143,768.00,0.0000,1.0000,0.0152,768.00,0.0000,1.0000
32,SegFormer Matrix Scaling (CE),0.50,0.0143,768.00,0.0000,1.0000,0.0152,768.00,0.0000,1.0000
32,SegFormer Base (FL),0.02,0.0462,261376.00,1.0000,0.0000,0.0455,261376.00,1.0000,0.0000
32,SegFormer Base (FL),0.05,0.0462,87341.00,0.3327,0.4818,0.0506,87341.00,0.3327,0.4818
32,SegFormer Base (FL),0.08,0.0462,4420.00,0.0140,1.0000,0.0727,4420.00,0.0140,1.0000
32,SegFormer Base (FL),0.10,0.0462,768.00,0.0000,1.0000,0.0455,768.00,0.0000,1.0000
32,SegFormer Base (FL),0.15,0.0462,768.00,0.0000,1.0000,0.0455,768.00,0.0000,1.0000
32,SegFormer Base (FL),0.20,0.0462,768.00,0.0000,1.0000,0.0455,768.00,0.0000,1.0000
32,SegFormer Base (FL),0.30,0.0462,768.00,0.0000,1.0000,0.0455,768.00,0.0000,1.0000
32,SegFormer Base (FL),0.40,0.0462,768.00,0.0000,1.0000,0.0455,768.00,0.0000,1.0000
32,SegFormer Base (FL),0.50,0.0462,768.00,0.0000,1.0000,0.0455,768.00,0.0000,1.0000
32,SegFormer Temp Scaling (FL),0.02,0.0011,3643.00,0.0110,1.0000,0.0183,3643.00,0.0110,1.0000
32,SegFormer Temp Scaling (FL),0.05,0.0011,768.00,0.0000,1.0000,0.0006,768.00,0.0000,1.0000
32,SegFormer Temp Scaling (FL),0.08,0.0011,768.00,0.0000,1.0000,0.0006,768.00,0.0000,1.0000
32,SegFormer Temp Scaling (FL),0.10,0.0011,768.00,0.0000,1.0000,0.0006,768.00,0.0000,1.0000
32,SegFormer Temp Scaling (FL),0.15,0.0011,768.00,0.0000,1.0000,0.0006,768.00,0.0000,1.0000
32,SegFormer Temp Scaling (FL),0.20,0.0011,768.00,0.0000,1.0000,0.0006,768.00,0.0000,1.0000
32,SegFormer Temp Scaling (FL),0.30,0.0011,768.00,0.0000,1.0000,0.0006,768.00,0.0000,1.0000
32,SegFormer Temp Scaling (FL),0.40,0.0011,768.00,0.0000,1.0000,0.0006,768.00,0.0000,1.0000
32,SegFormer Temp Scaling (FL),0.50,0.0011,768.00,0.0000,1.0000,0.0006,768.00,0.0000,1.0000
32,SegFormer Matrix Scaling (FL),0.02,0.0117,70849.00,0.2692,0.6432,0.0212,70849.00,0.2692,0.6432
32,SegFormer Matrix Scaling (FL),0.05,0.0117,4900.00,0.0158,1.0000,0.0499,4900.00,0.0158,1.0000
32,SegFormer Matrix Scaling (FL),0.08,0.0117,768.00,0.0000,1.0000,0.0121,768.00,0.0000,1.0000
32,SegFormer Matrix Scaling (FL),0.10,0.0117,768.00,0.0000,1.0000,0.0121,768.00,0.0000,1.0000
32,SegFormer Matrix Scaling (FL),0.15,0.0117,768.00,0.0000,1.0000,0.0121,768.00,0.0000,1.0000
32,SegFormer Matrix Scaling (FL),0.20,0.0117,768.00,0.0000,1.0000,0.0121,768.00,0.0000,1.0000
32,SegFormer Matrix Scaling (FL),0.30,0.0117,768.00,0.0000,1.0000,0.0121,768.00,0.0000,1.0000
32,SegFormer Matrix Scaling (FL),0.40,0.0117,768.00,0.0000,1.0000,0.0121,768.00,0.0000,1.0000
32,SegFormer Matrix Scaling (FL),0.50,0.0117,768.00,0.0000,1.0000,0.0121,768.00,0.0000,1.0000
32,MobileNetV4 Base (CE),0.02,0.0238,197917.00,0.7572,0.0091,0.0183,197917.00,0.7572,0.0091
32,MobileNetV4 Base (CE),0.05,0.0238,4212.00,0.0133,0.9596,0.0458,4212.00,0.0133,0.9596
32,MobileNetV4 Base (CE),0.08,0.0238,768.00,0.0000,1.0000,0.0234,768.00,0.0000,1.0000
32,MobileNetV4 Base (CE),0.10,0.0238,768.00,0.0000,1.0000,0.0234,768.00,0.0000,1.0000
32,MobileNetV4 Base (CE),0.15,0.0238,768.00,0.0000,1.0000,0.0234,768.00,0.0000,1.0000
32,MobileNetV4 Base (CE),0.20,0.0238,768.00,0.0000,1.0000,0.0234,768.00,0.0000,1.0000
32,MobileNetV4 Base (CE),0.30,0.0238,768.00,0.0000,1.0000,0.0234,768.00,0.0000,1.0000
32,MobileNetV4 Base (CE),0.40,0.0238,768.00,0.0000,1.0000,0.0234,768.00,0.0000,1.0000
32,MobileNetV4 Base (CE),0.50,0.0238,768.00,0.0000,1.0000,0.0234,768.00,0.0000,1.0000
32,MobileNetV4 Temp Scaling (CE),0.02,0.0034,4826.00,0.0162,0.7539,0.0031,4826.00,0.0162,0.7539
32,MobileNetV4 Temp Scaling (CE),0.05,0.0034,768.00,0.0000,1.0000,0.0030,768.00,0.0000,1.0000
32,MobileNetV4 Temp Scaling (CE),0.08,0.0034,768.00,0.0000,1.0000,0.0030,768.00,0.0000,1.0000
32,MobileNetV4 Temp Scaling (CE),0.10,0.0034,768.00,0.0000,1.0000,0.0030,768.00,0.0000,1.0000
32,MobileNetV4 Temp Scaling (CE),0.15,0.0034,768.00,0.0000,1.0000,0.0030,768.00,0.0000,1.0000
32,MobileNetV4 Temp Scaling (CE),0.20,0.0034,768.00,0.0000,1.0000,0.0030,768.00,0.0000,1.0000
32,MobileNetV4 Temp Scaling (CE),0.30,0.0034,768.00,0.0000,1.0000,0.0030,768.00,0.0000,1.0000
32,MobileNetV4 Temp Scaling (CE),0.40,0.0034,768.00,0.0000,1.0000,0.0030,768.00,0.0000,1.0000
32,MobileNetV4 Temp Scaling (CE),0.50,0.0034,768.00,0.0000,1.0000,0.0030,768.00,0.0000,1.0000
32,MobileNetV4 Matrix Scaling (CE),0.02,0.0166,113057.00,0.4323,0.0924,0.0192,113057.00,0.4323,0.0924
32,MobileNetV4 Matrix Scaling (CE),0.05,0.0166,3147.00,0.0091,1.0000,0.0488,3147.00,0.0091,1.0000
32,MobileNetV4 Matrix Scaling (CE),0.08,0.0166,768.00,0.0000,1.0000,0.0167,768.00,0.0000,1.0000
32,MobileNetV4 Matrix Scaling (CE),0.10,0.0166,768.00,0.0000,1.0000,0.0167,768.00,0.0000,1.0000
32,MobileNetV4 Matrix Scaling (CE),0.15,0.0166,768.00,0.0000,1.0000,0.0167,768.00,0.0000,1.0000
32,MobileNetV4 Matrix Scaling (CE),0.20,0.0166,768.00,0.0000,1.0000,0.0167,768.00,0.0000,1.0000
32,MobileNetV4 Matrix Scaling (CE),0.30,0.0166,768.00,0.0000,1.0000,0.0167,768.00,0.0000,1.0000
32,MobileNetV4 Matrix Scaling (CE),0.40,0.0166,768.00,0.0000,1.0000,0.0167,768.00,0.0000,1.0000
32,MobileNetV4 Matrix Scaling (CE),0.50,0.0166,768.00,0.0000,1.0000,0.0167,768.00,0.0000,1.0000
32,MobileNetV4 Base (FL),0.02,0.0428,261376.00,1.0000,0.0000,0.0425,261376.00,1.0000,0.0000
32,MobileNetV4 Base (FL),0.05,0.0428,64511.00,0.2462,0.1953,0.0481,64511.00,0.2462,0.1953
32,MobileNetV4 Base (FL),0.08,0.0428,4152.00,0.0133,0.8789,0.0684,4152.00,0.0133,0.8789
32,MobileNetV4 Base (FL),0.10,0.0428,1574.00,0.0031,1.0000,0.0910,1574.00,0.0031,1.0000
32,MobileNetV4 Base (FL),0.15,0.0428,768.00,0.0000,1.0000,0.0425,768.00,0.0000,1.0000
32,MobileNetV4 Base (FL),0.20,0.0428,768.00,0.0000,1.0000,0.0425,768.00,0.0000,1.0000
32,MobileNetV4 Base (FL),0.30,0.0428,768.00,0.0000,1.0000,0.0425,768.00,0.0000,1.0000
32,MobileNetV4 Base (FL),0.40,0.0428,768.00,0.0000,1.0000,0.0425,768.00,0.0000,1.0000
32,MobileNetV4 Base (FL),0.50,0.0428,768.00,0.0000,1.0000,0.0425,768.00,0.0000,1.0000
32,MobileNetV4 Temp Scaling (FL),0.02,0.0019,6271.00,0.0220,0.6732,0.0174,6271.00,0.0220,0.6732
32,MobileNetV4 Temp Scaling (FL),0.05,0.0019,1574.00,0.0031,1.0000,0.0301,1574.00,0.0031,1.0000
32,MobileNetV4 Temp Scaling (FL),0.08,0.0019,768.00,0.0000,1.0000,0.0014,768.00,0.0000,1.0000
32,MobileNetV4 Temp Scaling (FL),0.10,0.0019,768.00,0.0000,1.0000,0.0014,768.00,0.0000,1.0000
32,MobileNetV4 Temp Scaling (FL),0.15,0.0019,768.00,0.0000,1.0000,0.0014,768.00,0.0000,1.0000
32,MobileNetV4 Temp Scaling (FL),0.20,0.0019,768.00,0.0000,1.0000,0.0014,768.00,0.0000,1.0000
32,MobileNetV4 Temp Scaling (FL),0.30,0.0019,768.00,0.0000,1.0000,0.0014,768.00,0.0000,1.0000
32,MobileNetV4 Temp Scaling (FL),0.40,0.0019,768.00,0.0000,1.0000,0.0014,768.00,0.0000,1.0000
32,MobileNetV4 Temp Scaling (FL),0.50,0.0019,768.00,0.0000,1.0000,0.0014,768.00,0.0000,1.0000
32,MobileNetV4 Matrix Scaling (FL),0.02,0.0118,46212.00,0.1762,0.2201,0.0152,46212.00,0.1762,0.2201
32,MobileNetV4 Matrix Scaling (FL),0.05,0.0118,1574.00,0.0031,1.0000,0.0587,1574.00,0.0031,1.0000
32,MobileNetV4 Matrix Scaling (FL),0.08,0.0118,1574.00,0.0031,1.0000,0.0587,1574.00,0.0031,1.0000
32,MobileNetV4 Matrix Scaling (FL),0.10,0.0118,1574.00,0.0031,1.0000,0.0587,1574.00,0.0031,1.0000
32,MobileNetV4 Matrix Scaling (FL),0.15,0.0118,768.00,0.0000,1.0000,0.0118,768.00,0.0000,1.0000
32,MobileNetV4 Matrix Scaling (FL),0.20,0.0118,768.00,0.0000,1.0000,0.0118,768.00,0.0000,1.0000
32,MobileNetV4 Matrix Scaling (FL),0.30,0.0118,768.00,0.0000,1.0000,0.0118,768.00,0.0000,1.0000
32,MobileNetV4 Matrix Scaling (FL),0.40,0.0118,768.00,0.0000,1.0000,0.0118,768.00,0.0000,1.0000
32,MobileNetV4 Matrix Scaling (FL),0.50,0.0118,768.00,0.0000,1.0000,0.0118,768.00,0.0000,1.0000
33,SegFormer Base (CE),0.02,0.0245,194570.00,0.7434,0.0905,0.0187,194570.00,0.7434,0.0905
33,SegFormer Base (CE),0.05,0.0245,4091.00,0.0142,0.8366,0.0397,4091.00,0.0142,0.8366
33,SegFormer Base (CE),0.08,0.0245,1223.00,0.0029,1.0000,0.0543,1223.00,0.0029,1.0000
33,SegFormer Base (CE),0.10,0.0245,453.00,0.0000,1.0000,0.0249,453.00,0.0000,1.0000
33,SegFormer Base (CE),0.15,0.0245,453.00,0.0000,1.0000,0.0249,453.00,0.0000,1.0000
33,SegFormer Base (CE),0.20,0.0245,453.00,0.0000,1.0000,0.0249,453.00,0.0000,1.0000
33,SegFormer Base (CE),0.30,0.0245,453.00,0.0000,1.0000,0.0249,453.00,0.0000,1.0000
33,SegFormer Base (CE),0.40,0.0245,453.00,0.0000,1.0000,0.0249,453.00,0.0000,1.0000
33,SegFormer Base (CE),0.50,0.0245,453.00,0.0000,1.0000,0.0249,453.00,0.0000,1.0000
33,SegFormer Temp Scaling (CE),0.02,0.0000,2106.00,0.0067,0.8035,0.0162,2106.00,0.0067,0.8035
33,SegFormer Temp Scaling (CE),0.05,0.0000,453.00,0.0000,1.0000,0.0000,453.00,0.0000,1.0000
33,SegFormer Temp Scaling (CE),0.08,0.0000,453.00,0.0000,1.0000,0.0000,453.00,0.0000,1.0000
33,SegFormer Temp Scaling (CE),0.10,0.0000,453.00,0.0000,1.0000,0.0000,453.00,0.0000,1.0000
33,SegFormer Temp Scaling (CE),0.15,0.0000,453.00,0.0000,1.0000,0.0000,453.00,0.0000,1.0000
33,SegFormer Temp Scaling (CE),0.20,0.0000,453.00,0.0000,1.0000,0.0000,453.00,0.0000,1.0000
33,SegFormer Temp Scaling (CE),0.30,0.0000,453.00,0.0000,1.0000,0.0000,453.00,0.0000,1.0000
33,SegFormer Temp Scaling (CE),0.40,0.0000,453.00,0.0000,1.0000,0.0000,453.00,0.0000,1.0000
33,SegFormer Temp Scaling (CE),0.50,0.0000,453.00,0.0000,1.0000,0.0000,453.00,0.0000,1.0000
33,SegFormer Matrix Scaling (CE),0.02,0.0151,107211.00,0.4090,0.4194,0.0195,107211.00,0.4090,0.4194
33,SegFormer Matrix Scaling (CE),0.05,0.0151,7815.00,0.0281,1.0000,0.0578,7815.00,0.0281,1.0000
33,SegFormer Matrix Scaling (CE),0.08,0.0151,1416.00,0.0037,1.0000,0.0500,1416.00,0.0037,1.0000
33,SegFormer Matrix Scaling (CE),0.10,0.0151,453.00,0.0000,1.0000,0.0162,453.00,0.0000,1.0000
33,SegFormer Matrix Scaling (CE),0.15,0.0151,453.00,0.0000,1.0000,0.0162,453.00,0.0000,1.0000
33,SegFormer Matrix Scaling (CE),0.20,0.0151,453.00,0.0000,1.0000,0.0162,453.00,0.0000,1.0000
33,SegFormer Matrix Scaling (CE),0.30,0.0151,453.00,0.0000,1.0000,0.0162,453.00,0.0000,1.0000
33,SegFormer Matrix Scaling (CE),0.40,0.0151,453.00,0.0000,1.0000,0.0162,453.00,0.0000,1.0000
33,SegFormer Matrix Scaling (CE),0.50,0.0151,453.00,0.0000,1.0000,0.0162,453.00,0.0000,1.0000
33,SegFormer Base (FL),0.02,0.0445,261691.00,1.0000,0.0000,0.0442,261691.00,1.0000,0.0000
33,SegFormer Base (FL),0.05,0.0445,65776.00,0.2511,0.1634,0.0536,65776.00,0.2511,0.1634
33,SegFormer Base (FL),0.08,0.0445,5922.00,0.0216,0.5695,0.0624,5922.00,0.0216,0.5695
33,SegFormer Base (FL),0.10,0.0445,1506.00,0.0043,0.8366,0.0662,1506.00,0.0043,0.8366
33,SegFormer Base (FL),0.15,0.0445,453.00,0.0000,1.0000,0.0442,453.00,0.0000,1.0000
33,SegFormer Base (FL),0.20,0.0445,453.00,0.0000,1.0000,0.0442,453.00,0.0000,1.0000
33,SegFormer Base (FL),0.30,0.0445,453.00,0.0000,1.0000,0.0442,453.00,0.0000,1.0000
33,SegFormer Base (FL),0.40,0.0445,453.00,0.0000,1.0000,0.0442,453.00,0.0000,1.0000
33,SegFormer Base (FL),0.50,0.0445,453.00,0.0000,1.0000,0.0442,453.00,0.0000,1.0000
33,SegFormer Temp Scaling (FL),0.02,0.0015,3018.00,0.0103,0.6865,0.0135,3018.00,0.0103,0.6865
33,SegFormer Temp Scaling (FL),0.05,0.0015,833.00,0.0015,0.9868,0.0185,833.00,0.0015,0.9868
33,SegFormer Temp Scaling (FL),0.08,0.0015,453.00,0.0000,1.0000,0.0014,453.00,0.0000,1.0000
33,SegFormer Temp Scaling (FL),0.10,0.0015,453.00,0.0000,1.0000,0.0014,453.00,0.0000,1.0000
33,SegFormer Temp Scaling (FL),0.15,0.0015,453.00,0.0000,1.0000,0.0014,453.00,0.0000,1.0000
33,SegFormer Temp Scaling (FL),0.20,0.0015,453.00,0.0000,1.0000,0.0014,453.00,0.0000,1.0000
33,SegFormer Temp Scaling (FL),0.30,0.0015,453.00,0.0000,1.0000,0.0014,453.00,0.0000,1.0000
33,SegFormer Temp Scaling (FL),0.40,0.0015,453.00,0.0000,1.0000,0.0014,453.00,0.0000,1.0000
33,SegFormer Temp Scaling (FL),0.50,0.0015,453.00,0.0000,1.0000,0.0014,453.00,0.0000,1.0000
33,SegFormer Matrix Scaling (FL),0.02,0.0120,68399.00,0.2608,0.3179,0.0229,68399.00,0.2608,0.3179
33,SegFormer Matrix Scaling (FL),0.05,0.0120,6587.00,0.0240,0.6998,0.0315,6587.00,0.0240,0.6998
33,SegFormer Matrix Scaling (FL),0.08,0.0120,453.00,0.0000,1.0000,0.0128,453.00,0.0000,1.0000
33,SegFormer Matrix Scaling (FL),0.10,0.0120,453.00,0.0000,1.0000,0.0128,453.00,0.0000,1.0000
33,SegFormer Matrix Scaling (FL),0.15,0.0120,453.00,0.0000,1.0000,0.0128,453.00,0.0000,1.0000
33,SegFormer Matrix Scaling (FL),0.20,0.0120,453.00,0.0000,1.0000,0.0128,453.00,0.0000,1.0000
33,SegFormer Matrix Scaling (FL),0.30,0.0120,453.00,0.0000,1.0000,0.0128,453.00,0.0000,1.0000
33,SegFormer Matrix Scaling (FL),0.40,0.0120,453.00,0.0000,1.0000,0.0128,453.00,0.0000,1.0000
33,SegFormer Matrix Scaling (FL),0.50,0.0120,453.00,0.0000,1.0000,0.0128,453.00,0.0000,1.0000
33,MobileNetV4 Base (CE),0.02,0.0289,232584.00,0.8887,0.0155,0.0189,232584.00,0.8887,0.0155
33,MobileNetV4 Base (CE),0.05,0.0289,17510.00,0.0661,0.4702,0.0494,17510.00,0.0661,0.4702
33,MobileNetV4 Base (CE),0.08,0.0289,3018.00,0.0103,0.6865,0.0380,3018.00,0.0103,0.6865
33,MobileNetV4 Base (CE),0.10,0.0289,1506.00,0.0043,0.8366,0.0560,1506.00,0.0043,0.8366
33,MobileNetV4 Base (CE),0.15,0.0289,453.00,0.0000,1.0000,0.0290,453.00,0.0000,1.0000
33,MobileNetV4 Base (CE),0.20,0.0289,453.00,0.0000,1.0000,0.0290,453.00,0.0000,1.0000
33,MobileNetV4 Base (CE),0.30,0.0289,453.00,0.0000,1.0000,0.0290,453.00,0.0000,1.0000
33,MobileNetV4 Base (CE),0.40,0.0289,453.00,0.0000,1.0000,0.0290,453.00,0.0000,1.0000
33,MobileNetV4 Base (CE),0.50,0.0289,453.00,0.0000,1.0000,0.0290,453.00,0.0000,1.0000
33,MobileNetV4 Temp Scaling (CE),0.02,0.0062,12122.00,0.0455,0.4702,0.0207,12122.00,0.0455,0.4702
33,MobileNetV4 Temp Scaling (CE),0.05,0.0062,3018.00,0.0103,0.6865,0.0143,3018.00,0.0103,0.6865
33,MobileNetV4 Temp Scaling (CE),0.08,0.0062,1506.00,0.0043,0.8366,0.0342,1506.00,0.0043,0.8366
33,MobileNetV4 Temp Scaling (CE),0.10,0.0062,833.00,0.0015,0.9868,0.0486,833.00,0.0015,0.9868
33,MobileNetV4 Temp Scaling (CE),0.15,0.0062,453.00,0.0000,1.0000,0.0062,453.00,0.0000,1.0000
33,MobileNetV4 Temp Scaling (CE),0.20,0.0062,453.00,0.0000,1.0000,0.0062,453.00,0.0000,1.0000
33,MobileNetV4 Temp Scaling (CE),0.30,0.0062,453.00,0.0000,1.0000,0.0062,453.00,0.0000,1.0000
33,MobileNetV4 Temp Scaling (CE),0.40,0.0062,453.00,0.0000,1.0000,0.0062,453.00,0.0000,1.0000
33,MobileNetV4 Temp Scaling (CE),0.50,0.0062,453.00,0.0000,1.0000,0.0062,453.00,0.0000,1.0000
33,MobileNetV4 Matrix Scaling (CE),0.02,0.0199,124939.00,0.4769,0.3002,0.0223,124939.00,0.4769,0.3002
33,MobileNetV4 Matrix Scaling (CE),0.05,0.0199,9485.00,0.0351,0.6468,0.0406,9485.00,0.0351,0.6468
33,MobileNetV4 Matrix Scaling (CE),0.08,0.0199,453.00,0.0000,1.0000,0.0207,453.00,0.0000,1.0000
33,MobileNetV4 Matrix Scaling (CE),0.10,0.0199,453.00,0.0000,1.0000,0.0207,453.00,0.0000,1.0000
33,MobileNetV4 Matrix Scaling (CE),0.15,0.0199,453.00,0.0000,1.0000,0.0207,453.00,0.0000,1.0000
33,MobileNetV4 Matrix Scaling (CE),0.20,0.0199,453.00,0.0000,1.0000,0.0207,453.00,0.0000,1.0000
33,MobileNetV4 Matrix Scaling (CE),0.30,0.0199,453.00,0.0000,1.0000,0.0207,453.00,0.0000,1.0000
33,MobileNetV4 Matrix Scaling (CE),0.40,0.0199,453.00,0.0000,1.0000,0.0207,453.00,0.0000,1.0000
33,MobileNetV4 Matrix Scaling (CE),0.50,0.0199,453.00,0.0000,1.0000,0.0207,453.00,0.0000,1.0000
33,MobileNetV4 Base (FL),0.02,0.0559,261691.00,1.0000,0.0000,0.0561,261691.00,1.0000,0.0000
33,MobileNetV4 Base (FL),0.05,0.0559,146221.00,0.5583,0.2472,0.0507,146221.00,0.5583,0.2472
33,MobileNetV4 Base (FL),0.08,0.0559,31982.00,0.1214,0.4702,0.0904,31982.00,0.1214,0.4702
33,MobileNetV4 Base (FL),0.10,0.0559,12094.00,0.0453,0.5099,0.1022,12094.00,0.0453,0.5099
33,MobileNetV4 Base (FL),0.15,0.0559,3018.00,0.0103,0.6865,0.0990,3018.00,0.0103,0.6865
33,MobileNetV4 Base (FL),0.20,0.0559,833.00,0.0015,0.9868,0.1313,833.00,0.0015,0.9868
33,MobileNetV4 Base (FL),0.30,0.0559,453.00,0.0000,1.0000,0.0561,453.00,0.0000,1.0000
33,MobileNetV4 Base (FL),0.40,0.0559,453.00,0.0000,1.0000,0.0561,453.00,0.0000,1.0000
33,MobileNetV4 Base (FL),0.50,0.0559,453.00,0.0000,1.0000,0.0561,453.00,0.0000,1.0000
33,MobileNetV4 Temp Scaling (FL),0.02,0.0063,19773.00,0.0747,0.4702,0.0283,19773.00,0.0747,0.4702
33,MobileNetV4 Temp Scaling (FL),0.05,0.0063,3998.00,0.0142,0.6402,0.0312,3998.00,0.0142,0.6402
33,MobileNetV4 Temp Scaling (FL),0.08,0.0063,1506.00,0.0043,0.8366,0.0515,1506.00,0.0043,0.8366
33,MobileNetV4 Temp Scaling (FL),0.10,0.0063,1506.00,0.0043,0.8366,0.0515,1506.00,0.0043,0.8366
33,MobileNetV4 Temp Scaling (FL),0.15,0.0063,453.00,0.0000,1.0000,0.0064,453.00,0.0000,1.0000
33,MobileNetV4 Temp Scaling (FL),0.20,0.0063,453.00,0.0000,1.0000,0.0064,453.00,0.0000,1.0000
33,MobileNetV4 Temp Scaling (FL),0.30,0.0063,453.00,0.0000,1.0000,0.0064,453.00,0.0000,1.0000
33,MobileNetV4 Temp Scaling (FL),0.40,0.0063,453.00,0.0000,1.0000,0.0064,453.00,0.0000,1.0000
33,MobileNetV4 Temp Scaling (FL),0.50,0.0063,453.00,0.0000,1.0000,0.0064,453.00,0.0000,1.0000
33,MobileNetV4 Matrix Scaling (FL),0.02,0.0178,93143.00,0.3552,0.4128,0.0210,93143.00,0.3552,0.4128
33,MobileNetV4 Matrix Scaling (FL),0.05,0.0178,12836.00,0.0479,0.6865,0.0501,12836.00,0.0479,0.6865
33,MobileNetV4 Matrix Scaling (FL),0.08,0.0178,3018.00,0.0103,0.6865,0.0266,3018.00,0.0103,0.6865
33,MobileNetV4 Matrix Scaling (FL),0.10,0.0178,453.00,0.0000,1.0000,0.0186,453.00,0.0000,1.0000
33,MobileNetV4 Matrix Scaling (FL),0.15,0.0178,453.00,0.0000,1.0000,0.0186,453.00,0.0000,1.0000
33,MobileNetV4 Matrix Scaling (FL),0.20,0.0178,453.00,0.0000,1.0000,0.0186,453.00,0.0000,1.0000
33,MobileNetV4 Matrix Scaling (FL),0.30,0.0178,453.00,0.0000,1.0000,0.0186,453.00,0.0000,1.0000
33,MobileNetV4 Matrix Scaling (FL),0.40,0.0178,453.00,0.0000,1.0000,0.0186,453.00,0.0000,1.0000
33,MobileNetV4 Matrix Scaling (FL),0.50,0.0178,453.00,0.0000,1.0000,0.0186,453.00,0.0000,1.0000
34,SegFormer Base (CE),0.02,0.0256,218700.00,0.8360,0.0000,0.0193,218700.00,0.8360,0.0000
34,SegFormer Base (CE),0.05,0.0256,7403.00,0.0271,0.5773,0.0276,7403.00,0.0271,0.5773
34,SegFormer Base (CE),0.08,0.0256,1050.00,0.0026,0.6983,0.0380,1050.00,0.0026,0.6983
34,SegFormer Base (CE),0.10,0.0256,537.00,0.0000,1.0000,0.0259,537.00,0.0000,1.0000
34,SegFormer Base (CE),0.15,0.0256,537.00,0.0000,1.0000,0.0259,537.00,0.0000,1.0000
34,SegFormer Base (CE),0.20,0.0256,537.00,0.0000,1.0000,0.0259,537.00,0.0000,1.0000
34,SegFormer Base (CE),0.30,0.0256,537.00,0.0000,1.0000,0.0259,537.00,0.0000,1.0000
34,SegFormer Base (CE),0.40,0.0256,537.00,0.0000,1.0000,0.0259,537.00,0.0000,1.0000
34,SegFormer Base (CE),0.50,0.0256,537.00,0.0000,1.0000,0.0259,537.00,0.0000,1.0000
34,SegFormer Temp Scaling (CE),0.02,0.0000,2003.00,0.0065,0.5773,0.0558,2003.00,0.0065,0.5773
34,SegFormer Temp Scaling (CE),0.05,0.0000,1050.00,0.0026,0.6983,0.0674,1050.00,0.0026,0.6983
34,SegFormer Temp Scaling (CE),0.08,0.0000,537.00,0.0000,1.0000,0.0001,537.00,0.0000,1.0000
34,SegFormer Temp Scaling (CE),0.10,0.0000,537.00,0.0000,1.0000,0.0001,537.00,0.0000,1.0000
34,SegFormer Temp Scaling (CE),0.15,0.0000,537.00,0.0000,1.0000,0.0001,537.00,0.0000,1.0000
34,SegFormer Temp Scaling (CE),0.20,0.0000,537.00,0.0000,1.0000,0.0001,537.00,0.0000,1.0000
34,SegFormer Temp Scaling (CE),0.30,0.0000,537.00,0.0000,1.0000,0.0001,537.00,0.0000,1.0000
34,SegFormer Temp Scaling (CE),0.40,0.0000,537.00,0.0000,1.0000,0.0001,537.00,0.0000,1.0000
34,SegFormer Temp Scaling (CE),0.50,0.0000,537.00,0.0000,1.0000,0.0001,537.00,0.0000,1.0000
34,SegFormer Matrix Scaling (CE),0.02,0.0150,95870.00,0.3661,0.1546,0.0291,95870.00,0.3661,0.1546
34,SegFormer Matrix Scaling (CE),0.05,0.0150,10326.00,0.0383,0.5773,0.0355,10326.00,0.0383,0.5773
34,SegFormer Matrix Scaling (CE),0.08,0.0150,537.00,0.0000,1.0000,0.0159,537.00,0.0000,1.0000
34,SegFormer Matrix Scaling (CE),0.10,0.0150,537.00,0.0000,1.0000,0.0159,537.00,0.0000,1.0000
34,SegFormer Matrix Scaling (CE),0.15,0.0150,537.00,0.0000,1.0000,0.0159,537.00,0.0000,1.0000
34,SegFormer Matrix Scaling (CE),0.20,0.0150,537.00,0.0000,1.0000,0.0159,537.00,0.0000,1.0000
34,SegFormer Matrix Scaling (CE),0.30,0.0150,537.00,0.0000,1.0000,0.0159,537.00,0.0000,1.0000
34,SegFormer Matrix Scaling (CE),0.40,0.0150,537.00,0.0000,1.0000,0.0159,537.00,0.0000,1.0000
34,SegFormer Matrix Scaling (CE),0.50,0.0150,537.00,0.0000,1.0000,0.0159,537.00,0.0000,1.0000
34,SegFormer Base (FL),0.02,0.0483,261607.00,1.0000,0.0000,0.0475,261607.00,1.0000,0.0000
34,SegFormer Base (FL),0.05,0.0483,103141.00,0.3942,0.0410,0.0515,103141.00,0.3942,0.0410
34,SegFormer Base (FL),0.08,0.0483,5598.00,0.0200,0.6983,0.0786,5598.00,0.0200,0.6983
34,SegFormer Base (FL),0.10,0.0483,1050.00,0.0026,0.6983,0.0644,1050.00,0.0026,0.6983
34,SegFormer Base (FL),0.15,0.0483,537.00,0.0000,1.0000,0.0475,537.00,0.0000,1.0000
34,SegFormer Base (FL),0.20,0.0483,537.00,0.0000,1.0000,0.0475,537.00,0.0000,1.0000
34,SegFormer Base (FL),0.30,0.0483,537.00,0.0000,1.0000,0.0475,537.00,0.0000,1.0000
34,SegFormer Base (FL),0.40,0.0483,537.00,0.0000,1.0000,0.0475,537.00,0.0000,1.0000
34,SegFormer Base (FL),0.50,0.0483,537.00,0.0000,1.0000,0.0475,537.00,0.0000,1.0000
34,SegFormer Temp Scaling (FL),0.02,0.0017,2887.00,0.0100,0.4898,0.0486,2887.00,0.0100,0.4898
34,SegFormer Temp Scaling (FL),0.05,0.0017,1050.00,0.0026,0.6983,0.0678,1050.00,0.0026,0.6983
34,SegFormer Temp Scaling (FL),0.08,0.0017,537.00,0.0000,1.0000,0.0016,537.00,0.0000,1.0000
34,SegFormer Temp Scaling (FL),0.10,0.0017,537.00,0.0000,1.0000,0.0016,537.00,0.0000,1.0000
34,SegFormer Temp Scaling (FL),0.15,0.0017,537.00,0.0000,1.0000,0.0016,537.00,0.0000,1.0000
34,SegFormer Temp Scaling (FL),0.20,0.0017,537.00,0.0000,1.0000,0.0016,537.00,0.0000,1.0000
34,SegFormer Temp Scaling (FL),0.30,0.0017,537.00,0.0000,1.0000,0.0016,537.00,0.0000,1.0000
34,SegFormer Temp Scaling (FL),0.40,0.0017,537.00,0.0000,1.0000,0.0016,537.00,0.0000,1.0000
34,SegFormer Temp Scaling (FL),0.50,0.0017,537.00,0.0000,1.0000,0.0016,537.00,0.0000,1.0000
34,SegFormer Matrix Scaling (FL),0.02,0.0123,71879.00,0.2744,0.1955,0.0227,71879.00,0.2744,0.1955
34,SegFormer Matrix Scaling (FL),0.05,0.0123,3819.00,0.0128,0.8790,0.0360,3819.00,0.0128,0.8790
34,SegFormer Matrix Scaling (FL),0.08,0.0123,537.00,0.0000,1.0000,0.0130,537.00,0.0000,1.0000
34,SegFormer Matrix Scaling (FL),0.10,0.0123,537.00,0.0000,1.0000,0.0130,537.00,0.0000,1.0000
34,SegFormer Matrix Scaling (FL),0.15,0.0123,537.00,0.0000,1.0000,0.0130,537.00,0.0000,1.0000
34,SegFormer Matrix Scaling (FL),0.20,0.0123,537.00,0.0000,1.0000,0.0130,537.00,0.0000,1.0000
34,SegFormer Matrix Scaling (FL),0.30,0.0123,537.00,0.0000,1.0000,0.0130,537.00,0.0000,1.0000
34,SegFormer Matrix Scaling (FL),0.40,0.0123,537.00,0.0000,1.0000,0.0130,537.00,0.0000,1.0000
34,SegFormer Matrix Scaling (FL),0.50,0.0123,537.00,0.0000,1.0000,0.0130,537.00,0.0000,1.0000
34,MobileNetV4 Base (CE),0.02,0.0339,252724.00,0.9660,0.0000,0.0194,252724.00,0.9660,0.0000
34,MobileNetV4 Base (CE),0.05,0.0339,33991.00,0.1288,0.5661,0.0520,33991.00,0.1288,0.5661
34,MobileNetV4 Base (CE),0.08,0.0339,1050.00,0.0026,0.6983,0.0420,1050.00,0.0026,0.6983
34,MobileNetV4 Base (CE),0.10,0.0339,1050.00,0.0026,0.6983,0.0420,1050.00,0.0026,0.6983
34,MobileNetV4 Base (CE),0.15,0.0339,537.00,0.0000,1.0000,0.0332,537.00,0.0000,1.0000
34,MobileNetV4 Base (CE),0.20,0.0339,537.00,0.0000,1.0000,0.0332,537.00,0.0000,1.0000
34,MobileNetV4 Base (CE),0.30,0.0339,537.00,0.0000,1.0000,0.0332,537.00,0.0000,1.0000
34,MobileNetV4 Base (CE),0.40,0.0339,537.00,0.0000,1.0000,0.0332,537.00,0.0000,1.0000
34,MobileNetV4 Base (CE),0.50,0.0339,537.00,0.0000,1.0000,0.0332,537.00,0.0000,1.0000
34,MobileNetV4 Temp Scaling (CE),0.02,0.0079,16369.00,0.0618,0.3985,0.0190,16369.00,0.0618,0.3985
34,MobileNetV4 Temp Scaling (CE),0.05,0.0079,1050.00,0.0026,0.6983,0.0400,1050.00,0.0026,0.6983
34,MobileNetV4 Temp Scaling (CE),0.08,0.0079,1050.00,0.0026,0.6983,0.0400,1050.00,0.0026,0.6983
34,MobileNetV4 Temp Scaling (CE),0.10,0.0079,1050.00,0.0026,0.6983,0.0400,1050.00,0.0026,0.6983
34,MobileNetV4 Temp Scaling (CE),0.15,0.0079,537.00,0.0000,1.0000,0.0072,537.00,0.0000,1.0000
34,MobileNetV4 Temp Scaling (CE),0.20,0.0079,537.00,0.0000,1.0000,0.0072,537.00,0.0000,1.0000
34,MobileNetV4 Temp Scaling (CE),0.30,0.0079,537.00,0.0000,1.0000,0.0072,537.00,0.0000,1.0000
34,MobileNetV4 Temp Scaling (CE),0.40,0.0079,537.00,0.0000,1.0000,0.0072,537.00,0.0000,1.0000
34,MobileNetV4 Temp Scaling (CE),0.50,0.0079,537.00,0.0000,1.0000,0.0072,537.00,0.0000,1.0000
34,MobileNetV4 Matrix Scaling (CE),0.02,0.0228,148339.00,0.5669,0.0708,0.0186,148339.00,0.5669,0.0708
34,MobileNetV4 Matrix Scaling (CE),0.05,0.0228,6147.00,0.0221,0.6983,0.0569,6147.00,0.0221,0.6983
34,MobileNetV4 Matrix Scaling (CE),0.08,0.0228,1050.00,0.0026,0.6983,0.0566,1050.00,0.0026,0.6983
34,MobileNetV4 Matrix Scaling (CE),0.10,0.0228,1050.00,0.0026,0.6983,0.0566,1050.00,0.0026,0.6983
34,MobileNetV4 Matrix Scaling (CE),0.15,0.0228,537.00,0.0000,1.0000,0.0225,537.00,0.0000,1.0000
34,MobileNetV4 Matrix Scaling (CE),0.20,0.0228,537.00,0.0000,1.0000,0.0225,537.00,0.0000,1.0000
34,MobileNetV4 Matrix Scaling (CE),0.30,0.0228,537.00,0.0000,1.0000,0.0225,537.00,0.0000,1.0000
34,MobileNetV4 Matrix Scaling (CE),0.40,0.0228,537.00,0.0000,1.0000,0.0225,537.00,0.0000,1.0000
34,MobileNetV4 Matrix Scaling (CE),0.50,0.0228,537.00,0.0000,1.0000,0.0225,537.00,0.0000,1.0000
34,MobileNetV4 Base (FL),0.02,0.0765,261607.00,1.0000,0.0000,0.0770,261607.00,1.0000,0.0000
34,MobileNetV4 Base (FL),0.05,0.0765,236597.00,0.9044,0.0000,0.0474,236597.00,0.9044,0.0000
34,MobileNetV4 Base (FL),0.08,0.0765,103519.00,0.3956,0.0596,0.0823,103519.00,0.3956,0.0596
34,MobileNetV4 Base (FL),0.10,0.0765,49413.00,0.1884,0.2179,0.1030,49413.00,0.1884,0.2179
34,MobileNetV4 Base (FL),0.15,0.0765,7090.00,0.0257,0.6834,0.1281,7090.00,0.0257,0.6834
34,MobileNetV4 Base (FL),0.20,0.0765,1447.00,0.0035,1.0000,0.1442,1447.00,0.0035,1.0000
34,MobileNetV4 Base (FL),0.30,0.0765,537.00,0.0000,1.0000,0.0770,537.00,0.0000,1.0000
34,MobileNetV4 Base (FL),0.40,0.0765,537.00,0.0000,1.0000,0.0770,537.00,0.0000,1.0000
34,MobileNetV4 Base (FL),0.50,0.0765,537.00,0.0000,1.0000,0.0770,537.00,0.0000,1.0000
34,MobileNetV4 Temp Scaling (FL),0.02,0.0141,68081.00,0.2601,0.0615,0.0274,68081.00,0.2601,0.0615
34,MobileNetV4 Temp Scaling (FL),0.05,0.0141,16790.00,0.0633,0.4171,0.0493,16790.00,0.0633,0.4171
34,MobileNetV4 Temp Scaling (FL),0.08,0.0141,5156.00,0.0183,0.6983,0.0479,5156.00,0.0183,0.6983
34,MobileNetV4 Temp Scaling (FL),0.10,0.0141,1960.00,0.0061,0.6983,0.0323,1960.00,0.0061,0.6983
34,MobileNetV4 Temp Scaling (FL),0.15,0.0141,537.00,0.0000,1.0000,0.0145,537.00,0.0000,1.0000
34,MobileNetV4 Temp Scaling (FL),0.20,0.0141,537.00,0.0000,1.0000,0.0145,537.00,0.0000,1.0000
34,MobileNetV4 Temp Scaling (FL),0.30,0.0141,537.00,0.0000,1.0000,0.0145,537.00,0.0000,1.0000
34,MobileNetV4 Temp Scaling (FL),0.40,0.0141,537.00,0.0000,1.0000,0.0145,537.00,0.0000,1.0000
34,MobileNetV4 Temp Scaling (FL),0.50,0.0141,537.00,0.0000,1.0000,0.0145,537.00,0.0000,1.0000
34,MobileNetV4 Matrix Scaling (FL),0.02,0.0272,152973.00,0.5847,0.0019,0.0213,152973.00,0.5847,0.0019
34,MobileNetV4 Matrix Scaling (FL),0.05,0.0272,38452.00,0.1464,0.2831,0.0509,38452.00,0.1464,0.2831
34,MobileNetV4 Matrix Scaling (FL),0.08,0.0272,5881.00,0.0210,0.6983,0.0609,5881.00,0.0210,0.6983
34,MobileNetV4 Matrix Scaling (FL),0.10,0.0272,3682.00,0.0120,1.0000,0.0913,3682.00,0.0120,1.0000
34,MobileNetV4 Matrix Scaling (FL),0.15,0.0272,1447.00,0.0035,1.0000,0.0925,1447.00,0.0035,1.0000
34,MobileNetV4 Matrix Scaling (FL),0.20,0.0272,537.00,0.0000,1.0000,0.0283,537.00,0.0000,1.0000
34,MobileNetV4 Matrix Scaling (FL),0.30,0.0272,537.00,0.0000,1.0000,0.0283,537.00,0.0000,1.0000
34,MobileNetV4 Matrix Scaling (FL),0.40,0.0272,537.00,0.0000,1.0000,0.0283,537.00,0.0000,1.0000
34,MobileNetV4 Matrix Scaling (FL),0.50,0.0272,537.00,0.0000,1.0000,0.0283,537.00,0.0000,1.0000
35,SegFormer Base (CE),0.02,0.0261,216640.00,0.8277,0.0000,0.0192,216640.00,0.8277,0.0000
35,SegFormer Base (CE),0.05,0.0261,7362.00,0.0273,0.5780,0.0359,7362.00,0.0273,0.5780
35,SegFormer Base (CE),0.08,0.0261,391.00,0.0000,1.0000,0.0265,391.00,0.0000,1.0000
35,SegFormer Base (CE),0.10,0.0261,391.00,0.0000,1.0000,0.0265,391.00,0.0000,1.0000
35,SegFormer Base (CE),0.15,0.0261,391.00,0.0000,1.0000,0.0265,391.00,0.0000,1.0000
35,SegFormer Base (CE),0.20,0.0261,391.00,0.0000,1.0000,0.0265,391.00,0.0000,1.0000
35,SegFormer Base (CE),0.30,0.0261,391.00,0.0000,1.0000,0.0265,391.00,0.0000,1.0000
35,SegFormer Base (CE),0.40,0.0261,391.00,0.0000,1.0000,0.0265,391.00,0.0000,1.0000
35,SegFormer Base (CE),0.50,0.0261,391.00,0.0000,1.0000,0.0265,391.00,0.0000,1.0000
35,SegFormer Temp Scaling (CE),0.02,0.0003,1877.00,0.0063,0.5780,0.0436,1877.00,0.0063,0.5780
35,SegFormer Temp Scaling (CE),0.05,0.0003,391.00,0.0000,1.0000,0.0003,391.00,0.0000,1.0000
35,SegFormer Temp Scaling (CE),0.08,0.0003,391.00,0.0000,1.0000,0.0003,391.00,0.0000,1.0000
35,SegFormer Temp Scaling (CE),0.10,0.0003,391.00,0.0000,1.0000,0.0003,391.00,0.0000,1.0000
35,SegFormer Temp Scaling (CE),0.15,0.0003,391.00,0.0000,1.0000,0.0003,391.00,0.0000,1.0000
35,SegFormer Temp Scaling (CE),0.20,0.0003,391.00,0.0000,1.0000,0.0003,391.00,0.0000,1.0000
35,SegFormer Temp Scaling (CE),0.30,0.0003,391.00,0.0000,1.0000,0.0003,391.00,0.0000,1.0000
35,SegFormer Temp Scaling (CE),0.40,0.0003,391.00,0.0000,1.0000,0.0003,391.00,0.0000,1.0000
35,SegFormer Temp Scaling (CE),0.50,0.0003,391.00,0.0000,1.0000,0.0003,391.00,0.0000,1.0000
35,SegFormer Matrix Scaling (CE),0.02,0.0161,100443.00,0.3832,0.3760,0.0278,100443.00,0.3832,0.3760
35,SegFormer Matrix Scaling (CE),0.05,0.0161,11364.00,0.0419,1.0000,0.0539,11364.00,0.0419,1.0000
35,SegFormer Matrix Scaling (CE),0.08,0.0161,391.00,0.0000,1.0000,0.0171,391.00,0.0000,1.0000
35,SegFormer Matrix Scaling (CE),0.10,0.0161,391.00,0.0000,1.0000,0.0171,391.00,0.0000,1.0000
35,SegFormer Matrix Scaling (CE),0.15,0.0161,391.00,0.0000,1.0000,0.0171,391.00,0.0000,1.0000
35,SegFormer Matrix Scaling (CE),0.20,0.0161,391.00,0.0000,1.0000,0.0171,391.00,0.0000,1.0000
35,SegFormer Matrix Scaling (CE),0.30,0.0161,391.00,0.0000,1.0000,0.0171,391.00,0.0000,1.0000
35,SegFormer Matrix Scaling (CE),0.40,0.0161,391.00,0.0000,1.0000,0.0171,391.00,0.0000,1.0000
35,SegFormer Matrix Scaling (CE),0.50,0.0161,391.00,0.0000,1.0000,0.0171,391.00,0.0000,1.0000
35,SegFormer Base (FL),0.02,0.0489,261753.00,1.0000,0.0000,0.0489,261753.00,1.0000,0.0000
35,SegFormer Base (FL),0.05,0.0489,116106.00,0.4433,0.1714,0.0524,116106.00,0.4433,0.1714
35,SegFormer Base (FL),0.08,0.0489,7106.00,0.0263,0.5448,0.0624,7106.00,0.0263,0.5448
35,SegFormer Base (FL),0.10,0.0489,391.00,0.0000,1.0000,0.0489,391.00,0.0000,1.0000
35,SegFormer Base (FL),0.15,0.0489,391.00,0.0000,1.0000,0.0489,391.00,0.0000,1.0000
35,SegFormer Base (FL),0.20,0.0489,391.00,0.0000,1.0000,0.0489,391.00,0.0000,1.0000
35,SegFormer Base (FL),0.30,0.0489,391.00,0.0000,1.0000,0.0489,391.00,0.0000,1.0000
35,SegFormer Base (FL),0.40,0.0489,391.00,0.0000,1.0000,0.0489,391.00,0.0000,1.0000
35,SegFormer Base (FL),0.50,0.0489,391.00,0.0000,1.0000,0.0489,391.00,0.0000,1.0000
35,SegFormer Temp Scaling (FL),0.02,0.0022,2379.00,0.0082,0.5780,0.0205,2379.00,0.0082,0.5780
35,SegFormer Temp Scaling (FL),0.05,0.0022,391.00,0.0000,1.0000,0.0022,391.00,0.0000,1.0000
35,SegFormer Temp Scaling (FL),0.08,0.0022,391.00,0.0000,1.0000,0.0022,391.00,0.0000,1.0000
35,SegFormer Temp Scaling (FL),0.10,0.0022,391.00,0.0000,1.0000,0.0022,391.00,0.0000,1.0000
35,SegFormer Temp Scaling (FL),0.15,0.0022,391.00,0.0000,1.0000,0.0022,391.00,0.0000,1.0000
35,SegFormer Temp Scaling (FL),0.20,0.0022,391.00,0.0000,1.0000,0.0022,391.00,0.0000,1.0000
35,SegFormer Temp Scaling (FL),0.30,0.0022,391.00,0.0000,1.0000,0.0022,391.00,0.0000,1.0000
35,SegFormer Temp Scaling (FL),0.40,0.0022,391.00,0.0000,1.0000,0.0022,391.00,0.0000,1.0000
35,SegFormer Temp Scaling (FL),0.50,0.0022,391.00,0.0000,1.0000,0.0022,391.00,0.0000,1.0000
35,SegFormer Matrix Scaling (FL),0.02,0.0136,72359.00,0.2759,0.3760,0.0255,72359.00,0.2759,0.3760
35,SegFormer Matrix Scaling (FL),0.05,0.0136,6725.00,0.0245,0.8031,0.0429,6725.00,0.0245,0.8031
35,SegFormer Matrix Scaling (FL),0.08,0.0136,391.00,0.0000,1.0000,0.0144,391.00,0.0000,1.0000
35,SegFormer Matrix Scaling (FL),0.10,0.0136,391.00,0.0000,1.0000,0.0144,391.00,0.0000,1.0000
35,SegFormer Matrix Scaling (FL),0.15,0.0136,391.00,0.0000,1.0000,0.0144,391.00,0.0000,1.0000
35,SegFormer Matrix Scaling (FL),0.20,0.0136,391.00,0.0000,1.0000,0.0144,391.00,0.0000,1.0000
35,SegFormer Matrix Scaling (FL),0.30,0.0136,391.00,0.0000,1.0000,0.0144,391.00,0.0000,1.0000
35,SegFormer Matrix Scaling (FL),0.40,0.0136,391.00,0.0000,1.0000,0.0144,391.00,0.0000,1.0000
35,SegFormer Matrix Scaling (FL),0.50,0.0136,391.00,0.0000,1.0000,0.0144,391.00,0.0000,1.0000
35,MobileNetV4 Base (CE),0.02,0.0326,243207.00,0.9291,0.0000,0.0195,243207.00,0.9291,0.0000
35,MobileNetV4 Base (CE),0.05,0.0326,18643.00,0.0704,0.5703,0.0497,18643.00,0.0704,0.5703
35,MobileNetV4 Base (CE),0.08,0.0326,2379.00,0.0082,0.5780,0.0351,2379.00,0.0082,0.5780
35,MobileNetV4 Base (CE),0.10,0.0326,1077.00,0.0030,0.7315,0.0169,1077.00,0.0030,0.7315
35,MobileNetV4 Base (CE),0.15,0.0326,391.00,0.0000,1.0000,0.0327,391.00,0.0000,1.0000
35,MobileNetV4 Base (CE),0.20,0.0326,391.00,0.0000,1.0000,0.0327,391.00,0.0000,1.0000
35,MobileNetV4 Base (CE),0.30,0.0326,391.00,0.0000,1.0000,0.0327,391.00,0.0000,1.0000
35,MobileNetV4 Base (CE),0.40,0.0326,391.00,0.0000,1.0000,0.0327,391.00,0.0000,1.0000
35,MobileNetV4 Base (CE),0.50,0.0326,391.00,0.0000,1.0000,0.0327,391.00,0.0000,1.0000
35,MobileNetV4 Temp Scaling (CE),0.02,0.0073,7621.00,0.0283,0.5294,0.0072,7621.00,0.0283,0.5294
35,MobileNetV4 Temp Scaling (CE),0.05,0.0073,1077.00,0.0030,0.7315,0.0148,1077.00,0.0030,0.7315
35,MobileNetV4 Temp Scaling (CE),0.08,0.0073,1077.00,0.0030,0.7315,0.0148,1077.00,0.0030,0.7315
35,MobileNetV4 Temp Scaling (CE),0.10,0.0073,391.00,0.0000,1.0000,0.0073,391.00,0.0000,1.0000
35,MobileNetV4 Temp Scaling (CE),0.15,0.0073,391.00,0.0000,1.0000,0.0073,391.00,0.0000,1.0000
35,MobileNetV4 Temp Scaling (CE),0.20,0.0073,391.00,0.0000,1.0000,0.0073,391.00,0.0000,1.0000
35,MobileNetV4 Temp Scaling (CE),0.30,0.0073,391.00,0.0000,1.0000,0.0073,391.00,0.0000,1.0000
35,MobileNetV4 Temp Scaling (CE),0.40,0.0073,391.00,0.0000,1.0000,0.0073,391.00,0.0000,1.0000
35,MobileNetV4 Temp Scaling (CE),0.50,0.0073,391.00,0.0000,1.0000,0.0073,391.00,0.0000,1.0000
35,MobileNetV4 Matrix Scaling (CE),0.02,0.0225,148890.00,0.5687,0.0997,0.0183,148890.00,0.5687,0.0997
35,MobileNetV4 Matrix Scaling (CE),0.05,0.0225,7277.00,0.0269,0.5780,0.0453,7277.00,0.0269,0.5780
35,MobileNetV4 Matrix Scaling (CE),0.08,0.0225,391.00,0.0000,1.0000,0.0230,391.00,0.0000,1.0000
35,MobileNetV4 Matrix Scaling (CE),0.10,0.0225,391.00,0.0000,1.0000,0.0230,391.00,0.0000,1.0000
35,MobileNetV4 Matrix Scaling (CE),0.15,0.0225,391.00,0.0000,1.0000,0.0230,391.00,0.0000,1.0000
35,MobileNetV4 Matrix Scaling (CE),0.20,0.0225,391.00,0.0000,1.0000,0.0230,391.00,0.0000,1.0000
35,MobileNetV4 Matrix Scaling (CE),0.30,0.0225,391.00,0.0000,1.0000,0.0230,391.00,0.0000,1.0000
35,MobileNetV4 Matrix Scaling (CE),0.40,0.0225,391.00,0.0000,1.0000,0.0230,391.00,0.0000,1.0000
35,MobileNetV4 Matrix Scaling (CE),0.50,0.0225,391.00,0.0000,1.0000,0.0230,391.00,0.0000,1.0000
35,MobileNetV4 Base (FL),0.02,0.0678,261753.00,1.0000,0.0000,0.0680,261753.00,1.0000,0.0000
35,MobileNetV4 Base (FL),0.05,0.0678,213830.00,0.8169,0.0000,0.0485,213830.00,0.8169,0.0000
35,MobileNetV4 Base (FL),0.08,0.0678,60983.00,0.2324,0.3760,0.0918,60983.00,0.2324,0.3760
35,MobileNetV4 Base (FL),0.10,0.0678,29207.00,0.1110,0.3760,0.1139,29207.00,0.1110,0.3760
35,MobileNetV4 Base (FL),0.15,0.0678,2888.00,0.0099,0.7315,0.1262,2888.00,0.0099,0.7315
35,MobileNetV4 Base (FL),0.20,0.0678,391.00,0.0000,1.0000,0.0680,391.00,0.0000,1.0000
35,MobileNetV4 Base (FL),0.30,0.0678,391.00,0.0000,1.0000,0.0680,391.00,0.0000,1.0000
35,MobileNetV4 Base (FL),0.40,0.0678,391.00,0.0000,1.0000,0.0680,391.00,0.0000,1.0000
35,MobileNetV4 Base (FL),0.50,0.0678,391.00,0.0000,1.0000,0.0680,391.00,0.0000,1.0000
35,MobileNetV4 Temp Scaling (FL),0.02,0.0106,39131.00,0.1489,0.3760,0.0302,39131.00,0.1489,0.3760
35,MobileNetV4 Temp Scaling (FL),0.05,0.0106,8913.00,0.0332,0.5780,0.0537,8913.00,0.0332,0.5780
35,MobileNetV4 Temp Scaling (FL),0.08,0.0106,2888.00,0.0099,0.7315,0.0606,2888.00,0.0099,0.7315
35,MobileNetV4 Temp Scaling (FL),0.10,0.0106,893.00,0.0019,1.0000,0.0715,893.00,0.0019,1.0000
35,MobileNetV4 Temp Scaling (FL),0.15,0.0106,391.00,0.0000,1.0000,0.0105,391.00,0.0000,1.0000
35,MobileNetV4 Temp Scaling (FL),0.20,0.0106,391.00,0.0000,1.0000,0.0105,391.00,0.0000,1.0000
35,MobileNetV4 Temp Scaling (FL),0.30,0.0106,391.00,0.0000,1.0000,0.0105,391.00,0.0000,1.0000
35,MobileNetV4 Temp Scaling (FL),0.40,0.0106,391.00,0.0000,1.0000,0.0105,391.00,0.0000,1.0000
35,MobileNetV4 Temp Scaling (FL),0.50,0.0106,391.00,0.0000,1.0000,0.0105,391.00,0.0000,1.0000
35,MobileNetV4 Matrix Scaling (FL),0.02,0.0235,137341.00,0.5244,0.1816,0.0182,137341.00,0.5244,0.1816
35,MobileNetV4 Matrix Scaling (FL),0.05,0.0235,23792.00,0.0901,0.5294,0.0624,23792.00,0.0901,0.5294
35,MobileNetV4 Matrix Scaling (FL),0.08,0.0235,3852.00,0.0132,1.0000,0.0888,3852.00,0.0132,1.0000
35,MobileNetV4 Matrix Scaling (FL),0.10,0.0235,1599.00,0.0046,1.0000,0.0907,1599.00,0.0046,1.0000
35,MobileNetV4 Matrix Scaling (FL),0.15,0.0235,391.00,0.0000,1.0000,0.0241,391.00,0.0000,1.0000
35,MobileNetV4 Matrix Scaling (FL),0.20,0.0235,391.00,0.0000,1.0000,0.0241,391.00,0.0000,1.0000
35,MobileNetV4 Matrix Scaling (FL),0.30,0.0235,391.00,0.0000,1.0000,0.0241,391.00,0.0000,1.0000
35,MobileNetV4 Matrix Scaling (FL),0.40,0.0235,391.00,0.0000,1.0000,0.0241,391.00,0.0000,1.0000
35,MobileNetV4 Matrix Scaling (FL),0.50,0.0235,391.00,0.0000,1.0000,0.0241,391.00,0.0000,1.0000
36,SegFormer Base (CE),0.02,0.0257,198635.00,0.7588,0.0000,0.0190,198635.00,0.7588,0.0000
36,SegFormer Base (CE),0.05,0.0257,9159.00,0.0347,0.1710,0.0227,9159.00,0.0347,0.1710
36,SegFormer Base (CE),0.08,0.0257,891.00,0.0025,0.6321,0.0328,891.00,0.0025,0.6321
36,SegFormer Base (CE),0.10,0.0257,386.00,0.0000,1.0000,0.0262,386.00,0.0000,1.0000
36,SegFormer Base (CE),0.15,0.0257,386.00,0.0000,1.0000,0.0262,386.00,0.0000,1.0000
36,SegFormer Base (CE),0.20,0.0257,386.00,0.0000,1.0000,0.0262,386.00,0.0000,1.0000
36,SegFormer Base (CE),0.30,0.0257,386.00,0.0000,1.0000,0.0262,386.00,0.0000,1.0000
36,SegFormer Base (CE),0.40,0.0257,386.00,0.0000,1.0000,0.0262,386.00,0.0000,1.0000
36,SegFormer Base (CE),0.50,0.0257,386.00,0.0000,1.0000,0.0262,386.00,0.0000,1.0000
36,SegFormer Temp Scaling (CE),0.02,0.0008,2512.00,0.0093,0.1710,0.0643,2512.00,0.0093,0.1710
36,SegFormer Temp Scaling (CE),0.05,0.0008,891.00,0.0025,0.6321,0.0625,891.00,0.0025,0.6321
36,SegFormer Temp Scaling (CE),0.08,0.0008,386.00,0.0000,1.0000,0.0007,386.00,0.0000,1.0000
36,SegFormer Temp Scaling (CE),0.10,0.0008,386.00,0.0000,1.0000,0.0007,386.00,0.0000,1.0000
36,SegFormer Temp Scaling (CE),0.15,0.0008,386.00,0.0000,1.0000,0.0007,386.00,0.0000,1.0000
36,SegFormer Temp Scaling (CE),0.20,0.0008,386.00,0.0000,1.0000,0.0007,386.00,0.0000,1.0000
36,SegFormer Temp Scaling (CE),0.30,0.0008,386.00,0.0000,1.0000,0.0007,386.00,0.0000,1.0000
36,SegFormer Temp Scaling (CE),0.40,0.0008,386.00,0.0000,1.0000,0.0007,386.00,0.0000,1.0000
36,SegFormer Temp Scaling (CE),0.50,0.0008,386.00,0.0000,1.0000,0.0007,386.00,0.0000,1.0000
36,SegFormer Matrix Scaling (CE),0.02,0.0154,93977.00,0.3588,0.1477,0.0270,93977.00,0.3588,0.1477
36,SegFormer Matrix Scaling (CE),0.05,0.0154,8882.00,0.0330,0.6321,0.0408,8882.00,0.0330,0.6321
36,SegFormer Matrix Scaling (CE),0.08,0.0154,941.00,0.0021,1.0000,0.0546,941.00,0.0021,1.0000
36,SegFormer Matrix Scaling (CE),0.10,0.0154,386.00,0.0000,1.0000,0.0165,386.00,0.0000,1.0000
36,SegFormer Matrix Scaling (CE),0.15,0.0154,386.00,0.0000,1.0000,0.0165,386.00,0.0000,1.0000
36,SegFormer Matrix Scaling (CE),0.20,0.0154,386.00,0.0000,1.0000,0.0165,386.00,0.0000,1.0000
36,SegFormer Matrix Scaling (CE),0.30,0.0154,386.00,0.0000,1.0000,0.0165,386.00,0.0000,1.0000
36,SegFormer Matrix Scaling (CE),0.40,0.0154,386.00,0.0000,1.0000,0.0165,386.00,0.0000,1.0000
36,SegFormer Matrix Scaling (CE),0.50,0.0154,386.00,0.0000,1.0000,0.0165,386.00,0.0000,1.0000
36,SegFormer Base (FL),0.02,0.0483,261758.00,1.0000,0.0000,0.0480,261758.00,1.0000,0.0000
36,SegFormer Base (FL),0.05,0.0483,107762.00,0.4116,0.0415,0.0525,107762.00,0.4116,0.0415
36,SegFormer Base (FL),0.08,0.0483,5863.00,0.0221,0.1710,0.0638,5863.00,0.0221,0.1710
36,SegFormer Base (FL),0.10,0.0483,2512.00,0.0093,0.1710,0.0329,2512.00,0.0093,0.1710
36,SegFormer Base (FL),0.15,0.0483,386.00,0.0000,1.0000,0.0480,386.00,0.0000,1.0000
36,SegFormer Base (FL),0.20,0.0483,386.00,0.0000,1.0000,0.0480,386.00,0.0000,1.0000
36,SegFormer Base (FL),0.30,0.0483,386.00,0.0000,1.0000,0.0480,386.00,0.0000,1.0000
36,SegFormer Base (FL),0.40,0.0483,386.00,0.0000,1.0000,0.0480,386.00,0.0000,1.0000
36,SegFormer Base (FL),0.50,0.0483,386.00,0.0000,1.0000,0.0480,386.00,0.0000,1.0000
36,SegFormer Temp Scaling (FL),0.02,0.0025,2512.00,0.0093,0.1710,0.0530,2512.00,0.0093,0.1710
36,SegFormer Temp Scaling (FL),0.05,0.0025,891.00,0.0025,0.6321,0.0587,891.00,0.0025,0.6321
36,SegFormer Temp Scaling (FL),0.08,0.0025,386.00,0.0000,1.0000,0.0024,386.00,0.0000,1.0000
36,SegFormer Temp Scaling (FL),0.10,0.0025,386.00,0.0000,1.0000,0.0024,386.00,0.0000,1.0000
36,SegFormer Temp Scaling (FL),0.15,0.0025,386.00,0.0000,1.0000,0.0024,386.00,0.0000,1.0000
36,SegFormer Temp Scaling (FL),0.20,0.0025,386.00,0.0000,1.0000,0.0024,386.00,0.0000,1.0000
36,SegFormer Temp Scaling (FL),0.30,0.0025,386.00,0.0000,1.0000,0.0024,386.00,0.0000,1.0000
36,SegFormer Temp Scaling (FL),0.40,0.0025,386.00,0.0000,1.0000,0.0024,386.00,0.0000,1.0000
36,SegFormer Temp Scaling (FL),0.50,0.0025,386.00,0.0000,1.0000,0.0024,386.00,0.0000,1.0000
36,SegFormer Matrix Scaling (FL),0.02,0.0127,58936.00,0.2249,0.1477,0.0261,58936.00,0.2249,0.1477
36,SegFormer Matrix Scaling (FL),0.05,0.0127,5125.00,0.0193,0.1710,0.0082,5125.00,0.0193,0.1710
36,SegFormer Matrix Scaling (FL),0.08,0.0127,941.00,0.0021,1.0000,0.0509,941.00,0.0021,1.0000
36,SegFormer Matrix Scaling (FL),0.10,0.0127,386.00,0.0000,1.0000,0.0135,386.00,0.0000,1.0000
36,SegFormer Matrix Scaling (FL),0.15,0.0127,386.00,0.0000,1.0000,0.0135,386.00,0.0000,1.0000
36,SegFormer Matrix Scaling (FL),0.20,0.0127,386.00,0.0000,1.0000,0.0135,386.00,0.0000,1.0000
36,SegFormer Matrix Scaling (FL),0.30,0.0127,386.00,0.0000,1.0000,0.0135,386.00,0.0000,1.0000
36,SegFormer Matrix Scaling (FL),0.40,0.0127,386.00,0.0000,1.0000,0.0135,386.00,0.0000,1.0000
36,SegFormer Matrix Scaling (FL),0.50,0.0127,386.00,0.0000,1.0000,0.0135,386.00,0.0000,1.0000
36,MobileNetV4 Base (CE),0.02,0.0309,236534.00,0.9036,0.0000,0.0182,236534.00,0.9036,0.0000
36,MobileNetV4 Base (CE),0.05,0.0309,17464.00,0.0666,0.0933,0.0486,17464.00,0.0666,0.0933
36,MobileNetV4 Base (CE),0.08,0.0309,3258.00,0.0122,0.1710,0.0385,3258.00,0.0122,0.1710
36,MobileNetV4 Base (CE),0.10,0.0309,891.00,0.0025,0.6321,0.0371,891.00,0.0025,0.6321
36,MobileNetV4 Base (CE),0.15,0.0309,386.00,0.0000,1.0000,0.0309,386.00,0.0000,1.0000
36,MobileNetV4 Base (CE),0.20,0.0309,386.00,0.0000,1.0000,0.0309,386.00,0.0000,1.0000
36,MobileNetV4 Base (CE),0.30,0.0309,386.00,0.0000,1.0000,0.0309,386.00,0.0000,1.0000
36,MobileNetV4 Base (CE),0.40,0.0309,386.00,0.0000,1.0000,0.0309,386.00,0.0000,1.0000
36,MobileNetV4 Base (CE),0.50,0.0309,386.00,0.0000,1.0000,0.0309,386.00,0.0000,1.0000
36,MobileNetV4 Temp Scaling (CE),0.02,0.0073,11302.00,0.0430,0.0933,0.0198,11302.00,0.0430,0.0933
36,MobileNetV4 Temp Scaling (CE),0.05,0.0073,2512.00,0.0093,0.1710,0.0289,2512.00,0.0093,0.1710
36,MobileNetV4 Temp Scaling (CE),0.08,0.0073,891.00,0.0025,0.6321,0.0338,891.00,0.0025,0.6321
36,MobileNetV4 Temp Scaling (CE),0.10,0.0073,891.00,0.0025,0.6321,0.0338,891.00,0.0025,0.6321
36,MobileNetV4 Temp Scaling (CE),0.15,0.0073,386.00,0.0000,1.0000,0.0070,386.00,0.0000,1.0000
36,MobileNetV4 Temp Scaling (CE),0.20,0.0073,386.00,0.0000,1.0000,0.0070,386.00,0.0000,1.0000
36,MobileNetV4 Temp Scaling (CE),0.30,0.0073,386.00,0.0000,1.0000,0.0070,386.00,0.0000,1.0000
36,MobileNetV4 Temp Scaling (CE),0.40,0.0073,386.00,0.0000,1.0000,0.0070,386.00,0.0000,1.0000
36,MobileNetV4 Temp Scaling (CE),0.50,0.0073,386.00,0.0000,1.0000,0.0070,386.00,0.0000,1.0000
36,MobileNetV4 Matrix Scaling (CE),0.02,0.0212,135902.00,0.5192,0.0000,0.0216,135902.00,0.5192,0.0000
36,MobileNetV4 Matrix Scaling (CE),0.05,0.0212,8388.00,0.0318,0.1503,0.0308,8388.00,0.0318,0.1503
36,MobileNetV4 Matrix Scaling (CE),0.08,0.0212,891.00,0.0025,0.6321,0.0309,891.00,0.0025,0.6321
36,MobileNetV4 Matrix Scaling (CE),0.10,0.0212,386.00,0.0000,1.0000,0.0220,386.00,0.0000,1.0000
36,MobileNetV4 Matrix Scaling (CE),0.15,0.0212,386.00,0.0000,1.0000,0.0220,386.00,0.0000,1.0000
36,MobileNetV4 Matrix Scaling (CE),0.20,0.0212,386.00,0.0000,1.0000,0.0220,386.00,0.0000,1.0000
36,MobileNetV4 Matrix Scaling (CE),0.30,0.0212,386.00,0.0000,1.0000,0.0220,386.00,0.0000,1.0000
36,MobileNetV4 Matrix Scaling (CE),0.40,0.0212,386.00,0.0000,1.0000,0.0220,386.00,0.0000,1.0000
36,MobileNetV4 Matrix Scaling (CE),0.50,0.0212,386.00,0.0000,1.0000,0.0220,386.00,0.0000,1.0000
36,MobileNetV4 Base (FL),0.02,0.0591,261758.00,1.0000,0.0000,0.0603,261758.00,1.0000,0.0000
36,MobileNetV4 Base (FL),0.05,0.0591,182279.00,0.6964,0.0000,0.0510,182279.00,0.6964,0.0000
36,MobileNetV4 Base (FL),0.08,0.0591,37653.00,0.1436,0.1710,0.0853,37653.00,0.1436,0.1710
36,MobileNetV4 Base (FL),0.10,0.0591,9292.00,0.0352,0.1710,0.0920,9292.00,0.0352,0.1710
36,MobileNetV4 Base (FL),0.15,0.0591,2512.00,0.0093,0.1710,0.0371,2512.00,0.0093,0.1710
36,MobileNetV4 Base (FL),0.20,0.0591,386.00,0.0000,1.0000,0.0603,386.00,0.0000,1.0000
36,MobileNetV4 Base (FL),0.30,0.0591,386.00,0.0000,1.0000,0.0603,386.00,0.0000,1.0000
36,MobileNetV4 Base (FL),0.40,0.0591,386.00,0.0000,1.0000,0.0603,386.00,0.0000,1.0000
36,MobileNetV4 Base (FL),0.50,0.0591,386.00,0.0000,1.0000,0.0603,386.00,0.0000,1.0000
36,MobileNetV4 Temp Scaling (FL),0.02,0.0086,27565.00,0.1051,0.1710,0.0297,27565.00,0.1051,0.1710
36,MobileNetV4 Temp Scaling (FL),0.05,0.0086,6226.00,0.0235,0.1710,0.0489,6226.00,0.0235,0.1710
36,MobileNetV4 Temp Scaling (FL),0.08,0.0086,2855.00,0.0100,0.6321,0.0601,2855.00,0.0100,0.6321
36,MobileNetV4 Temp Scaling (FL),0.10,0.0086,891.00,0.0025,0.6321,0.0298,891.00,0.0025,0.6321
36,MobileNetV4 Temp Scaling (FL),0.15,0.0086,386.00,0.0000,1.0000,0.0088,386.00,0.0000,1.0000
36,MobileNetV4 Temp Scaling (FL),0.20,0.0086,386.00,0.0000,1.0000,0.0088,386.00,0.0000,1.0000
36,MobileNetV4 Temp Scaling (FL),0.30,0.0086,386.00,0.0000,1.0000,0.0088,386.00,0.0000,1.0000
36,MobileNetV4 Temp Scaling (FL),0.40,0.0086,386.00,0.0000,1.0000,0.0088,386.00,0.0000,1.0000
36,MobileNetV4 Temp Scaling (FL),0.50,0.0086,386.00,0.0000,1.0000,0.0088,386.00,0.0000,1.0000
36,MobileNetV4 Matrix Scaling (FL),0.02,0.0198,111898.00,0.4274,0.0389,0.0289,111898.00,0.4274,0.0389
36,MobileNetV4 Matrix Scaling (FL),0.05,0.0198,13387.00,0.0509,0.1710,0.0461,13387.00,0.0509,0.1710
36,MobileNetV4 Matrix Scaling (FL),0.08,0.0198,4476.00,0.0168,0.1710,0.0238,4476.00,0.0168,0.1710
36,MobileNetV4 Matrix Scaling (FL),0.10,0.0198,386.00,0.0000,1.0000,0.0210,386.00,0.0000,1.0000
36,MobileNetV4 Matrix Scaling (FL),0.15,0.0198,386.00,0.0000,1.0000,0.0210,386.00,0.0000,1.0000
36,MobileNetV4 Matrix Scaling (FL),0.20,0.0198,386.00,0.0000,1.0000,0.0210,386.00,0.0000,1.0000
36,MobileNetV4 Matrix Scaling (FL),0.30,0.0198,386.00,0.0000,1.0000,0.0210,386.00,0.0000,1.0000
36,MobileNetV4 Matrix Scaling (FL),0.40,0.0198,386.00,0.0000,1.0000,0.0210,386.00,0.0000,1.0000
36,MobileNetV4 Matrix Scaling (FL),0.50,0.0198,386.00,0.0000,1.0000,0.0210,386.00,0.0000,1.0000
37,SegFormer Base (CE),0.02,0.0203,238220.00,0.9209,0.0000,0.0192,238220.00,0.9209,0.0000
37,SegFormer Base (CE),0.05,0.0203,25953.00,0.0942,0.4615,0.0020,25953.00,0.0942,0.4615
37,SegFormer Base (CE),0.08,0.0203,8267.00,0.0218,0.7608,0.0029,8267.00,0.0218,0.7608
37,SegFormer Base (CE),0.10,0.0203,5728.00,0.0109,0.8415,0.0061,5728.00,0.0109,0.8415
37,SegFormer Base (CE),0.15,0.0203,4388.00,0.0049,0.9002,0.0369,4388.00,0.0049,0.9002
37,SegFormer Base (CE),0.20,0.0203,3853.00,0.0025,0.9274,0.0350,3853.00,0.0025,0.9274
37,SegFormer Base (CE),0.30,0.0203,3458.00,0.0000,1.0000,0.0202,3458.00,0.0000,1.0000
37,SegFormer Base (CE),0.40,0.0203,3458.00,0.0000,1.0000,0.0202,3458.00,0.0000,1.0000
37,SegFormer Base (CE),0.50,0.0203,3458.00,0.0000,1.0000,0.0202,3458.00,0.0000,1.0000
37,SegFormer Temp Scaling (CE),0.02,0.0074,13642.00,0.0436,0.6819,0.0177,13642.00,0.0436,0.6819
37,SegFormer Temp Scaling (CE),0.05,0.0074,9715.00,0.0279,0.7253,0.0217,9715.00,0.0279,0.7253
37,SegFormer Temp Scaling (CE),0.08,0.0074,5322.00,0.0092,0.8525,0.0223,5322.00,0.0092,0.8525
37,SegFormer Temp Scaling (CE),0.10,0.0074,4388.00,0.0049,0.9002,0.0157,4388.00,0.0049,0.9002
37,SegFormer Temp Scaling (CE),0.15,0.0074,3853.00,0.0025,0.9274,0.0176,3853.00,0.0025,0.9274
37,SegFormer Temp Scaling (CE),0.20,0.0074,3853.00,0.0025,0.9274,0.0176,3853.00,0.0025,0.9274
37,SegFormer Temp Scaling (CE),0.30,0.0074,3458.00,0.0000,1.0000,0.0073,3458.00,0.0000,1.0000
37,SegFormer Temp Scaling (CE),0.40,0.0074,3458.00,0.0000,1.0000,0.0073,3458.00,0.0000,1.0000
37,SegFormer Temp Scaling (CE),0.50,0.0074,3458.00,0.0000,1.0000,0.0073,3458.00,0.0000,1.0000
37,SegFormer Matrix Scaling (CE),0.02,0.0075,111012.00,0.4278,0.1003,0.0167,111012.00,0.4278,0.1003
37,SegFormer Matrix Scaling (CE),0.05,0.0075,16216.00,0.0535,0.6906,0.0207,16216.00,0.0535,0.6906
37,SegFormer Matrix Scaling (CE),0.08,0.0075,6720.00,0.0149,0.8288,0.0220,6720.00,0.0149,0.8288
37,SegFormer Matrix Scaling (CE),0.10,0.0075,4388.00,0.0049,0.9002,0.0359,4388.00,0.0049,0.9002
37,SegFormer Matrix Scaling (CE),0.15,0.0075,3853.00,0.0025,0.9274,0.0558,3853.00,0.0025,0.9274
37,SegFormer Matrix Scaling (CE),0.20,0.0075,3458.00,0.0000,1.0000,0.0077,3458.00,0.0000,1.0000
37,SegFormer Matrix Scaling (CE),0.30,0.0075,3458.00,0.0000,1.0000,0.0077,3458.00,0.0000,1.0000
37,SegFormer Matrix Scaling (CE),0.40,0.0075,3458.00,0.0000,1.0000,0.0077,3458.00,0.0000,1.0000
37,SegFormer Matrix Scaling (CE),0.50,0.0075,3458.00,0.0000,1.0000,0.0077,3458.00,0.0000,1.0000
37,SegFormer Base (FL),0.02,0.0483,258686.00,1.0000,0.0000,0.0479,258686.00,1.0000,0.0000
37,SegFormer Base (FL),0.05,0.0483,162394.00,0.6277,0.0078,0.0462,162394.00,0.6277,0.0078
37,SegFormer Base (FL),0.08,0.0483,29629.00,0.1095,0.3797,0.0536,29629.00,0.1095,0.3797
37,SegFormer Base (FL),0.10,0.0483,16522.00,0.0561,0.5833,0.0241,16522.00,0.0561,0.5833
37,SegFormer Base (FL),0.15,0.0483,4388.00,0.0049,0.9002,0.0338,4388.00,0.0049,0.9002
37,SegFormer Base (FL),0.20,0.0483,4388.00,0.0049,0.9002,0.0338,4388.00,0.0049,0.9002
37,SegFormer Base (FL),0.30,0.0483,3458.00,0.0000,1.0000,0.0479,3458.00,0.0000,1.0000
37,SegFormer Base (FL),0.40,0.0483,3458.00,0.0000,1.0000,0.0479,3458.00,0.0000,1.0000
37,SegFormer Base (FL),0.50,0.0483,3458.00,0.0000,1.0000,0.0479,3458.00,0.0000,1.0000
37,SegFormer Temp Scaling (FL),0.02,0.0037,24131.00,0.0886,0.3540,0.0277,24131.00,0.0886,0.3540
37,SegFormer Temp Scaling (FL),0.05,0.0037,11294.00,0.0346,0.6787,0.0131,11294.00,0.0346,0.6787
37,SegFormer Temp Scaling (FL),0.08,0.0037,6941.00,0.0162,0.7961,0.0154,6941.00,0.0162,0.7961
37,SegFormer Temp Scaling (FL),0.10,0.0037,4388.00,0.0049,0.9002,0.0095,4388.00,0.0049,0.9002
37,SegFormer Temp Scaling (FL),0.15,0.0037,3853.00,0.0025,0.9274,0.0127,3853.00,0.0025,0.9274
37,SegFormer Temp Scaling (FL),0.20,0.0037,3853.00,0.0025,0.9274,0.0127,3853.00,0.0025,0.9274
37,SegFormer Temp Scaling (FL),0.30,0.0037,3458.00,0.0000,1.0000,0.0036,3458.00,0.0000,1.0000
37,SegFormer Temp Scaling (FL),0.40,0.0037,3458.00,0.0000,1.0000,0.0036,3458.00,0.0000,1.0000
37,SegFormer Temp Scaling (FL),0.50,0.0037,3458.00,0.0000,1.0000,0.0036,3458.00,0.0000,1.0000
37,SegFormer Matrix Scaling (FL),0.02,0.0057,87991.00,0.3374,0.2082,0.0132,87991.00,0.3374,0.2082
37,SegFormer Matrix Scaling (FL),0.05,0.0057,13350.00,0.0412,0.7817,0.0327,13350.00,0.0412,0.7817
37,SegFormer Matrix Scaling (FL),0.08,0.0057,6330.00,0.0131,0.8525,0.0466,6330.00,0.0131,0.8525
37,SegFormer Matrix Scaling (FL),0.10,0.0057,4388.00,0.0049,0.9002,0.0489,4388.00,0.0049,0.9002
37,SegFormer Matrix Scaling (FL),0.15,0.0057,3458.00,0.0000,1.0000,0.0056,3458.00,0.0000,1.0000
37,SegFormer Matrix Scaling (FL),0.20,0.0057,3458.00,0.0000,1.0000,0.0056,3458.00,0.0000,1.0000
37,SegFormer Matrix Scaling (FL),0.30,0.0057,3458.00,0.0000,1.0000,0.0056,3458.00,0.0000,1.0000
37,SegFormer Matrix Scaling (FL),0.40,0.0057,3458.00,0.0000,1.0000,0.0056,3458.00,0.0000,1.0000
37,SegFormer Matrix Scaling (FL),0.50,0.0057,3458.00,0.0000,1.0000,0.0056,3458.00,0.0000,1.0000
37,MobileNetV4 Base (CE),0.02,0.0247,235787.00,0.9115,0.0006,0.0177,235787.00,0.9115,0.0006
37,MobileNetV4 Base (CE),0.05,0.0247,41739.00,0.1578,0.2663,0.0303,41739.00,0.1578,0.2663
37,MobileNetV4 Base (CE),0.08,0.0247,12751.00,0.0410,0.6191,0.0223,12751.00,0.0410,0.6191
37,MobileNetV4 Base (CE),0.10,0.0247,7722.00,0.0194,0.7825,0.0281,7722.00,0.0194,0.7825
37,MobileNetV4 Base (CE),0.15,0.0247,5292.00,0.0086,0.8837,0.0271,5292.00,0.0086,0.8837
37,MobileNetV4 Base (CE),0.20,0.0247,3458.00,0.0000,1.0000,0.0244,3458.00,0.0000,1.0000
37,MobileNetV4 Base (CE),0.30,0.0247,3458.00,0.0000,1.0000,0.0244,3458.00,0.0000,1.0000
37,MobileNetV4 Base (CE),0.40,0.0247,3458.00,0.0000,1.0000,0.0244,3458.00,0.0000,1.0000
37,MobileNetV4 Base (CE),0.50,0.0247,3458.00,0.0000,1.0000,0.0244,3458.00,0.0000,1.0000
37,MobileNetV4 Temp Scaling (CE),0.02,0.0003,36159.00,0.1362,0.2678,0.0036,36159.00,0.1362,0.2678
37,MobileNetV4 Temp Scaling (CE),0.05,0.0003,11605.00,0.0359,0.6726,0.0049,11605.00,0.0359,0.6726
37,MobileNetV4 Temp Scaling (CE),0.08,0.0003,8031.00,0.0210,0.7536,0.0086,8031.00,0.0210,0.7536
37,MobileNetV4 Temp Scaling (CE),0.10,0.0003,5835.00,0.0112,0.8516,0.0026,5835.00,0.0112,0.8516
37,MobileNetV4 Temp Scaling (CE),0.15,0.0003,4757.00,0.0062,0.9109,0.0066,4757.00,0.0062,0.9109
37,MobileNetV4 Temp Scaling (CE),0.20,0.0003,3458.00,0.0000,1.0000,0.0001,3458.00,0.0000,1.0000
37,MobileNetV4 Temp Scaling (CE),0.30,0.0003,3458.00,0.0000,1.0000,0.0001,3458.00,0.0000,1.0000
37,MobileNetV4 Temp Scaling (CE),0.40,0.0003,3458.00,0.0000,1.0000,0.0001,3458.00,0.0000,1.0000
37,MobileNetV4 Temp Scaling (CE),0.50,0.0003,3458.00,0.0000,1.0000,0.0001,3458.00,0.0000,1.0000
37,MobileNetV4 Matrix Scaling (CE),0.02,0.0138,149526.00,0.5774,0.0492,0.0112,149526.00,0.5774,0.0492
37,MobileNetV4 Matrix Scaling (CE),0.05,0.0138,21688.00,0.0778,0.4503,0.0039,21688.00,0.0778,0.4503
37,MobileNetV4 Matrix Scaling (CE),0.08,0.0138,8324.00,0.0216,0.7935,0.0111,8324.00,0.0216,0.7935
37,MobileNetV4 Matrix Scaling (CE),0.10,0.0138,5292.00,0.0086,0.8837,0.0055,5292.00,0.0086,0.8837
37,MobileNetV4 Matrix Scaling (CE),0.15,0.0138,4388.00,0.0049,0.9002,0.0330,4388.00,0.0049,0.9002
37,MobileNetV4 Matrix Scaling (CE),0.20,0.0138,3458.00,0.0000,1.0000,0.0142,3458.00,0.0000,1.0000
37,MobileNetV4 Matrix Scaling (CE),0.30,0.0138,3458.00,0.0000,1.0000,0.0142,3458.00,0.0000,1.0000
37,MobileNetV4 Matrix Scaling (CE),0.40,0.0138,3458.00,0.0000,1.0000,0.0142,3458.00,0.0000,1.0000
37,MobileNetV4 Matrix Scaling (CE),0.50,0.0138,3458.00,0.0000,1.0000,0.0142,3458.00,0.0000,1.0000
37,MobileNetV4 Base (FL),0.02,0.0547,258686.00,1.0000,0.0000,0.0546,258686.00,1.0000,0.0000
37,MobileNetV4 Base (FL),0.05,0.0547,175289.00,0.6776,0.0020,0.0487,175289.00,0.6776,0.0020
37,MobileNetV4 Base (FL),0.08,0.0547,51485.00,0.1968,0.1645,0.0719,51485.00,0.1968,0.1645
37,MobileNetV4 Base (FL),0.10,0.0547,31118.00,0.1175,0.2056,0.0773,31118.00,0.1175,0.2056
37,MobileNetV4 Base (FL),0.15,0.0547,9296.00,0.0255,0.7776,0.0990,9296.00,0.0255,0.7776
37,MobileNetV4 Base (FL),0.20,0.0547,5698.00,0.0104,0.8728,0.1147,5698.00,0.0104,0.8728
37,MobileNetV4 Base (FL),0.30,0.0547,3993.00,0.0024,0.9728,0.1191,3993.00,0.0024,0.9728
37,MobileNetV4 Base (FL),0.40,0.0547,3458.00,0.0000,1.0000,0.0546,3458.00,0.0000,1.0000
37,MobileNetV4 Base (FL),0.50,0.0547,3458.00,0.0000,1.0000,0.0546,3458.00,0.0000,1.0000
37,MobileNetV4 Temp Scaling (FL),0.02,0.0042,48320.00,0.1855,0.0972,0.0059,48320.00,0.1855,0.0972
37,MobileNetV4 Temp Scaling (FL),0.05,0.0042,23826.00,0.0865,0.4193,0.0231,23826.00,0.0865,0.4193
37,MobileNetV4 Temp Scaling (FL),0.08,0.0042,13791.00,0.0451,0.6139,0.0291,13791.00,0.0451,0.6139
37,MobileNetV4 Temp Scaling (FL),0.10,0.0042,7175.00,0.0171,0.7929,0.0650,7175.00,0.0171,0.7929
37,MobileNetV4 Temp Scaling (FL),0.15,0.0042,5292.00,0.0086,0.8837,0.0846,5292.00,0.0086,0.8837
37,MobileNetV4 Temp Scaling (FL),0.20,0.0042,5292.00,0.0086,0.8837,0.0846,5292.00,0.0086,0.8837
37,MobileNetV4 Temp Scaling (FL),0.30,0.0042,3993.00,0.0024,0.9728,0.0888,3993.00,0.0024,0.9728
37,MobileNetV4 Temp Scaling (FL),0.40,0.0042,3458.00,0.0000,1.0000,0.0042,3458.00,0.0000,1.0000
37,MobileNetV4 Temp Scaling (FL),0.50,0.0042,3458.00,0.0000,1.0000,0.0042,3458.00,0.0000,1.0000
37,MobileNetV4 Matrix Scaling (FL),0.02,0.0131,118321.00,0.4569,0.0385,0.0211,118321.00,0.4569,0.0385
37,MobileNetV4 Matrix Scaling (FL),0.05,0.0131,25798.00,0.0953,0.3285,0.0163,25798.00,0.0953,0.3285
37,MobileNetV4 Matrix Scaling (FL),0.08,0.0131,13365.00,0.0426,0.6767,0.0273,13365.00,0.0426,0.6767
37,MobileNetV4 Matrix Scaling (FL),0.10,0.0131,7781.00,0.0195,0.7929,0.0262,7781.00,0.0195,0.7929
37,MobileNetV4 Matrix Scaling (FL),0.15,0.0131,5292.00,0.0086,0.8837,0.0328,5292.00,0.0086,0.8837
37,MobileNetV4 Matrix Scaling (FL),0.20,0.0131,3993.00,0.0024,0.9728,0.0581,3993.00,0.0024,0.9728
37,MobileNetV4 Matrix Scaling (FL),0.30,0.0131,3458.00,0.0000,1.0000,0.0134,3458.00,0.0000,1.0000
37,MobileNetV4 Matrix Scaling (FL),0.40,0.0131,3458.00,0.0000,1.0000,0.0134,3458.00,0.0000,1.0000
37,MobileNetV4 Matrix Scaling (FL),0.50,0.0131,3458.00,0.0000,1.0000,0.0134,3458.00,0.0000,1.0000
38,SegFormer Base (CE),0.02,0.0407,234670.00,1.0000,0.0000,0.0375,234670.00,1.0000,0.0000
38,SegFormer Base (CE),0.05,0.0407,155689.00,0.6627,0.0065,0.0320,155689.00,0.6627,0.0065
38,SegFormer Base (CE),0.08,0.0407,101672.00,0.4270,0.0534,0.0280,101672.00,0.4270,0.0534
38,SegFormer Base (CE),0.10,0.0407,87604.00,0.3643,0.0771,0.0229,87604.00,0.3643,0.0771
38,SegFormer Base (CE),0.15,0.0407,57196.00,0.2238,0.1704,0.0483,57196.00,0.2238,0.1704
38,SegFormer Base (CE),0.20,0.0407,42018.00,0.1479,0.2657,0.0304,42018.00,0.1479,0.2657
38,SegFormer Base (CE),0.30,0.0407,24597.00,0.0505,0.4643,0.0454,24597.00,0.0505,0.4643
38,SegFormer Base (CE),0.40,0.0407,21096.00,0.0256,0.5495,0.0583,21096.00,0.0256,0.5495
38,SegFormer Base (CE),0.50,0.0407,21319.00,0.0216,0.5915,0.0544,21319.00,0.0216,0.5915
38,SegFormer Temp Scaling (CE),0.02,0.0088,114866.00,0.4853,0.0361,0.0247,114866.00,0.4853,0.0361
38,SegFormer Temp Scaling (CE),0.05,0.0088,79910.00,0.3300,0.0902,0.0228,79910.00,0.3300,0.0902
38,SegFormer Temp Scaling (CE),0.08,0.0088,64996.00,0.2622,0.1260,0.0293,64996.00,0.2622,0.1260
38,SegFormer Temp Scaling (CE),0.10,0.0088,59022.00,0.2340,0.1497,0.0290,59022.00,0.2340,0.1497
38,SegFormer Temp Scaling (CE),0.15,0.0088,45480.00,0.1647,0.2483,0.0420,45480.00,0.1647,0.2483
38,SegFormer Temp Scaling (CE),0.20,0.0088,33663.00,0.1037,0.3393,0.0382,33663.00,0.1037,0.3393
38,SegFormer Temp Scaling (CE),0.30,0.0088,23253.00,0.0435,0.4748,0.0550,23253.00,0.0435,0.4748
38,SegFormer Temp Scaling (CE),0.40,0.0088,21096.00,0.0256,0.5495,0.0614,21096.00,0.0256,0.5495
38,SegFormer Temp Scaling (CE),0.50,0.0088,21319.00,0.0216,0.5915,0.0615,21319.00,0.0216,0.5915
38,SegFormer Matrix Scaling (CE),0.02,0.0167,153658.00,0.6538,0.0084,0.0035,153658.00,0.6538,0.0084
38,SegFormer Matrix Scaling (CE),0.05,0.0167,78951.00,0.3257,0.0919,0.0274,78951.00,0.3257,0.0919
38,SegFormer Matrix Scaling (CE),0.08,0.0167,57722.00,0.2276,0.1571,0.0536,57722.00,0.2276,0.1571
38,SegFormer Matrix Scaling (CE),0.10,0.0167,49522.00,0.1853,0.2201,0.0680,49522.00,0.1853,0.2201
38,SegFormer Matrix Scaling (CE),0.15,0.0167,32598.00,0.0987,0.3431,0.1247,32598.00,0.0987,0.3431
38,SegFormer Matrix Scaling (CE),0.20,0.0167,23492.00,0.0450,0.4710,0.1413,23492.00,0.0450,0.4710
38,SegFormer Matrix Scaling (CE),0.30,0.0167,21096.00,0.0256,0.5495,0.1723,21096.00,0.0256,0.5495
38,SegFormer Matrix Scaling (CE),0.40,0.0167,21220.00,0.0199,0.6022,0.1695,21220.00,0.0199,0.6022
38,SegFormer Matrix Scaling (CE),0.50,0.0167,22577.00,0.0091,0.7443,0.1527,22577.00,0.0091,0.7443
38,SegFormer Base (FL),0.02,0.0939,234670.00,1.0000,0.0000,0.0900,234670.00,1.0000,0.0000
38,SegFormer Base (FL),0.05,0.0939,234670.00,1.0000,0.0000,0.0900,234670.00,1.0000,0.0000
38,SegFormer Base (FL),0.08,0.0939,201947.00,0.8604,0.0014,0.0771,201947.00,0.8604,0.0014
38,SegFormer Base (FL),0.10,0.0939,160316.00,0.6817,0.0122,0.0791,160316.00,0.6817,0.0122
38,SegFormer Base (FL),0.15,0.0939,92040.00,0.3829,0.0794,0.0549,92040.00,0.3829,0.0794
38,SegFormer Base (FL),0.20,0.0939,64137.00,0.2522,0.1804,0.0929,64137.00,0.2522,0.1804
38,SegFormer Base (FL),0.30,0.0939,35136.00,0.1086,0.3515,0.0808,35136.00,0.1086,0.3515
38,SegFormer Base (FL),0.40,0.0939,23550.00,0.0430,0.4897,0.0605,23550.00,0.0430,0.4897
38,SegFormer Base (FL),0.50,0.0939,21253.00,0.0255,0.5554,0.0567,21253.00,0.0255,0.5554
38,SegFormer Temp Scaling (FL),0.02,0.0190,144651.00,0.6143,0.0182,0.0075,144651.00,0.6143,0.0182
38,SegFormer Temp Scaling (FL),0.05,0.0190,93242.00,0.3891,0.0707,0.0259,93242.00,0.3891,0.0707
38,SegFormer Temp Scaling (FL),0.08,0.0190,74233.00,0.3024,0.1188,0.0259,74233.00,0.3024,0.1188
38,SegFormer Temp Scaling (FL),0.10,0.0190,68397.00,0.2756,0.1354,0.0310,68397.00,0.2756,0.1354
38,SegFormer Temp Scaling (FL),0.15,0.0190,48148.00,0.1762,0.2471,0.0391,48148.00,0.1762,0.2471
38,SegFormer Temp Scaling (FL),0.20,0.0190,39199.00,0.1322,0.2979,0.0481,39199.00,0.1322,0.2979
38,SegFormer Temp Scaling (FL),0.30,0.0190,26185.00,0.0597,0.4430,0.0484,26185.00,0.0597,0.4430
38,SegFormer Temp Scaling (FL),0.40,0.0190,21823.00,0.0344,0.5001,0.0489,21823.00,0.0344,0.5001
38,SegFormer Temp Scaling (FL),0.50,0.0190,21253.00,0.0255,0.5554,0.0435,21253.00,0.0255,0.5554
38,SegFormer Matrix Scaling (FL),0.02,0.0401,127592.00,0.5405,0.0276,0.0170,127592.00,0.5405,0.0276
38,SegFormer Matrix Scaling (FL),0.05,0.0401,60561.00,0.2406,0.1495,0.0958,60561.00,0.2406,0.1495
38,SegFormer Matrix Scaling (FL),0.08,0.0401,41887.00,0.1483,0.2581,0.1255,41887.00,0.1483,0.2581
38,SegFormer Matrix Scaling (FL),0.10,0.0401,33921.00,0.1044,0.3429,0.1584,33921.00,0.1044,0.3429
38,SegFormer Matrix Scaling (FL),0.15,0.0401,23508.00,0.0433,0.4855,0.2691,23508.00,0.0433,0.4855
38,SegFormer Matrix Scaling (FL),0.20,0.0401,21689.00,0.0314,0.5216,0.2895,21689.00,0.0314,0.5216
38,SegFormer Matrix Scaling (FL),0.30,0.0401,21853.00,0.0143,0.6733,0.3065,21853.00,0.0143,0.6733
38,SegFormer Matrix Scaling (FL),0.40,0.0401,23308.00,0.0048,0.8077,0.2788,23308.00,0.0048,0.8077
38,SegFormer Matrix Scaling (FL),0.50,0.0401,24948.00,0.0024,0.8880,0.2026,24948.00,0.0024,0.8880
38,MobileNetV4 Base (CE),0.02,0.0320,228137.00,0.9722,0.0000,0.0201,228137.00,0.9722,0.0000
38,MobileNetV4 Base (CE),0.05,0.0320,139318.00,0.5897,0.0342,0.0173,139318.00,0.5897,0.0342
38,MobileNetV4 Base (CE),0.08,0.0320,92346.00,0.3832,0.0883,0.0278,92346.00,0.3832,0.0883
38,MobileNetV4 Base (CE),0.10,0.0320,75569.00,0.3080,0.1199,0.0439,75569.00,0.3080,0.1199
38,MobileNetV4 Base (CE),0.15,0.0320,52488.00,0.1988,0.2125,0.0403,52488.00,0.1988,0.2125
38,MobileNetV4 Base (CE),0.20,0.0320,41879.00,0.1434,0.2994,0.0768,41879.00,0.1434,0.2994
38,MobileNetV4 Base (CE),0.30,0.0320,24749.00,0.0519,0.4577,0.0722,24749.00,0.0519,0.4577
38,MobileNetV4 Base (CE),0.40,0.0320,21420.00,0.0259,0.5583,0.0350,21420.00,0.0259,0.5583
38,MobileNetV4 Base (CE),0.50,0.0320,21286.00,0.0228,0.5798,0.0403,21286.00,0.0228,0.5798
38,MobileNetV4 Temp Scaling (CE),0.02,0.0099,138856.00,0.5884,0.0282,0.0188,138856.00,0.5884,0.0282
38,MobileNetV4 Temp Scaling (CE),0.05,0.0099,86567.00,0.3582,0.0909,0.0340,86567.00,0.3582,0.0909
38,MobileNetV4 Temp Scaling (CE),0.08,0.0099,65006.00,0.2590,0.1537,0.0204,65006.00,0.2590,0.1537
38,MobileNetV4 Temp Scaling (CE),0.10,0.0099,54116.00,0.2065,0.2062,0.0481,54116.00,0.2065,0.2062
38,MobileNetV4 Temp Scaling (CE),0.15,0.0099,44425.00,0.1576,0.2707,0.0607,44425.00,0.1576,0.2707
38,MobileNetV4 Temp Scaling (CE),0.20,0.0099,34459.00,0.1051,0.3562,0.0709,34459.00,0.1051,0.3562
38,MobileNetV4 Temp Scaling (CE),0.30,0.0099,22967.00,0.0413,0.4828,0.0444,22967.00,0.0413,0.4828
38,MobileNetV4 Temp Scaling (CE),0.40,0.0099,21420.00,0.0259,0.5583,0.0234,21420.00,0.0259,0.5583
38,MobileNetV4 Temp Scaling (CE),0.50,0.0099,21286.00,0.0228,0.5798,0.0297,21286.00,0.0228,0.5798
38,MobileNetV4 Matrix Scaling (CE),0.02,0.0140,167263.00,0.7114,0.0117,0.0104,167263.00,0.7114,0.0117
38,MobileNetV4 Matrix Scaling (CE),0.05,0.0140,85876.00,0.3548,0.0951,0.0402,85876.00,0.3548,0.0951
38,MobileNetV4 Matrix Scaling (CE),0.08,0.0140,59212.00,0.2318,0.1756,0.0391,59212.00,0.2318,0.1756
38,MobileNetV4 Matrix Scaling (CE),0.10,0.0140,51440.00,0.1936,0.2184,0.0564,51440.00,0.1936,0.2184
38,MobileNetV4 Matrix Scaling (CE),0.15,0.0140,38108.00,0.1258,0.3127,0.0883,38108.00,0.1258,0.3127
38,MobileNetV4 Matrix Scaling (CE),0.20,0.0140,24343.00,0.0532,0.4314,0.1401,24343.00,0.0532,0.4314
38,MobileNetV4 Matrix Scaling (CE),0.30,0.0140,21253.00,0.0255,0.5554,0.1385,21253.00,0.0255,0.5554
38,MobileNetV4 Matrix Scaling (CE),0.40,0.0140,21286.00,0.0228,0.5798,0.1355,21286.00,0.0228,0.5798
38,MobileNetV4 Matrix Scaling (CE),0.50,0.0140,22093.00,0.0112,0.7084,0.1329,22093.00,0.0112,0.7084
38,MobileNetV4 Base (FL),0.02,0.1169,234670.00,1.0000,0.0000,0.1150,234670.00,1.0000,0.0000
38,MobileNetV4 Base (FL),0.05,0.1169,227894.00,0.9711,0.0000,0.0639,227894.00,0.9711,0.0000
38,MobileNetV4 Base (FL),0.08,0.1169,208088.00,0.8853,0.0119,0.0666,208088.00,0.8853,0.0119
38,MobileNetV4 Base (FL),0.10,0.1169,191180.00,0.8122,0.0212,0.1042,191180.00,0.8122,0.0212
38,MobileNetV4 Base (FL),0.15,0.1169,127054.00,0.5318,0.0821,0.1138,127054.00,0.5318,0.0821
38,MobileNetV4 Base (FL),0.20,0.1169,87194.00,0.3567,0.1266,0.1234,87194.00,0.3567,0.1266
38,MobileNetV4 Base (FL),0.30,0.1169,41149.00,0.1389,0.3117,0.1125,41149.00,0.1389,0.3117
38,MobileNetV4 Base (FL),0.40,0.1169,25864.00,0.0561,0.4619,0.0607,25864.00,0.0561,0.4619
38,MobileNetV4 Base (FL),0.50,0.1169,21994.00,0.0315,0.5311,0.0670,21994.00,0.0315,0.5311
38,MobileNetV4 Temp Scaling (FL),0.02,0.0526,191747.00,0.8158,0.0109,0.0065,191747.00,0.8158,0.0109
38,MobileNetV4 Temp Scaling (FL),0.05,0.0526,135537.00,0.5730,0.0387,0.0310,135537.00,0.5730,0.0387
38,MobileNetV4 Temp Scaling (FL),0.08,0.0526,104610.00,0.4359,0.0847,0.0502,104610.00,0.4359,0.0847
38,MobileNetV4 Temp Scaling (FL),0.10,0.0526,93544.00,0.3865,0.1034,0.0587,93544.00,0.3865,0.1034
38,MobileNetV4 Temp Scaling (FL),0.15,0.0526,66306.00,0.2636,0.1617,0.0708,66306.00,0.2636,0.1617
38,MobileNetV4 Temp Scaling (FL),0.20,0.0526,50382.00,0.1892,0.2174,0.0811,50382.00,0.1892,0.2174
38,MobileNetV4 Temp Scaling (FL),0.30,0.0526,32552.00,0.0955,0.3694,0.0920,32552.00,0.0955,0.3694
38,MobileNetV4 Temp Scaling (FL),0.40,0.0526,23704.00,0.0461,0.4687,0.0945,23704.00,0.0461,0.4687
38,MobileNetV4 Temp Scaling (FL),0.50,0.0526,22066.00,0.0330,0.5216,0.1072,22066.00,0.0330,0.5216
38,MobileNetV4 Matrix Scaling (FL),0.02,0.0371,216282.00,0.9210,0.0052,0.0051,216282.00,0.9210,0.0052
38,MobileNetV4 Matrix Scaling (FL),0.05,0.0371,144768.00,0.6124,0.0384,0.0044,144768.00,0.6124,0.0384
38,MobileNetV4 Matrix Scaling (FL),0.08,0.0371,96410.00,0.3989,0.1016,0.0319,96410.00,0.3989,0.1016
38,MobileNetV4 Matrix Scaling (FL),0.10,0.0371,79450.00,0.3238,0.1265,0.0312,79450.00,0.3238,0.1265
38,MobileNetV4 Matrix Scaling (FL),0.15,0.0371,47784.00,0.1765,0.2313,0.0564,47784.00,0.1765,0.2313
38,MobileNetV4 Matrix Scaling (FL),0.20,0.0371,33031.00,0.0984,0.3621,0.0804,33031.00,0.0984,0.3621
38,MobileNetV4 Matrix Scaling (FL),0.30,0.0371,22859.00,0.0424,0.4698,0.1200,22859.00,0.0424,0.4698
38,MobileNetV4 Matrix Scaling (FL),0.40,0.0371,21253.00,0.0255,0.5554,0.1217,21253.00,0.0255,0.5554
38,MobileNetV4 Matrix Scaling (FL),0.50,0.0371,21531.00,0.0124,0.6774,0.1470,21531.00,0.0124,0.6774
39,SegFormer Base (CE),0.02,0.0252,164757.00,0.7120,0.0034,0.0160,164757.00,0.7120,0.0034
39,SegFormer Base (CE),0.05,0.0252,68055.00,0.2844,0.0737,0.0413,68055.00,0.2844,0.0737
39,SegFormer Base (CE),0.08,0.0252,44327.00,0.1732,0.1381,0.0452,44327.00,0.1732,0.1381
39,SegFormer Base (CE),0.10,0.0252,37078.00,0.1370,0.1743,0.0528,37078.00,0.1370,0.1743
39,SegFormer Base (CE),0.15,0.0252,24898.00,0.0723,0.2651,0.0902,24898.00,0.0723,0.2651
39,SegFormer Base (CE),0.20,0.0252,22727.00,0.0590,0.2941,0.1110,22727.00,0.0590,0.2941
39,SegFormer Base (CE),0.30,0.0252,19224.00,0.0255,0.4320,0.1393,19224.00,0.0255,0.4320
39,SegFormer Base (CE),0.40,0.0252,18874.00,0.0145,0.5030,0.1485,18874.00,0.0145,0.5030
39,SegFormer Base (CE),0.50,0.0252,20070.00,0.0048,0.6140,0.1316,20070.00,0.0048,0.6140
39,SegFormer Temp Scaling (CE),0.02,0.0361,54918.00,0.2231,0.1077,0.0585,54918.00,0.2231,0.1077
39,SegFormer Temp Scaling (CE),0.05,0.0361,36995.00,0.1359,0.1802,0.0591,36995.00,0.1359,0.1802
39,SegFormer Temp Scaling (CE),0.08,0.0361,31511.00,0.1073,0.2170,0.0614,31511.00,0.1073,0.2170
39,SegFormer Temp Scaling (CE),0.10,0.0361,28214.00,0.0886,0.2502,0.0565,28214.00,0.0886,0.2502
39,SegFormer Temp Scaling (CE),0.15,0.0361,22964.00,0.0608,0.2883,0.0910,22964.00,0.0608,0.2883
39,SegFormer Temp Scaling (CE),0.20,0.0361,21807.00,0.0513,0.3223,0.0921,21807.00,0.0513,0.3223
39,SegFormer Temp Scaling (CE),0.30,0.0361,19224.00,0.0255,0.4320,0.0964,19224.00,0.0255,0.4320
39,SegFormer Temp Scaling (CE),0.40,0.0361,18874.00,0.0145,0.5030,0.0940,18874.00,0.0145,0.5030
39,SegFormer Temp Scaling (CE),0.50,0.0361,20070.00,0.0048,0.6140,0.0680,20070.00,0.0048,0.6140
39,SegFormer Matrix Scaling (CE),0.02,0.0507,62665.00,0.2599,0.0825,0.0915,62665.00,0.2599,0.0825
39,SegFormer Matrix Scaling (CE),0.05,0.0507,33912.00,0.1198,0.2007,0.1402,33912.00,0.1198,0.2007
39,SegFormer Matrix Scaling (CE),0.08,0.0507,25775.00,0.0767,0.2605,0.1782,25775.00,0.0767,0.2605
39,SegFormer Matrix Scaling (CE),0.10,0.0507,23882.00,0.0662,0.2780,0.1972,23882.00,0.0662,0.2780
39,SegFormer Matrix Scaling (CE),0.15,0.0507,20610.00,0.0422,0.3511,0.2350,20610.00,0.0422,0.3511
39,SegFormer Matrix Scaling (CE),0.20,0.0507,19455.00,0.0297,0.4076,0.2410,19455.00,0.0297,0.4076
39,SegFormer Matrix Scaling (CE),0.30,0.0507,19237.00,0.0134,0.5224,0.2609,19237.00,0.0134,0.5224
39,SegFormer Matrix Scaling (CE),0.40,0.0507,20240.00,0.0038,0.6268,0.2319,20240.00,0.0038,0.6268
39,SegFormer Matrix Scaling (CE),0.50,0.0507,21577.00,0.0011,0.6905,0.2152,21577.00,0.0011,0.6905
39,SegFormer Base (FL),0.02,0.0953,231267.00,1.0000,0.0000,0.0706,231267.00,1.0000,0.0000
39,SegFormer Base (FL),0.05,0.0953,231267.00,1.0000,0.0000,0.0706,231267.00,1.0000,0.0000
39,SegFormer Base (FL),0.08,0.0953,212738.00,0.9198,0.0006,0.0733,212738.00,0.9198,0.0006
39,SegFormer Base (FL),0.10,0.0953,163725.00,0.7065,0.0107,0.0858,163725.00,0.7065,0.0107
39,SegFormer Base (FL),0.15,0.0953,79432.00,0.3339,0.0716,0.0633,79432.00,0.3339,0.0716
39,SegFormer Base (FL),0.20,0.0953,44337.00,0.1715,0.1512,0.0841,44337.00,0.1715,0.1512
39,SegFormer Base (FL),0.30,0.0953,22030.00,0.0551,0.3008,0.1042,22030.00,0.0551,0.3008
39,SegFormer Base (FL),0.40,0.0953,19319.00,0.0294,0.4056,0.1509,19319.00,0.0294,0.4056
39,SegFormer Base (FL),0.50,0.0953,18870.00,0.0110,0.5291,0.1809,18870.00,0.0110,0.5291
39,SegFormer Temp Scaling (FL),0.02,0.0140,127723.00,0.5499,0.0178,0.0112,127723.00,0.5499,0.0178
39,SegFormer Temp Scaling (FL),0.05,0.0140,69976.00,0.2934,0.0690,0.0292,69976.00,0.2934,0.0690
39,SegFormer Temp Scaling (FL),0.08,0.0140,53201.00,0.2146,0.1156,0.0258,53201.00,0.2146,0.1156
39,SegFormer Temp Scaling (FL),0.10,0.0140,43488.00,0.1687,0.1450,0.0196,43488.00,0.1687,0.1450
39,SegFormer Temp Scaling (FL),0.15,0.0140,30033.00,0.1004,0.2206,0.0444,30033.00,0.1004,0.2206
39,SegFormer Temp Scaling (FL),0.20,0.0140,23503.00,0.0643,0.2795,0.0654,23503.00,0.0643,0.2795
39,SegFormer Temp Scaling (FL),0.30,0.0140,19558.00,0.0359,0.3649,0.0738,19558.00,0.0359,0.3649
39,SegFormer Temp Scaling (FL),0.40,0.0140,18931.00,0.0197,0.4654,0.0827,18931.00,0.0197,0.4654
39,SegFormer Temp Scaling (FL),0.50,0.0140,18870.00,0.0110,0.5291,0.0853,18870.00,0.0110,0.5291
39,SegFormer Matrix Scaling (FL),0.02,0.0562,117700.00,0.5042,0.0355,0.0173,117700.00,0.5042,0.0355
39,SegFormer Matrix Scaling (FL),0.05,0.0562,37056.00,0.1358,0.1830,0.1150,37056.00,0.1358,0.1830
39,SegFormer Matrix Scaling (FL),0.08,0.0562,26717.00,0.0793,0.2712,0.2296,26717.00,0.0793,0.2712
39,SegFormer Matrix Scaling (FL),0.10,0.0562,22635.00,0.0564,0.3104,0.2952,22635.00,0.0564,0.3104
39,SegFormer Matrix Scaling (FL),0.15,0.0562,19621.00,0.0260,0.4408,0.3452,19621.00,0.0260,0.4408
39,SegFormer Matrix Scaling (FL),0.20,0.0562,19637.00,0.0128,0.5404,0.3834,19637.00,0.0128,0.5404
39,SegFormer Matrix Scaling (FL),0.30,0.0562,20769.00,0.0025,0.6540,0.3732,20769.00,0.0025,0.6540
39,SegFormer Matrix Scaling (FL),0.40,0.0562,22313.00,0.0009,0.7159,0.3350,22313.00,0.0009,0.7159
39,SegFormer Matrix Scaling (FL),0.50,0.0562,23914.00,0.0002,0.7728,0.3058,23914.00,0.0002,0.7728
39,MobileNetV4 Base (CE),0.02,0.0395,224962.00,0.9727,0.0000,0.0156,224962.00,0.9727,0.0000
39,MobileNetV4 Base (CE),0.05,0.0395,105871.00,0.4523,0.0413,0.0356,105871.00,0.4523,0.0413
39,MobileNetV4 Base (CE),0.08,0.0395,53464.00,0.2134,0.1331,0.0261,53464.00,0.2134,0.1331
39,MobileNetV4 Base (CE),0.10,0.0395,40145.00,0.1499,0.1774,0.0411,40145.00,0.1499,0.1774
39,MobileNetV4 Base (CE),0.15,0.0395,25425.00,0.0738,0.2708,0.0968,25425.00,0.0738,0.2708
39,MobileNetV4 Base (CE),0.20,0.0395,21134.00,0.0486,0.3206,0.1544,21134.00,0.0486,0.3206
39,MobileNetV4 Base (CE),0.30,0.0395,19428.00,0.0332,0.3809,0.1681,19428.00,0.0332,0.3809
39,MobileNetV4 Base (CE),0.40,0.0395,19164.00,0.0134,0.5201,0.1950,19164.00,0.0134,0.5201
39,MobileNetV4 Base (CE),0.50,0.0395,20465.00,0.0026,0.6431,0.1842,20465.00,0.0026,0.6431
39,MobileNetV4 Temp Scaling (CE),0.02,0.0297,93211.00,0.3974,0.0421,0.0249,93211.00,0.3974,0.0421
39,MobileNetV4 Temp Scaling (CE),0.05,0.0297,44817.00,0.1743,0.1458,0.0625,44817.00,0.1743,0.1458
39,MobileNetV4 Temp Scaling (CE),0.08,0.0297,33878.00,0.1200,0.1985,0.0751,33878.00,0.1200,0.1985
39,MobileNetV4 Temp Scaling (CE),0.10,0.0297,29137.00,0.0953,0.2296,0.0843,29137.00,0.0953,0.2296
39,MobileNetV4 Temp Scaling (CE),0.15,0.0297,23023.00,0.0593,0.3016,0.1016,23023.00,0.0593,0.3016
39,MobileNetV4 Temp Scaling (CE),0.20,0.0297,21134.00,0.0486,0.3206,0.1264,21134.00,0.0486,0.3206
39,MobileNetV4 Temp Scaling (CE),0.30,0.0297,19256.00,0.0280,0.4138,0.1409,19256.00,0.0280,0.4138
39,MobileNetV4 Temp Scaling (CE),0.40,0.0297,19164.00,0.0134,0.5201,0.1439,19164.00,0.0134,0.5201
39,MobileNetV4 Temp Scaling (CE),0.50,0.0297,19936.00,0.0040,0.6159,0.1221,19936.00,0.0040,0.6159
39,MobileNetV4 Matrix Scaling (CE),0.02,0.0366,149758.00,0.6453,0.0169,0.0096,149758.00,0.6453,0.0169
39,MobileNetV4 Matrix Scaling (CE),0.05,0.0366,51843.00,0.2057,0.1385,0.0561,51843.00,0.2057,0.1385
39,MobileNetV4 Matrix Scaling (CE),0.08,0.0366,31196.00,0.1072,0.2071,0.1309,31196.00,0.1072,0.2071
39,MobileNetV4 Matrix Scaling (CE),0.10,0.0366,25800.00,0.0763,0.2639,0.1471,25800.00,0.0763,0.2639
39,MobileNetV4 Matrix Scaling (CE),0.15,0.0366,21134.00,0.0486,0.3206,0.2238,21134.00,0.0486,0.3206
39,MobileNetV4 Matrix Scaling (CE),0.20,0.0366,19558.00,0.0359,0.3649,0.2340,19558.00,0.0359,0.3649
39,MobileNetV4 Matrix Scaling (CE),0.30,0.0366,19164.00,0.0134,0.5201,0.2684,19164.00,0.0134,0.5201
39,MobileNetV4 Matrix Scaling (CE),0.40,0.0366,20465.00,0.0026,0.6431,0.2533,20465.00,0.0026,0.6431
39,MobileNetV4 Matrix Scaling (CE),0.50,0.0366,21053.00,0.0023,0.6647,0.2347,21053.00,0.0023,0.6647
39,MobileNetV4 Base (FL),0.02,0.1027,231267.00,1.0000,0.0000,0.0813,231267.00,1.0000,0.0000
39,MobileNetV4 Base (FL),0.05,0.1027,231267.00,1.0000,0.0000,0.0813,231267.00,1.0000,0.0000
39,MobileNetV4 Base (FL),0.08,0.1027,218316.00,0.9440,0.0002,0.0705,218316.00,0.9440,0.0002
39,MobileNetV4 Base (FL),0.10,0.1027,179985.00,0.7772,0.0077,0.0839,179985.00,0.7772,0.0077
39,MobileNetV4 Base (FL),0.15,0.1027,101511.00,0.4316,0.0553,0.0961,101511.00,0.4316,0.0553
39,MobileNetV4 Base (FL),0.20,0.1027,49424.00,0.1937,0.1501,0.1054,49424.00,0.1937,0.1501
39,MobileNetV4 Base (FL),0.30,0.1027,23548.00,0.0624,0.2953,0.1324,23548.00,0.0624,0.2953
39,MobileNetV4 Base (FL),0.40,0.1027,19465.00,0.0346,0.3712,0.1664,19465.00,0.0346,0.3712
39,MobileNetV4 Base (FL),0.50,0.1027,19012.00,0.0162,0.4943,0.1788,19012.00,0.0162,0.4943
39,MobileNetV4 Temp Scaling (FL),0.02,0.0179,162631.00,0.7020,0.0094,0.0103,162631.00,0.7020,0.0094
39,MobileNetV4 Temp Scaling (FL),0.05,0.0179,95036.00,0.4048,0.0456,0.0091,95036.00,0.4048,0.0456
39,MobileNetV4 Temp Scaling (FL),0.08,0.0179,70409.00,0.2937,0.0809,0.0257,70409.00,0.2937,0.0809
39,MobileNetV4 Temp Scaling (FL),0.10,0.0179,53911.00,0.2167,0.1231,0.0388,53911.00,0.2167,0.1231
39,MobileNetV4 Temp Scaling (FL),0.15,0.0179,31763.00,0.1104,0.2017,0.0517,31763.00,0.1104,0.2017
39,MobileNetV4 Temp Scaling (FL),0.20,0.0179,27642.00,0.0873,0.2411,0.0604,27642.00,0.0873,0.2411
39,MobileNetV4 Temp Scaling (FL),0.30,0.0179,19979.00,0.0392,0.3537,0.0802,19979.00,0.0392,0.3537
39,MobileNetV4 Temp Scaling (FL),0.40,0.0179,19465.00,0.0346,0.3712,0.0880,19465.00,0.0346,0.3712
39,MobileNetV4 Temp Scaling (FL),0.50,0.0179,18842.00,0.0172,0.4814,0.0882,18842.00,0.0172,0.4814
39,MobileNetV4 Matrix Scaling (FL),0.02,0.0444,225885.00,0.9767,0.0002,0.0140,225885.00,0.9767,0.0002
39,MobileNetV4 Matrix Scaling (FL),0.05,0.0444,118115.00,0.5066,0.0312,0.0292,118115.00,0.5066,0.0312
39,MobileNetV4 Matrix Scaling (FL),0.08,0.0444,66185.00,0.2729,0.0998,0.0434,66185.00,0.2729,0.0998
39,MobileNetV4 Matrix Scaling (FL),0.10,0.0444,43935.00,0.1686,0.1603,0.0825,43935.00,0.1686,0.1603
39,MobileNetV4 Matrix Scaling (FL),0.15,0.0444,28203.00,0.0911,0.2311,0.1067,28203.00,0.0911,0.2311
39,MobileNetV4 Matrix Scaling (FL),0.20,0.0444,21904.00,0.0507,0.3293,0.1728,21904.00,0.0507,0.3293
39,MobileNetV4 Matrix Scaling (FL),0.30,0.0444,19370.00,0.0307,0.3975,0.2354,19370.00,0.0307,0.3975
39,MobileNetV4 Matrix Scaling (FL),0.40,0.0444,19324.00,0.0098,0.5527,0.2209,19324.00,0.0098,0.5527
39,MobileNetV4 Matrix Scaling (FL),0.50,0.0444,20749.00,0.0024,0.6538,0.2164,20749.00,0.0024,0.6538
4,SegFormer Base (CE),0.02,0.0176,35773.00,0.1365,0.0000,0.0380,35773.00,0.1365,0.0000
4,SegFormer Base (CE),0.05,0.0176,21222.00,0.0810,0.0394,0.0426,21222.00,0.0810,0.0394
4,SegFormer Base (CE),0.08,0.0176,12348.00,0.0471,0.0394,0.0762,12348.00,0.0471,0.0394
4,SegFormer Base (CE),0.10,0.0176,7622.00,0.0287,0.9055,0.0961,7622.00,0.0287,0.9055
4,SegFormer Base (CE),0.15,0.0176,733.00,0.0023,1.0000,0.1109,733.00,0.0023,1.0000
4,SegFormer Base (CE),0.20,0.0176,733.00,0.0023,1.0000,0.1109,733.00,0.0023,1.0000
4,SegFormer Base (CE),0.30,0.0176,127.00,0.0000,1.0000,0.0195,127.00,0.0000,1.0000
4,SegFormer Base (CE),0.40,0.0176,127.00,0.0000,1.0000,0.0195,127.00,0.0000,1.0000
4,SegFormer Base (CE),0.50,0.0176,127.00,0.0000,1.0000,0.0195,127.00,0.0000,1.0000
4,SegFormer Temp Scaling (CE),0.02,0.0017,11258.00,0.0429,0.0394,0.0300,11258.00,0.0429,0.0394
4,SegFormer Temp Scaling (CE),0.05,0.0017,5054.00,0.0193,0.0394,0.0429,5054.00,0.0193,0.0394
4,SegFormer Temp Scaling (CE),0.08,0.0017,733.00,0.0023,1.0000,0.0806,733.00,0.0023,1.0000
4,SegFormer Temp Scaling (CE),0.10,0.0017,733.00,0.0023,1.0000,0.0806,733.00,0.0023,1.0000
4,SegFormer Temp Scaling (CE),0.15,0.0017,733.00,0.0023,1.0000,0.0806,733.00,0.0023,1.0000
4,SegFormer Temp Scaling (CE),0.20,0.0017,127.00,0.0000,1.0000,0.0023,127.00,0.0000,1.0000
4,SegFormer Temp Scaling (CE),0.30,0.0017,127.00,0.0000,1.0000,0.0023,127.00,0.0000,1.0000
4,SegFormer Temp Scaling (CE),0.40,0.0017,127.00,0.0000,1.0000,0.0023,127.00,0.0000,1.0000
4,SegFormer Temp Scaling (CE),0.50,0.0017,127.00,0.0000,1.0000,0.0023,127.00,0.0000,1.0000
4,SegFormer Matrix Scaling (CE),0.02,0.0069,23720.00,0.0905,0.0394,0.0211,23720.00,0.0905,0.0394
4,SegFormer Matrix Scaling (CE),0.05,0.0069,14833.00,0.0566,0.0394,0.0491,14833.00,0.0566,0.0394
4,SegFormer Matrix Scaling (CE),0.08,0.0069,5400.00,0.0202,0.9055,0.0700,5400.00,0.0202,0.9055
4,SegFormer Matrix Scaling (CE),0.10,0.0069,733.00,0.0023,1.0000,0.0779,733.00,0.0023,1.0000
4,SegFormer Matrix Scaling (CE),0.15,0.0069,127.00,0.0000,1.0000,0.0084,127.00,0.0000,1.0000
4,SegFormer Matrix Scaling (CE),0.20,0.0069,127.00,0.0000,1.0000,0.0084,127.00,0.0000,1.0000
4,SegFormer Matrix Scaling (CE),0.30,0.0069,127.00,0.0000,1.0000,0.0084,127.00,0.0000,1.0000
4,SegFormer Matrix Scaling (CE),0.40,0.0069,127.00,0.0000,1.0000,0.0084,127.00,0.0000,1.0000
4,SegFormer Matrix Scaling (CE),0.50,0.0069,127.00,0.0000,1.0000,0.0084,127.00,0.0000,1.0000
4,SegFormer Base (FL),0.02,0.0596,262017.00,1.0000,0.0000,0.0610,262017.00,1.0000,0.0000
4,SegFormer Base (FL),0.05,0.0596,260842.00,0.9955,0.0000,0.0549,260842.00,0.9955,0.0000
4,SegFormer Base (FL),0.08,0.0596,20939.00,0.0799,0.0000,0.0780,20939.00,0.0799,0.0000
4,SegFormer Base (FL),0.10,0.0596,13364.00,0.0510,0.0000,0.1034,13364.00,0.0510,0.0000
4,SegFormer Base (FL),0.15,0.0596,3597.00,0.0132,1.0000,0.1143,3597.00,0.0132,1.0000
4,SegFormer Base (FL),0.20,0.0596,127.00,0.0000,1.0000,0.0610,127.00,0.0000,1.0000
4,SegFormer Base (FL),0.30,0.0596,127.00,0.0000,1.0000,0.0610,127.00,0.0000,1.0000
4,SegFormer Base (FL),0.40,0.0596,127.00,0.0000,1.0000,0.0610,127.00,0.0000,1.0000
4,SegFormer Base (FL),0.50,0.0596,127.00,0.0000,1.0000,0.0610,127.00,0.0000,1.0000
4,SegFormer Temp Scaling (FL),0.02,0.0040,14772.00,0.0564,0.0000,0.0201,14772.00,0.0564,0.0000
4,SegFormer Temp Scaling (FL),0.05,0.0040,4087.00,0.0155,0.1339,0.0057,4087.00,0.0155,0.1339
4,SegFormer Temp Scaling (FL),0.08,0.0040,2653.00,0.0101,0.1339,0.0594,2653.00,0.0101,0.1339
4,SegFormer Temp Scaling (FL),0.10,0.0040,2163.00,0.0078,1.0000,0.0558,2163.00,0.0078,1.0000
4,SegFormer Temp Scaling (FL),0.15,0.0040,127.00,0.0000,1.0000,0.0048,127.00,0.0000,1.0000
4,SegFormer Temp Scaling (FL),0.20,0.0040,127.00,0.0000,1.0000,0.0048,127.00,0.0000,1.0000
4,SegFormer Temp Scaling (FL),0.30,0.0040,127.00,0.0000,1.0000,0.0048,127.00,0.0000,1.0000
4,SegFormer Temp Scaling (FL),0.40,0.0040,127.00,0.0000,1.0000,0.0048,127.00,0.0000,1.0000
4,SegFormer Temp Scaling (FL),0.50,0.0040,127.00,0.0000,1.0000,0.0048,127.00,0.0000,1.0000
4,SegFormer Matrix Scaling (FL),0.02,0.0101,22937.00,0.0875,0.0000,0.0202,22937.00,0.0875,0.0000
4,SegFormer Matrix Scaling (FL),0.05,0.0101,9879.00,0.0376,0.1339,0.0340,9879.00,0.0376,0.1339
4,SegFormer Matrix Scaling (FL),0.08,0.0101,3597.00,0.0132,1.0000,0.0489,3597.00,0.0132,1.0000
4,SegFormer Matrix Scaling (FL),0.10,0.0101,127.00,0.0000,1.0000,0.0113,127.00,0.0000,1.0000
4,SegFormer Matrix Scaling (FL),0.15,0.0101,127.00,0.0000,1.0000,0.0113,127.00,0.0000,1.0000
4,SegFormer Matrix Scaling (FL),0.20,0.0101,127.00,0.0000,1.0000,0.0113,127.00,0.0000,1.0000
4,SegFormer Matrix Scaling (FL),0.30,0.0101,127.00,0.0000,1.0000,0.0113,127.00,0.0000,1.0000
4,SegFormer Matrix Scaling (FL),0.40,0.0101,127.00,0.0000,1.0000,0.0113,127.00,0.0000,1.0000
4,SegFormer Matrix Scaling (FL),0.50,0.0101,127.00,0.0000,1.0000,0.0113,127.00,0.0000,1.0000
4,MobileNetV4 Base (CE),0.02,0.0202,32163.00,0.1228,0.0000,0.0269,32163.00,0.1228,0.0000
4,MobileNetV4 Base (CE),0.05,0.0202,16512.00,0.0630,0.0000,0.0467,16512.00,0.0630,0.0000
4,MobileNetV4 Base (CE),0.08,0.0202,2011.00,0.0076,0.1339,0.0804,2011.00,0.0076,0.1339
4,MobileNetV4 Base (CE),0.10,0.0202,1223.00,0.0046,0.1339,0.0776,1223.00,0.0046,0.1339
4,MobileNetV4 Base (CE),0.15,0.0202,1223.00,0.0046,0.1339,0.0776,1223.00,0.0046,0.1339
4,MobileNetV4 Base (CE),0.20,0.0202,733.00,0.0023,1.0000,0.1159,733.00,0.0023,1.0000
4,MobileNetV4 Base (CE),0.30,0.0202,127.00,0.0000,1.0000,0.0210,127.00,0.0000,1.0000
4,MobileNetV4 Base (CE),0.40,0.0202,127.00,0.0000,1.0000,0.0210,127.00,0.0000,1.0000
4,MobileNetV4 Base (CE),0.50,0.0202,127.00,0.0000,1.0000,0.0210,127.00,0.0000,1.0000
4,MobileNetV4 Temp Scaling (CE),0.02,0.0036,10526.00,0.0402,0.0394,0.0445,10526.00,0.0402,0.0394
4,MobileNetV4 Temp Scaling (CE),0.05,0.0036,2011.00,0.0076,0.1339,0.0507,2011.00,0.0076,0.1339
4,MobileNetV4 Temp Scaling (CE),0.08,0.0036,1223.00,0.0046,0.1339,0.0499,1223.00,0.0046,0.1339
4,MobileNetV4 Temp Scaling (CE),0.10,0.0036,1223.00,0.0046,0.1339,0.0499,1223.00,0.0046,0.1339
4,MobileNetV4 Temp Scaling (CE),0.15,0.0036,733.00,0.0023,1.0000,0.0883,733.00,0.0023,1.0000
4,MobileNetV4 Temp Scaling (CE),0.20,0.0036,127.00,0.0000,1.0000,0.0040,127.00,0.0000,1.0000
4,MobileNetV4 Temp Scaling (CE),0.30,0.0036,127.00,0.0000,1.0000,0.0040,127.00,0.0000,1.0000
4,MobileNetV4 Temp Scaling (CE),0.40,0.0036,127.00,0.0000,1.0000,0.0040,127.00,0.0000,1.0000
4,MobileNetV4 Temp Scaling (CE),0.50,0.0036,127.00,0.0000,1.0000,0.0040,127.00,0.0000,1.0000
4,MobileNetV4 Matrix Scaling (CE),0.02,0.0118,25463.00,0.0972,0.0000,0.0215,25463.00,0.0972,0.0000
4,MobileNetV4 Matrix Scaling (CE),0.05,0.0118,5662.00,0.0215,0.1339,0.0531,5662.00,0.0215,0.1339
4,MobileNetV4 Matrix Scaling (CE),0.08,0.0118,1223.00,0.0046,0.1339,0.0448,1223.00,0.0046,0.1339
4,MobileNetV4 Matrix Scaling (CE),0.10,0.0118,1223.00,0.0046,0.1339,0.0448,1223.00,0.0046,0.1339
4,MobileNetV4 Matrix Scaling (CE),0.15,0.0118,733.00,0.0023,1.0000,0.0893,733.00,0.0023,1.0000
4,MobileNetV4 Matrix Scaling (CE),0.20,0.0118,127.00,0.0000,1.0000,0.0126,127.00,0.0000,1.0000
4,MobileNetV4 Matrix Scaling (CE),0.30,0.0118,127.00,0.0000,1.0000,0.0126,127.00,0.0000,1.0000
4,MobileNetV4 Matrix Scaling (CE),0.40,0.0118,127.00,0.0000,1.0000,0.0126,127.00,0.0000,1.0000
4,MobileNetV4 Matrix Scaling (CE),0.50,0.0118,127.00,0.0000,1.0000,0.0126,127.00,0.0000,1.0000
4,MobileNetV4 Base (FL),0.02,0.0450,262017.00,1.0000,0.0000,0.0461,262017.00,1.0000,0.0000
4,MobileNetV4 Base (FL),0.05,0.0450,36510.00,0.1393,0.0000,0.0529,36510.00,0.1393,0.0000
4,MobileNetV4 Base (FL),0.08,0.0450,14722.00,0.0561,0.1339,0.0683,14722.00,0.0561,0.1339
4,MobileNetV4 Base (FL),0.10,0.0450,6545.00,0.0249,0.1339,0.0841,6545.00,0.0249,0.1339
4,MobileNetV4 Base (FL),0.15,0.0450,1223.00,0.0046,0.1339,0.0838,1223.00,0.0046,0.1339
4,MobileNetV4 Base (FL),0.20,0.0450,127.00,0.0000,1.0000,0.0461,127.00,0.0000,1.0000
4,MobileNetV4 Base (FL),0.30,0.0450,127.00,0.0000,1.0000,0.0461,127.00,0.0000,1.0000
4,MobileNetV4 Base (FL),0.40,0.0450,127.00,0.0000,1.0000,0.0461,127.00,0.0000,1.0000
4,MobileNetV4 Base (FL),0.50,0.0450,127.00,0.0000,1.0000,0.0461,127.00,0.0000,1.0000
4,MobileNetV4 Temp Scaling (FL),0.02,0.0034,11116.00,0.0424,0.1339,0.0323,11116.00,0.0424,0.1339
4,MobileNetV4 Temp Scaling (FL),0.05,0.0034,2011.00,0.0076,0.1339,0.0414,2011.00,0.0076,0.1339
4,MobileNetV4 Temp Scaling (FL),0.08,0.0034,1223.00,0.0046,0.1339,0.0304,1223.00,0.0046,0.1339
4,MobileNetV4 Temp Scaling (FL),0.10,0.0034,1223.00,0.0046,0.1339,0.0304,1223.00,0.0046,0.1339
4,MobileNetV4 Temp Scaling (FL),0.15,0.0034,127.00,0.0000,1.0000,0.0039,127.00,0.0000,1.0000
4,MobileNetV4 Temp Scaling (FL),0.20,0.0034,127.00,0.0000,1.0000,0.0039,127.00,0.0000,1.0000
4,MobileNetV4 Temp Scaling (FL),0.30,0.0034,127.00,0.0000,1.0000,0.0039,127.00,0.0000,1.0000
4,MobileNetV4 Temp Scaling (FL),0.40,0.0034,127.00,0.0000,1.0000,0.0039,127.00,0.0000,1.0000
4,MobileNetV4 Temp Scaling (FL),0.50,0.0034,127.00,0.0000,1.0000,0.0039,127.00,0.0000,1.0000
4,MobileNetV4 Matrix Scaling (FL),0.02,0.0137,26791.00,0.1022,0.0000,0.0181,26791.00,0.1022,0.0000
4,MobileNetV4 Matrix Scaling (FL),0.05,0.0137,6735.00,0.0256,0.1339,0.0281,6735.00,0.0256,0.1339
4,MobileNetV4 Matrix Scaling (FL),0.08,0.0137,1223.00,0.0046,0.1339,0.0560,1223.00,0.0046,0.1339
4,MobileNetV4 Matrix Scaling (FL),0.10,0.0137,733.00,0.0023,1.0000,0.0633,733.00,0.0023,1.0000
4,MobileNetV4 Matrix Scaling (FL),0.15,0.0137,127.00,0.0000,1.0000,0.0145,127.00,0.0000,1.0000
4,MobileNetV4 Matrix Scaling (FL),0.20,0.0137,127.00,0.0000,1.0000,0.0145,127.00,0.0000,1.0000
4,MobileNetV4 Matrix Scaling (FL),0.30,0.0137,127.00,0.0000,1.0000,0.0145,127.00,0.0000,1.0000
4,MobileNetV4 Matrix Scaling (FL),0.40,0.0137,127.00,0.0000,1.0000,0.0145,127.00,0.0000,1.0000
4,MobileNetV4 Matrix Scaling (FL),0.50,0.0137,127.00,0.0000,1.0000,0.0145,127.00,0.0000,1.0000
40,SegFormer Base (CE),0.02,0.0161,244102.00,0.9888,0.0000,0.0153,244102.00,0.9888,0.0000
40,SegFormer Base (CE),0.05,0.0161,71798.00,0.2815,0.1504,0.0518,71798.00,0.2815,0.1504
40,SegFormer Base (CE),0.08,0.0161,36425.00,0.1226,0.4032,0.0757,36425.00,0.1226,0.4032
40,SegFormer Base (CE),0.10,0.0161,26119.00,0.0736,0.5199,0.0838,26119.00,0.0736,0.5199
40,SegFormer Base (CE),0.15,0.0161,15510.00,0.0202,0.6889,0.1481,15510.00,0.0202,0.6889
40,SegFormer Base (CE),0.20,0.0161,14826.00,0.0165,0.7039,0.1581,14826.00,0.0165,0.7039
40,SegFormer Base (CE),0.30,0.0161,13757.00,0.0067,0.7935,0.1947,13757.00,0.0067,0.7935
40,SegFormer Base (CE),0.40,0.0161,13974.00,0.0016,0.8900,0.2158,13974.00,0.0016,0.8900
40,SegFormer Base (CE),0.50,0.0161,14826.00,0.0001,0.9701,0.1709,14826.00,0.0001,0.9701
40,SegFormer Temp Scaling (CE),0.02,0.0339,47027.00,0.1712,0.3127,0.0945,47027.00,0.1712,0.3127
40,SegFormer Temp Scaling (CE),0.05,0.0339,28532.00,0.0848,0.4980,0.1072,28532.00,0.0848,0.4980
40,SegFormer Temp Scaling (CE),0.08,0.0339,22190.00,0.0548,0.5665,0.1196,22190.00,0.0548,0.5665
40,SegFormer Temp Scaling (CE),0.10,0.0339,18413.00,0.0353,0.6349,0.1246,18413.00,0.0353,0.6349
40,SegFormer Temp Scaling (CE),0.15,0.0339,14826.00,0.0165,0.7039,0.1642,14826.00,0.0165,0.7039
40,SegFormer Temp Scaling (CE),0.20,0.0339,13997.00,0.0083,0.7831,0.1548,13997.00,0.0083,0.7831
40,SegFormer Temp Scaling (CE),0.30,0.0339,13757.00,0.0067,0.7935,0.1830,13757.00,0.0067,0.7935
40,SegFormer Temp Scaling (CE),0.40,0.0339,13825.00,0.0029,0.8590,0.1899,13825.00,0.0029,0.8590
40,SegFormer Temp Scaling (CE),0.50,0.0339,13974.00,0.0016,0.8900,0.1956,13974.00,0.0016,0.8900
40,SegFormer Matrix Scaling (CE),0.02,0.0256,92611.00,0.3689,0.1003,0.0675,92611.00,0.3689,0.1003
40,SegFormer Matrix Scaling (CE),0.05,0.0256,38706.00,0.1332,0.3820,0.0917,38706.00,0.1332,0.3820
40,SegFormer Matrix Scaling (CE),0.08,0.0256,21133.00,0.0469,0.6259,0.0894,21133.00,0.0469,0.6259
40,SegFormer Matrix Scaling (CE),0.10,0.0256,17268.00,0.0275,0.6869,0.1183,17268.00,0.0275,0.6869
40,SegFormer Matrix Scaling (CE),0.15,0.0256,15054.00,0.0151,0.7419,0.1940,15054.00,0.0151,0.7419
40,SegFormer Matrix Scaling (CE),0.20,0.0256,13757.00,0.0067,0.7935,0.2796,13757.00,0.0067,0.7935
40,SegFormer Matrix Scaling (CE),0.30,0.0256,13825.00,0.0029,0.8590,0.2829,13825.00,0.0029,0.8590
40,SegFormer Matrix Scaling (CE),0.40,0.0256,14245.00,0.0013,0.9127,0.1950,14245.00,0.0013,0.9127
40,SegFormer Matrix Scaling (CE),0.50,0.0256,14826.00,0.0001,0.9701,0.2274,14826.00,0.0001,0.9701
40,SegFormer Base (FL),0.02,0.0538,246877.00,1.0000,0.0000,0.0420,246877.00,1.0000,0.0000
40,SegFormer Base (FL),0.05,0.0538,244700.00,0.9912,0.0000,0.0475,244700.00,0.9912,0.0000
40,SegFormer Base (FL),0.08,0.0538,133899.00,0.5396,0.0449,0.0513,133899.00,0.5396,0.0449
40,SegFormer Base (FL),0.10,0.0538,76731.00,0.3003,0.1699,0.0323,76731.00,0.3003,0.1699
40,SegFormer Base (FL),0.15,0.0538,27925.00,0.0832,0.4837,0.0577,27925.00,0.0832,0.4837
40,SegFormer Base (FL),0.20,0.0538,16828.00,0.0271,0.6637,0.1050,16828.00,0.0271,0.6637
40,SegFormer Base (FL),0.30,0.0538,13997.00,0.0083,0.7831,0.1667,13997.00,0.0083,0.7831
40,SegFormer Base (FL),0.40,0.0538,13825.00,0.0029,0.8590,0.2354,13825.00,0.0029,0.8590
40,SegFormer Base (FL),0.50,0.0538,14826.00,0.0001,0.9701,0.1907,14826.00,0.0001,0.9701
40,SegFormer Temp Scaling (FL),0.02,0.0247,79879.00,0.3156,0.1292,0.0466,79879.00,0.3156,0.1292
40,SegFormer Temp Scaling (FL),0.05,0.0247,38170.00,0.1315,0.3745,0.1003,38170.00,0.1315,0.3745
40,SegFormer Temp Scaling (FL),0.08,0.0247,26565.00,0.0756,0.5180,0.0976,26565.00,0.0756,0.5180
40,SegFormer Temp Scaling (FL),0.10,0.0247,21607.00,0.0516,0.5811,0.1080,21607.00,0.0516,0.5811
40,SegFormer Temp Scaling (FL),0.15,0.0247,15343.00,0.0192,0.6944,0.1705,15343.00,0.0192,0.6944
40,SegFormer Temp Scaling (FL),0.20,0.0247,14669.00,0.0146,0.7243,0.1695,14669.00,0.0146,0.7243
40,SegFormer Temp Scaling (FL),0.30,0.0247,13997.00,0.0083,0.7831,0.1627,13997.00,0.0083,0.7831
40,SegFormer Temp Scaling (FL),0.40,0.0247,13825.00,0.0029,0.8590,0.2180,13825.00,0.0029,0.8590
40,SegFormer Temp Scaling (FL),0.50,0.0247,14245.00,0.0013,0.9127,0.1307,14245.00,0.0013,0.9127
40,SegFormer Matrix Scaling (FL),0.02,0.0293,90073.00,0.3564,0.1373,0.0834,90073.00,0.3564,0.1373
40,SegFormer Matrix Scaling (FL),0.05,0.0293,38903.00,0.1293,0.4568,0.1009,38903.00,0.1293,0.4568
40,SegFormer Matrix Scaling (FL),0.08,0.0293,20144.00,0.0395,0.6812,0.0947,20144.00,0.0395,0.6812
40,SegFormer Matrix Scaling (FL),0.10,0.0293,18033.00,0.0282,0.7250,0.1016,18033.00,0.0282,0.7250
40,SegFormer Matrix Scaling (FL),0.15,0.0293,14789.00,0.0097,0.8112,0.2275,14789.00,0.0097,0.8112
40,SegFormer Matrix Scaling (FL),0.20,0.0293,14788.00,0.0054,0.8816,0.1012,14788.00,0.0054,0.8816
40,SegFormer Matrix Scaling (FL),0.30,0.0293,14826.00,0.0001,0.9701,0.3249,14826.00,0.0001,0.9701
40,SegFormer Matrix Scaling (FL),0.40,0.0293,15267.00,0.0000,1.0000,0.0302,15267.00,0.0000,1.0000
40,SegFormer Matrix Scaling (FL),0.50,0.0293,15267.00,0.0000,1.0000,0.0302,15267.00,0.0000,1.0000
40,MobileNetV4 Base (CE),0.02,0.0237,243330.00,0.9856,0.0007,0.0127,243330.00,0.9856,0.0007
40,MobileNetV4 Base (CE),0.05,0.0237,105050.00,0.4174,0.1308,0.0149,105050.00,0.4174,0.1308
40,MobileNetV4 Base (CE),0.08,0.0237,44954.00,0.1604,0.3502,0.0570,44954.00,0.1604,0.3502
40,MobileNetV4 Base (CE),0.10,0.0237,27164.00,0.0788,0.5053,0.0852,27164.00,0.0788,0.5053
40,MobileNetV4 Base (CE),0.15,0.0237,15700.00,0.0221,0.6703,0.1858,15700.00,0.0221,0.6703
40,MobileNetV4 Base (CE),0.20,0.0237,13914.00,0.0086,0.7730,0.2183,13914.00,0.0086,0.7730
40,MobileNetV4 Base (CE),0.30,0.0237,13857.00,0.0053,0.8217,0.2144,13857.00,0.0053,0.8217
40,MobileNetV4 Base (CE),0.40,0.0237,14245.00,0.0013,0.9127,0.1387,14245.00,0.0013,0.9127
40,MobileNetV4 Base (CE),0.50,0.0237,14245.00,0.0013,0.9127,0.1387,14245.00,0.0013,0.9127
40,MobileNetV4 Temp Scaling (CE),0.02,0.0267,77175.00,0.3028,0.1592,0.0539,77175.00,0.3028,0.1592
40,MobileNetV4 Temp Scaling (CE),0.05,0.0267,34755.00,0.1160,0.4006,0.1143,34755.00,0.1160,0.4006
40,MobileNetV4 Temp Scaling (CE),0.08,0.0267,21090.00,0.0499,0.5740,0.1396,21090.00,0.0499,0.5740
40,MobileNetV4 Temp Scaling (CE),0.10,0.0267,18506.00,0.0372,0.6106,0.1671,18506.00,0.0372,0.6106
40,MobileNetV4 Temp Scaling (CE),0.15,0.0267,14586.00,0.0149,0.7142,0.2157,14586.00,0.0149,0.7142
40,MobileNetV4 Temp Scaling (CE),0.20,0.0267,13914.00,0.0086,0.7730,0.2194,13914.00,0.0086,0.7730
40,MobileNetV4 Temp Scaling (CE),0.30,0.0267,13857.00,0.0053,0.8217,0.2087,13857.00,0.0053,0.8217
40,MobileNetV4 Temp Scaling (CE),0.40,0.0267,13974.00,0.0016,0.8900,0.2281,13974.00,0.0016,0.8900
40,MobileNetV4 Temp Scaling (CE),0.50,0.0267,14245.00,0.0013,0.9127,0.1348,14245.00,0.0013,0.9127
40,MobileNetV4 Matrix Scaling (CE),0.02,0.0167,155718.00,0.6282,0.0415,0.0058,155718.00,0.6282,0.0415
40,MobileNetV4 Matrix Scaling (CE),0.05,0.0167,50261.00,0.1865,0.2769,0.0866,50261.00,0.1865,0.2769
40,MobileNetV4 Matrix Scaling (CE),0.08,0.0167,24795.00,0.0661,0.5555,0.1098,24795.00,0.0661,0.5555
40,MobileNetV4 Matrix Scaling (CE),0.10,0.0167,18868.00,0.0374,0.6304,0.1517,18868.00,0.0374,0.6304
40,MobileNetV4 Matrix Scaling (CE),0.15,0.0167,14744.00,0.0145,0.7306,0.2085,14744.00,0.0145,0.7306
40,MobileNetV4 Matrix Scaling (CE),0.20,0.0167,13857.00,0.0053,0.8217,0.2771,13857.00,0.0053,0.8217
40,MobileNetV4 Matrix Scaling (CE),0.30,0.0167,13974.00,0.0016,0.8900,0.3037,13974.00,0.0016,0.8900
40,MobileNetV4 Matrix Scaling (CE),0.40,0.0167,14245.00,0.0013,0.9127,0.2011,14245.00,0.0013,0.9127
40,MobileNetV4 Matrix Scaling (CE),0.50,0.0167,15267.00,0.0000,1.0000,0.0176,15267.00,0.0000,1.0000
40,MobileNetV4 Base (FL),0.02,0.0662,246877.00,1.0000,0.0000,0.0583,246877.00,1.0000,0.0000
40,MobileNetV4 Base (FL),0.05,0.0662,224617.00,0.9097,0.0029,0.0422,224617.00,0.9097,0.0029
40,MobileNetV4 Base (FL),0.08,0.0662,157184.00,0.6336,0.0495,0.0494,157184.00,0.6336,0.0495
40,MobileNetV4 Base (FL),0.10,0.0662,116258.00,0.4615,0.1526,0.0531,116258.00,0.4615,0.1526
40,MobileNetV4 Base (FL),0.15,0.0662,45825.00,0.1637,0.3549,0.0399,45825.00,0.1637,0.3549
40,MobileNetV4 Base (FL),0.20,0.0662,24873.00,0.0679,0.5316,0.0601,24873.00,0.0679,0.5316
40,MobileNetV4 Base (FL),0.30,0.0662,14586.00,0.0149,0.7142,0.1471,14586.00,0.0149,0.7142
40,MobileNetV4 Base (FL),0.40,0.0662,13757.00,0.0067,0.7935,0.1773,13757.00,0.0067,0.7935
40,MobileNetV4 Base (FL),0.50,0.0662,14096.00,0.0026,0.8817,0.1086,14096.00,0.0026,0.8817
40,MobileNetV4 Temp Scaling (FL),0.02,0.0084,119307.00,0.4786,0.0762,0.0163,119307.00,0.4786,0.0762
40,MobileNetV4 Temp Scaling (FL),0.05,0.0084,62590.00,0.2407,0.2077,0.0375,62590.00,0.2407,0.2077
40,MobileNetV4 Temp Scaling (FL),0.08,0.0084,39072.00,0.1359,0.3618,0.0571,39072.00,0.1359,0.3618
40,MobileNetV4 Temp Scaling (FL),0.10,0.0084,32979.00,0.1083,0.4085,0.0674,32979.00,0.1083,0.4085
40,MobileNetV4 Temp Scaling (FL),0.15,0.0084,22765.00,0.0589,0.5391,0.0674,22765.00,0.0589,0.5391
40,MobileNetV4 Temp Scaling (FL),0.20,0.0084,16311.00,0.0240,0.6798,0.1154,16311.00,0.0240,0.6798
40,MobileNetV4 Temp Scaling (FL),0.30,0.0084,14279.00,0.0126,0.7319,0.1259,14279.00,0.0126,0.7319
40,MobileNetV4 Temp Scaling (FL),0.40,0.0084,13757.00,0.0067,0.7935,0.1320,13757.00,0.0067,0.7935
40,MobileNetV4 Temp Scaling (FL),0.50,0.0084,14096.00,0.0026,0.8817,0.0467,14096.00,0.0026,0.8817
40,MobileNetV4 Matrix Scaling (FL),0.02,0.0144,187395.00,0.7577,0.0216,0.0043,187395.00,0.7577,0.0216
40,MobileNetV4 Matrix Scaling (FL),0.05,0.0144,72501.00,0.2807,0.2096,0.0294,72501.00,0.2807,0.2096
40,MobileNetV4 Matrix Scaling (FL),0.08,0.0144,38748.00,0.1327,0.3929,0.0690,38748.00,0.1327,0.3929
40,MobileNetV4 Matrix Scaling (FL),0.10,0.0144,27628.00,0.0822,0.4810,0.0927,27628.00,0.0822,0.4810
40,MobileNetV4 Matrix Scaling (FL),0.15,0.0144,16311.00,0.0240,0.6798,0.2038,16311.00,0.0240,0.6798
40,MobileNetV4 Matrix Scaling (FL),0.20,0.0144,14279.00,0.0126,0.7319,0.2280,14279.00,0.0126,0.7319
40,MobileNetV4 Matrix Scaling (FL),0.30,0.0144,14028.00,0.0064,0.8161,0.1481,14028.00,0.0064,0.8161
40,MobileNetV4 Matrix Scaling (FL),0.40,0.0144,14096.00,0.0026,0.8817,0.1371,14096.00,0.0026,0.8817
40,MobileNetV4 Matrix Scaling (FL),0.50,0.0144,14826.00,0.0001,0.9701,0.2074,14826.00,0.0001,0.9701
41,SegFormer Base (CE),0.02,0.0190,215495.00,0.8326,0.0000,0.0184,215495.00,0.8326,0.0000
41,SegFormer Base (CE),0.05,0.0190,27647.00,0.1006,0.4796,0.0010,27647.00,0.1006,0.4796
41,SegFormer Base (CE),0.08,0.0190,8699.00,0.0232,0.8055,0.0055,8699.00,0.0232,0.8055
41,SegFormer Base (CE),0.10,0.0190,5038.00,0.0077,0.9157,0.0163,5038.00,0.0077,0.9157
41,SegFormer Base (CE),0.15,0.0190,3915.00,0.0026,0.9718,0.0244,3915.00,0.0026,0.9718
41,SegFormer Base (CE),0.20,0.0190,3332.00,0.0000,1.0000,0.0195,3332.00,0.0000,1.0000
41,SegFormer Base (CE),0.30,0.0190,3332.00,0.0000,1.0000,0.0195,3332.00,0.0000,1.0000
41,SegFormer Base (CE),0.40,0.0190,3332.00,0.0000,1.0000,0.0195,3332.00,0.0000,1.0000
41,SegFormer Base (CE),0.50,0.0190,3332.00,0.0000,1.0000,0.0195,3332.00,0.0000,1.0000
41,SegFormer Temp Scaling (CE),0.02,0.0088,12609.00,0.0396,0.7113,0.0489,12609.00,0.0396,0.7113
41,SegFormer Temp Scaling (CE),0.05,0.0088,5737.00,0.0106,0.8983,0.0301,5737.00,0.0106,0.8983
41,SegFormer Temp Scaling (CE),0.08,0.0088,4488.00,0.0052,0.9433,0.0189,4488.00,0.0052,0.9433
41,SegFormer Temp Scaling (CE),0.10,0.0088,3915.00,0.0026,0.9718,0.0090,3915.00,0.0026,0.9718
41,SegFormer Temp Scaling (CE),0.15,0.0088,3332.00,0.0000,1.0000,0.0086,3332.00,0.0000,1.0000
41,SegFormer Temp Scaling (CE),0.20,0.0088,3332.00,0.0000,1.0000,0.0086,3332.00,0.0000,1.0000
41,SegFormer Temp Scaling (CE),0.30,0.0088,3332.00,0.0000,1.0000,0.0086,3332.00,0.0000,1.0000
41,SegFormer Temp Scaling (CE),0.40,0.0088,3332.00,0.0000,1.0000,0.0086,3332.00,0.0000,1.0000
41,SegFormer Temp Scaling (CE),0.50,0.0088,3332.00,0.0000,1.0000,0.0086,3332.00,0.0000,1.0000
41,SegFormer Matrix Scaling (CE),0.02,0.0066,107585.00,0.4129,0.2179,0.0045,107585.00,0.4129,0.2179
41,SegFormer Matrix Scaling (CE),0.05,0.0066,15623.00,0.0501,0.7965,0.0289,15623.00,0.0501,0.7965
41,SegFormer Matrix Scaling (CE),0.08,0.0066,7321.00,0.0168,0.8950,0.0079,7321.00,0.0168,0.8950
41,SegFormer Matrix Scaling (CE),0.10,0.0066,3882.00,0.0025,0.9724,0.0140,3882.00,0.0025,0.9724
41,SegFormer Matrix Scaling (CE),0.15,0.0066,3332.00,0.0000,1.0000,0.0077,3332.00,0.0000,1.0000
41,SegFormer Matrix Scaling (CE),0.20,0.0066,3332.00,0.0000,1.0000,0.0077,3332.00,0.0000,1.0000
41,SegFormer Matrix Scaling (CE),0.30,0.0066,3332.00,0.0000,1.0000,0.0077,3332.00,0.0000,1.0000
41,SegFormer Matrix Scaling (CE),0.40,0.0066,3332.00,0.0000,1.0000,0.0077,3332.00,0.0000,1.0000
41,SegFormer Matrix Scaling (CE),0.50,0.0066,3332.00,0.0000,1.0000,0.0077,3332.00,0.0000,1.0000
41,SegFormer Base (FL),0.02,0.0472,258812.00,1.0000,0.0000,0.0469,258812.00,1.0000,0.0000
41,SegFormer Base (FL),0.05,0.0472,134966.00,0.5207,0.0615,0.0481,134966.00,0.5207,0.0615
41,SegFormer Base (FL),0.08,0.0472,37352.00,0.1386,0.4463,0.0557,37352.00,0.1386,0.4463
41,SegFormer Base (FL),0.10,0.0472,20934.00,0.0732,0.5933,0.0540,20934.00,0.0732,0.5933
41,SegFormer Base (FL),0.15,0.0472,8093.00,0.0207,0.8229,0.0644,8093.00,0.0207,0.8229
41,SegFormer Base (FL),0.20,0.0472,4488.00,0.0052,0.9433,0.0960,4488.00,0.0052,0.9433
41,SegFormer Base (FL),0.30,0.0472,3332.00,0.0000,1.0000,0.0469,3332.00,0.0000,1.0000
41,SegFormer Base (FL),0.40,0.0472,3332.00,0.0000,1.0000,0.0469,3332.00,0.0000,1.0000
41,SegFormer Base (FL),0.50,0.0472,3332.00,0.0000,1.0000,0.0469,3332.00,0.0000,1.0000
41,SegFormer Temp Scaling (FL),0.02,0.0048,26397.00,0.0955,0.5039,0.0202,26397.00,0.0955,0.5039
41,SegFormer Temp Scaling (FL),0.05,0.0048,10650.00,0.0311,0.7788,0.0234,10650.00,0.0311,0.7788
41,SegFormer Temp Scaling (FL),0.08,0.0048,7236.00,0.0169,0.8571,0.0273,7236.00,0.0169,0.8571
41,SegFormer Temp Scaling (FL),0.10,0.0048,5187.00,0.0081,0.9259,0.0362,5187.00,0.0081,0.9259
41,SegFormer Temp Scaling (FL),0.15,0.0048,4488.00,0.0052,0.9433,0.0497,4488.00,0.0052,0.9433
41,SegFormer Temp Scaling (FL),0.20,0.0048,3915.00,0.0026,0.9718,0.0463,3915.00,0.0026,0.9718
41,SegFormer Temp Scaling (FL),0.30,0.0048,3332.00,0.0000,1.0000,0.0035,3332.00,0.0000,1.0000
41,SegFormer Temp Scaling (FL),0.40,0.0048,3332.00,0.0000,1.0000,0.0035,3332.00,0.0000,1.0000
41,SegFormer Temp Scaling (FL),0.50,0.0048,3332.00,0.0000,1.0000,0.0035,3332.00,0.0000,1.0000
41,SegFormer Matrix Scaling (FL),0.02,0.0046,80439.00,0.3070,0.2974,0.0003,80439.00,0.3070,0.2974
41,SegFormer Matrix Scaling (FL),0.05,0.0046,11572.00,0.0344,0.8022,0.0201,11572.00,0.0344,0.8022
41,SegFormer Matrix Scaling (FL),0.08,0.0046,7415.00,0.0175,0.8628,0.0051,7415.00,0.0175,0.8628
41,SegFormer Matrix Scaling (FL),0.10,0.0046,3915.00,0.0026,0.9718,0.0073,3915.00,0.0026,0.9718
41,SegFormer Matrix Scaling (FL),0.15,0.0046,3332.00,0.0000,1.0000,0.0055,3332.00,0.0000,1.0000
41,SegFormer Matrix Scaling (FL),0.20,0.0046,3332.00,0.0000,1.0000,0.0055,3332.00,0.0000,1.0000
41,SegFormer Matrix Scaling (FL),0.30,0.0046,3332.00,0.0000,1.0000,0.0055,3332.00,0.0000,1.0000
41,SegFormer Matrix Scaling (FL),0.40,0.0046,3332.00,0.0000,1.0000,0.0055,3332.00,0.0000,1.0000
41,SegFormer Matrix Scaling (FL),0.50,0.0046,3332.00,0.0000,1.0000,0.0055,3332.00,0.0000,1.0000
41,MobileNetV4 Base (CE),0.02,0.0322,241133.00,0.9317,0.0000,0.0190,241133.00,0.9317,0.0000
41,MobileNetV4 Base (CE),0.05,0.0322,59692.00,0.2278,0.2185,0.0250,59692.00,0.2278,0.2185
41,MobileNetV4 Base (CE),0.08,0.0322,25687.00,0.0929,0.4967,0.0487,25687.00,0.0929,0.4967
41,MobileNetV4 Base (CE),0.10,0.0322,16797.00,0.0573,0.5918,0.0603,16797.00,0.0573,0.5918
41,MobileNetV4 Base (CE),0.15,0.0322,9129.00,0.0259,0.7260,0.0413,9129.00,0.0259,0.7260
41,MobileNetV4 Base (CE),0.20,0.0322,5154.00,0.0081,0.9202,0.0738,5154.00,0.0081,0.9202
41,MobileNetV4 Base (CE),0.30,0.0322,3332.00,0.0000,1.0000,0.0318,3332.00,0.0000,1.0000
41,MobileNetV4 Base (CE),0.40,0.0322,3332.00,0.0000,1.0000,0.0318,3332.00,0.0000,1.0000
41,MobileNetV4 Base (CE),0.50,0.0322,3332.00,0.0000,1.0000,0.0318,3332.00,0.0000,1.0000
41,MobileNetV4 Temp Scaling (CE),0.02,0.0050,50071.00,0.1911,0.1828,0.0163,50071.00,0.1911,0.1828
41,MobileNetV4 Temp Scaling (CE),0.05,0.0050,18520.00,0.0640,0.5837,0.0187,18520.00,0.0640,0.5837
41,MobileNetV4 Temp Scaling (CE),0.08,0.0050,12399.00,0.0395,0.6531,0.0118,12399.00,0.0395,0.6531
41,MobileNetV4 Temp Scaling (CE),0.10,0.0050,10608.00,0.0321,0.6876,0.0135,10608.00,0.0321,0.6876
41,MobileNetV4 Temp Scaling (CE),0.15,0.0050,5154.00,0.0081,0.9202,0.0437,5154.00,0.0081,0.9202
41,MobileNetV4 Temp Scaling (CE),0.20,0.0050,3332.00,0.0000,1.0000,0.0048,3332.00,0.0000,1.0000
41,MobileNetV4 Temp Scaling (CE),0.30,0.0050,3332.00,0.0000,1.0000,0.0048,3332.00,0.0000,1.0000
41,MobileNetV4 Temp Scaling (CE),0.40,0.0050,3332.00,0.0000,1.0000,0.0048,3332.00,0.0000,1.0000
41,MobileNetV4 Temp Scaling (CE),0.50,0.0050,3332.00,0.0000,1.0000,0.0048,3332.00,0.0000,1.0000
41,MobileNetV4 Matrix Scaling (CE),0.02,0.0177,151097.00,0.5835,0.0204,0.0177,151097.00,0.5835,0.0204
41,MobileNetV4 Matrix Scaling (CE),0.05,0.0177,33407.00,0.1240,0.3980,0.0147,33407.00,0.1240,0.3980
41,MobileNetV4 Matrix Scaling (CE),0.08,0.0177,12897.00,0.0413,0.6648,0.0153,12897.00,0.0413,0.6648
41,MobileNetV4 Matrix Scaling (CE),0.10,0.0177,10479.00,0.0314,0.7044,0.0160,10479.00,0.0314,0.7044
41,MobileNetV4 Matrix Scaling (CE),0.15,0.0177,5978.00,0.0117,0.8866,0.0364,5978.00,0.0117,0.8866
41,MobileNetV4 Matrix Scaling (CE),0.20,0.0177,3332.00,0.0000,1.0000,0.0183,3332.00,0.0000,1.0000
41,MobileNetV4 Matrix Scaling (CE),0.30,0.0177,3332.00,0.0000,1.0000,0.0183,3332.00,0.0000,1.0000
41,MobileNetV4 Matrix Scaling (CE),0.40,0.0177,3332.00,0.0000,1.0000,0.0183,3332.00,0.0000,1.0000
41,MobileNetV4 Matrix Scaling (CE),0.50,0.0177,3332.00,0.0000,1.0000,0.0183,3332.00,0.0000,1.0000
41,MobileNetV4 Base (FL),0.02,0.0766,258812.00,1.0000,0.0000,0.0747,258812.00,1.0000,0.0000
41,MobileNetV4 Base (FL),0.05,0.0766,186637.00,0.7210,0.0090,0.0517,186637.00,0.7210,0.0090
41,MobileNetV4 Base (FL),0.08,0.0766,84180.00,0.3237,0.1173,0.0563,84180.00,0.3237,0.1173
41,MobileNetV4 Base (FL),0.10,0.0766,58780.00,0.2242,0.2302,0.0643,58780.00,0.2242,0.2302
41,MobileNetV4 Base (FL),0.15,0.0766,39563.00,0.1472,0.4400,0.1245,39563.00,0.1472,0.4400
41,MobileNetV4 Base (FL),0.20,0.0766,21277.00,0.0750,0.5564,0.1671,21277.00,0.0750,0.5564
41,MobileNetV4 Base (FL),0.30,0.0766,7193.00,0.0165,0.8803,0.1940,7193.00,0.0165,0.8803
41,MobileNetV4 Base (FL),0.40,0.0766,3332.00,0.0000,1.0000,0.0747,3332.00,0.0000,1.0000
41,MobileNetV4 Base (FL),0.50,0.0766,3332.00,0.0000,1.0000,0.0747,3332.00,0.0000,1.0000
41,MobileNetV4 Temp Scaling (FL),0.02,0.0168,65875.00,0.2521,0.1894,0.0087,65875.00,0.2521,0.1894
41,MobileNetV4 Temp Scaling (FL),0.05,0.0168,40059.00,0.1502,0.3544,0.0234,40059.00,0.1502,0.3544
41,MobileNetV4 Temp Scaling (FL),0.08,0.0168,26370.00,0.0956,0.4874,0.0473,26370.00,0.0956,0.4874
41,MobileNetV4 Temp Scaling (FL),0.10,0.0168,20670.00,0.0727,0.5567,0.0678,20670.00,0.0727,0.5567
41,MobileNetV4 Temp Scaling (FL),0.15,0.0168,13864.00,0.0454,0.6345,0.1161,13864.00,0.0454,0.6345
41,MobileNetV4 Temp Scaling (FL),0.20,0.0168,10896.00,0.0326,0.7365,0.1214,10896.00,0.0326,0.7365
41,MobileNetV4 Temp Scaling (FL),0.30,0.0168,4488.00,0.0050,0.9550,0.1533,4488.00,0.0050,0.9550
41,MobileNetV4 Temp Scaling (FL),0.40,0.0168,3332.00,0.0000,1.0000,0.0155,3332.00,0.0000,1.0000
41,MobileNetV4 Temp Scaling (FL),0.50,0.0168,3332.00,0.0000,1.0000,0.0155,3332.00,0.0000,1.0000
41,MobileNetV4 Matrix Scaling (FL),0.02,0.0222,134695.00,0.5199,0.0381,0.0198,134695.00,0.5199,0.0381
41,MobileNetV4 Matrix Scaling (FL),0.05,0.0222,45645.00,0.1723,0.3145,0.0172,45645.00,0.1723,0.3145
41,MobileNetV4 Matrix Scaling (FL),0.08,0.0222,23107.00,0.0824,0.5321,0.0463,23107.00,0.0824,0.5321
41,MobileNetV4 Matrix Scaling (FL),0.10,0.0222,16783.00,0.0571,0.6038,0.0662,16783.00,0.0571,0.6038
41,MobileNetV4 Matrix Scaling (FL),0.15,0.0222,9711.00,0.0278,0.7536,0.0638,9711.00,0.0278,0.7536
41,MobileNetV4 Matrix Scaling (FL),0.20,0.0222,4488.00,0.0050,0.9550,0.1001,4488.00,0.0050,0.9550
41,MobileNetV4 Matrix Scaling (FL),0.30,0.0222,3332.00,0.0000,1.0000,0.0220,3332.00,0.0000,1.0000
41,MobileNetV4 Matrix Scaling (FL),0.40,0.0222,3332.00,0.0000,1.0000,0.0220,3332.00,0.0000,1.0000
41,MobileNetV4 Matrix Scaling (FL),0.50,0.0222,3332.00,0.0000,1.0000,0.0220,3332.00,0.0000,1.0000
42,SegFormer Base (CE),0.02,0.0247,215480.00,0.8293,0.0000,0.0187,215480.00,0.8293,0.0000
42,SegFormer Base (CE),0.05,0.0247,32331.00,0.1212,0.3644,0.0313,32331.00,0.1212,0.3644
42,SegFormer Base (CE),0.08,0.0247,8174.00,0.0257,0.6442,0.0315,8174.00,0.0257,0.6442
42,SegFormer Base (CE),0.10,0.0247,5845.00,0.0163,0.6982,0.0322,5845.00,0.0163,0.6982
42,SegFormer Base (CE),0.15,0.0247,3666.00,0.0068,0.8156,0.0256,3666.00,0.0068,0.8156
42,SegFormer Base (CE),0.20,0.0247,2316.00,0.0000,1.0000,0.0252,2316.00,0.0000,1.0000
42,SegFormer Base (CE),0.30,0.0247,2316.00,0.0000,1.0000,0.0252,2316.00,0.0000,1.0000
42,SegFormer Base (CE),0.40,0.0247,2316.00,0.0000,1.0000,0.0252,2316.00,0.0000,1.0000
42,SegFormer Base (CE),0.50,0.0247,2316.00,0.0000,1.0000,0.0252,2316.00,0.0000,1.0000
42,SegFormer Temp Scaling (CE),0.02,0.0037,14058.00,0.0489,0.5855,0.0012,14058.00,0.0489,0.5855
42,SegFormer Temp Scaling (CE),0.05,0.0037,6635.00,0.0194,0.6857,0.0042,6635.00,0.0194,0.6857
42,SegFormer Temp Scaling (CE),0.08,0.0037,5119.00,0.0132,0.7258,0.0323,5119.00,0.0132,0.7258
42,SegFormer Temp Scaling (CE),0.10,0.0037,3666.00,0.0068,0.8156,0.0365,3666.00,0.0068,0.8156
42,SegFormer Temp Scaling (CE),0.15,0.0037,2316.00,0.0000,1.0000,0.0034,2316.00,0.0000,1.0000
42,SegFormer Temp Scaling (CE),0.20,0.0037,2316.00,0.0000,1.0000,0.0034,2316.00,0.0000,1.0000
42,SegFormer Temp Scaling (CE),0.30,0.0037,2316.00,0.0000,1.0000,0.0034,2316.00,0.0000,1.0000
42,SegFormer Temp Scaling (CE),0.40,0.0037,2316.00,0.0000,1.0000,0.0034,2316.00,0.0000,1.0000
42,SegFormer Temp Scaling (CE),0.50,0.0037,2316.00,0.0000,1.0000,0.0034,2316.00,0.0000,1.0000
42,SegFormer Matrix Scaling (CE),0.02,0.0121,103695.00,0.3980,0.1205,0.0246,103695.00,0.3980,0.1205
42,SegFormer Matrix Scaling (CE),0.05,0.0121,18067.00,0.0643,0.5820,0.0353,18067.00,0.0643,0.5820
42,SegFormer Matrix Scaling (CE),0.08,0.0121,4866.00,0.0119,0.7634,0.0296,4866.00,0.0119,0.7634
42,SegFormer Matrix Scaling (CE),0.10,0.0121,3666.00,0.0068,0.8156,0.0376,3666.00,0.0068,0.8156
42,SegFormer Matrix Scaling (CE),0.15,0.0121,2316.00,0.0000,1.0000,0.0127,2316.00,0.0000,1.0000
42,SegFormer Matrix Scaling (CE),0.20,0.0121,2316.00,0.0000,1.0000,0.0127,2316.00,0.0000,1.0000
42,SegFormer Matrix Scaling (CE),0.30,0.0121,2316.00,0.0000,1.0000,0.0127,2316.00,0.0000,1.0000
42,SegFormer Matrix Scaling (CE),0.40,0.0121,2316.00,0.0000,1.0000,0.0127,2316.00,0.0000,1.0000
42,SegFormer Matrix Scaling (CE),0.50,0.0121,2316.00,0.0000,1.0000,0.0127,2316.00,0.0000,1.0000
42,SegFormer Base (FL),0.02,0.0572,259828.00,1.0000,0.0000,0.0564,259828.00,1.0000,0.0000
42,SegFormer Base (FL),0.05,0.0572,161908.00,0.6223,0.0937,0.0483,161908.00,0.6223,0.0937
42,SegFormer Base (FL),0.08,0.0572,46130.00,0.1745,0.3398,0.0702,46130.00,0.1745,0.3398
42,SegFormer Base (FL),0.10,0.0572,22750.00,0.0837,0.4301,0.0673,22750.00,0.0837,0.4301
42,SegFormer Base (FL),0.15,0.0572,9358.00,0.0306,0.6041,0.0747,9358.00,0.0306,0.6041
42,SegFormer Base (FL),0.20,0.0572,5835.00,0.0159,0.7353,0.1107,5835.00,0.0159,0.7353
42,SegFormer Base (FL),0.30,0.0572,2316.00,0.0000,1.0000,0.0564,2316.00,0.0000,1.0000
42,SegFormer Base (FL),0.40,0.0572,2316.00,0.0000,1.0000,0.0564,2316.00,0.0000,1.0000
42,SegFormer Base (FL),0.50,0.0572,2316.00,0.0000,1.0000,0.0564,2316.00,0.0000,1.0000
42,SegFormer Temp Scaling (FL),0.02,0.0030,26324.00,0.0977,0.4007,0.0006,26324.00,0.0977,0.4007
42,SegFormer Temp Scaling (FL),0.05,0.0030,11535.00,0.0394,0.5622,0.0101,11535.00,0.0394,0.5622
42,SegFormer Temp Scaling (FL),0.08,0.0030,8685.00,0.0276,0.6533,0.0279,8685.00,0.0276,0.6533
42,SegFormer Temp Scaling (FL),0.10,0.0030,6445.00,0.0187,0.6831,0.0433,6445.00,0.0187,0.6831
42,SegFormer Temp Scaling (FL),0.15,0.0030,5235.00,0.0135,0.7504,0.0474,5235.00,0.0135,0.7504
42,SegFormer Temp Scaling (FL),0.20,0.0030,3666.00,0.0068,0.8156,0.0224,3666.00,0.0068,0.8156
42,SegFormer Temp Scaling (FL),0.30,0.0030,2316.00,0.0000,1.0000,0.0030,2316.00,0.0000,1.0000
42,SegFormer Temp Scaling (FL),0.40,0.0030,2316.00,0.0000,1.0000,0.0030,2316.00,0.0000,1.0000
42,SegFormer Temp Scaling (FL),0.50,0.0030,2316.00,0.0000,1.0000,0.0030,2316.00,0.0000,1.0000
42,SegFormer Matrix Scaling (FL),0.02,0.0111,90506.00,0.3466,0.1891,0.0229,90506.00,0.3466,0.1891
42,SegFormer Matrix Scaling (FL),0.05,0.0111,14818.00,0.0524,0.5220,0.0163,14818.00,0.0524,0.5220
42,SegFormer Matrix Scaling (FL),0.08,0.0111,6435.00,0.0185,0.6982,0.0390,6435.00,0.0185,0.6982
42,SegFormer Matrix Scaling (FL),0.10,0.0111,5119.00,0.0132,0.7258,0.0181,5119.00,0.0132,0.7258
42,SegFormer Matrix Scaling (FL),0.15,0.0111,3009.00,0.0039,0.8605,0.0422,3009.00,0.0039,0.8605
42,SegFormer Matrix Scaling (FL),0.20,0.0111,2316.00,0.0000,1.0000,0.0117,2316.00,0.0000,1.0000
42,SegFormer Matrix Scaling (FL),0.30,0.0111,2316.00,0.0000,1.0000,0.0117,2316.00,0.0000,1.0000
42,SegFormer Matrix Scaling (FL),0.40,0.0111,2316.00,0.0000,1.0000,0.0117,2316.00,0.0000,1.0000
42,SegFormer Matrix Scaling (FL),0.50,0.0111,2316.00,0.0000,1.0000,0.0117,2316.00,0.0000,1.0000
42,MobileNetV4 Base (CE),0.02,0.0421,248724.00,0.9573,0.0000,0.0205,248724.00,0.9573,0.0000
42,MobileNetV4 Base (CE),0.05,0.0421,66433.00,0.2539,0.1960,0.0386,66433.00,0.2539,0.1960
42,MobileNetV4 Base (CE),0.08,0.0421,26392.00,0.0984,0.3510,0.0572,26392.00,0.0984,0.3510
42,MobileNetV4 Base (CE),0.10,0.0421,19754.00,0.0721,0.4400,0.0749,19754.00,0.0721,0.4400
42,MobileNetV4 Base (CE),0.15,0.0421,10312.00,0.0343,0.5997,0.1167,10312.00,0.0343,0.5997
42,MobileNetV4 Base (CE),0.20,0.0421,7384.00,0.0226,0.6567,0.1455,7384.00,0.0226,0.6567
42,MobileNetV4 Base (CE),0.30,0.0421,4392.00,0.0099,0.7880,0.1493,4392.00,0.0099,0.7880
42,MobileNetV4 Base (CE),0.40,0.0421,3009.00,0.0039,0.8605,0.1289,3009.00,0.0039,0.8605
42,MobileNetV4 Base (CE),0.50,0.0421,2316.00,0.0000,1.0000,0.0416,2316.00,0.0000,1.0000
42,MobileNetV4 Temp Scaling (CE),0.02,0.0146,55387.00,0.2116,0.1788,0.0140,55387.00,0.2116,0.1788
42,MobileNetV4 Temp Scaling (CE),0.05,0.0146,23501.00,0.0876,0.3199,0.0158,23501.00,0.0876,0.3199
42,MobileNetV4 Temp Scaling (CE),0.08,0.0146,13450.00,0.0473,0.5017,0.0418,13450.00,0.0473,0.5017
42,MobileNetV4 Temp Scaling (CE),0.10,0.0146,11747.00,0.0406,0.5173,0.0619,11747.00,0.0406,0.5173
42,MobileNetV4 Temp Scaling (CE),0.15,0.0146,7384.00,0.0226,0.6567,0.1156,7384.00,0.0226,0.6567
42,MobileNetV4 Temp Scaling (CE),0.20,0.0146,6774.00,0.0198,0.7090,0.1209,6774.00,0.0198,0.7090
42,MobileNetV4 Temp Scaling (CE),0.30,0.0146,3666.00,0.0068,0.8156,0.1179,3666.00,0.0068,0.8156
42,MobileNetV4 Temp Scaling (CE),0.40,0.0146,3009.00,0.0039,0.8605,0.1256,3009.00,0.0039,0.8605
42,MobileNetV4 Temp Scaling (CE),0.50,0.0146,2316.00,0.0000,1.0000,0.0145,2316.00,0.0000,1.0000
42,MobileNetV4 Matrix Scaling (CE),0.02,0.0263,161465.00,0.6214,0.0026,0.0200,161465.00,0.6214,0.0026
42,MobileNetV4 Matrix Scaling (CE),0.05,0.0263,40710.00,0.1544,0.2573,0.0379,40710.00,0.1544,0.2573
42,MobileNetV4 Matrix Scaling (CE),0.08,0.0263,15390.00,0.0553,0.4417,0.0408,15390.00,0.0553,0.4417
42,MobileNetV4 Matrix Scaling (CE),0.10,0.0263,10178.00,0.0339,0.5915,0.0610,10178.00,0.0339,0.5915
42,MobileNetV4 Matrix Scaling (CE),0.15,0.0263,7384.00,0.0226,0.6567,0.0900,7384.00,0.0226,0.6567
42,MobileNetV4 Matrix Scaling (CE),0.20,0.0263,4392.00,0.0099,0.7880,0.0924,4392.00,0.0099,0.7880
42,MobileNetV4 Matrix Scaling (CE),0.30,0.0263,3009.00,0.0039,0.8605,0.0817,3009.00,0.0039,0.8605
42,MobileNetV4 Matrix Scaling (CE),0.40,0.0263,2316.00,0.0000,1.0000,0.0269,2316.00,0.0000,1.0000
42,MobileNetV4 Matrix Scaling (CE),0.50,0.0263,2316.00,0.0000,1.0000,0.0269,2316.00,0.0000,1.0000
42,MobileNetV4 Base (FL),0.02,0.0824,259828.00,1.0000,0.0000,0.0800,259828.00,1.0000,0.0000
42,MobileNetV4 Base (FL),0.05,0.0824,213984.00,0.8236,0.0000,0.0449,213984.00,0.8236,0.0000
42,MobileNetV4 Base (FL),0.08,0.0824,83060.00,0.3184,0.1434,0.0682,83060.00,0.3184,0.1434
42,MobileNetV4 Base (FL),0.10,0.0824,61526.00,0.2348,0.2280,0.0748,61526.00,0.2348,0.2280
42,MobileNetV4 Base (FL),0.15,0.0824,31912.00,0.1195,0.3692,0.1261,31912.00,0.1195,0.3692
42,MobileNetV4 Base (FL),0.20,0.0824,18124.00,0.0654,0.4832,0.1711,18124.00,0.0654,0.4832
42,MobileNetV4 Base (FL),0.30,0.0824,7328.00,0.0222,0.6736,0.2115,7328.00,0.0222,0.6736
42,MobileNetV4 Base (FL),0.40,0.0824,3009.00,0.0039,0.8605,0.1663,3009.00,0.0039,0.8605
42,MobileNetV4 Base (FL),0.50,0.0824,2316.00,0.0000,1.0000,0.0800,2316.00,0.0000,1.0000
42,MobileNetV4 Temp Scaling (FL),0.02,0.0221,72758.00,0.2787,0.1477,0.0139,72758.00,0.2787,0.1477
42,MobileNetV4 Temp Scaling (FL),0.05,0.0221,37565.00,0.1425,0.2358,0.0393,37565.00,0.1425,0.2358
42,MobileNetV4 Temp Scaling (FL),0.08,0.0221,24979.00,0.0928,0.3782,0.0783,24979.00,0.0928,0.3782
42,MobileNetV4 Temp Scaling (FL),0.10,0.0221,20125.00,0.0738,0.4102,0.0804,20125.00,0.0738,0.4102
42,MobileNetV4 Temp Scaling (FL),0.15,0.0221,11227.00,0.0382,0.5669,0.1270,11227.00,0.0382,0.5669
42,MobileNetV4 Temp Scaling (FL),0.20,0.0221,8728.00,0.0282,0.6088,0.1425,8728.00,0.0282,0.6088
42,MobileNetV4 Temp Scaling (FL),0.30,0.0221,3666.00,0.0068,0.8156,0.1403,3666.00,0.0068,0.8156
42,MobileNetV4 Temp Scaling (FL),0.40,0.0221,3009.00,0.0039,0.8605,0.1456,3009.00,0.0039,0.8605
42,MobileNetV4 Temp Scaling (FL),0.50,0.0221,3009.00,0.0039,0.8605,0.1456,3009.00,0.0039,0.8605
42,MobileNetV4 Matrix Scaling (FL),0.02,0.0273,137532.00,0.5287,0.0669,0.0260,137532.00,0.5287,0.0669
42,MobileNetV4 Matrix Scaling (FL),0.05,0.0273,45385.00,0.1726,0.2314,0.0411,45385.00,0.1726,0.2314
42,MobileNetV4 Matrix Scaling (FL),0.08,0.0273,20125.00,0.0738,0.4102,0.0542,20125.00,0.0738,0.4102
42,MobileNetV4 Matrix Scaling (FL),0.10,0.0273,13949.00,0.0492,0.4991,0.0580,13949.00,0.0492,0.4991
42,MobileNetV4 Matrix Scaling (FL),0.15,0.0273,7938.00,0.0250,0.6213,0.0931,7938.00,0.0250,0.6213
42,MobileNetV4 Matrix Scaling (FL),0.20,0.0273,5789.00,0.0159,0.7150,0.0890,5789.00,0.0159,0.7150
42,MobileNetV4 Matrix Scaling (FL),0.30,0.0273,3009.00,0.0039,0.8605,0.0787,3009.00,0.0039,0.8605
42,MobileNetV4 Matrix Scaling (FL),0.40,0.0273,2316.00,0.0000,1.0000,0.0273,2316.00,0.0000,1.0000
42,MobileNetV4 Matrix Scaling (FL),0.50,0.0273,2316.00,0.0000,1.0000,0.0273,2316.00,0.0000,1.0000
43,SegFormer Base (CE),0.02,0.0244,232094.00,0.8951,0.0007,0.0188,232094.00,0.8951,0.0007
43,SegFormer Base (CE),0.05,0.0244,31066.00,0.1174,0.2190,0.0248,31066.00,0.1174,0.2190
43,SegFormer Base (CE),0.08,0.0244,12295.00,0.0425,0.4443,0.0120,12295.00,0.0425,0.4443
43,SegFormer Base (CE),0.10,0.0244,9413.00,0.0302,0.5568,0.0168,9413.00,0.0302,0.5568
43,SegFormer Base (CE),0.15,0.0244,4832.00,0.0104,0.7473,0.0447,4832.00,0.0104,0.7473
43,SegFormer Base (CE),0.20,0.0244,2845.00,0.0000,1.0000,0.0245,2845.00,0.0000,1.0000
43,SegFormer Base (CE),0.30,0.0244,2845.00,0.0000,1.0000,0.0245,2845.00,0.0000,1.0000
43,SegFormer Base (CE),0.40,0.0244,2845.00,0.0000,1.0000,0.0245,2845.00,0.0000,1.0000
43,SegFormer Base (CE),0.50,0.0244,2845.00,0.0000,1.0000,0.0245,2845.00,0.0000,1.0000
43,SegFormer Temp Scaling (CE),0.02,0.0039,17854.00,0.0650,0.3540,0.0406,17854.00,0.0650,0.3540
43,SegFormer Temp Scaling (CE),0.05,0.0039,10097.00,0.0328,0.5599,0.0393,10097.00,0.0328,0.5599
43,SegFormer Temp Scaling (CE),0.08,0.0039,5669.00,0.0142,0.6981,0.0592,5669.00,0.0142,0.6981
43,SegFormer Temp Scaling (CE),0.10,0.0039,5669.00,0.0142,0.6981,0.0592,5669.00,0.0142,0.6981
43,SegFormer Temp Scaling (CE),0.15,0.0039,3633.00,0.0037,0.9434,0.0071,3633.00,0.0037,0.9434
43,SegFormer Temp Scaling (CE),0.20,0.0039,2845.00,0.0000,1.0000,0.0039,2845.00,0.0000,1.0000
43,SegFormer Temp Scaling (CE),0.30,0.0039,2845.00,0.0000,1.0000,0.0039,2845.00,0.0000,1.0000
43,SegFormer Temp Scaling (CE),0.40,0.0039,2845.00,0.0000,1.0000,0.0039,2845.00,0.0000,1.0000
43,SegFormer Temp Scaling (CE),0.50,0.0039,2845.00,0.0000,1.0000,0.0039,2845.00,0.0000,1.0000
43,SegFormer Matrix Scaling (CE),0.02,0.0128,99422.00,0.3821,0.1170,0.0189,99422.00,0.3821,0.1170
43,SegFormer Matrix Scaling (CE),0.05,0.0128,24461.00,0.0905,0.3501,0.0257,24461.00,0.0905,0.3501
43,SegFormer Matrix Scaling (CE),0.08,0.0128,8510.00,0.0262,0.6007,0.0385,8510.00,0.0262,0.6007
43,SegFormer Matrix Scaling (CE),0.10,0.0128,5328.00,0.0125,0.7350,0.0512,5328.00,0.0125,0.7350
43,SegFormer Matrix Scaling (CE),0.15,0.0128,2967.00,0.0013,0.9244,0.1139,2967.00,0.0013,0.9244
43,SegFormer Matrix Scaling (CE),0.20,0.0128,2845.00,0.0000,1.0000,0.0119,2845.00,0.0000,1.0000
43,SegFormer Matrix Scaling (CE),0.30,0.0128,2845.00,0.0000,1.0000,0.0119,2845.00,0.0000,1.0000
43,SegFormer Matrix Scaling (CE),0.40,0.0128,2845.00,0.0000,1.0000,0.0119,2845.00,0.0000,1.0000
43,SegFormer Matrix Scaling (CE),0.50,0.0128,2845.00,0.0000,1.0000,0.0119,2845.00,0.0000,1.0000
43,SegFormer Base (FL),0.02,0.0556,259299.00,1.0000,0.0000,0.0550,259299.00,1.0000,0.0000
43,SegFormer Base (FL),0.05,0.0556,165200.00,0.6370,0.0120,0.0499,165200.00,0.6370,0.0120
43,SegFormer Base (FL),0.08,0.0556,42134.00,0.1609,0.1448,0.0596,42134.00,0.1609,0.1448
43,SegFormer Base (FL),0.10,0.0556,22788.00,0.0843,0.3244,0.0631,22788.00,0.0843,0.3244
43,SegFormer Base (FL),0.15,0.0556,9413.00,0.0302,0.5568,0.0500,9413.00,0.0302,0.5568
43,SegFormer Base (FL),0.20,0.0556,7584.00,0.0225,0.6162,0.0489,7584.00,0.0225,0.6162
43,SegFormer Base (FL),0.30,0.0556,2845.00,0.0000,1.0000,0.0550,2845.00,0.0000,1.0000
43,SegFormer Base (FL),0.40,0.0556,2845.00,0.0000,1.0000,0.0550,2845.00,0.0000,1.0000
43,SegFormer Base (FL),0.50,0.0556,2845.00,0.0000,1.0000,0.0550,2845.00,0.0000,1.0000
43,SegFormer Temp Scaling (FL),0.02,0.0022,25275.00,0.0942,0.2991,0.0162,25275.00,0.0942,0.2991
43,SegFormer Temp Scaling (FL),0.05,0.0022,13797.00,0.0484,0.4341,0.0321,13797.00,0.0484,0.4341
43,SegFormer Temp Scaling (FL),0.08,0.0022,8232.00,0.0250,0.6130,0.0253,8232.00,0.0250,0.6130
43,SegFormer Temp Scaling (FL),0.10,0.0022,7584.00,0.0225,0.6162,0.0600,7584.00,0.0225,0.6162
43,SegFormer Temp Scaling (FL),0.15,0.0022,6131.00,0.0156,0.7318,0.0489,6131.00,0.0156,0.7318
43,SegFormer Temp Scaling (FL),0.20,0.0022,4710.00,0.0091,0.8228,0.0478,4710.00,0.0091,0.8228
43,SegFormer Temp Scaling (FL),0.30,0.0022,2845.00,0.0000,1.0000,0.0018,2845.00,0.0000,1.0000
43,SegFormer Temp Scaling (FL),0.40,0.0022,2845.00,0.0000,1.0000,0.0018,2845.00,0.0000,1.0000
43,SegFormer Temp Scaling (FL),0.50,0.0022,2845.00,0.0000,1.0000,0.0018,2845.00,0.0000,1.0000
43,SegFormer Matrix Scaling (FL),0.02,0.0121,89723.00,0.3448,0.1146,0.0196,89723.00,0.3448,0.1146
43,SegFormer Matrix Scaling (FL),0.05,0.0121,19157.00,0.0691,0.4394,0.0355,19157.00,0.0691,0.4394
43,SegFormer Matrix Scaling (FL),0.08,0.0121,7813.00,0.0235,0.6007,0.0432,7813.00,0.0235,0.6007
43,SegFormer Matrix Scaling (FL),0.10,0.0121,6888.00,0.0197,0.6236,0.0498,6888.00,0.0197,0.6236
43,SegFormer Matrix Scaling (FL),0.15,0.0121,2967.00,0.0013,0.9244,0.1182,2967.00,0.0013,0.9244
43,SegFormer Matrix Scaling (FL),0.20,0.0121,2845.00,0.0000,1.0000,0.0104,2845.00,0.0000,1.0000
43,SegFormer Matrix Scaling (FL),0.30,0.0121,2845.00,0.0000,1.0000,0.0104,2845.00,0.0000,1.0000
43,SegFormer Matrix Scaling (FL),0.40,0.0121,2845.00,0.0000,1.0000,0.0104,2845.00,0.0000,1.0000
43,SegFormer Matrix Scaling (FL),0.50,0.0121,2845.00,0.0000,1.0000,0.0104,2845.00,0.0000,1.0000
43,MobileNetV4 Base (CE),0.02,0.0397,243219.00,0.9380,0.0000,0.0191,243219.00,0.9380,0.0000
43,MobileNetV4 Base (CE),0.05,0.0397,61706.00,0.2374,0.0555,0.0420,61706.00,0.2374,0.0555
43,MobileNetV4 Base (CE),0.08,0.0397,31211.00,0.1184,0.1750,0.0669,31211.00,0.1184,0.1750
43,MobileNetV4 Base (CE),0.10,0.0397,22336.00,0.0830,0.2822,0.0650,22336.00,0.0830,0.2822
43,MobileNetV4 Base (CE),0.15,0.0397,11469.00,0.0385,0.5213,0.1096,11469.00,0.0385,0.5213
43,MobileNetV4 Base (CE),0.20,0.0397,7813.00,0.0235,0.6060,0.1180,7813.00,0.0235,0.6060
43,MobileNetV4 Base (CE),0.30,0.0397,4776.00,0.0092,0.8394,0.1351,4776.00,0.0092,0.8394
43,MobileNetV4 Base (CE),0.40,0.0397,2967.00,0.0013,0.9244,0.0448,2967.00,0.0013,0.9244
43,MobileNetV4 Base (CE),0.50,0.0397,2845.00,0.0000,1.0000,0.0392,2845.00,0.0000,1.0000
43,MobileNetV4 Temp Scaling (CE),0.02,0.0133,50917.00,0.1956,0.0692,0.0152,50917.00,0.1956,0.0692
43,MobileNetV4 Temp Scaling (CE),0.05,0.0133,25169.00,0.0947,0.2197,0.0351,25169.00,0.0947,0.2197
43,MobileNetV4 Temp Scaling (CE),0.08,0.0133,17318.00,0.0621,0.4267,0.0643,17318.00,0.0621,0.4267
43,MobileNetV4 Temp Scaling (CE),0.10,0.0133,12745.00,0.0440,0.4682,0.0730,12745.00,0.0440,0.4682
43,MobileNetV4 Temp Scaling (CE),0.15,0.0133,8354.00,0.0257,0.5912,0.1054,8354.00,0.0257,0.5912
43,MobileNetV4 Temp Scaling (CE),0.20,0.0133,7813.00,0.0235,0.6060,0.1084,7813.00,0.0235,0.6060
43,MobileNetV4 Temp Scaling (CE),0.30,0.0133,4776.00,0.0092,0.8394,0.1269,4776.00,0.0092,0.8394
43,MobileNetV4 Temp Scaling (CE),0.40,0.0133,2967.00,0.0013,0.9244,0.0422,2967.00,0.0013,0.9244
43,MobileNetV4 Temp Scaling (CE),0.50,0.0133,2845.00,0.0000,1.0000,0.0129,2845.00,0.0000,1.0000
43,MobileNetV4 Matrix Scaling (CE),0.02,0.0252,157609.00,0.6078,0.0046,0.0184,157609.00,0.6078,0.0046
43,MobileNetV4 Matrix Scaling (CE),0.05,0.0252,36698.00,0.1400,0.1388,0.0371,36698.00,0.1400,0.1388
43,MobileNetV4 Matrix Scaling (CE),0.08,0.0252,18434.00,0.0675,0.3318,0.0358,18434.00,0.0675,0.3318
43,MobileNetV4 Matrix Scaling (CE),0.10,0.0252,13694.00,0.0478,0.4576,0.0554,13694.00,0.0478,0.4576
43,MobileNetV4 Matrix Scaling (CE),0.15,0.0252,7813.00,0.0235,0.6060,0.0657,7813.00,0.0235,0.6060
43,MobileNetV4 Matrix Scaling (CE),0.20,0.0252,5480.00,0.0130,0.7441,0.0725,5480.00,0.0130,0.7441
43,MobileNetV4 Matrix Scaling (CE),0.30,0.0252,4403.00,0.0075,0.8647,0.0769,4403.00,0.0075,0.8647
43,MobileNetV4 Matrix Scaling (CE),0.40,0.0252,2845.00,0.0000,1.0000,0.0256,2845.00,0.0000,1.0000
43,MobileNetV4 Matrix Scaling (CE),0.50,0.0252,2845.00,0.0000,1.0000,0.0256,2845.00,0.0000,1.0000
43,MobileNetV4 Base (FL),0.02,0.0777,259299.00,1.0000,0.0000,0.0766,259299.00,1.0000,0.0000
43,MobileNetV4 Base (FL),0.05,0.0777,186319.00,0.7185,0.0028,0.0501,186319.00,0.7185,0.0028
43,MobileNetV4 Base (FL),0.08,0.0777,88416.00,0.3406,0.0330,0.0714,88416.00,0.3406,0.0330
43,MobileNetV4 Base (FL),0.10,0.0777,61377.00,0.2353,0.1244,0.1048,61377.00,0.2353,0.1244
43,MobileNetV4 Base (FL),0.15,0.0777,34514.00,0.1309,0.2025,0.1100,34514.00,0.1309,0.2025
43,MobileNetV4 Base (FL),0.20,0.0777,16433.00,0.0585,0.4467,0.1448,16433.00,0.0585,0.4467
43,MobileNetV4 Base (FL),0.30,0.0777,5315.00,0.0127,0.7107,0.1731,5315.00,0.0127,0.7107
43,MobileNetV4 Base (FL),0.40,0.0777,4128.00,0.0067,0.8425,0.1764,4128.00,0.0067,0.8425
43,MobileNetV4 Base (FL),0.50,0.0777,2845.00,0.0000,1.0000,0.0766,2845.00,0.0000,1.0000
43,MobileNetV4 Temp Scaling (FL),0.02,0.0207,72010.00,0.2772,0.0464,0.0218,72010.00,0.2772,0.0464
43,MobileNetV4 Temp Scaling (FL),0.05,0.0207,34862.00,0.1324,0.1856,0.0554,34862.00,0.1324,0.1856
43,MobileNetV4 Temp Scaling (FL),0.08,0.0207,25932.00,0.0975,0.2243,0.0785,25932.00,0.0975,0.2243
43,MobileNetV4 Temp Scaling (FL),0.10,0.0207,22940.00,0.0856,0.2650,0.0826,22940.00,0.0856,0.2650
43,MobileNetV4 Temp Scaling (FL),0.15,0.0207,14719.00,0.0522,0.4186,0.1047,14719.00,0.0522,0.4186
43,MobileNetV4 Temp Scaling (FL),0.20,0.0207,8447.00,0.0265,0.5554,0.1495,8447.00,0.0265,0.5554
43,MobileNetV4 Temp Scaling (FL),0.30,0.0207,5315.00,0.0127,0.7107,0.1608,5315.00,0.0127,0.7107
43,MobileNetV4 Temp Scaling (FL),0.40,0.0207,3340.00,0.0030,0.8991,0.1427,3340.00,0.0030,0.8991
43,MobileNetV4 Temp Scaling (FL),0.50,0.0207,2845.00,0.0000,1.0000,0.0200,2845.00,0.0000,1.0000
43,MobileNetV4 Matrix Scaling (FL),0.02,0.0261,139228.00,0.5366,0.0288,0.0256,139228.00,0.5366,0.0288
43,MobileNetV4 Matrix Scaling (FL),0.05,0.0261,46249.00,0.1772,0.1097,0.0396,46249.00,0.1772,0.1097
43,MobileNetV4 Matrix Scaling (FL),0.08,0.0261,23664.00,0.0883,0.2714,0.0569,23664.00,0.0883,0.2714
43,MobileNetV4 Matrix Scaling (FL),0.10,0.0261,19780.00,0.0729,0.3118,0.0553,19780.00,0.0729,0.3118
43,MobileNetV4 Matrix Scaling (FL),0.15,0.0261,8447.00,0.0265,0.5554,0.0688,8447.00,0.0265,0.5554
43,MobileNetV4 Matrix Scaling (FL),0.20,0.0261,5315.00,0.0127,0.7107,0.0677,5315.00,0.0127,0.7107
43,MobileNetV4 Matrix Scaling (FL),0.30,0.0261,3340.00,0.0030,0.8991,0.0523,3340.00,0.0030,0.8991
43,MobileNetV4 Matrix Scaling (FL),0.40,0.0261,2845.00,0.0000,1.0000,0.0262,2845.00,0.0000,1.0000
43,MobileNetV4 Matrix Scaling (FL),0.50,0.0261,2845.00,0.0000,1.0000,0.0262,2845.00,0.0000,1.0000
44,SegFormer Base (CE),0.02,0.0237,220572.00,0.8483,0.0000,0.0193,220572.00,0.8483,0.0000
44,SegFormer Base (CE),0.05,0.0237,25356.00,0.0952,0.2842,0.0123,25356.00,0.0952,0.2842
44,SegFormer Base (CE),0.08,0.0237,8659.00,0.0276,0.6998,0.0224,8659.00,0.0276,0.6998
44,SegFormer Base (CE),0.10,0.0237,5823.00,0.0159,0.7959,0.0263,5823.00,0.0159,0.7959
44,SegFormer Base (CE),0.15,0.0237,2122.00,0.0000,1.0000,0.0242,2122.00,0.0000,1.0000
44,SegFormer Base (CE),0.20,0.0237,2122.00,0.0000,1.0000,0.0242,2122.00,0.0000,1.0000
44,SegFormer Base (CE),0.30,0.0237,2122.00,0.0000,1.0000,0.0242,2122.00,0.0000,1.0000
44,SegFormer Base (CE),0.40,0.0237,2122.00,0.0000,1.0000,0.0242,2122.00,0.0000,1.0000
44,SegFormer Base (CE),0.50,0.0237,2122.00,0.0000,1.0000,0.0242,2122.00,0.0000,1.0000
44,SegFormer Temp Scaling (CE),0.02,0.0033,14714.00,0.0533,0.3982,0.0334,14714.00,0.0533,0.3982
44,SegFormer Temp Scaling (CE),0.05,0.0033,8043.00,0.0252,0.7078,0.0113,8043.00,0.0252,0.7078
44,SegFormer Temp Scaling (CE),0.08,0.0033,3543.00,0.0061,0.9260,0.0044,3543.00,0.0061,0.9260
44,SegFormer Temp Scaling (CE),0.10,0.0033,2122.00,0.0000,1.0000,0.0033,2122.00,0.0000,1.0000
44,SegFormer Temp Scaling (CE),0.15,0.0033,2122.00,0.0000,1.0000,0.0033,2122.00,0.0000,1.0000
44,SegFormer Temp Scaling (CE),0.20,0.0033,2122.00,0.0000,1.0000,0.0033,2122.00,0.0000,1.0000
44,SegFormer Temp Scaling (CE),0.30,0.0033,2122.00,0.0000,1.0000,0.0033,2122.00,0.0000,1.0000
44,SegFormer Temp Scaling (CE),0.40,0.0033,2122.00,0.0000,1.0000,0.0033,2122.00,0.0000,1.0000
44,SegFormer Temp Scaling (CE),0.50,0.0033,2122.00,0.0000,1.0000,0.0033,2122.00,0.0000,1.0000
44,SegFormer Matrix Scaling (CE),0.02,0.0112,100278.00,0.3844,0.1494,0.0162,100278.00,0.3844,0.1494
44,SegFormer Matrix Scaling (CE),0.05,0.0112,21506.00,0.0789,0.4670,0.0017,21506.00,0.0789,0.4670
44,SegFormer Matrix Scaling (CE),0.08,0.0112,3110.00,0.0043,0.9359,0.0047,3110.00,0.0043,0.9359
44,SegFormer Matrix Scaling (CE),0.10,0.0112,2122.00,0.0000,1.0000,0.0130,2122.00,0.0000,1.0000
44,SegFormer Matrix Scaling (CE),0.15,0.0112,2122.00,0.0000,1.0000,0.0130,2122.00,0.0000,1.0000
44,SegFormer Matrix Scaling (CE),0.20,0.0112,2122.00,0.0000,1.0000,0.0130,2122.00,0.0000,1.0000
44,SegFormer Matrix Scaling (CE),0.30,0.0112,2122.00,0.0000,1.0000,0.0130,2122.00,0.0000,1.0000
44,SegFormer Matrix Scaling (CE),0.40,0.0112,2122.00,0.0000,1.0000,0.0130,2122.00,0.0000,1.0000
44,SegFormer Matrix Scaling (CE),0.50,0.0112,2122.00,0.0000,1.0000,0.0130,2122.00,0.0000,1.0000
44,SegFormer Base (FL),0.02,0.0521,260022.00,1.0000,0.0000,0.0510,260022.00,1.0000,0.0000
44,SegFormer Base (FL),0.05,0.0521,131569.00,0.5056,0.0443,0.0504,131569.00,0.5056,0.0443
44,SegFormer Base (FL),0.08,0.0521,31884.00,0.1207,0.2385,0.0427,31884.00,0.1207,0.2385
44,SegFormer Base (FL),0.10,0.0521,19395.00,0.0713,0.4043,0.0513,19395.00,0.0713,0.4043
44,SegFormer Base (FL),0.15,0.0521,7489.00,0.0226,0.7648,0.0856,7489.00,0.0226,0.7648
44,SegFormer Base (FL),0.20,0.0521,2122.00,0.0000,1.0000,0.0510,2122.00,0.0000,1.0000
44,SegFormer Base (FL),0.30,0.0521,2122.00,0.0000,1.0000,0.0510,2122.00,0.0000,1.0000
44,SegFormer Base (FL),0.40,0.0521,2122.00,0.0000,1.0000,0.0510,2122.00,0.0000,1.0000
44,SegFormer Base (FL),0.50,0.0521,2122.00,0.0000,1.0000,0.0510,2122.00,0.0000,1.0000
44,SegFormer Temp Scaling (FL),0.02,0.0013,24297.00,0.0916,0.2276,0.0189,24297.00,0.0916,0.2276
44,SegFormer Temp Scaling (FL),0.05,0.0013,11041.00,0.0383,0.5090,0.0328,11041.00,0.0383,0.5090
44,SegFormer Temp Scaling (FL),0.08,0.0013,8856.00,0.0284,0.6942,0.0185,8856.00,0.0284,0.6942
44,SegFormer Temp Scaling (FL),0.10,0.0013,5273.00,0.0132,0.8666,0.0392,5273.00,0.0132,0.8666
44,SegFormer Temp Scaling (FL),0.15,0.0013,2122.00,0.0000,1.0000,0.0010,2122.00,0.0000,1.0000
44,SegFormer Temp Scaling (FL),0.20,0.0013,2122.00,0.0000,1.0000,0.0010,2122.00,0.0000,1.0000
44,SegFormer Temp Scaling (FL),0.30,0.0013,2122.00,0.0000,1.0000,0.0010,2122.00,0.0000,1.0000
44,SegFormer Temp Scaling (FL),0.40,0.0013,2122.00,0.0000,1.0000,0.0010,2122.00,0.0000,1.0000
44,SegFormer Temp Scaling (FL),0.50,0.0013,2122.00,0.0000,1.0000,0.0010,2122.00,0.0000,1.0000
44,SegFormer Matrix Scaling (FL),0.02,0.0095,87723.00,0.3361,0.1508,0.0163,87723.00,0.3361,0.1508
44,SegFormer Matrix Scaling (FL),0.05,0.0095,18780.00,0.0681,0.5005,0.0042,18780.00,0.0681,0.5005
44,SegFormer Matrix Scaling (FL),0.08,0.0095,3110.00,0.0043,0.9359,0.0073,3110.00,0.0043,0.9359
44,SegFormer Matrix Scaling (FL),0.10,0.0095,3110.00,0.0043,0.9359,0.0073,3110.00,0.0043,0.9359
44,SegFormer Matrix Scaling (FL),0.15,0.0095,2122.00,0.0000,1.0000,0.0109,2122.00,0.0000,1.0000
44,SegFormer Matrix Scaling (FL),0.20,0.0095,2122.00,0.0000,1.0000,0.0109,2122.00,0.0000,1.0000
44,SegFormer Matrix Scaling (FL),0.30,0.0095,2122.00,0.0000,1.0000,0.0109,2122.00,0.0000,1.0000
44,SegFormer Matrix Scaling (FL),0.40,0.0095,2122.00,0.0000,1.0000,0.0109,2122.00,0.0000,1.0000
44,SegFormer Matrix Scaling (FL),0.50,0.0095,2122.00,0.0000,1.0000,0.0109,2122.00,0.0000,1.0000
44,MobileNetV4 Base (CE),0.02,0.0344,231789.00,0.8914,0.0019,0.0181,231789.00,0.8914,0.0019
44,MobileNetV4 Base (CE),0.05,0.0344,44704.00,0.1705,0.1687,0.0216,44704.00,0.1705,0.1687
44,MobileNetV4 Base (CE),0.08,0.0344,23046.00,0.0857,0.3610,0.0486,23046.00,0.0857,0.3610
44,MobileNetV4 Base (CE),0.10,0.0344,16616.00,0.0598,0.5042,0.0650,16616.00,0.0598,0.5042
44,MobileNetV4 Base (CE),0.15,0.0344,9285.00,0.0300,0.6965,0.0971,9285.00,0.0300,0.6965
44,MobileNetV4 Base (CE),0.20,0.0344,3545.00,0.0062,0.9138,0.0844,3545.00,0.0062,0.9138
44,MobileNetV4 Base (CE),0.30,0.0344,2122.00,0.0000,1.0000,0.0327,2122.00,0.0000,1.0000
44,MobileNetV4 Base (CE),0.40,0.0344,2122.00,0.0000,1.0000,0.0327,2122.00,0.0000,1.0000
44,MobileNetV4 Base (CE),0.50,0.0344,2122.00,0.0000,1.0000,0.0327,2122.00,0.0000,1.0000
44,MobileNetV4 Temp Scaling (CE),0.02,0.0096,38348.00,0.1462,0.1626,0.0114,38348.00,0.1462,0.1626
44,MobileNetV4 Temp Scaling (CE),0.05,0.0096,22431.00,0.0837,0.3124,0.0300,22431.00,0.0837,0.3124
44,MobileNetV4 Temp Scaling (CE),0.08,0.0096,12522.00,0.0433,0.5966,0.0603,12522.00,0.0433,0.5966
44,MobileNetV4 Temp Scaling (CE),0.10,0.0096,11670.00,0.0398,0.6221,0.0617,11670.00,0.0398,0.6221
44,MobileNetV4 Temp Scaling (CE),0.15,0.0096,6152.00,0.0173,0.7780,0.0631,6152.00,0.0173,0.7780
44,MobileNetV4 Temp Scaling (CE),0.20,0.0096,2901.00,0.0034,0.9463,0.0507,2901.00,0.0034,0.9463
44,MobileNetV4 Temp Scaling (CE),0.30,0.0096,2122.00,0.0000,1.0000,0.0086,2122.00,0.0000,1.0000
44,MobileNetV4 Temp Scaling (CE),0.40,0.0096,2122.00,0.0000,1.0000,0.0086,2122.00,0.0000,1.0000
44,MobileNetV4 Temp Scaling (CE),0.50,0.0096,2122.00,0.0000,1.0000,0.0086,2122.00,0.0000,1.0000
44,MobileNetV4 Matrix Scaling (CE),0.02,0.0206,135187.00,0.5197,0.0254,0.0174,135187.00,0.5197,0.0254
44,MobileNetV4 Matrix Scaling (CE),0.05,0.0206,27297.00,0.1027,0.2766,0.0205,27297.00,0.1027,0.2766
44,MobileNetV4 Matrix Scaling (CE),0.08,0.0206,13266.00,0.0464,0.5683,0.0435,13266.00,0.0464,0.5683
44,MobileNetV4 Matrix Scaling (CE),0.10,0.0206,9508.00,0.0310,0.6819,0.0518,9508.00,0.0310,0.6819
44,MobileNetV4 Matrix Scaling (CE),0.15,0.0206,3545.00,0.0062,0.9138,0.0480,3545.00,0.0062,0.9138
44,MobileNetV4 Matrix Scaling (CE),0.20,0.0206,2122.00,0.0000,1.0000,0.0207,2122.00,0.0000,1.0000
44,MobileNetV4 Matrix Scaling (CE),0.30,0.0206,2122.00,0.0000,1.0000,0.0207,2122.00,0.0000,1.0000
44,MobileNetV4 Matrix Scaling (CE),0.40,0.0206,2122.00,0.0000,1.0000,0.0207,2122.00,0.0000,1.0000
44,MobileNetV4 Matrix Scaling (CE),0.50,0.0206,2122.00,0.0000,1.0000,0.0207,2122.00,0.0000,1.0000
44,MobileNetV4 Base (FL),0.02,0.0686,260022.00,1.0000,0.0000,0.0650,260022.00,1.0000,0.0000
44,MobileNetV4 Base (FL),0.05,0.0686,153501.00,0.5903,0.0000,0.0532,153501.00,0.5903,0.0000
44,MobileNetV4 Base (FL),0.08,0.0686,70044.00,0.2684,0.1145,0.0541,70044.00,0.2684,0.1145
44,MobileNetV4 Base (FL),0.10,0.0686,44739.00,0.1699,0.2625,0.0693,44739.00,0.1699,0.2625
44,MobileNetV4 Base (FL),0.15,0.0686,22628.00,0.0830,0.4972,0.1217,22628.00,0.0830,0.4972
44,MobileNetV4 Base (FL),0.20,0.0686,11775.00,0.0403,0.6169,0.1464,11775.00,0.0403,0.6169
44,MobileNetV4 Base (FL),0.30,0.0686,2901.00,0.0034,0.9463,0.1327,2901.00,0.0034,0.9463
44,MobileNetV4 Base (FL),0.40,0.0686,2122.00,0.0000,1.0000,0.0650,2122.00,0.0000,1.0000
44,MobileNetV4 Base (FL),0.50,0.0686,2122.00,0.0000,1.0000,0.0650,2122.00,0.0000,1.0000
44,MobileNetV4 Temp Scaling (FL),0.02,0.0133,47470.00,0.1816,0.1183,0.0033,47470.00,0.1816,0.1183
44,MobileNetV4 Temp Scaling (FL),0.05,0.0133,28342.00,0.1069,0.2540,0.0245,28342.00,0.1069,0.2540
44,MobileNetV4 Temp Scaling (FL),0.08,0.0133,18139.00,0.0656,0.5104,0.0636,18139.00,0.0656,0.5104
44,MobileNetV4 Temp Scaling (FL),0.10,0.0133,13920.00,0.0490,0.5504,0.0801,13920.00,0.0490,0.5504
44,MobileNetV4 Temp Scaling (FL),0.15,0.0133,9589.00,0.0315,0.6532,0.0962,9589.00,0.0315,0.6532
44,MobileNetV4 Temp Scaling (FL),0.20,0.0133,3889.00,0.0078,0.8822,0.0709,3889.00,0.0078,0.8822
44,MobileNetV4 Temp Scaling (FL),0.30,0.0133,2122.00,0.0000,1.0000,0.0117,2122.00,0.0000,1.0000
44,MobileNetV4 Temp Scaling (FL),0.40,0.0133,2122.00,0.0000,1.0000,0.0117,2122.00,0.0000,1.0000
44,MobileNetV4 Temp Scaling (FL),0.50,0.0133,2122.00,0.0000,1.0000,0.0117,2122.00,0.0000,1.0000
44,MobileNetV4 Matrix Scaling (FL),0.02,0.0197,113876.00,0.4377,0.0302,0.0185,113876.00,0.4377,0.0302
44,MobileNetV4 Matrix Scaling (FL),0.05,0.0197,32443.00,0.1224,0.2875,0.0222,32443.00,0.1224,0.2875
44,MobileNetV4 Matrix Scaling (FL),0.08,0.0197,14815.00,0.0525,0.5504,0.0510,14815.00,0.0525,0.5504
44,MobileNetV4 Matrix Scaling (FL),0.10,0.0197,11797.00,0.0404,0.6037,0.0522,11797.00,0.0404,0.6037
44,MobileNetV4 Matrix Scaling (FL),0.15,0.0197,3889.00,0.0078,0.8822,0.0418,3889.00,0.0078,0.8822
44,MobileNetV4 Matrix Scaling (FL),0.20,0.0197,2901.00,0.0034,0.9463,0.0538,2901.00,0.0034,0.9463
44,MobileNetV4 Matrix Scaling (FL),0.30,0.0197,2122.00,0.0000,1.0000,0.0192,2122.00,0.0000,1.0000
44,MobileNetV4 Matrix Scaling (FL),0.40,0.0197,2122.00,0.0000,1.0000,0.0192,2122.00,0.0000,1.0000
44,MobileNetV4 Matrix Scaling (FL),0.50,0.0197,2122.00,0.0000,1.0000,0.0192,2122.00,0.0000,1.0000
45,SegFormer Base (CE),0.02,0.0193,210121.00,0.8091,0.0081,0.0186,210121.00,0.8091,0.0081
45,SegFormer Base (CE),0.05,0.0193,16845.00,0.0602,0.4901,0.0076,16845.00,0.0602,0.4901
45,SegFormer Base (CE),0.08,0.0193,3081.00,0.0027,0.9623,0.0061,3081.00,0.0027,0.9623
45,SegFormer Base (CE),0.10,0.0193,2465.00,0.0000,1.0000,0.0200,2465.00,0.0000,1.0000
45,SegFormer Base (CE),0.15,0.0193,2465.00,0.0000,1.0000,0.0200,2465.00,0.0000,1.0000
45,SegFormer Base (CE),0.20,0.0193,2465.00,0.0000,1.0000,0.0200,2465.00,0.0000,1.0000
45,SegFormer Base (CE),0.30,0.0193,2465.00,0.0000,1.0000,0.0200,2465.00,0.0000,1.0000
45,SegFormer Base (CE),0.40,0.0193,2465.00,0.0000,1.0000,0.0200,2465.00,0.0000,1.0000
45,SegFormer Base (CE),0.50,0.0193,2465.00,0.0000,1.0000,0.0200,2465.00,0.0000,1.0000
45,SegFormer Temp Scaling (CE),0.02,0.0071,7393.00,0.0214,0.7485,0.0587,7393.00,0.0214,0.7485
45,SegFormer Temp Scaling (CE),0.05,0.0071,3081.00,0.0027,0.9623,0.0281,3081.00,0.0027,0.9623
45,SegFormer Temp Scaling (CE),0.08,0.0071,2465.00,0.0000,1.0000,0.0064,2465.00,0.0000,1.0000
45,SegFormer Temp Scaling (CE),0.10,0.0071,2465.00,0.0000,1.0000,0.0064,2465.00,0.0000,1.0000
45,SegFormer Temp Scaling (CE),0.15,0.0071,2465.00,0.0000,1.0000,0.0064,2465.00,0.0000,1.0000
45,SegFormer Temp Scaling (CE),0.20,0.0071,2465.00,0.0000,1.0000,0.0064,2465.00,0.0000,1.0000
45,SegFormer Temp Scaling (CE),0.30,0.0071,2465.00,0.0000,1.0000,0.0064,2465.00,0.0000,1.0000
45,SegFormer Temp Scaling (CE),0.40,0.0071,2465.00,0.0000,1.0000,0.0064,2465.00,0.0000,1.0000
45,SegFormer Temp Scaling (CE),0.50,0.0071,2465.00,0.0000,1.0000,0.0064,2465.00,0.0000,1.0000
45,SegFormer Matrix Scaling (CE),0.02,0.0063,85631.00,0.3272,0.2661,0.0134,85631.00,0.3272,0.2661
45,SegFormer Matrix Scaling (CE),0.05,0.0063,8231.00,0.0235,0.8641,0.0025,8231.00,0.0235,0.8641
45,SegFormer Matrix Scaling (CE),0.08,0.0063,2465.00,0.0000,1.0000,0.0079,2465.00,0.0000,1.0000
45,SegFormer Matrix Scaling (CE),0.10,0.0063,2465.00,0.0000,1.0000,0.0079,2465.00,0.0000,1.0000
45,SegFormer Matrix Scaling (CE),0.15,0.0063,2465.00,0.0000,1.0000,0.0079,2465.00,0.0000,1.0000
45,SegFormer Matrix Scaling (CE),0.20,0.0063,2465.00,0.0000,1.0000,0.0079,2465.00,0.0000,1.0000
45,SegFormer Matrix Scaling (CE),0.30,0.0063,2465.00,0.0000,1.0000,0.0079,2465.00,0.0000,1.0000
45,SegFormer Matrix Scaling (CE),0.40,0.0063,2465.00,0.0000,1.0000,0.0079,2465.00,0.0000,1.0000
45,SegFormer Matrix Scaling (CE),0.50,0.0063,2465.00,0.0000,1.0000,0.0079,2465.00,0.0000,1.0000
45,SegFormer Base (FL),0.02,0.0500,259679.00,1.0000,0.0000,0.0487,259679.00,1.0000,0.0000
45,SegFormer Base (FL),0.05,0.0500,127123.00,0.4892,0.0308,0.0467,127123.00,0.4892,0.0308
45,SegFormer Base (FL),0.08,0.0500,34163.00,0.1289,0.2832,0.0598,34163.00,0.1289,0.2832
45,SegFormer Base (FL),0.10,0.0500,19469.00,0.0708,0.4418,0.0376,19469.00,0.0708,0.4418
45,SegFormer Base (FL),0.15,0.0500,6295.00,0.0156,0.9112,0.0627,6295.00,0.0156,0.9112
45,SegFormer Base (FL),0.20,0.0500,2465.00,0.0000,1.0000,0.0487,2465.00,0.0000,1.0000
45,SegFormer Base (FL),0.30,0.0500,2465.00,0.0000,1.0000,0.0487,2465.00,0.0000,1.0000
45,SegFormer Base (FL),0.40,0.0500,2465.00,0.0000,1.0000,0.0487,2465.00,0.0000,1.0000
45,SegFormer Base (FL),0.50,0.0500,2465.00,0.0000,1.0000,0.0487,2465.00,0.0000,1.0000
45,SegFormer Temp Scaling (FL),0.02,0.0021,23074.00,0.0857,0.3327,0.0220,23074.00,0.0857,0.3327
45,SegFormer Temp Scaling (FL),0.05,0.0021,8966.00,0.0280,0.6888,0.0199,8966.00,0.0280,0.6888
45,SegFormer Temp Scaling (FL),0.08,0.0021,3756.00,0.0055,0.9432,0.0217,3756.00,0.0055,0.9432
45,SegFormer Temp Scaling (FL),0.10,0.0021,3140.00,0.0028,0.9809,0.0208,3140.00,0.0028,0.9809
45,SegFormer Temp Scaling (FL),0.15,0.0021,2465.00,0.0000,1.0000,0.0017,2465.00,0.0000,1.0000
45,SegFormer Temp Scaling (FL),0.20,0.0021,2465.00,0.0000,1.0000,0.0017,2465.00,0.0000,1.0000
45,SegFormer Temp Scaling (FL),0.30,0.0021,2465.00,0.0000,1.0000,0.0017,2465.00,0.0000,1.0000
45,SegFormer Temp Scaling (FL),0.40,0.0021,2465.00,0.0000,1.0000,0.0017,2465.00,0.0000,1.0000
45,SegFormer Temp Scaling (FL),0.50,0.0021,2465.00,0.0000,1.0000,0.0017,2465.00,0.0000,1.0000
45,SegFormer Matrix Scaling (FL),0.02,0.0052,73616.00,0.2816,0.2037,0.0178,73616.00,0.2816,0.2037
45,SegFormer Matrix Scaling (FL),0.05,0.0052,7968.00,0.0229,0.8227,0.0094,7968.00,0.0229,0.8227
45,SegFormer Matrix Scaling (FL),0.08,0.0052,2465.00,0.0000,1.0000,0.0064,2465.00,0.0000,1.0000
45,SegFormer Matrix Scaling (FL),0.10,0.0052,2465.00,0.0000,1.0000,0.0064,2465.00,0.0000,1.0000
45,SegFormer Matrix Scaling (FL),0.15,0.0052,2465.00,0.0000,1.0000,0.0064,2465.00,0.0000,1.0000
45,SegFormer Matrix Scaling (FL),0.20,0.0052,2465.00,0.0000,1.0000,0.0064,2465.00,0.0000,1.0000
45,SegFormer Matrix Scaling (FL),0.30,0.0052,2465.00,0.0000,1.0000,0.0064,2465.00,0.0000,1.0000
45,SegFormer Matrix Scaling (FL),0.40,0.0052,2465.00,0.0000,1.0000,0.0064,2465.00,0.0000,1.0000
45,SegFormer Matrix Scaling (FL),0.50,0.0052,2465.00,0.0000,1.0000,0.0064,2465.00,0.0000,1.0000
45,MobileNetV4 Base (CE),0.02,0.0305,228920.00,0.8815,0.0000,0.0182,228920.00,0.8815,0.0000
45,MobileNetV4 Base (CE),0.05,0.0305,47815.00,0.1830,0.1229,0.0427,47815.00,0.1830,0.1229
45,MobileNetV4 Base (CE),0.08,0.0305,23313.00,0.0870,0.2941,0.0452,23313.00,0.0870,0.2941
45,MobileNetV4 Base (CE),0.10,0.0305,15469.00,0.0552,0.4576,0.0476,15469.00,0.0552,0.4576
45,MobileNetV4 Base (CE),0.15,0.0305,3454.00,0.0050,0.8795,0.0289,3454.00,0.0050,0.8795
45,MobileNetV4 Base (CE),0.20,0.0305,2465.00,0.0000,1.0000,0.0295,2465.00,0.0000,1.0000
45,MobileNetV4 Base (CE),0.30,0.0305,2465.00,0.0000,1.0000,0.0295,2465.00,0.0000,1.0000
45,MobileNetV4 Base (CE),0.40,0.0305,2465.00,0.0000,1.0000,0.0295,2465.00,0.0000,1.0000
45,MobileNetV4 Base (CE),0.50,0.0305,2465.00,0.0000,1.0000,0.0295,2465.00,0.0000,1.0000
45,MobileNetV4 Temp Scaling (CE),0.02,0.0056,37495.00,0.1431,0.1383,0.0088,37495.00,0.1431,0.1383
45,MobileNetV4 Temp Scaling (CE),0.05,0.0056,19163.00,0.0706,0.3387,0.0090,19163.00,0.0706,0.3387
45,MobileNetV4 Temp Scaling (CE),0.08,0.0056,9110.00,0.0292,0.6211,0.0178,9110.00,0.0292,0.6211
45,MobileNetV4 Temp Scaling (CE),0.10,0.0056,6363.00,0.0176,0.7237,0.0120,6363.00,0.0176,0.7237
45,MobileNetV4 Temp Scaling (CE),0.15,0.0056,3454.00,0.0050,0.8795,0.0331,3454.00,0.0050,0.8795
45,MobileNetV4 Temp Scaling (CE),0.20,0.0056,2465.00,0.0000,1.0000,0.0050,2465.00,0.0000,1.0000
45,MobileNetV4 Temp Scaling (CE),0.30,0.0056,2465.00,0.0000,1.0000,0.0050,2465.00,0.0000,1.0000
45,MobileNetV4 Temp Scaling (CE),0.40,0.0056,2465.00,0.0000,1.0000,0.0050,2465.00,0.0000,1.0000
45,MobileNetV4 Temp Scaling (CE),0.50,0.0056,2465.00,0.0000,1.0000,0.0050,2465.00,0.0000,1.0000
45,MobileNetV4 Matrix Scaling (CE),0.02,0.0175,127659.00,0.4914,0.0162,0.0205,127659.00,0.4914,0.0162
45,MobileNetV4 Matrix Scaling (CE),0.05,0.0175,23306.00,0.0866,0.3314,0.0244,23306.00,0.0866,0.3314
45,MobileNetV4 Matrix Scaling (CE),0.08,0.0175,8458.00,0.0265,0.6434,0.0306,8458.00,0.0265,0.6434
45,MobileNetV4 Matrix Scaling (CE),0.10,0.0175,5206.00,0.0128,0.7594,0.0365,5206.00,0.0128,0.7594
45,MobileNetV4 Matrix Scaling (CE),0.15,0.0175,2465.00,0.0000,1.0000,0.0166,2465.00,0.0000,1.0000
45,MobileNetV4 Matrix Scaling (CE),0.20,0.0175,2465.00,0.0000,1.0000,0.0166,2465.00,0.0000,1.0000
45,MobileNetV4 Matrix Scaling (CE),0.30,0.0175,2465.00,0.0000,1.0000,0.0166,2465.00,0.0000,1.0000
45,MobileNetV4 Matrix Scaling (CE),0.40,0.0175,2465.00,0.0000,1.0000,0.0166,2465.00,0.0000,1.0000
45,MobileNetV4 Matrix Scaling (CE),0.50,0.0175,2465.00,0.0000,1.0000,0.0166,2465.00,0.0000,1.0000
45,MobileNetV4 Base (FL),0.02,0.0724,259679.00,1.0000,0.0000,0.0685,259679.00,1.0000,0.0000
45,MobileNetV4 Base (FL),0.05,0.0724,163527.00,0.6296,0.0142,0.0537,163527.00,0.6296,0.0142
45,MobileNetV4 Base (FL),0.08,0.0724,75077.00,0.2877,0.1533,0.0920,75077.00,0.2877,0.1533
45,MobileNetV4 Base (FL),0.10,0.0724,60266.00,0.2306,0.1533,0.0967,60266.00,0.2306,0.1533
45,MobileNetV4 Base (FL),0.15,0.0724,26849.00,0.1008,0.2714,0.1101,26849.00,0.1008,0.2714
45,MobileNetV4 Base (FL),0.20,0.0724,9929.00,0.0323,0.6268,0.1288,9929.00,0.0323,0.6268
45,MobileNetV4 Base (FL),0.30,0.0724,2465.00,0.0000,1.0000,0.0685,2465.00,0.0000,1.0000
45,MobileNetV4 Base (FL),0.40,0.0724,2465.00,0.0000,1.0000,0.0685,2465.00,0.0000,1.0000
45,MobileNetV4 Base (FL),0.50,0.0724,2465.00,0.0000,1.0000,0.0685,2465.00,0.0000,1.0000
45,MobileNetV4 Temp Scaling (FL),0.02,0.0123,58014.00,0.2222,0.1249,0.0180,58014.00,0.2222,0.1249
45,MobileNetV4 Temp Scaling (FL),0.05,0.0123,30390.00,0.1150,0.2130,0.0292,30390.00,0.1150,0.2130
45,MobileNetV4 Temp Scaling (FL),0.08,0.0123,18305.00,0.0671,0.3602,0.0366,18305.00,0.0671,0.3602
45,MobileNetV4 Temp Scaling (FL),0.10,0.0123,13681.00,0.0484,0.4511,0.0471,13681.00,0.0484,0.4511
45,MobileNetV4 Temp Scaling (FL),0.15,0.0123,5769.00,0.0153,0.7282,0.0341,5769.00,0.0153,0.7282
45,MobileNetV4 Temp Scaling (FL),0.20,0.0123,4805.00,0.0111,0.7842,0.0431,4805.00,0.0111,0.7842
45,MobileNetV4 Temp Scaling (FL),0.30,0.0123,2465.00,0.0000,1.0000,0.0110,2465.00,0.0000,1.0000
45,MobileNetV4 Temp Scaling (FL),0.40,0.0123,2465.00,0.0000,1.0000,0.0110,2465.00,0.0000,1.0000
45,MobileNetV4 Temp Scaling (FL),0.50,0.0123,2465.00,0.0000,1.0000,0.0110,2465.00,0.0000,1.0000
45,MobileNetV4 Matrix Scaling (FL),0.02,0.0186,112960.00,0.4346,0.0426,0.0270,112960.00,0.4346,0.0426
45,MobileNetV4 Matrix Scaling (FL),0.05,0.0186,31220.00,0.1180,0.2312,0.0317,31220.00,0.1180,0.2312
45,MobileNetV4 Matrix Scaling (FL),0.08,0.0186,14594.00,0.0521,0.4276,0.0270,14594.00,0.0521,0.4276
45,MobileNetV4 Matrix Scaling (FL),0.10,0.0186,9731.00,0.0320,0.5773,0.0151,9731.00,0.0320,0.5773
45,MobileNetV4 Matrix Scaling (FL),0.15,0.0186,3454.00,0.0050,0.8795,0.0242,3454.00,0.0050,0.8795
45,MobileNetV4 Matrix Scaling (FL),0.20,0.0186,2465.00,0.0000,1.0000,0.0181,2465.00,0.0000,1.0000
45,MobileNetV4 Matrix Scaling (FL),0.30,0.0186,2465.00,0.0000,1.0000,0.0181,2465.00,0.0000,1.0000
45,MobileNetV4 Matrix Scaling (FL),0.40,0.0186,2465.00,0.0000,1.0000,0.0181,2465.00,0.0000,1.0000
45,MobileNetV4 Matrix Scaling (FL),0.50,0.0186,2465.00,0.0000,1.0000,0.0181,2465.00,0.0000,1.0000
46,SegFormer Base (CE),0.02,0.0080,213863.00,0.8459,0.0000,0.0174,213863.00,0.8459,0.0000
46,SegFormer Base (CE),0.05,0.0080,23155.00,0.0684,0.6285,0.0893,23155.00,0.0684,0.6285
46,SegFormer Base (CE),0.08,0.0080,12477.00,0.0192,0.8188,0.1070,12477.00,0.0192,0.8188
46,SegFormer Base (CE),0.10,0.0080,10267.00,0.0079,0.8881,0.1604,10267.00,0.0079,0.8881
46,SegFormer Base (CE),0.15,0.0080,9307.00,0.0000,1.0000,0.0045,9307.00,0.0000,1.0000
46,SegFormer Base (CE),0.20,0.0080,9307.00,0.0000,1.0000,0.0045,9307.00,0.0000,1.0000
46,SegFormer Base (CE),0.30,0.0080,9307.00,0.0000,1.0000,0.0045,9307.00,0.0000,1.0000
46,SegFormer Base (CE),0.40,0.0080,9307.00,0.0000,1.0000,0.0045,9307.00,0.0000,1.0000
46,SegFormer Base (CE),0.50,0.0080,9307.00,0.0000,1.0000,0.0045,9307.00,0.0000,1.0000
46,SegFormer Temp Scaling (CE),0.02,0.0349,15963.00,0.0358,0.7421,0.1241,15963.00,0.0358,0.7421
46,SegFormer Temp Scaling (CE),0.05,0.0349,10801.00,0.0110,0.8629,0.1864,10801.00,0.0110,0.8629
46,SegFormer Temp Scaling (CE),0.08,0.0349,9583.00,0.0042,0.9167,0.2151,9583.00,0.0042,0.9167
46,SegFormer Temp Scaling (CE),0.10,0.0349,9583.00,0.0042,0.9167,0.2151,9583.00,0.0042,0.9167
46,SegFormer Temp Scaling (CE),0.15,0.0349,9307.00,0.0000,1.0000,0.0314,9307.00,0.0000,1.0000
46,SegFormer Temp Scaling (CE),0.20,0.0349,9307.00,0.0000,1.0000,0.0314,9307.00,0.0000,1.0000
46,SegFormer Temp Scaling (CE),0.30,0.0349,9307.00,0.0000,1.0000,0.0314,9307.00,0.0000,1.0000
46,SegFormer Temp Scaling (CE),0.40,0.0349,9307.00,0.0000,1.0000,0.0314,9307.00,0.0000,1.0000
46,SegFormer Temp Scaling (CE),0.50,0.0349,9307.00,0.0000,1.0000,0.0314,9307.00,0.0000,1.0000
46,SegFormer Matrix Scaling (CE),0.02,0.0230,85571.00,0.3167,0.5916,0.0488,85571.00,0.3167,0.5916
46,SegFormer Matrix Scaling (CE),0.05,0.0230,12292.00,0.0192,0.7989,0.1608,12292.00,0.0192,0.7989
46,SegFormer Matrix Scaling (CE),0.08,0.0230,9583.00,0.0042,0.9167,0.2231,9583.00,0.0042,0.9167
46,SegFormer Matrix Scaling (CE),0.10,0.0230,9172.00,0.0016,0.9434,0.2434,9172.00,0.0016,0.9434
46,SegFormer Matrix Scaling (CE),0.15,0.0230,9307.00,0.0000,1.0000,0.0186,9307.00,0.0000,1.0000
46,SegFormer Matrix Scaling (CE),0.20,0.0230,9307.00,0.0000,1.0000,0.0186,9307.00,0.0000,1.0000
46,SegFormer Matrix Scaling (CE),0.30,0.0230,9307.00,0.0000,1.0000,0.0186,9307.00,0.0000,1.0000
46,SegFormer Matrix Scaling (CE),0.40,0.0230,9307.00,0.0000,1.0000,0.0186,9307.00,0.0000,1.0000
46,SegFormer Matrix Scaling (CE),0.50,0.0230,9307.00,0.0000,1.0000,0.0186,9307.00,0.0000,1.0000
46,SegFormer Base (FL),0.02,0.0401,252837.00,1.0000,0.0000,0.0284,252837.00,1.0000,0.0000
46,SegFormer Base (FL),0.05,0.0401,137906.00,0.5449,0.0140,0.0418,137906.00,0.5449,0.0140
46,SegFormer Base (FL),0.08,0.0401,49107.00,0.1881,0.1670,0.0547,49107.00,0.1881,0.1670
46,SegFormer Base (FL),0.10,0.0401,26178.00,0.0871,0.4472,0.0904,26178.00,0.0871,0.4472
46,SegFormer Base (FL),0.15,0.0401,12145.00,0.0157,0.8774,0.0523,12145.00,0.0157,0.8774
46,SegFormer Base (FL),0.20,0.0401,9172.00,0.0016,0.9434,0.1729,9172.00,0.0016,0.9434
46,SegFormer Base (FL),0.30,0.0401,9307.00,0.0000,1.0000,0.0284,9307.00,0.0000,1.0000
46,SegFormer Base (FL),0.40,0.0401,9307.00,0.0000,1.0000,0.0284,9307.00,0.0000,1.0000
46,SegFormer Base (FL),0.50,0.0401,9307.00,0.0000,1.0000,0.0284,9307.00,0.0000,1.0000
46,SegFormer Temp Scaling (FL),0.02,0.0290,28837.00,0.0926,0.5822,0.1118,28837.00,0.0926,0.5822
46,SegFormer Temp Scaling (FL),0.05,0.0290,13651.00,0.0267,0.7401,0.1196,13651.00,0.0267,0.7401
46,SegFormer Temp Scaling (FL),0.08,0.0290,12101.00,0.0163,0.8585,0.0930,12101.00,0.0163,0.8585
46,SegFormer Temp Scaling (FL),0.10,0.0290,10108.00,0.0067,0.9051,0.1321,10108.00,0.0067,0.9051
46,SegFormer Temp Scaling (FL),0.15,0.0290,9172.00,0.0016,0.9434,0.1828,9172.00,0.0016,0.9434
46,SegFormer Temp Scaling (FL),0.20,0.0290,9172.00,0.0016,0.9434,0.1828,9172.00,0.0016,0.9434
46,SegFormer Temp Scaling (FL),0.30,0.0290,9307.00,0.0000,1.0000,0.0258,9307.00,0.0000,1.0000
46,SegFormer Temp Scaling (FL),0.40,0.0290,9307.00,0.0000,1.0000,0.0258,9307.00,0.0000,1.0000
46,SegFormer Temp Scaling (FL),0.50,0.0290,9307.00,0.0000,1.0000,0.0258,9307.00,0.0000,1.0000
46,SegFormer Matrix Scaling (FL),0.02,0.0235,63620.00,0.2298,0.5925,0.0278,63620.00,0.2298,0.5925
46,SegFormer Matrix Scaling (FL),0.05,0.0235,12839.00,0.0210,0.8086,0.1447,12839.00,0.0210,0.8086
46,SegFormer Matrix Scaling (FL),0.08,0.0235,9923.00,0.0053,0.9220,0.1791,9923.00,0.0053,0.9220
46,SegFormer Matrix Scaling (FL),0.10,0.0235,9172.00,0.0016,0.9434,0.2250,9172.00,0.0016,0.9434
46,SegFormer Matrix Scaling (FL),0.15,0.0235,9307.00,0.0000,1.0000,0.0195,9307.00,0.0000,1.0000
46,SegFormer Matrix Scaling (FL),0.20,0.0235,9307.00,0.0000,1.0000,0.0195,9307.00,0.0000,1.0000
46,SegFormer Matrix Scaling (FL),0.30,0.0235,9307.00,0.0000,1.0000,0.0195,9307.00,0.0000,1.0000
46,SegFormer Matrix Scaling (FL),0.40,0.0235,9307.00,0.0000,1.0000,0.0195,9307.00,0.0000,1.0000
46,SegFormer Matrix Scaling (FL),0.50,0.0235,9307.00,0.0000,1.0000,0.0195,9307.00,0.0000,1.0000
46,MobileNetV4 Base (CE),0.02,0.0282,245203.00,0.9698,0.0000,0.0175,245203.00,0.9698,0.0000
46,MobileNetV4 Base (CE),0.05,0.0282,69414.00,0.2698,0.1287,0.0258,69414.00,0.2698,0.1287
46,MobileNetV4 Base (CE),0.08,0.0282,28678.00,0.0993,0.3828,0.0653,28678.00,0.0993,0.3828
46,MobileNetV4 Base (CE),0.10,0.0282,20588.00,0.0637,0.4828,0.1183,20588.00,0.0637,0.4828
46,MobileNetV4 Base (CE),0.15,0.0282,11059.00,0.0139,0.8105,0.1354,11059.00,0.0139,0.8105
46,MobileNetV4 Base (CE),0.20,0.0282,9172.00,0.0016,0.9434,0.1887,9172.00,0.0016,0.9434
46,MobileNetV4 Base (CE),0.30,0.0282,9307.00,0.0000,1.0000,0.0129,9307.00,0.0000,1.0000
46,MobileNetV4 Base (CE),0.40,0.0282,9307.00,0.0000,1.0000,0.0129,9307.00,0.0000,1.0000
46,MobileNetV4 Base (CE),0.50,0.0282,9307.00,0.0000,1.0000,0.0129,9307.00,0.0000,1.0000
46,MobileNetV4 Temp Scaling (CE),0.02,0.0198,45504.00,0.1707,0.2533,0.0325,45504.00,0.1707,0.2533
46,MobileNetV4 Temp Scaling (CE),0.05,0.0198,21248.00,0.0635,0.5569,0.1501,21248.00,0.0635,0.5569
46,MobileNetV4 Temp Scaling (CE),0.08,0.0198,15959.00,0.0359,0.7383,0.1343,15959.00,0.0359,0.7383
46,MobileNetV4 Temp Scaling (CE),0.10,0.0198,12544.00,0.0215,0.7640,0.1408,12544.00,0.0215,0.7640
46,MobileNetV4 Temp Scaling (CE),0.15,0.0198,9955.00,0.0070,0.8793,0.1784,9955.00,0.0070,0.8793
46,MobileNetV4 Temp Scaling (CE),0.20,0.0198,9307.00,0.0000,1.0000,0.0170,9307.00,0.0000,1.0000
46,MobileNetV4 Temp Scaling (CE),0.30,0.0198,9307.00,0.0000,1.0000,0.0170,9307.00,0.0000,1.0000
46,MobileNetV4 Temp Scaling (CE),0.40,0.0198,9307.00,0.0000,1.0000,0.0170,9307.00,0.0000,1.0000
46,MobileNetV4 Temp Scaling (CE),0.50,0.0198,9307.00,0.0000,1.0000,0.0170,9307.00,0.0000,1.0000
46,MobileNetV4 Matrix Scaling (CE),0.02,0.0081,169377.00,0.6680,0.0523,0.0039,169377.00,0.6680,0.0523
46,MobileNetV4 Matrix Scaling (CE),0.05,0.0081,28385.00,0.0963,0.4338,0.1382,28385.00,0.0963,0.4338
46,MobileNetV4 Matrix Scaling (CE),0.08,0.0081,16887.00,0.0391,0.7514,0.1304,16887.00,0.0391,0.7514
46,MobileNetV4 Matrix Scaling (CE),0.10,0.0081,11860.00,0.0177,0.7926,0.1708,11860.00,0.0177,0.7926
46,MobileNetV4 Matrix Scaling (CE),0.15,0.0081,9172.00,0.0016,0.9434,0.2075,9172.00,0.0016,0.9434
46,MobileNetV4 Matrix Scaling (CE),0.20,0.0081,9307.00,0.0000,1.0000,0.0048,9307.00,0.0000,1.0000
46,MobileNetV4 Matrix Scaling (CE),0.30,0.0081,9307.00,0.0000,1.0000,0.0048,9307.00,0.0000,1.0000
46,MobileNetV4 Matrix Scaling (CE),0.40,0.0081,9307.00,0.0000,1.0000,0.0048,9307.00,0.0000,1.0000
46,MobileNetV4 Matrix Scaling (CE),0.50,0.0081,9307.00,0.0000,1.0000,0.0048,9307.00,0.0000,1.0000
46,MobileNetV4 Base (FL),0.02,0.0775,252837.00,1.0000,0.0000,0.0731,252837.00,1.0000,0.0000
46,MobileNetV4 Base (FL),0.05,0.0775,221466.00,0.8759,0.0000,0.0491,221466.00,0.8759,0.0000
46,MobileNetV4 Base (FL),0.08,0.0775,112803.00,0.4453,0.0227,0.0742,112803.00,0.4453,0.0227
46,MobileNetV4 Base (FL),0.10,0.0775,87345.00,0.3441,0.0383,0.0903,87345.00,0.3441,0.0383
46,MobileNetV4 Base (FL),0.15,0.0775,55119.00,0.2146,0.0937,0.0925,55119.00,0.2146,0.0937
46,MobileNetV4 Base (FL),0.20,0.0775,30667.00,0.1134,0.2153,0.1217,30667.00,0.1134,0.2153
46,MobileNetV4 Base (FL),0.30,0.0775,10837.00,0.0154,0.7458,0.0510,10837.00,0.0154,0.7458
46,MobileNetV4 Base (FL),0.40,0.0775,9172.00,0.0016,0.9434,0.1233,9172.00,0.0016,0.9434
46,MobileNetV4 Base (FL),0.50,0.0775,9307.00,0.0000,1.0000,0.0731,9307.00,0.0000,1.0000
46,MobileNetV4 Temp Scaling (FL),0.02,0.0160,92861.00,0.3662,0.0303,0.0145,92861.00,0.3662,0.0303
46,MobileNetV4 Temp Scaling (FL),0.05,0.0160,51378.00,0.1994,0.1040,0.0153,51378.00,0.1994,0.1040
46,MobileNetV4 Temp Scaling (FL),0.08,0.0160,31142.00,0.1153,0.2147,0.0143,31142.00,0.1153,0.2147
46,MobileNetV4 Temp Scaling (FL),0.10,0.0160,23480.00,0.0817,0.3036,0.0176,23480.00,0.0817,0.3036
46,MobileNetV4 Temp Scaling (FL),0.15,0.0160,15695.00,0.0453,0.4551,0.1005,15695.00,0.0453,0.4551
46,MobileNetV4 Temp Scaling (FL),0.20,0.0160,11786.00,0.0192,0.7460,0.0703,11786.00,0.0192,0.7460
46,MobileNetV4 Temp Scaling (FL),0.30,0.0160,9331.00,0.0028,0.9264,0.0751,9331.00,0.0028,0.9264
46,MobileNetV4 Temp Scaling (FL),0.40,0.0160,9307.00,0.0000,1.0000,0.0012,9307.00,0.0000,1.0000
46,MobileNetV4 Temp Scaling (FL),0.50,0.0160,9307.00,0.0000,1.0000,0.0012,9307.00,0.0000,1.0000
46,MobileNetV4 Matrix Scaling (FL),0.02,0.0244,168564.00,0.6663,0.0099,0.0147,168564.00,0.6663,0.0099
46,MobileNetV4 Matrix Scaling (FL),0.05,0.0244,58829.00,0.2288,0.1040,0.0294,58829.00,0.2288,0.1040
46,MobileNetV4 Matrix Scaling (FL),0.08,0.0244,28065.00,0.1006,0.2817,0.0117,28065.00,0.1006,0.2817
46,MobileNetV4 Matrix Scaling (FL),0.10,0.0244,20000.00,0.0640,0.4109,0.0959,20000.00,0.0640,0.4109
46,MobileNetV4 Matrix Scaling (FL),0.15,0.0244,11233.00,0.0137,0.8357,0.0857,11233.00,0.0137,0.8357
46,MobileNetV4 Matrix Scaling (FL),0.20,0.0244,9923.00,0.0053,0.9220,0.0922,9923.00,0.0053,0.9220
46,MobileNetV4 Matrix Scaling (FL),0.30,0.0244,9307.00,0.0000,1.0000,0.0050,9307.00,0.0000,1.0000
46,MobileNetV4 Matrix Scaling (FL),0.40,0.0244,9307.00,0.0000,1.0000,0.0050,9307.00,0.0000,1.0000
46,MobileNetV4 Matrix Scaling (FL),0.50,0.0244,9307.00,0.0000,1.0000,0.0050,9307.00,0.0000,1.0000
47,SegFormer Base (CE),0.02,0.0223,232696.00,0.8988,0.0000,0.0189,232696.00,0.8988,0.0000
47,SegFormer Base (CE),0.05,0.0223,27132.00,0.1020,0.2191,0.0318,27132.00,0.1020,0.2191
47,SegFormer Base (CE),0.08,0.0223,8937.00,0.0279,0.5296,0.0363,8937.00,0.0279,0.5296
47,SegFormer Base (CE),0.10,0.0223,7040.00,0.0191,0.6392,0.0284,7040.00,0.0191,0.6392
47,SegFormer Base (CE),0.15,0.0223,4149.00,0.0061,0.7901,0.0355,4149.00,0.0061,0.7901
47,SegFormer Base (CE),0.20,0.0223,4149.00,0.0061,0.7901,0.0355,4149.00,0.0061,0.7901
47,SegFormer Base (CE),0.30,0.0223,3191.00,0.0009,0.9107,0.0525,3191.00,0.0009,0.9107
47,SegFormer Base (CE),0.40,0.0223,3191.00,0.0009,0.9107,0.0525,3191.00,0.0009,0.9107
47,SegFormer Base (CE),0.50,0.0223,3259.00,0.0000,1.0000,0.0223,3259.00,0.0000,1.0000
47,SegFormer Temp Scaling (CE),0.02,0.0069,13330.00,0.0464,0.4035,0.0653,13330.00,0.0464,0.4035
47,SegFormer Temp Scaling (CE),0.05,0.0069,8937.00,0.0279,0.5296,0.0658,8937.00,0.0279,0.5296
47,SegFormer Temp Scaling (CE),0.08,0.0069,4842.00,0.0093,0.7496,0.0274,4842.00,0.0093,0.7496
47,SegFormer Temp Scaling (CE),0.10,0.0069,4842.00,0.0093,0.7496,0.0274,4842.00,0.0093,0.7496
47,SegFormer Temp Scaling (CE),0.15,0.0069,4149.00,0.0061,0.7901,0.0331,4149.00,0.0061,0.7901
47,SegFormer Temp Scaling (CE),0.20,0.0069,3509.00,0.0025,0.8766,0.0282,3509.00,0.0025,0.8766
47,SegFormer Temp Scaling (CE),0.30,0.0069,3191.00,0.0009,0.9107,0.0285,3191.00,0.0009,0.9107
47,SegFormer Temp Scaling (CE),0.40,0.0069,3191.00,0.0009,0.9107,0.0285,3191.00,0.0009,0.9107
47,SegFormer Temp Scaling (CE),0.50,0.0069,3191.00,0.0009,0.9107,0.0285,3191.00,0.0009,0.9107
47,SegFormer Matrix Scaling (CE),0.02,0.0063,81169.00,0.3114,0.1694,0.0045,81169.00,0.3114,0.1694
47,SegFormer Matrix Scaling (CE),0.05,0.0063,10550.00,0.0340,0.5345,0.0584,10550.00,0.0340,0.5345
47,SegFormer Matrix Scaling (CE),0.08,0.0063,4842.00,0.0093,0.7496,0.0819,4842.00,0.0093,0.7496
47,SegFormer Matrix Scaling (CE),0.10,0.0063,4149.00,0.0061,0.7901,0.0793,4149.00,0.0061,0.7901
47,SegFormer Matrix Scaling (CE),0.15,0.0063,3509.00,0.0025,0.8766,0.0749,3509.00,0.0025,0.8766
47,SegFormer Matrix Scaling (CE),0.20,0.0063,3191.00,0.0009,0.9107,0.0979,3191.00,0.0009,0.9107
47,SegFormer Matrix Scaling (CE),0.30,0.0063,3191.00,0.0009,0.9107,0.0979,3191.00,0.0009,0.9107
47,SegFormer Matrix Scaling (CE),0.40,0.0063,3259.00,0.0000,1.0000,0.0062,3259.00,0.0000,1.0000
47,SegFormer Matrix Scaling (CE),0.50,0.0063,3259.00,0.0000,1.0000,0.0062,3259.00,0.0000,1.0000
47,SegFormer Base (FL),0.02,0.0584,258263.00,0.9976,0.0000,0.0360,258263.00,0.9976,0.0000
47,SegFormer Base (FL),0.05,0.0584,149582.00,0.5777,0.0068,0.0534,149582.00,0.5777,0.0068
47,SegFormer Base (FL),0.08,0.0584,69448.00,0.2679,0.0304,0.0690,69448.00,0.2679,0.0304
47,SegFormer Base (FL),0.10,0.0584,39793.00,0.1524,0.1046,0.0756,39793.00,0.1524,0.1046
47,SegFormer Base (FL),0.15,0.0584,10901.00,0.0358,0.5005,0.0497,10901.00,0.0358,0.5005
47,SegFormer Base (FL),0.20,0.0584,4842.00,0.0093,0.7496,0.0566,4842.00,0.0093,0.7496
47,SegFormer Base (FL),0.30,0.0584,3509.00,0.0025,0.8766,0.0777,3509.00,0.0025,0.8766
47,SegFormer Base (FL),0.40,0.0584,3191.00,0.0009,0.9107,0.0472,3191.00,0.0009,0.9107
47,SegFormer Base (FL),0.50,0.0584,3191.00,0.0009,0.9107,0.0472,3191.00,0.0009,0.9107
47,SegFormer Temp Scaling (FL),0.02,0.0025,34651.00,0.1325,0.1083,0.0133,34651.00,0.1325,0.1083
47,SegFormer Temp Scaling (FL),0.05,0.0025,15406.00,0.0545,0.3961,0.0213,15406.00,0.0545,0.3961
47,SegFormer Temp Scaling (FL),0.08,0.0025,9299.00,0.0294,0.5152,0.0314,9299.00,0.0294,0.5152
47,SegFormer Temp Scaling (FL),0.10,0.0025,8568.00,0.0263,0.5416,0.0364,8568.00,0.0263,0.5416
47,SegFormer Temp Scaling (FL),0.15,0.0025,4842.00,0.0093,0.7496,0.0202,4842.00,0.0093,0.7496
47,SegFormer Temp Scaling (FL),0.20,0.0025,4149.00,0.0061,0.7901,0.0323,4149.00,0.0061,0.7901
47,SegFormer Temp Scaling (FL),0.30,0.0025,3509.00,0.0025,0.8766,0.0412,3509.00,0.0025,0.8766
47,SegFormer Temp Scaling (FL),0.40,0.0025,3191.00,0.0009,0.9107,0.0102,3191.00,0.0009,0.9107
47,SegFormer Temp Scaling (FL),0.50,0.0025,3191.00,0.0009,0.9107,0.0102,3191.00,0.0009,0.9107
47,SegFormer Matrix Scaling (FL),0.02,0.0060,70507.00,0.2705,0.1504,0.0012,70507.00,0.2705,0.1504
47,SegFormer Matrix Scaling (FL),0.05,0.0060,9680.00,0.0307,0.5296,0.0729,9680.00,0.0307,0.5296
47,SegFormer Matrix Scaling (FL),0.08,0.0060,5091.00,0.0105,0.7281,0.0955,5091.00,0.0105,0.7281
47,SegFormer Matrix Scaling (FL),0.10,0.0060,4842.00,0.0093,0.7496,0.0977,4842.00,0.0093,0.7496
47,SegFormer Matrix Scaling (FL),0.15,0.0060,3509.00,0.0025,0.8766,0.0950,3509.00,0.0025,0.8766
47,SegFormer Matrix Scaling (FL),0.20,0.0060,3191.00,0.0009,0.9107,0.1203,3191.00,0.0009,0.9107
47,SegFormer Matrix Scaling (FL),0.30,0.0060,3191.00,0.0009,0.9107,0.1203,3191.00,0.0009,0.9107
47,SegFormer Matrix Scaling (FL),0.40,0.0060,3259.00,0.0000,1.0000,0.0050,3259.00,0.0000,1.0000
47,SegFormer Matrix Scaling (FL),0.50,0.0060,3259.00,0.0000,1.0000,0.0050,3259.00,0.0000,1.0000
47,MobileNetV4 Base (CE),0.02,0.0438,251215.00,0.9704,0.0000,0.0213,251215.00,0.9704,0.0000
47,MobileNetV4 Base (CE),0.05,0.0438,84632.00,0.3268,0.0098,0.0456,84632.00,0.3268,0.0098
47,MobileNetV4 Base (CE),0.08,0.0438,46419.00,0.1783,0.0835,0.0625,46419.00,0.1783,0.0835
47,MobileNetV4 Base (CE),0.10,0.0438,29584.00,0.1115,0.2212,0.0809,29584.00,0.1115,0.2212
47,MobileNetV4 Base (CE),0.15,0.0438,11929.00,0.0390,0.5615,0.0961,11929.00,0.0390,0.5615
47,MobileNetV4 Base (CE),0.20,0.0438,4482.00,0.0076,0.7717,0.0804,4482.00,0.0076,0.7717
47,MobileNetV4 Base (CE),0.30,0.0438,3509.00,0.0025,0.8766,0.0816,3509.00,0.0025,0.8766
47,MobileNetV4 Base (CE),0.40,0.0438,3191.00,0.0009,0.9107,0.0699,3191.00,0.0009,0.9107
47,MobileNetV4 Base (CE),0.50,0.0438,3259.00,0.0000,1.0000,0.0422,3259.00,0.0000,1.0000
47,MobileNetV4 Temp Scaling (CE),0.02,0.0115,68599.00,0.2645,0.0356,0.0139,68599.00,0.2645,0.0356
47,MobileNetV4 Temp Scaling (CE),0.05,0.0115,28627.00,0.1088,0.1378,0.0226,28627.00,0.1088,0.1378
47,MobileNetV4 Temp Scaling (CE),0.08,0.0115,16802.00,0.0600,0.3909,0.0370,16802.00,0.0600,0.3909
47,MobileNetV4 Temp Scaling (CE),0.10,0.0115,12356.00,0.0413,0.5084,0.0472,12356.00,0.0413,0.5084
47,MobileNetV4 Temp Scaling (CE),0.15,0.0115,5815.00,0.0143,0.6447,0.0533,5815.00,0.0143,0.6447
47,MobileNetV4 Temp Scaling (CE),0.20,0.0115,4482.00,0.0076,0.7717,0.0551,4482.00,0.0076,0.7717
47,MobileNetV4 Temp Scaling (CE),0.30,0.0115,3191.00,0.0009,0.9107,0.0564,3191.00,0.0009,0.9107
47,MobileNetV4 Temp Scaling (CE),0.40,0.0115,3191.00,0.0009,0.9107,0.0564,3191.00,0.0009,0.9107
47,MobileNetV4 Temp Scaling (CE),0.50,0.0115,3259.00,0.0000,1.0000,0.0107,3259.00,0.0000,1.0000
47,MobileNetV4 Matrix Scaling (CE),0.02,0.0223,165943.00,0.6410,0.0031,0.0181,165943.00,0.6410,0.0031
47,MobileNetV4 Matrix Scaling (CE),0.05,0.0223,36446.00,0.1394,0.1120,0.0190,36446.00,0.1394,0.1120
47,MobileNetV4 Matrix Scaling (CE),0.08,0.0223,17200.00,0.0624,0.3182,0.0289,17200.00,0.0624,0.3182
47,MobileNetV4 Matrix Scaling (CE),0.10,0.0223,10550.00,0.0335,0.5781,0.0528,10550.00,0.0335,0.5781
47,MobileNetV4 Matrix Scaling (CE),0.15,0.0223,4482.00,0.0076,0.7717,0.0619,4482.00,0.0076,0.7717
47,MobileNetV4 Matrix Scaling (CE),0.20,0.0223,3915.00,0.0047,0.8272,0.1003,3915.00,0.0047,0.8272
47,MobileNetV4 Matrix Scaling (CE),0.30,0.0223,3191.00,0.0009,0.9107,0.1197,3191.00,0.0009,0.9107
47,MobileNetV4 Matrix Scaling (CE),0.40,0.0223,3259.00,0.0000,1.0000,0.0215,3259.00,0.0000,1.0000
47,MobileNetV4 Matrix Scaling (CE),0.50,0.0223,3259.00,0.0000,1.0000,0.0215,3259.00,0.0000,1.0000
47,MobileNetV4 Base (FL),0.02,0.1225,258885.00,1.0000,0.0000,0.1185,258885.00,1.0000,0.0000
47,MobileNetV4 Base (FL),0.05,0.1225,241564.00,0.9331,0.0000,0.0522,241564.00,0.9331,0.0000
47,MobileNetV4 Base (FL),0.08,0.1225,151283.00,0.5844,0.0000,0.0958,151283.00,0.5844,0.0000
47,MobileNetV4 Base (FL),0.10,0.1225,106353.00,0.4108,0.0012,0.1064,106353.00,0.4108,0.0012
47,MobileNetV4 Base (FL),0.15,0.1225,76537.00,0.2954,0.0190,0.1308,76537.00,0.2954,0.0190
47,MobileNetV4 Base (FL),0.20,0.1225,54712.00,0.2103,0.0850,0.1737,54712.00,0.2103,0.0850
47,MobileNetV4 Base (FL),0.30,0.1225,19289.00,0.0675,0.5594,0.1665,19289.00,0.0675,0.5594
47,MobileNetV4 Base (FL),0.40,0.1225,4865.00,0.0078,0.8766,0.1977,4865.00,0.0078,0.8766
47,MobileNetV4 Base (FL),0.50,0.1225,3191.00,0.0009,0.9107,0.0622,3191.00,0.0009,0.9107
47,MobileNetV4 Temp Scaling (FL),0.02,0.0455,123724.00,0.4779,0.0012,0.0268,123724.00,0.4779,0.0012
47,MobileNetV4 Temp Scaling (FL),0.05,0.0455,74633.00,0.2880,0.0209,0.0408,74633.00,0.2880,0.0209
47,MobileNetV4 Temp Scaling (FL),0.08,0.0455,57236.00,0.2205,0.0479,0.0581,57236.00,0.2205,0.0479
47,MobileNetV4 Temp Scaling (FL),0.10,0.0455,47880.00,0.1837,0.0963,0.0849,47880.00,0.1837,0.0963
47,MobileNetV4 Temp Scaling (FL),0.15,0.0455,30664.00,0.1146,0.3016,0.0831,30664.00,0.1146,0.3016
47,MobileNetV4 Temp Scaling (FL),0.20,0.0455,18052.00,0.0640,0.4563,0.1283,18052.00,0.0640,0.4563
47,MobileNetV4 Temp Scaling (FL),0.30,0.0455,8939.00,0.0238,0.8493,0.1882,8939.00,0.0238,0.8493
47,MobileNetV4 Temp Scaling (FL),0.40,0.0455,4865.00,0.0078,0.8766,0.1781,4865.00,0.0078,0.8766
47,MobileNetV4 Temp Scaling (FL),0.50,0.0455,3191.00,0.0009,0.9107,0.0329,3191.00,0.0009,0.9107
47,MobileNetV4 Matrix Scaling (FL),0.02,0.0414,189198.00,0.7308,0.0000,0.0223,189198.00,0.7308,0.0000
47,MobileNetV4 Matrix Scaling (FL),0.05,0.0414,81686.00,0.3153,0.0181,0.0483,81686.00,0.3153,0.0181
47,MobileNetV4 Matrix Scaling (FL),0.08,0.0414,50465.00,0.1937,0.0951,0.0628,50465.00,0.1937,0.0951
47,MobileNetV4 Matrix Scaling (FL),0.10,0.0414,36225.00,0.1367,0.2584,0.0661,36225.00,0.1367,0.2584
47,MobileNetV4 Matrix Scaling (FL),0.15,0.0414,15368.00,0.0532,0.4894,0.0626,15368.00,0.0532,0.4894
47,MobileNetV4 Matrix Scaling (FL),0.20,0.0414,8236.00,0.0211,0.8530,0.1290,8236.00,0.0211,0.8530
47,MobileNetV4 Matrix Scaling (FL),0.30,0.0414,3191.00,0.0009,0.9107,0.1076,3191.00,0.0009,0.9107
47,MobileNetV4 Matrix Scaling (FL),0.40,0.0414,3259.00,0.0000,1.0000,0.0397,3259.00,0.0000,1.0000
47,MobileNetV4 Matrix Scaling (FL),0.50,0.0414,3259.00,0.0000,1.0000,0.0397,3259.00,0.0000,1.0000
48,SegFormer Base (CE),0.02,0.0235,214837.00,0.8268,0.0009,0.0190,214837.00,0.8268,0.0009
48,SegFormer Base (CE),0.05,0.0235,24916.00,0.0934,0.2798,0.0235,24916.00,0.0934,0.2798
48,SegFormer Base (CE),0.08,0.0235,8536.00,0.0275,0.6028,0.0109,8536.00,0.0275,0.6028
48,SegFormer Base (CE),0.10,0.0235,3873.00,0.0075,0.8346,0.0118,3873.00,0.0075,0.8346
48,SegFormer Base (CE),0.15,0.0235,3216.00,0.0050,0.8376,0.0296,3216.00,0.0050,0.8376
48,SegFormer Base (CE),0.20,0.0235,2766.00,0.0026,0.9158,0.0153,2766.00,0.0026,0.9158
48,SegFormer Base (CE),0.30,0.0235,2291.00,0.0000,1.0000,0.0233,2291.00,0.0000,1.0000
48,SegFormer Base (CE),0.40,0.0235,2291.00,0.0000,1.0000,0.0233,2291.00,0.0000,1.0000
48,SegFormer Base (CE),0.50,0.0235,2291.00,0.0000,1.0000,0.0233,2291.00,0.0000,1.0000
48,SegFormer Temp Scaling (CE),0.02,0.0039,14825.00,0.0530,0.4618,0.0292,14825.00,0.0530,0.4618
48,SegFormer Temp Scaling (CE),0.05,0.0039,4481.00,0.0107,0.7429,0.0453,4481.00,0.0107,0.7429
48,SegFormer Temp Scaling (CE),0.08,0.0039,3216.00,0.0050,0.8376,0.0384,3216.00,0.0050,0.8376
48,SegFormer Temp Scaling (CE),0.10,0.0039,3216.00,0.0050,0.8376,0.0384,3216.00,0.0050,0.8376
48,SegFormer Temp Scaling (CE),0.15,0.0039,2766.00,0.0026,0.9158,0.0101,2766.00,0.0026,0.9158
48,SegFormer Temp Scaling (CE),0.20,0.0039,2766.00,0.0026,0.9158,0.0101,2766.00,0.0026,0.9158
48,SegFormer Temp Scaling (CE),0.30,0.0039,2291.00,0.0000,1.0000,0.0039,2291.00,0.0000,1.0000
48,SegFormer Temp Scaling (CE),0.40,0.0039,2291.00,0.0000,1.0000,0.0039,2291.00,0.0000,1.0000
48,SegFormer Temp Scaling (CE),0.50,0.0039,2291.00,0.0000,1.0000,0.0039,2291.00,0.0000,1.0000
48,SegFormer Matrix Scaling (CE),0.02,0.0083,72964.00,0.2794,0.1541,0.0128,72964.00,0.2794,0.1541
48,SegFormer Matrix Scaling (CE),0.05,0.0083,7879.00,0.0250,0.6058,0.0316,7879.00,0.0250,0.6058
48,SegFormer Matrix Scaling (CE),0.08,0.0083,3216.00,0.0050,0.8376,0.0637,3216.00,0.0050,0.8376
48,SegFormer Matrix Scaling (CE),0.10,0.0083,3216.00,0.0050,0.8376,0.0637,3216.00,0.0050,0.8376
48,SegFormer Matrix Scaling (CE),0.15,0.0083,2766.00,0.0026,0.9158,0.0405,2766.00,0.0026,0.9158
48,SegFormer Matrix Scaling (CE),0.20,0.0083,2291.00,0.0000,1.0000,0.0078,2291.00,0.0000,1.0000
48,SegFormer Matrix Scaling (CE),0.30,0.0083,2291.00,0.0000,1.0000,0.0078,2291.00,0.0000,1.0000
48,SegFormer Matrix Scaling (CE),0.40,0.0083,2291.00,0.0000,1.0000,0.0078,2291.00,0.0000,1.0000
48,SegFormer Matrix Scaling (CE),0.50,0.0083,2291.00,0.0000,1.0000,0.0078,2291.00,0.0000,1.0000
48,SegFormer Base (FL),0.02,0.0611,259853.00,1.0000,0.0000,0.0593,259853.00,1.0000,0.0000
48,SegFormer Base (FL),0.05,0.0611,173331.00,0.6669,0.0196,0.0521,173331.00,0.6669,0.0196
48,SegFormer Base (FL),0.08,0.0611,59014.00,0.2260,0.1257,0.0684,59014.00,0.2260,0.1257
48,SegFormer Base (FL),0.10,0.0611,30545.00,0.1154,0.2462,0.0618,30545.00,0.1154,0.2462
48,SegFormer Base (FL),0.15,0.0611,6514.00,0.0185,0.7490,0.1056,6514.00,0.0185,0.7490
48,SegFormer Base (FL),0.20,0.0611,3587.00,0.0064,0.8376,0.0979,3587.00,0.0064,0.8376
48,SegFormer Base (FL),0.30,0.0611,2291.00,0.0000,1.0000,0.0593,2291.00,0.0000,1.0000
48,SegFormer Base (FL),0.40,0.0611,2291.00,0.0000,1.0000,0.0593,2291.00,0.0000,1.0000
48,SegFormer Base (FL),0.50,0.0611,2291.00,0.0000,1.0000,0.0593,2291.00,0.0000,1.0000
48,SegFormer Temp Scaling (FL),0.02,0.0033,30132.00,0.1142,0.2047,0.0010,30132.00,0.1142,0.2047
48,SegFormer Temp Scaling (FL),0.05,0.0033,14869.00,0.0532,0.4614,0.0198,14869.00,0.0532,0.4614
48,SegFormer Temp Scaling (FL),0.08,0.0033,5966.00,0.0167,0.7076,0.0200,5966.00,0.0167,0.7076
48,SegFormer Temp Scaling (FL),0.10,0.0033,3587.00,0.0064,0.8376,0.0390,3587.00,0.0064,0.8376
48,SegFormer Temp Scaling (FL),0.15,0.0033,3216.00,0.0050,0.8376,0.0136,3216.00,0.0050,0.8376
48,SegFormer Temp Scaling (FL),0.20,0.0033,3216.00,0.0050,0.8376,0.0136,3216.00,0.0050,0.8376
48,SegFormer Temp Scaling (FL),0.30,0.0033,2291.00,0.0000,1.0000,0.0029,2291.00,0.0000,1.0000
48,SegFormer Temp Scaling (FL),0.40,0.0033,2291.00,0.0000,1.0000,0.0029,2291.00,0.0000,1.0000
48,SegFormer Temp Scaling (FL),0.50,0.0033,2291.00,0.0000,1.0000,0.0029,2291.00,0.0000,1.0000
48,SegFormer Matrix Scaling (FL),0.02,0.0080,62320.00,0.2383,0.1790,0.0094,62320.00,0.2383,0.1790
48,SegFormer Matrix Scaling (FL),0.05,0.0080,8807.00,0.0286,0.5984,0.0314,8807.00,0.0286,0.5984
48,SegFormer Matrix Scaling (FL),0.08,0.0080,3216.00,0.0050,0.8376,0.0672,3216.00,0.0050,0.8376
48,SegFormer Matrix Scaling (FL),0.10,0.0080,3216.00,0.0050,0.8376,0.0672,3216.00,0.0050,0.8376
48,SegFormer Matrix Scaling (FL),0.15,0.0080,2291.00,0.0000,1.0000,0.0073,2291.00,0.0000,1.0000
48,SegFormer Matrix Scaling (FL),0.20,0.0080,2291.00,0.0000,1.0000,0.0073,2291.00,0.0000,1.0000
48,SegFormer Matrix Scaling (FL),0.30,0.0080,2291.00,0.0000,1.0000,0.0073,2291.00,0.0000,1.0000
48,SegFormer Matrix Scaling (FL),0.40,0.0080,2291.00,0.0000,1.0000,0.0073,2291.00,0.0000,1.0000
48,SegFormer Matrix Scaling (FL),0.50,0.0080,2291.00,0.0000,1.0000,0.0073,2291.00,0.0000,1.0000
48,MobileNetV4 Base (CE),0.02,0.0553,248536.00,0.9564,0.0074,0.0193,248536.00,0.9564,0.0074
48,MobileNetV4 Base (CE),0.05,0.0553,103921.00,0.3995,0.0432,0.0482,103921.00,0.3995,0.0432
48,MobileNetV4 Base (CE),0.08,0.0553,51521.00,0.1968,0.1689,0.0787,51521.00,0.1968,0.1689
48,MobileNetV4 Base (CE),0.10,0.0553,35136.00,0.1326,0.2911,0.1001,35136.00,0.1326,0.2911
48,MobileNetV4 Base (CE),0.15,0.0553,18350.00,0.0655,0.5762,0.1511,18350.00,0.0655,0.5762
48,MobileNetV4 Base (CE),0.20,0.0553,12388.00,0.0414,0.7145,0.1804,12388.00,0.0414,0.7145
48,MobileNetV4 Base (CE),0.30,0.0553,2788.00,0.0019,0.9974,0.1986,2788.00,0.0019,0.9974
48,MobileNetV4 Base (CE),0.40,0.0553,2291.00,0.0000,1.0000,0.0520,2291.00,0.0000,1.0000
48,MobileNetV4 Base (CE),0.50,0.0553,2291.00,0.0000,1.0000,0.0520,2291.00,0.0000,1.0000
48,MobileNetV4 Temp Scaling (CE),0.02,0.0206,80373.00,0.3087,0.0642,0.0215,80373.00,0.3087,0.0642
48,MobileNetV4 Temp Scaling (CE),0.05,0.0206,36997.00,0.1404,0.2191,0.0449,36997.00,0.1404,0.2191
48,MobileNetV4 Temp Scaling (CE),0.08,0.0206,23216.00,0.0857,0.4099,0.0782,23216.00,0.0857,0.4099
48,MobileNetV4 Temp Scaling (CE),0.10,0.0206,19042.00,0.0692,0.4631,0.0910,19042.00,0.0692,0.4631
48,MobileNetV4 Temp Scaling (CE),0.15,0.0206,8993.00,0.0282,0.7294,0.1337,8993.00,0.0282,0.7294
48,MobileNetV4 Temp Scaling (CE),0.20,0.0206,5704.00,0.0146,0.8320,0.1450,5704.00,0.0146,0.8320
48,MobileNetV4 Temp Scaling (CE),0.30,0.0206,2788.00,0.0019,0.9974,0.1698,2788.00,0.0019,0.9974
48,MobileNetV4 Temp Scaling (CE),0.40,0.0206,2291.00,0.0000,1.0000,0.0186,2291.00,0.0000,1.0000
48,MobileNetV4 Temp Scaling (CE),0.50,0.0206,2291.00,0.0000,1.0000,0.0186,2291.00,0.0000,1.0000
48,MobileNetV4 Matrix Scaling (CE),0.02,0.0300,183429.00,0.7057,0.0210,0.0161,183429.00,0.7057,0.0210
48,MobileNetV4 Matrix Scaling (CE),0.05,0.0300,44928.00,0.1713,0.1811,0.0450,44928.00,0.1713,0.1811
48,MobileNetV4 Matrix Scaling (CE),0.08,0.0300,21530.00,0.0788,0.4583,0.0846,21530.00,0.0788,0.4583
48,MobileNetV4 Matrix Scaling (CE),0.10,0.0300,17294.00,0.0618,0.5412,0.0882,17294.00,0.0618,0.5412
48,MobileNetV4 Matrix Scaling (CE),0.15,0.0300,7965.00,0.0242,0.7324,0.0990,7965.00,0.0242,0.7324
48,MobileNetV4 Matrix Scaling (CE),0.20,0.0300,3718.00,0.0063,0.9131,0.1135,3718.00,0.0063,0.9131
48,MobileNetV4 Matrix Scaling (CE),0.30,0.0300,2291.00,0.0000,1.0000,0.0285,2291.00,0.0000,1.0000
48,MobileNetV4 Matrix Scaling (CE),0.40,0.0300,2291.00,0.0000,1.0000,0.0285,2291.00,0.0000,1.0000
48,MobileNetV4 Matrix Scaling (CE),0.50,0.0300,2291.00,0.0000,1.0000,0.0285,2291.00,0.0000,1.0000
48,MobileNetV4 Base (FL),0.02,0.1269,259853.00,1.0000,0.0000,0.1201,259853.00,1.0000,0.0000
48,MobileNetV4 Base (FL),0.05,0.1269,237147.00,0.9126,0.0000,0.0517,237147.00,0.9126,0.0000
48,MobileNetV4 Base (FL),0.08,0.1269,146426.00,0.5631,0.0480,0.0961,146426.00,0.5631,0.0480
48,MobileNetV4 Base (FL),0.10,0.1269,116711.00,0.4487,0.0502,0.1030,116711.00,0.4487,0.0502
48,MobileNetV4 Base (FL),0.15,0.1269,75118.00,0.2882,0.0973,0.1399,75118.00,0.2882,0.0973
48,MobileNetV4 Base (FL),0.20,0.1269,50396.00,0.1919,0.2261,0.1744,50396.00,0.1919,0.2261
48,MobileNetV4 Base (FL),0.30,0.1269,21255.00,0.0769,0.5600,0.2531,21255.00,0.0769,0.5600
48,MobileNetV4 Base (FL),0.40,0.1269,6470.00,0.0169,0.9027,0.3539,6470.00,0.0169,0.9027
48,MobileNetV4 Base (FL),0.50,0.1269,2291.00,0.0000,1.0000,0.1201,2291.00,0.0000,1.0000
48,MobileNetV4 Temp Scaling (FL),0.02,0.0510,118789.00,0.4567,0.0493,0.0268,118789.00,0.4567,0.0493
48,MobileNetV4 Temp Scaling (FL),0.05,0.0510,71770.00,0.2755,0.0733,0.0469,71770.00,0.2755,0.0733
48,MobileNetV4 Temp Scaling (FL),0.08,0.0510,55732.00,0.2134,0.1248,0.0743,55732.00,0.2134,0.1248
48,MobileNetV4 Temp Scaling (FL),0.10,0.0510,47133.00,0.1798,0.1803,0.0778,47133.00,0.1798,0.1803
48,MobileNetV4 Temp Scaling (FL),0.15,0.0510,27470.00,0.1021,0.4064,0.1449,27470.00,0.1021,0.4064
48,MobileNetV4 Temp Scaling (FL),0.20,0.0510,20350.00,0.0734,0.5600,0.1907,20350.00,0.0734,0.5600
48,MobileNetV4 Temp Scaling (FL),0.30,0.0510,10545.00,0.0345,0.6888,0.2736,10545.00,0.0345,0.6888
48,MobileNetV4 Temp Scaling (FL),0.40,0.0510,6086.00,0.0154,0.9088,0.3336,6086.00,0.0154,0.9088
48,MobileNetV4 Temp Scaling (FL),0.50,0.0510,2910.00,0.0027,0.9598,0.2261,2910.00,0.0027,0.9598
48,MobileNetV4 Matrix Scaling (FL),0.02,0.0443,188491.00,0.7251,0.0336,0.0242,188491.00,0.7251,0.0336
48,MobileNetV4 Matrix Scaling (FL),0.05,0.0443,80086.00,0.3076,0.0725,0.0472,80086.00,0.3076,0.0725
48,MobileNetV4 Matrix Scaling (FL),0.08,0.0443,47618.00,0.1815,0.1977,0.0569,47618.00,0.1815,0.1977
48,MobileNetV4 Matrix Scaling (FL),0.10,0.0443,32867.00,0.1235,0.3374,0.0917,32867.00,0.1235,0.3374
48,MobileNetV4 Matrix Scaling (FL),0.15,0.0443,15568.00,0.0548,0.5766,0.1323,15568.00,0.0548,0.5766
48,MobileNetV4 Matrix Scaling (FL),0.20,0.0443,8152.00,0.0253,0.6888,0.1499,8152.00,0.0253,0.6888
48,MobileNetV4 Matrix Scaling (FL),0.30,0.0443,2910.00,0.0027,0.9598,0.1269,2910.00,0.0027,0.9598
48,MobileNetV4 Matrix Scaling (FL),0.40,0.0443,2291.00,0.0000,1.0000,0.0418,2291.00,0.0000,1.0000
48,MobileNetV4 Matrix Scaling (FL),0.50,0.0443,2291.00,0.0000,1.0000,0.0418,2291.00,0.0000,1.0000
49,SegFormer Base (CE),0.02,0.0200,224247.00,0.8658,0.0000,0.0187,224247.00,0.8658,0.0000
49,SegFormer Base (CE),0.05,0.0200,23265.00,0.0835,0.5249,0.0290,23265.00,0.0835,0.5249
49,SegFormer Base (CE),0.08,0.0200,6817.00,0.0164,0.8230,0.0207,6817.00,0.0164,0.8230
49,SegFormer Base (CE),0.10,0.0200,4800.00,0.0080,0.8722,0.0178,4800.00,0.0080,0.8722
49,SegFormer Base (CE),0.15,0.0200,3777.00,0.0040,0.8722,0.0594,3777.00,0.0040,0.8722
49,SegFormer Base (CE),0.20,0.0200,3130.00,0.0000,1.0000,0.0198,3130.00,0.0000,1.0000
49,SegFormer Base (CE),0.30,0.0200,3130.00,0.0000,1.0000,0.0198,3130.00,0.0000,1.0000
49,SegFormer Base (CE),0.40,0.0200,3130.00,0.0000,1.0000,0.0198,3130.00,0.0000,1.0000
49,SegFormer Base (CE),0.50,0.0200,3130.00,0.0000,1.0000,0.0198,3130.00,0.0000,1.0000
49,SegFormer Temp Scaling (CE),0.02,0.0074,13753.00,0.0444,0.7230,0.0100,13753.00,0.0444,0.7230
49,SegFormer Temp Scaling (CE),0.05,0.0074,4800.00,0.0080,0.8722,0.0039,4800.00,0.0080,0.8722
49,SegFormer Temp Scaling (CE),0.08,0.0074,4800.00,0.0080,0.8722,0.0039,4800.00,0.0080,0.8722
49,SegFormer Temp Scaling (CE),0.10,0.0074,4800.00,0.0080,0.8722,0.0039,4800.00,0.0080,0.8722
49,SegFormer Temp Scaling (CE),0.15,0.0074,3424.00,0.0022,0.9128,0.0750,3424.00,0.0022,0.9128
49,SegFormer Temp Scaling (CE),0.20,0.0074,3130.00,0.0000,1.0000,0.0071,3130.00,0.0000,1.0000
49,SegFormer Temp Scaling (CE),0.30,0.0074,3130.00,0.0000,1.0000,0.0071,3130.00,0.0000,1.0000
49,SegFormer Temp Scaling (CE),0.40,0.0074,3130.00,0.0000,1.0000,0.0071,3130.00,0.0000,1.0000
49,SegFormer Temp Scaling (CE),0.50,0.0074,3130.00,0.0000,1.0000,0.0071,3130.00,0.0000,1.0000
49,SegFormer Matrix Scaling (CE),0.02,0.0048,71342.00,0.2715,0.3246,0.0049,71342.00,0.2715,0.3246
49,SegFormer Matrix Scaling (CE),0.05,0.0048,8116.00,0.0208,0.8722,0.0701,8116.00,0.0208,0.8722
49,SegFormer Matrix Scaling (CE),0.08,0.0048,4800.00,0.0080,0.8722,0.0843,4800.00,0.0080,0.8722
49,SegFormer Matrix Scaling (CE),0.10,0.0048,3424.00,0.0022,0.9128,0.0976,3424.00,0.0022,0.9128
49,SegFormer Matrix Scaling (CE),0.15,0.0048,3130.00,0.0000,1.0000,0.0044,3130.00,0.0000,1.0000
49,SegFormer Matrix Scaling (CE),0.20,0.0048,3130.00,0.0000,1.0000,0.0044,3130.00,0.0000,1.0000
49,SegFormer Matrix Scaling (CE),0.30,0.0048,3130.00,0.0000,1.0000,0.0044,3130.00,0.0000,1.0000
49,SegFormer Matrix Scaling (CE),0.40,0.0048,3130.00,0.0000,1.0000,0.0044,3130.00,0.0000,1.0000
49,SegFormer Matrix Scaling (CE),0.50,0.0048,3130.00,0.0000,1.0000,0.0044,3130.00,0.0000,1.0000
49,SegFormer Base (FL),0.02,0.0586,259014.00,1.0000,0.0000,0.0571,259014.00,1.0000,0.0000
49,SegFormer Base (FL),0.05,0.0586,194262.00,0.7492,0.0642,0.0465,194262.00,0.7492,0.0642
49,SegFormer Base (FL),0.08,0.0586,61043.00,0.2329,0.2275,0.0772,61043.00,0.2329,0.2275
49,SegFormer Base (FL),0.10,0.0586,28253.00,0.1042,0.3997,0.0782,28253.00,0.1042,0.3997
49,SegFormer Base (FL),0.15,0.0586,7137.00,0.0176,0.8230,0.1048,7137.00,0.0176,0.8230
49,SegFormer Base (FL),0.20,0.0586,3777.00,0.0040,0.8722,0.0367,3777.00,0.0040,0.8722
49,SegFormer Base (FL),0.30,0.0586,3130.00,0.0000,1.0000,0.0571,3130.00,0.0000,1.0000
49,SegFormer Base (FL),0.40,0.0586,3130.00,0.0000,1.0000,0.0571,3130.00,0.0000,1.0000
49,SegFormer Base (FL),0.50,0.0586,3130.00,0.0000,1.0000,0.0571,3130.00,0.0000,1.0000
49,SegFormer Temp Scaling (FL),0.02,0.0014,34592.00,0.1299,0.3051,0.0007,34592.00,0.1299,0.3051
49,SegFormer Temp Scaling (FL),0.05,0.0014,12344.00,0.0392,0.6965,0.0136,12344.00,0.0392,0.6965
49,SegFormer Temp Scaling (FL),0.08,0.0014,5903.00,0.0131,0.8038,0.0529,5903.00,0.0131,0.8038
49,SegFormer Temp Scaling (FL),0.10,0.0014,4800.00,0.0080,0.8722,0.0712,4800.00,0.0080,0.8722
49,SegFormer Temp Scaling (FL),0.15,0.0014,3777.00,0.0040,0.8722,0.0321,3777.00,0.0040,0.8722
49,SegFormer Temp Scaling (FL),0.20,0.0014,3424.00,0.0022,0.9128,0.0395,3424.00,0.0022,0.9128
49,SegFormer Temp Scaling (FL),0.30,0.0014,3130.00,0.0000,1.0000,0.0007,3130.00,0.0000,1.0000
49,SegFormer Temp Scaling (FL),0.40,0.0014,3130.00,0.0000,1.0000,0.0007,3130.00,0.0000,1.0000
49,SegFormer Temp Scaling (FL),0.50,0.0014,3130.00,0.0000,1.0000,0.0007,3130.00,0.0000,1.0000
49,SegFormer Matrix Scaling (FL),0.02,0.0048,65639.00,0.2494,0.3326,0.0116,65639.00,0.2494,0.3326
49,SegFormer Matrix Scaling (FL),0.05,0.0048,8878.00,0.0237,0.8722,0.0694,8878.00,0.0237,0.8722
49,SegFormer Matrix Scaling (FL),0.08,0.0048,4800.00,0.0080,0.8722,0.0848,4800.00,0.0080,0.8722
49,SegFormer Matrix Scaling (FL),0.10,0.0048,3424.00,0.0022,0.9128,0.1001,3424.00,0.0022,0.9128
49,SegFormer Matrix Scaling (FL),0.15,0.0048,3130.00,0.0000,1.0000,0.0042,3130.00,0.0000,1.0000
49,SegFormer Matrix Scaling (FL),0.20,0.0048,3130.00,0.0000,1.0000,0.0042,3130.00,0.0000,1.0000
49,SegFormer Matrix Scaling (FL),0.30,0.0048,3130.00,0.0000,1.0000,0.0042,3130.00,0.0000,1.0000
49,SegFormer Matrix Scaling (FL),0.40,0.0048,3130.00,0.0000,1.0000,0.0042,3130.00,0.0000,1.0000
49,SegFormer Matrix Scaling (FL),0.50,0.0048,3130.00,0.0000,1.0000,0.0042,3130.00,0.0000,1.0000
49,MobileNetV4 Base (CE),0.02,0.0492,253531.00,0.9788,0.0000,0.0239,253531.00,0.9788,0.0000
49,MobileNetV4 Base (CE),0.05,0.0492,119968.00,0.4621,0.0927,0.0499,119968.00,0.4621,0.0927
49,MobileNetV4 Base (CE),0.08,0.0492,54467.00,0.2070,0.2741,0.0815,54467.00,0.2070,0.2741
49,MobileNetV4 Base (CE),0.10,0.0492,32116.00,0.1186,0.4473,0.0887,32116.00,0.1186,0.4473
49,MobileNetV4 Base (CE),0.15,0.0492,10525.00,0.0305,0.8393,0.1231,10525.00,0.0305,0.8393
49,MobileNetV4 Base (CE),0.20,0.0492,6763.00,0.0151,0.9128,0.1276,6763.00,0.0151,0.9128
49,MobileNetV4 Base (CE),0.30,0.0492,3130.00,0.0000,1.0000,0.0473,3130.00,0.0000,1.0000
49,MobileNetV4 Base (CE),0.40,0.0492,3130.00,0.0000,1.0000,0.0473,3130.00,0.0000,1.0000
49,MobileNetV4 Base (CE),0.50,0.0492,3130.00,0.0000,1.0000,0.0473,3130.00,0.0000,1.0000
49,MobileNetV4 Temp Scaling (CE),0.02,0.0136,86502.00,0.3327,0.1058,0.0190,86502.00,0.3327,0.1058
49,MobileNetV4 Temp Scaling (CE),0.05,0.0136,33375.00,0.1248,0.3374,0.0385,33375.00,0.1248,0.3374
49,MobileNetV4 Temp Scaling (CE),0.08,0.0136,17419.00,0.0602,0.5856,0.0421,17419.00,0.0602,0.5856
49,MobileNetV4 Temp Scaling (CE),0.10,0.0136,10055.00,0.0287,0.8393,0.0749,10055.00,0.0287,0.8393
49,MobileNetV4 Temp Scaling (CE),0.15,0.0136,6172.00,0.0128,0.9128,0.0913,6172.00,0.0128,0.9128
49,MobileNetV4 Temp Scaling (CE),0.20,0.0136,4170.00,0.0051,0.9128,0.0421,4170.00,0.0051,0.9128
49,MobileNetV4 Temp Scaling (CE),0.30,0.0136,3130.00,0.0000,1.0000,0.0128,3130.00,0.0000,1.0000
49,MobileNetV4 Temp Scaling (CE),0.40,0.0136,3130.00,0.0000,1.0000,0.0128,3130.00,0.0000,1.0000
49,MobileNetV4 Temp Scaling (CE),0.50,0.0136,3130.00,0.0000,1.0000,0.0128,3130.00,0.0000,1.0000
49,MobileNetV4 Matrix Scaling (CE),0.02,0.0245,190944.00,0.7370,0.0137,0.0169,190944.00,0.7370,0.0137
49,MobileNetV4 Matrix Scaling (CE),0.05,0.0245,45841.00,0.1735,0.2859,0.0391,45841.00,0.1735,0.2859
49,MobileNetV4 Matrix Scaling (CE),0.08,0.0245,15055.00,0.0494,0.7182,0.0498,15055.00,0.0494,0.7182
49,MobileNetV4 Matrix Scaling (CE),0.10,0.0245,10697.00,0.0312,0.8393,0.0597,10697.00,0.0312,0.8393
49,MobileNetV4 Matrix Scaling (CE),0.15,0.0245,6235.00,0.0130,0.9128,0.0630,6235.00,0.0130,0.9128
49,MobileNetV4 Matrix Scaling (CE),0.20,0.0245,4491.00,0.0053,1.0000,0.1513,4491.00,0.0053,1.0000
49,MobileNetV4 Matrix Scaling (CE),0.30,0.0245,3130.00,0.0000,1.0000,0.0241,3130.00,0.0000,1.0000
49,MobileNetV4 Matrix Scaling (CE),0.40,0.0245,3130.00,0.0000,1.0000,0.0241,3130.00,0.0000,1.0000
49,MobileNetV4 Matrix Scaling (CE),0.50,0.0245,3130.00,0.0000,1.0000,0.0241,3130.00,0.0000,1.0000
49,MobileNetV4 Base (FL),0.02,0.1211,259014.00,1.0000,0.0000,0.1159,259014.00,1.0000,0.0000
49,MobileNetV4 Base (FL),0.05,0.1211,237773.00,0.9180,0.0000,0.0569,237773.00,0.9180,0.0000
49,MobileNetV4 Base (FL),0.08,0.1211,172710.00,0.6667,0.0067,0.0770,172710.00,0.6667,0.0067
49,MobileNetV4 Base (FL),0.10,0.1211,137751.00,0.5308,0.0824,0.1023,137751.00,0.5308,0.0824
49,MobileNetV4 Base (FL),0.15,0.1211,73986.00,0.2820,0.3035,0.1316,73986.00,0.2820,0.3035
49,MobileNetV4 Base (FL),0.20,0.1211,43715.00,0.1632,0.4601,0.1622,43715.00,0.1632,0.4601
49,MobileNetV4 Base (FL),0.30,0.1211,12859.00,0.0398,0.8173,0.2116,12859.00,0.0398,0.8173
49,MobileNetV4 Base (FL),0.40,0.1211,5124.00,0.0077,1.0000,0.3388,5124.00,0.0077,1.0000
49,MobileNetV4 Base (FL),0.50,0.1211,3130.00,0.0000,1.0000,0.1159,3130.00,0.0000,1.0000
49,MobileNetV4 Temp Scaling (FL),0.02,0.0398,142318.00,0.5485,0.0824,0.0214,142318.00,0.5485,0.0824
49,MobileNetV4 Temp Scaling (FL),0.05,0.0398,76638.00,0.2934,0.2029,0.0386,76638.00,0.2934,0.2029
49,MobileNetV4 Temp Scaling (FL),0.08,0.0398,54520.00,0.2062,0.3569,0.0832,54520.00,0.2062,0.3569
49,MobileNetV4 Temp Scaling (FL),0.10,0.0398,37343.00,0.1385,0.4671,0.0930,37343.00,0.1385,0.4671
49,MobileNetV4 Temp Scaling (FL),0.15,0.0398,18992.00,0.0656,0.6393,0.1002,18992.00,0.0656,0.6393
49,MobileNetV4 Temp Scaling (FL),0.20,0.0398,12409.00,0.0385,0.7767,0.1324,12409.00,0.0385,0.7767
49,MobileNetV4 Temp Scaling (FL),0.30,0.0398,5756.00,0.0101,1.0000,0.2575,5756.00,0.0101,1.0000
49,MobileNetV4 Temp Scaling (FL),0.40,0.0398,3130.00,0.0000,1.0000,0.0375,3130.00,0.0000,1.0000
49,MobileNetV4 Temp Scaling (FL),0.50,0.0398,3130.00,0.0000,1.0000,0.0375,3130.00,0.0000,1.0000
49,MobileNetV4 Matrix Scaling (FL),0.02,0.0374,195040.00,0.7529,0.0067,0.0210,195040.00,0.7529,0.0067
49,MobileNetV4 Matrix Scaling (FL),0.05,0.0374,89054.00,0.3411,0.2227,0.0381,89054.00,0.3411,0.2227
49,MobileNetV4 Matrix Scaling (FL),0.08,0.0374,43445.00,0.1624,0.4450,0.0676,43445.00,0.1624,0.4450
49,MobileNetV4 Matrix Scaling (FL),0.10,0.0374,25532.00,0.0924,0.5112,0.0631,25532.00,0.0924,0.5112
49,MobileNetV4 Matrix Scaling (FL),0.15,0.0374,11585.00,0.0349,0.8173,0.0664,11585.00,0.0349,0.8173
49,MobileNetV4 Matrix Scaling (FL),0.20,0.0374,4533.00,0.0054,1.0000,0.1603,4533.00,0.0054,1.0000
49,MobileNetV4 Matrix Scaling (FL),0.30,0.0374,3130.00,0.0000,1.0000,0.0362,3130.00,0.0000,1.0000
49,MobileNetV4 Matrix Scaling (FL),0.40,0.0374,3130.00,0.0000,1.0000,0.0362,3130.00,0.0000,1.0000
49,MobileNetV4 Matrix Scaling (FL),0.50,0.0374,3130.00,0.0000,1.0000,0.0362,3130.00,0.0000,1.0000
5,SegFormer Base (CE),0.02,0.0162,23192.00,0.0885,0.0000,0.0303,23192.00,0.0885,0.0000
5,SegFormer Base (CE),0.05,0.0162,16139.00,0.0616,0.0000,0.0598,16139.00,0.0616,0.0000
5,SegFormer Base (CE),0.08,0.0162,6883.00,0.0262,1.0000,0.0689,6883.00,0.0262,1.0000
5,SegFormer Base (CE),0.10,0.0162,3141.00,0.0120,1.0000,0.0992,3141.00,0.0120,1.0000
5,SegFormer Base (CE),0.15,0.0162,8.00,0.0000,1.0000,0.0170,8.00,0.0000,1.0000
5,SegFormer Base (CE),0.20,0.0162,8.00,0.0000,1.0000,0.0170,8.00,0.0000,1.0000
5,SegFormer Base (CE),0.30,0.0162,8.00,0.0000,1.0000,0.0170,8.00,0.0000,1.0000
5,SegFormer Base (CE),0.40,0.0162,8.00,0.0000,1.0000,0.0170,8.00,0.0000,1.0000
5,SegFormer Base (CE),0.50,0.0162,8.00,0.0000,1.0000,0.0170,8.00,0.0000,1.0000
5,SegFormer Temp Scaling (CE),0.02,0.0010,6728.00,0.0256,1.0000,0.0261,6728.00,0.0256,1.0000
5,SegFormer Temp Scaling (CE),0.05,0.0010,8.00,0.0000,1.0000,0.0012,8.00,0.0000,1.0000
5,SegFormer Temp Scaling (CE),0.08,0.0010,8.00,0.0000,1.0000,0.0012,8.00,0.0000,1.0000
5,SegFormer Temp Scaling (CE),0.10,0.0010,8.00,0.0000,1.0000,0.0012,8.00,0.0000,1.0000
5,SegFormer Temp Scaling (CE),0.15,0.0010,8.00,0.0000,1.0000,0.0012,8.00,0.0000,1.0000
5,SegFormer Temp Scaling (CE),0.20,0.0010,8.00,0.0000,1.0000,0.0012,8.00,0.0000,1.0000
5,SegFormer Temp Scaling (CE),0.30,0.0010,8.00,0.0000,1.0000,0.0012,8.00,0.0000,1.0000
5,SegFormer Temp Scaling (CE),0.40,0.0010,8.00,0.0000,1.0000,0.0012,8.00,0.0000,1.0000
5,SegFormer Temp Scaling (CE),0.50,0.0010,8.00,0.0000,1.0000,0.0012,8.00,0.0000,1.0000
5,SegFormer Matrix Scaling (CE),0.02,0.0068,16964.00,0.0647,0.0000,0.0373,16964.00,0.0647,0.0000
5,SegFormer Matrix Scaling (CE),0.05,0.0068,10026.00,0.0382,1.0000,0.0727,10026.00,0.0382,1.0000
5,SegFormer Matrix Scaling (CE),0.08,0.0068,4309.00,0.0164,1.0000,0.1136,4309.00,0.0164,1.0000
5,SegFormer Matrix Scaling (CE),0.10,0.0068,2602.00,0.0099,1.0000,0.1192,2602.00,0.0099,1.0000
5,SegFormer Matrix Scaling (CE),0.15,0.0068,1708.00,0.0065,1.0000,0.1132,1708.00,0.0065,1.0000
5,SegFormer Matrix Scaling (CE),0.20,0.0068,8.00,0.0000,1.0000,0.0079,8.00,0.0000,1.0000
5,SegFormer Matrix Scaling (CE),0.30,0.0068,8.00,0.0000,1.0000,0.0079,8.00,0.0000,1.0000
5,SegFormer Matrix Scaling (CE),0.40,0.0068,8.00,0.0000,1.0000,0.0079,8.00,0.0000,1.0000
5,SegFormer Matrix Scaling (CE),0.50,0.0068,8.00,0.0000,1.0000,0.0079,8.00,0.0000,1.0000
5,SegFormer Base (FL),0.02,0.0571,262136.00,1.0000,0.0000,0.0573,262136.00,1.0000,0.0000
5,SegFormer Base (FL),0.05,0.0571,256684.00,0.9792,0.0000,0.0505,256684.00,0.9792,0.0000
5,SegFormer Base (FL),0.08,0.0571,4483.00,0.0171,1.0000,0.0856,4483.00,0.0171,1.0000
5,SegFormer Base (FL),0.10,0.0571,892.00,0.0034,1.0000,0.0933,892.00,0.0034,1.0000
5,SegFormer Base (FL),0.15,0.0571,8.00,0.0000,1.0000,0.0573,8.00,0.0000,1.0000
5,SegFormer Base (FL),0.20,0.0571,8.00,0.0000,1.0000,0.0573,8.00,0.0000,1.0000
5,SegFormer Base (FL),0.30,0.0571,8.00,0.0000,1.0000,0.0573,8.00,0.0000,1.0000
5,SegFormer Base (FL),0.40,0.0571,8.00,0.0000,1.0000,0.0573,8.00,0.0000,1.0000
5,SegFormer Base (FL),0.50,0.0571,8.00,0.0000,1.0000,0.0573,8.00,0.0000,1.0000
5,SegFormer Temp Scaling (FL),0.02,0.0029,1558.00,0.0059,1.0000,0.0158,1558.00,0.0059,1.0000
5,SegFormer Temp Scaling (FL),0.05,0.0029,8.00,0.0000,1.0000,0.0030,8.00,0.0000,1.0000
5,SegFormer Temp Scaling (FL),0.08,0.0029,8.00,0.0000,1.0000,0.0030,8.00,0.0000,1.0000
5,SegFormer Temp Scaling (FL),0.10,0.0029,8.00,0.0000,1.0000,0.0030,8.00,0.0000,1.0000
5,SegFormer Temp Scaling (FL),0.15,0.0029,8.00,0.0000,1.0000,0.0030,8.00,0.0000,1.0000
5,SegFormer Temp Scaling (FL),0.20,0.0029,8.00,0.0000,1.0000,0.0030,8.00,0.0000,1.0000
5,SegFormer Temp Scaling (FL),0.30,0.0029,8.00,0.0000,1.0000,0.0030,8.00,0.0000,1.0000
5,SegFormer Temp Scaling (FL),0.40,0.0029,8.00,0.0000,1.0000,0.0030,8.00,0.0000,1.0000
5,SegFormer Temp Scaling (FL),0.50,0.0029,8.00,0.0000,1.0000,0.0030,8.00,0.0000,1.0000
5,SegFormer Matrix Scaling (FL),0.02,0.0094,11184.00,0.0426,1.0000,0.0366,11184.00,0.0426,1.0000
5,SegFormer Matrix Scaling (FL),0.05,0.0094,4309.00,0.0164,1.0000,0.0770,4309.00,0.0164,1.0000
5,SegFormer Matrix Scaling (FL),0.08,0.0094,2602.00,0.0099,1.0000,0.0801,2602.00,0.0099,1.0000
5,SegFormer Matrix Scaling (FL),0.10,0.0094,892.00,0.0034,1.0000,0.0736,892.00,0.0034,1.0000
5,SegFormer Matrix Scaling (FL),0.15,0.0094,8.00,0.0000,1.0000,0.0100,8.00,0.0000,1.0000
5,SegFormer Matrix Scaling (FL),0.20,0.0094,8.00,0.0000,1.0000,0.0100,8.00,0.0000,1.0000
5,SegFormer Matrix Scaling (FL),0.30,0.0094,8.00,0.0000,1.0000,0.0100,8.00,0.0000,1.0000
5,SegFormer Matrix Scaling (FL),0.40,0.0094,8.00,0.0000,1.0000,0.0100,8.00,0.0000,1.0000
5,SegFormer Matrix Scaling (FL),0.50,0.0094,8.00,0.0000,1.0000,0.0100,8.00,0.0000,1.0000
5,MobileNetV4 Base (CE),0.02,0.0198,23881.00,0.0911,0.0000,0.0278,23881.00,0.0911,0.0000
5,MobileNetV4 Base (CE),0.05,0.0198,11792.00,0.0450,0.0000,0.0502,11792.00,0.0450,0.0000
5,MobileNetV4 Base (CE),0.08,0.0198,4178.00,0.0159,1.0000,0.0644,4178.00,0.0159,1.0000
5,MobileNetV4 Base (CE),0.10,0.0198,8.00,0.0000,1.0000,0.0202,8.00,0.0000,1.0000
5,MobileNetV4 Base (CE),0.15,0.0198,8.00,0.0000,1.0000,0.0202,8.00,0.0000,1.0000
5,MobileNetV4 Base (CE),0.20,0.0198,8.00,0.0000,1.0000,0.0202,8.00,0.0000,1.0000
5,MobileNetV4 Base (CE),0.30,0.0198,8.00,0.0000,1.0000,0.0202,8.00,0.0000,1.0000
5,MobileNetV4 Base (CE),0.40,0.0198,8.00,0.0000,1.0000,0.0202,8.00,0.0000,1.0000
5,MobileNetV4 Base (CE),0.50,0.0198,8.00,0.0000,1.0000,0.0202,8.00,0.0000,1.0000
5,MobileNetV4 Temp Scaling (CE),0.02,0.0033,9939.00,0.0379,0.0000,0.0181,9939.00,0.0379,0.0000
5,MobileNetV4 Temp Scaling (CE),0.05,0.0033,8.00,0.0000,1.0000,0.0035,8.00,0.0000,1.0000
5,MobileNetV4 Temp Scaling (CE),0.08,0.0033,8.00,0.0000,1.0000,0.0035,8.00,0.0000,1.0000
5,MobileNetV4 Temp Scaling (CE),0.10,0.0033,8.00,0.0000,1.0000,0.0035,8.00,0.0000,1.0000
5,MobileNetV4 Temp Scaling (CE),0.15,0.0033,8.00,0.0000,1.0000,0.0035,8.00,0.0000,1.0000
5,MobileNetV4 Temp Scaling (CE),0.20,0.0033,8.00,0.0000,1.0000,0.0035,8.00,0.0000,1.0000
5,MobileNetV4 Temp Scaling (CE),0.30,0.0033,8.00,0.0000,1.0000,0.0035,8.00,0.0000,1.0000
5,MobileNetV4 Temp Scaling (CE),0.40,0.0033,8.00,0.0000,1.0000,0.0035,8.00,0.0000,1.0000
5,MobileNetV4 Temp Scaling (CE),0.50,0.0033,8.00,0.0000,1.0000,0.0035,8.00,0.0000,1.0000
5,MobileNetV4 Matrix Scaling (CE),0.02,0.0121,17808.00,0.0679,0.0000,0.0338,17808.00,0.0679,0.0000
5,MobileNetV4 Matrix Scaling (CE),0.05,0.0121,10468.00,0.0399,0.0000,0.0502,10468.00,0.0399,0.0000
5,MobileNetV4 Matrix Scaling (CE),0.08,0.0121,3425.00,0.0130,1.0000,0.0793,3425.00,0.0130,1.0000
5,MobileNetV4 Matrix Scaling (CE),0.10,0.0121,902.00,0.0034,1.0000,0.0628,902.00,0.0034,1.0000
5,MobileNetV4 Matrix Scaling (CE),0.15,0.0121,8.00,0.0000,1.0000,0.0127,8.00,0.0000,1.0000
5,MobileNetV4 Matrix Scaling (CE),0.20,0.0121,8.00,0.0000,1.0000,0.0127,8.00,0.0000,1.0000
5,MobileNetV4 Matrix Scaling (CE),0.30,0.0121,8.00,0.0000,1.0000,0.0127,8.00,0.0000,1.0000
5,MobileNetV4 Matrix Scaling (CE),0.40,0.0121,8.00,0.0000,1.0000,0.0127,8.00,0.0000,1.0000
5,MobileNetV4 Matrix Scaling (CE),0.50,0.0121,8.00,0.0000,1.0000,0.0127,8.00,0.0000,1.0000
5,MobileNetV4 Base (FL),0.02,0.0456,262136.00,1.0000,0.0000,0.0463,262136.00,1.0000,0.0000
5,MobileNetV4 Base (FL),0.05,0.0456,27062.00,0.1032,0.0000,0.0652,27062.00,0.1032,0.0000
5,MobileNetV4 Base (FL),0.08,0.0456,12038.00,0.0459,0.0000,0.1001,12038.00,0.0459,0.0000
5,MobileNetV4 Base (FL),0.10,0.0456,8713.00,0.0332,0.0000,0.1215,8713.00,0.0332,0.0000
5,MobileNetV4 Base (FL),0.15,0.0456,2339.00,0.0089,0.0000,0.1318,2339.00,0.0089,0.0000
5,MobileNetV4 Base (FL),0.20,0.0456,8.00,0.0000,1.0000,0.0463,8.00,0.0000,1.0000
5,MobileNetV4 Base (FL),0.30,0.0456,8.00,0.0000,1.0000,0.0463,8.00,0.0000,1.0000
5,MobileNetV4 Base (FL),0.40,0.0456,8.00,0.0000,1.0000,0.0463,8.00,0.0000,1.0000
5,MobileNetV4 Base (FL),0.50,0.0456,8.00,0.0000,1.0000,0.0463,8.00,0.0000,1.0000
5,MobileNetV4 Temp Scaling (FL),0.02,0.0039,8456.00,0.0323,0.0000,0.0473,8456.00,0.0323,0.0000
5,MobileNetV4 Temp Scaling (FL),0.05,0.0039,4612.00,0.0176,0.0000,0.0615,4612.00,0.0176,0.0000
5,MobileNetV4 Temp Scaling (FL),0.08,0.0039,1786.00,0.0068,1.0000,0.0707,1786.00,0.0068,1.0000
5,MobileNetV4 Temp Scaling (FL),0.10,0.0039,1786.00,0.0068,1.0000,0.0707,1786.00,0.0068,1.0000
5,MobileNetV4 Temp Scaling (FL),0.15,0.0039,8.00,0.0000,1.0000,0.0044,8.00,0.0000,1.0000
5,MobileNetV4 Temp Scaling (FL),0.20,0.0039,8.00,0.0000,1.0000,0.0044,8.00,0.0000,1.0000
5,MobileNetV4 Temp Scaling (FL),0.30,0.0039,8.00,0.0000,1.0000,0.0044,8.00,0.0000,1.0000
5,MobileNetV4 Temp Scaling (FL),0.40,0.0039,8.00,0.0000,1.0000,0.0044,8.00,0.0000,1.0000
5,MobileNetV4 Temp Scaling (FL),0.50,0.0039,8.00,0.0000,1.0000,0.0044,8.00,0.0000,1.0000
5,MobileNetV4 Matrix Scaling (FL),0.02,0.0150,20648.00,0.0788,0.0000,0.0361,20648.00,0.0788,0.0000
5,MobileNetV4 Matrix Scaling (FL),0.05,0.0150,8456.00,0.0323,0.0000,0.0808,8456.00,0.0323,0.0000
5,MobileNetV4 Matrix Scaling (FL),0.08,0.0150,4309.00,0.0164,1.0000,0.1081,4309.00,0.0164,1.0000
5,MobileNetV4 Matrix Scaling (FL),0.10,0.0150,3493.00,0.0133,1.0000,0.1143,3493.00,0.0133,1.0000
5,MobileNetV4 Matrix Scaling (FL),0.15,0.0150,892.00,0.0034,1.0000,0.1014,892.00,0.0034,1.0000
5,MobileNetV4 Matrix Scaling (FL),0.20,0.0150,8.00,0.0000,1.0000,0.0158,8.00,0.0000,1.0000
5,MobileNetV4 Matrix Scaling (FL),0.30,0.0150,8.00,0.0000,1.0000,0.0158,8.00,0.0000,1.0000
5,MobileNetV4 Matrix Scaling (FL),0.40,0.0150,8.00,0.0000,1.0000,0.0158,8.00,0.0000,1.0000
5,MobileNetV4 Matrix Scaling (FL),0.50,0.0150,8.00,0.0000,1.0000,0.0158,8.00,0.0000,1.0000
50,SegFormer Base (CE),0.02,0.0319,249460.00,0.9791,0.0008,0.0166,249460.00,0.9791,0.0008
50,SegFormer Base (CE),0.05,0.0319,73886.00,0.2872,0.0963,0.0387,73886.00,0.2872,0.0963
50,SegFormer Base (CE),0.08,0.0319,36599.00,0.1359,0.2666,0.0584,36599.00,0.1359,0.2666
50,SegFormer Base (CE),0.10,0.0319,25995.00,0.0931,0.3101,0.0578,25995.00,0.0931,0.3101
50,SegFormer Base (CE),0.15,0.0319,14969.00,0.0456,0.4549,0.0809,14969.00,0.0456,0.4549
50,SegFormer Base (CE),0.20,0.0319,11976.00,0.0301,0.5845,0.1022,11976.00,0.0301,0.5845
50,SegFormer Base (CE),0.30,0.0319,7039.00,0.0057,0.7573,0.0911,7039.00,0.0057,0.7573
50,SegFormer Base (CE),0.40,0.0319,6745.00,0.0014,0.8682,0.0996,6745.00,0.0014,0.8682
50,SegFormer Base (CE),0.50,0.0319,6690.00,0.0002,0.9029,0.1207,6690.00,0.0002,0.9029
50,SegFormer Temp Scaling (CE),0.02,0.0068,48828.00,0.1866,0.1732,0.0172,48828.00,0.1866,0.1732
50,SegFormer Temp Scaling (CE),0.05,0.0068,30319.00,0.1105,0.2958,0.0153,30319.00,0.1105,0.2958
50,SegFormer Temp Scaling (CE),0.08,0.0068,20841.00,0.0713,0.3647,0.0180,20841.00,0.0713,0.3647
50,SegFormer Temp Scaling (CE),0.10,0.0068,16096.00,0.0508,0.4269,0.0254,16096.00,0.0508,0.4269
50,SegFormer Temp Scaling (CE),0.15,0.0068,14061.00,0.0410,0.4921,0.0685,14061.00,0.0410,0.4921
50,SegFormer Temp Scaling (CE),0.20,0.0068,10409.00,0.0212,0.6819,0.0817,10409.00,0.0212,0.6819
50,SegFormer Temp Scaling (CE),0.30,0.0068,7039.00,0.0057,0.7573,0.0678,7039.00,0.0057,0.7573
50,SegFormer Temp Scaling (CE),0.40,0.0068,6745.00,0.0014,0.8682,0.0447,6745.00,0.0014,0.8682
50,SegFormer Temp Scaling (CE),0.50,0.0068,6690.00,0.0002,0.9029,0.0462,6690.00,0.0002,0.9029
50,SegFormer Matrix Scaling (CE),0.02,0.0097,86904.00,0.3386,0.0864,0.0111,86904.00,0.3386,0.0864
50,SegFormer Matrix Scaling (CE),0.05,0.0097,26351.00,0.0944,0.3125,0.0470,26351.00,0.0944,0.3125
50,SegFormer Matrix Scaling (CE),0.08,0.0097,16507.00,0.0526,0.4234,0.0631,16507.00,0.0526,0.4234
50,SegFormer Matrix Scaling (CE),0.10,0.0097,14061.00,0.0410,0.4921,0.0792,14061.00,0.0410,0.4921
50,SegFormer Matrix Scaling (CE),0.15,0.0097,8219.00,0.0112,0.7298,0.1336,8219.00,0.0112,0.7298
50,SegFormer Matrix Scaling (CE),0.20,0.0097,7039.00,0.0057,0.7573,0.1682,7039.00,0.0057,0.7573
50,SegFormer Matrix Scaling (CE),0.30,0.0097,6745.00,0.0014,0.8682,0.1671,6745.00,0.0014,0.8682
50,SegFormer Matrix Scaling (CE),0.40,0.0097,6690.00,0.0002,0.9029,0.1811,6690.00,0.0002,0.9029
50,SegFormer Matrix Scaling (CE),0.50,0.0097,6690.00,0.0002,0.9029,0.1811,6690.00,0.0002,0.9029
50,SegFormer Base (FL),0.02,0.0711,254784.00,1.0000,0.0000,0.0694,254784.00,1.0000,0.0000
50,SegFormer Base (FL),0.05,0.0711,253130.00,0.9928,0.0249,0.0070,253130.00,0.9928,0.0249
50,SegFormer Base (FL),0.08,0.0711,129670.00,0.5054,0.1231,0.0607,129670.00,0.5054,0.1231
50,SegFormer Base (FL),0.10,0.0711,72542.00,0.2795,0.1804,0.0615,72542.00,0.2795,0.1804
50,SegFormer Base (FL),0.15,0.0711,23752.00,0.0815,0.4042,0.0602,23752.00,0.0815,0.4042
50,SegFormer Base (FL),0.20,0.0711,13710.00,0.0382,0.5399,0.0713,13710.00,0.0382,0.5399
50,SegFormer Base (FL),0.30,0.0711,7727.00,0.0086,0.7538,0.0772,7727.00,0.0086,0.7538
50,SegFormer Base (FL),0.40,0.0711,6745.00,0.0014,0.8682,0.1487,6745.00,0.0014,0.8682
50,SegFormer Base (FL),0.50,0.0711,6690.00,0.0002,0.9029,0.1836,6690.00,0.0002,0.9029
50,SegFormer Temp Scaling (FL),0.02,0.0033,70622.00,0.2723,0.1675,0.0164,70622.00,0.2723,0.1675
50,SegFormer Temp Scaling (FL),0.05,0.0033,33047.00,0.1214,0.2889,0.0134,33047.00,0.1214,0.2889
50,SegFormer Temp Scaling (FL),0.08,0.0033,18839.00,0.0620,0.4141,0.0217,18839.00,0.0620,0.4141
50,SegFormer Temp Scaling (FL),0.10,0.0033,15605.00,0.0476,0.4735,0.0221,15605.00,0.0476,0.4735
50,SegFormer Temp Scaling (FL),0.15,0.0033,11493.00,0.0287,0.5663,0.0313,11493.00,0.0287,0.5663
50,SegFormer Temp Scaling (FL),0.20,0.0033,8365.00,0.0130,0.6855,0.0262,8365.00,0.0130,0.6855
50,SegFormer Temp Scaling (FL),0.30,0.0033,6909.00,0.0037,0.8121,0.0348,6909.00,0.0037,0.8121
50,SegFormer Temp Scaling (FL),0.40,0.0033,6745.00,0.0014,0.8682,0.0452,6745.00,0.0014,0.8682
50,SegFormer Temp Scaling (FL),0.50,0.0033,6690.00,0.0002,0.9029,0.0498,6690.00,0.0002,0.9029
50,SegFormer Matrix Scaling (FL),0.02,0.0081,69306.00,0.2665,0.1894,0.0410,69306.00,0.2665,0.1894
50,SegFormer Matrix Scaling (FL),0.05,0.0081,20515.00,0.0678,0.4418,0.0774,20515.00,0.0678,0.4418
50,SegFormer Matrix Scaling (FL),0.08,0.0081,10036.00,0.0213,0.6276,0.1734,10036.00,0.0213,0.6276
50,SegFormer Matrix Scaling (FL),0.10,0.0081,7778.00,0.0095,0.7296,0.2096,7778.00,0.0095,0.7296
50,SegFormer Matrix Scaling (FL),0.15,0.0081,6909.00,0.0037,0.8121,0.2531,6909.00,0.0037,0.8121
50,SegFormer Matrix Scaling (FL),0.20,0.0081,6745.00,0.0014,0.8682,0.2856,6745.00,0.0014,0.8682
50,SegFormer Matrix Scaling (FL),0.30,0.0081,6690.00,0.0002,0.9029,0.3258,6690.00,0.0002,0.9029
50,SegFormer Matrix Scaling (FL),0.40,0.0081,6690.00,0.0002,0.9029,0.3258,6690.00,0.0002,0.9029
50,SegFormer Matrix Scaling (FL),0.50,0.0081,7360.00,0.0000,1.0000,0.0065,7360.00,0.0000,1.0000
50,MobileNetV4 Base (CE),0.02,0.0408,251724.00,0.9880,0.0000,0.0217,251724.00,0.9880,0.0000
50,MobileNetV4 Base (CE),0.05,0.0408,116679.00,0.4562,0.0595,0.0353,116679.00,0.4562,0.0595
50,MobileNetV4 Base (CE),0.08,0.0408,46742.00,0.1762,0.2523,0.0440,46742.00,0.1762,0.2523
50,MobileNetV4 Base (CE),0.10,0.0408,26895.00,0.0952,0.3602,0.0577,26895.00,0.0952,0.3602
50,MobileNetV4 Base (CE),0.15,0.0408,14644.00,0.0441,0.4641,0.0633,14644.00,0.0441,0.4641
50,MobileNetV4 Base (CE),0.20,0.0408,10512.00,0.0243,0.5887,0.0763,10512.00,0.0243,0.5887
50,MobileNetV4 Base (CE),0.30,0.0408,7088.00,0.0064,0.7420,0.0803,7088.00,0.0064,0.7420
50,MobileNetV4 Base (CE),0.40,0.0408,6745.00,0.0014,0.8682,0.0971,6745.00,0.0014,0.8682
50,MobileNetV4 Base (CE),0.50,0.0408,6690.00,0.0002,0.9029,0.1253,6690.00,0.0002,0.9029
50,MobileNetV4 Temp Scaling (CE),0.02,0.0089,94130.00,0.3665,0.1026,0.0105,94130.00,0.3665,0.1026
50,MobileNetV4 Temp Scaling (CE),0.05,0.0089,33023.00,0.1220,0.2645,0.0189,33023.00,0.1220,0.2645
50,MobileNetV4 Temp Scaling (CE),0.08,0.0089,20817.00,0.0707,0.3819,0.0334,20817.00,0.0707,0.3819
50,MobileNetV4 Temp Scaling (CE),0.10,0.0089,16229.00,0.0513,0.4283,0.0380,16229.00,0.0513,0.4283
50,MobileNetV4 Temp Scaling (CE),0.15,0.0089,14233.00,0.0424,0.4677,0.0447,14233.00,0.0424,0.4677
50,MobileNetV4 Temp Scaling (CE),0.20,0.0089,8582.00,0.0156,0.6270,0.0525,8582.00,0.0156,0.6270
50,MobileNetV4 Temp Scaling (CE),0.30,0.0089,7088.00,0.0064,0.7420,0.0675,7088.00,0.0064,0.7420
50,MobileNetV4 Temp Scaling (CE),0.40,0.0089,6745.00,0.0014,0.8682,0.0423,6745.00,0.0014,0.8682
50,MobileNetV4 Temp Scaling (CE),0.50,0.0089,6690.00,0.0002,0.9029,0.0491,6690.00,0.0002,0.9029
50,MobileNetV4 Matrix Scaling (CE),0.02,0.0195,171263.00,0.6713,0.0306,0.0118,171263.00,0.6713,0.0306
50,MobileNetV4 Matrix Scaling (CE),0.05,0.0195,45690.00,0.1724,0.2404,0.0196,45690.00,0.1724,0.2404
50,MobileNetV4 Matrix Scaling (CE),0.08,0.0195,19016.00,0.0627,0.4140,0.0371,19016.00,0.0627,0.4140
50,MobileNetV4 Matrix Scaling (CE),0.10,0.0195,15133.00,0.0460,0.4641,0.0416,15133.00,0.0460,0.4641
50,MobileNetV4 Matrix Scaling (CE),0.15,0.0195,8582.00,0.0156,0.6270,0.1034,8582.00,0.0156,0.6270
50,MobileNetV4 Matrix Scaling (CE),0.20,0.0195,7813.00,0.0113,0.6700,0.1068,7813.00,0.0113,0.6700
50,MobileNetV4 Matrix Scaling (CE),0.30,0.0195,6745.00,0.0014,0.8682,0.1599,6745.00,0.0014,0.8682
50,MobileNetV4 Matrix Scaling (CE),0.40,0.0195,6690.00,0.0002,0.9029,0.1710,6690.00,0.0002,0.9029
50,MobileNetV4 Matrix Scaling (CE),0.50,0.0195,6690.00,0.0002,0.9029,0.1710,6690.00,0.0002,0.9029
50,MobileNetV4 Base (FL),0.02,0.1058,254784.00,1.0000,0.0000,0.1045,254784.00,1.0000,0.0000
50,MobileNetV4 Base (FL),0.05,0.1058,248858.00,0.9767,0.0001,0.0546,248858.00,0.9767,0.0001
50,MobileNetV4 Base (FL),0.08,0.1058,185127.00,0.7261,0.0158,0.0797,185127.00,0.7261,0.0158
50,MobileNetV4 Base (FL),0.10,0.1058,144963.00,0.5682,0.0264,0.0897,144963.00,0.5682,0.0264
50,MobileNetV4 Base (FL),0.15,0.1058,67529.00,0.2588,0.2152,0.1354,67529.00,0.2588,0.2152
50,MobileNetV4 Base (FL),0.20,0.1058,31329.00,0.1130,0.3458,0.1429,31329.00,0.1130,0.3458
50,MobileNetV4 Base (FL),0.30,0.1058,13895.00,0.0405,0.4871,0.1489,13895.00,0.0405,0.4871
50,MobileNetV4 Base (FL),0.40,0.1058,7813.00,0.0113,0.6700,0.0914,7813.00,0.0113,0.6700
50,MobileNetV4 Base (FL),0.50,0.1058,6745.00,0.0014,0.8682,0.1425,6745.00,0.0014,0.8682
50,MobileNetV4 Temp Scaling (FL),0.02,0.0284,138960.00,0.5447,0.0230,0.0150,138960.00,0.5447,0.0230
50,MobileNetV4 Temp Scaling (FL),0.05,0.0284,78862.00,0.3053,0.1450,0.0376,78862.00,0.3053,0.1450
50,MobileNetV4 Temp Scaling (FL),0.08,0.0284,45195.00,0.1699,0.2583,0.0709,45195.00,0.1699,0.2583
50,MobileNetV4 Temp Scaling (FL),0.10,0.0284,34325.00,0.1259,0.3056,0.0948,34325.00,0.1259,0.3056
50,MobileNetV4 Temp Scaling (FL),0.15,0.0284,19285.00,0.0638,0.4115,0.1141,19285.00,0.0638,0.4115
50,MobileNetV4 Temp Scaling (FL),0.20,0.0284,15133.00,0.0460,0.4641,0.1255,15133.00,0.0460,0.4641
50,MobileNetV4 Temp Scaling (FL),0.30,0.0284,10020.00,0.0219,0.6031,0.1131,10020.00,0.0219,0.6031
50,MobileNetV4 Temp Scaling (FL),0.40,0.0284,7697.00,0.0097,0.7086,0.0978,7697.00,0.0097,0.7086
50,MobileNetV4 Temp Scaling (FL),0.50,0.0284,6774.00,0.0025,0.8333,0.0493,6774.00,0.0025,0.8333
50,MobileNetV4 Matrix Scaling (FL),0.02,0.0297,199917.00,0.7845,0.0052,0.0073,199917.00,0.7845,0.0052
50,MobileNetV4 Matrix Scaling (FL),0.05,0.0297,83839.00,0.3252,0.1346,0.0292,83839.00,0.3252,0.1346
50,MobileNetV4 Matrix Scaling (FL),0.08,0.0297,36466.00,0.1344,0.3024,0.0576,36466.00,0.1344,0.3024
50,MobileNetV4 Matrix Scaling (FL),0.10,0.0297,26533.00,0.0941,0.3461,0.0545,26533.00,0.0941,0.3461
50,MobileNetV4 Matrix Scaling (FL),0.15,0.0297,15133.00,0.0460,0.4641,0.0719,15133.00,0.0460,0.4641
50,MobileNetV4 Matrix Scaling (FL),0.20,0.0297,10666.00,0.0249,0.5857,0.0681,10666.00,0.0249,0.5857
50,MobileNetV4 Matrix Scaling (FL),0.30,0.0297,7110.00,0.0062,0.7527,0.0874,7110.00,0.0062,0.7527
50,MobileNetV4 Matrix Scaling (FL),0.40,0.0297,6745.00,0.0014,0.8682,0.1319,6745.00,0.0014,0.8682
50,MobileNetV4 Matrix Scaling (FL),0.50,0.0297,6690.00,0.0002,0.9029,0.1747,6690.00,0.0002,0.9029
51,SegFormer Base (CE),0.02,0.0246,226688.00,0.9565,0.0000,0.0187,226688.00,0.9565,0.0000
51,SegFormer Base (CE),0.05,0.0246,123563.00,0.5154,0.0566,0.0312,123563.00,0.5154,0.0566
51,SegFormer Base (CE),0.08,0.0246,89908.00,0.3668,0.1182,0.0270,89908.00,0.3668,0.1182
51,SegFormer Base (CE),0.10,0.0246,74712.00,0.2999,0.1449,0.0323,74712.00,0.2999,0.1449
51,SegFormer Base (CE),0.15,0.0246,45327.00,0.1594,0.2998,0.0480,45327.00,0.1594,0.2998
51,SegFormer Base (CE),0.20,0.0246,34973.00,0.1017,0.4318,0.0484,34973.00,0.1017,0.4318
51,SegFormer Base (CE),0.30,0.0246,25071.00,0.0452,0.5711,0.0629,25071.00,0.0452,0.5711
51,SegFormer Base (CE),0.40,0.0246,20869.00,0.0225,0.6173,0.0455,20869.00,0.0225,0.6173
51,SegFormer Base (CE),0.50,0.0246,20807.00,0.0120,0.7143,0.0604,20807.00,0.0120,0.7143
51,SegFormer Temp Scaling (CE),0.02,0.0218,104211.00,0.4295,0.0962,0.0256,104211.00,0.4295,0.0962
51,SegFormer Temp Scaling (CE),0.05,0.0218,78359.00,0.3123,0.1731,0.0338,78359.00,0.3123,0.1731
51,SegFormer Temp Scaling (CE),0.08,0.0218,62964.00,0.2401,0.2414,0.0453,62964.00,0.2401,0.2414
51,SegFormer Temp Scaling (CE),0.10,0.0218,52049.00,0.1871,0.3066,0.0478,52049.00,0.1871,0.3066
51,SegFormer Temp Scaling (CE),0.15,0.0218,35806.00,0.1063,0.4220,0.0511,35806.00,0.1063,0.4220
51,SegFormer Temp Scaling (CE),0.20,0.0218,31024.00,0.0809,0.4715,0.0509,31024.00,0.0809,0.4715
51,SegFormer Temp Scaling (CE),0.30,0.0218,23072.00,0.0369,0.5691,0.0594,23072.00,0.0369,0.5691
51,SegFormer Temp Scaling (CE),0.40,0.0218,20869.00,0.0225,0.6173,0.0568,20869.00,0.0225,0.6173
51,SegFormer Temp Scaling (CE),0.50,0.0218,20653.00,0.0130,0.6989,0.0698,20653.00,0.0130,0.6989
51,SegFormer Matrix Scaling (CE),0.02,0.0310,116434.00,0.4825,0.0834,0.0385,116434.00,0.4825,0.0834
51,SegFormer Matrix Scaling (CE),0.05,0.0310,72385.00,0.2877,0.1672,0.0871,72385.00,0.2877,0.1672
51,SegFormer Matrix Scaling (CE),0.08,0.0310,48688.00,0.1726,0.3091,0.1244,48688.00,0.1726,0.3091
51,SegFormer Matrix Scaling (CE),0.10,0.0310,38331.00,0.1191,0.4020,0.1248,38331.00,0.1191,0.4020
51,SegFormer Matrix Scaling (CE),0.15,0.0310,30132.00,0.0764,0.4785,0.1230,30132.00,0.0764,0.4785
51,SegFormer Matrix Scaling (CE),0.20,0.0310,25350.00,0.0480,0.5554,0.1284,25350.00,0.0480,0.5554
51,SegFormer Matrix Scaling (CE),0.30,0.0310,20875.00,0.0217,0.6250,0.1702,20875.00,0.0217,0.6250
51,SegFormer Matrix Scaling (CE),0.40,0.0310,20543.00,0.0085,0.7361,0.1912,20543.00,0.0085,0.7361
51,SegFormer Matrix Scaling (CE),0.50,0.0310,21485.00,0.0065,0.7928,0.1725,21485.00,0.0065,0.7928
51,SegFormer Base (FL),0.02,0.1129,236987.00,1.0000,0.0000,0.1120,236987.00,1.0000,0.0000
51,SegFormer Base (FL),0.05,0.1129,236987.00,1.0000,0.0000,0.1120,236987.00,1.0000,0.0000
51,SegFormer Base (FL),0.08,0.1129,228202.00,0.9629,0.0000,0.0798,228202.00,0.9629,0.0000
51,SegFormer Base (FL),0.10,0.1129,206515.00,0.8712,0.0017,0.0921,206515.00,0.8712,0.0017
51,SegFormer Base (FL),0.15,0.1129,132393.00,0.5519,0.0637,0.1077,132393.00,0.5519,0.0637
51,SegFormer Base (FL),0.20,0.1129,81473.00,0.3273,0.1557,0.0837,81473.00,0.3273,0.1557
51,SegFormer Base (FL),0.30,0.1129,36690.00,0.1130,0.3940,0.0671,36690.00,0.1130,0.3940
51,SegFormer Base (FL),0.40,0.1129,22630.00,0.0321,0.5970,0.0681,22630.00,0.0321,0.5970
51,SegFormer Base (FL),0.50,0.1129,21681.00,0.0218,0.6569,0.0800,21681.00,0.0218,0.6569
51,SegFormer Temp Scaling (FL),0.02,0.0252,175766.00,0.7405,0.0111,0.0120,175766.00,0.7405,0.0111
51,SegFormer Temp Scaling (FL),0.05,0.0252,116704.00,0.4837,0.0829,0.0320,116704.00,0.4837,0.0829
51,SegFormer Temp Scaling (FL),0.08,0.0252,94101.00,0.3856,0.1084,0.0245,94101.00,0.3856,0.1084
51,SegFormer Temp Scaling (FL),0.10,0.0252,80676.00,0.3259,0.1373,0.0482,80676.00,0.3259,0.1373
51,SegFormer Temp Scaling (FL),0.15,0.0252,54195.00,0.1982,0.2869,0.0377,54195.00,0.1982,0.2869
51,SegFormer Temp Scaling (FL),0.20,0.0252,40570.00,0.1337,0.3529,0.0567,40570.00,0.1337,0.3529
51,SegFormer Temp Scaling (FL),0.30,0.0252,26751.00,0.0567,0.5296,0.0689,26751.00,0.0567,0.5296
51,SegFormer Temp Scaling (FL),0.40,0.0252,22371.00,0.0305,0.6023,0.0522,22371.00,0.0305,0.6023
51,SegFormer Temp Scaling (FL),0.50,0.0252,20628.00,0.0173,0.6569,0.0519,20628.00,0.0173,0.6569
51,SegFormer Matrix Scaling (FL),0.02,0.0376,166490.00,0.7013,0.0114,0.0096,166490.00,0.7013,0.0114
51,SegFormer Matrix Scaling (FL),0.05,0.0376,73345.00,0.2934,0.1514,0.0989,73345.00,0.2934,0.1514
51,SegFormer Matrix Scaling (FL),0.08,0.0376,39099.00,0.1231,0.3946,0.1763,39099.00,0.1231,0.3946
51,SegFormer Matrix Scaling (FL),0.10,0.0376,31545.00,0.0841,0.4619,0.1917,31545.00,0.0841,0.4619
51,SegFormer Matrix Scaling (FL),0.15,0.0376,24867.00,0.0466,0.5499,0.2330,24867.00,0.0466,0.5499
51,SegFormer Matrix Scaling (FL),0.20,0.0376,22218.00,0.0285,0.6149,0.2701,22218.00,0.0285,0.6149
51,SegFormer Matrix Scaling (FL),0.30,0.0376,20846.00,0.0110,0.7250,0.3067,20846.00,0.0110,0.7250
51,SegFormer Matrix Scaling (FL),0.40,0.0376,22101.00,0.0049,0.8321,0.2748,22101.00,0.0049,0.8321
51,SegFormer Matrix Scaling (FL),0.50,0.0376,23500.00,0.0017,0.9186,0.2499,23500.00,0.0017,0.9186
51,MobileNetV4 Base (CE),0.02,0.0428,235538.00,0.9939,0.0000,0.0264,235538.00,0.9939,0.0000
51,MobileNetV4 Base (CE),0.05,0.0428,179275.00,0.7557,0.0074,0.0356,179275.00,0.7557,0.0074
51,MobileNetV4 Base (CE),0.08,0.0428,123172.00,0.5154,0.0410,0.0419,123172.00,0.5154,0.0410
51,MobileNetV4 Base (CE),0.10,0.0428,98936.00,0.4103,0.0676,0.0402,98936.00,0.4103,0.0676
51,MobileNetV4 Base (CE),0.15,0.0428,58553.00,0.2176,0.2774,0.0665,58553.00,0.2176,0.2774
51,MobileNetV4 Base (CE),0.20,0.0428,37545.00,0.1182,0.3791,0.0415,37545.00,0.1182,0.3791
51,MobileNetV4 Base (CE),0.30,0.0428,25329.00,0.0464,0.5697,0.0713,25329.00,0.0464,0.5697
51,MobileNetV4 Base (CE),0.40,0.0428,21803.00,0.0263,0.6188,0.0684,21803.00,0.0263,0.6188
51,MobileNetV4 Base (CE),0.50,0.0428,20587.00,0.0144,0.6829,0.0642,20587.00,0.0144,0.6829
51,MobileNetV4 Temp Scaling (CE),0.02,0.0086,165263.00,0.6961,0.0116,0.0090,165263.00,0.6961,0.0116
51,MobileNetV4 Temp Scaling (CE),0.05,0.0086,101001.00,0.4176,0.0805,0.0224,101001.00,0.4176,0.0805
51,MobileNetV4 Temp Scaling (CE),0.08,0.0086,80420.00,0.3202,0.1804,0.0382,80420.00,0.3202,0.1804
51,MobileNetV4 Temp Scaling (CE),0.10,0.0086,65224.00,0.2502,0.2361,0.0470,65224.00,0.2502,0.2361
51,MobileNetV4 Temp Scaling (CE),0.15,0.0086,40161.00,0.1328,0.3457,0.0454,40161.00,0.1328,0.3457
51,MobileNetV4 Temp Scaling (CE),0.20,0.0086,32563.00,0.0895,0.4516,0.0536,32563.00,0.0895,0.4516
51,MobileNetV4 Temp Scaling (CE),0.30,0.0086,22623.00,0.0321,0.5971,0.0916,22623.00,0.0321,0.5971
51,MobileNetV4 Temp Scaling (CE),0.40,0.0086,20750.00,0.0219,0.6188,0.0684,20750.00,0.0219,0.6188
51,MobileNetV4 Temp Scaling (CE),0.50,0.0086,20587.00,0.0144,0.6829,0.0525,20587.00,0.0144,0.6829
51,MobileNetV4 Matrix Scaling (CE),0.02,0.0237,194458.00,0.8202,0.0033,0.0135,194458.00,0.8202,0.0033
51,MobileNetV4 Matrix Scaling (CE),0.05,0.0237,105769.00,0.4406,0.0533,0.0323,105769.00,0.4406,0.0533
51,MobileNetV4 Matrix Scaling (CE),0.08,0.0237,74003.00,0.2918,0.1930,0.0769,74003.00,0.2918,0.1930
51,MobileNetV4 Matrix Scaling (CE),0.10,0.0237,50170.00,0.1819,0.2803,0.0996,50170.00,0.1819,0.2803
51,MobileNetV4 Matrix Scaling (CE),0.15,0.0237,32700.00,0.0925,0.4286,0.1021,32700.00,0.0925,0.4286
51,MobileNetV4 Matrix Scaling (CE),0.20,0.0237,26670.00,0.0554,0.5380,0.1108,26670.00,0.0554,0.5380
51,MobileNetV4 Matrix Scaling (CE),0.30,0.0237,20750.00,0.0219,0.6188,0.1505,20750.00,0.0219,0.6188
51,MobileNetV4 Matrix Scaling (CE),0.40,0.0237,20593.00,0.0136,0.6906,0.1541,20593.00,0.0136,0.6906
51,MobileNetV4 Matrix Scaling (CE),0.50,0.0237,20828.00,0.0084,0.7483,0.1492,20828.00,0.0084,0.7483
51,MobileNetV4 Base (FL),0.02,0.1481,236987.00,1.0000,0.0000,0.1451,236987.00,1.0000,0.0000
51,MobileNetV4 Base (FL),0.05,0.1481,236987.00,1.0000,0.0000,0.1451,236987.00,1.0000,0.0000
51,MobileNetV4 Base (FL),0.08,0.1481,236177.00,0.9964,0.0016,0.0860,236177.00,0.9964,0.0016
51,MobileNetV4 Base (FL),0.10,0.1481,230364.00,0.9704,0.0155,0.0778,230364.00,0.9704,0.0155
51,MobileNetV4 Base (FL),0.15,0.1481,174609.00,0.7333,0.0331,0.1251,174609.00,0.7333,0.0331
51,MobileNetV4 Base (FL),0.20,0.1481,119761.00,0.4965,0.0838,0.1671,119761.00,0.4965,0.0838
51,MobileNetV4 Base (FL),0.30,0.1481,49752.00,0.1730,0.3477,0.1666,49752.00,0.1730,0.3477
51,MobileNetV4 Base (FL),0.40,0.1481,26470.00,0.0546,0.5380,0.0999,26470.00,0.0546,0.5380
51,MobileNetV4 Base (FL),0.50,0.1481,20750.00,0.0219,0.6188,0.0423,20750.00,0.0219,0.6188
51,MobileNetV4 Temp Scaling (FL),0.02,0.0656,225424.00,0.9509,0.0029,0.0149,225424.00,0.9509,0.0029
51,MobileNetV4 Temp Scaling (FL),0.05,0.0656,167647.00,0.7042,0.0301,0.0344,167647.00,0.7042,0.0301
51,MobileNetV4 Temp Scaling (FL),0.08,0.0656,133696.00,0.5593,0.0460,0.0670,133696.00,0.5593,0.0460
51,MobileNetV4 Temp Scaling (FL),0.10,0.0656,115628.00,0.4775,0.0980,0.0569,115628.00,0.4775,0.0980
51,MobileNetV4 Temp Scaling (FL),0.15,0.0656,84673.00,0.3361,0.1993,0.0989,84673.00,0.3361,0.1993
51,MobileNetV4 Temp Scaling (FL),0.20,0.0656,58236.00,0.2134,0.3045,0.1268,58236.00,0.2134,0.3045
51,MobileNetV4 Temp Scaling (FL),0.30,0.0656,31931.00,0.0859,0.4602,0.1056,31931.00,0.0859,0.4602
51,MobileNetV4 Temp Scaling (FL),0.40,0.0656,25072.00,0.0449,0.5738,0.1140,25072.00,0.0449,0.5738
51,MobileNetV4 Temp Scaling (FL),0.50,0.0656,21161.00,0.0247,0.6086,0.0780,21161.00,0.0247,0.6086
51,MobileNetV4 Matrix Scaling (FL),0.02,0.0462,236177.00,0.9964,0.0016,0.0292,236177.00,0.9964,0.0016
51,MobileNetV4 Matrix Scaling (FL),0.05,0.0462,194820.00,0.8194,0.0251,0.0303,194820.00,0.8194,0.0251
51,MobileNetV4 Matrix Scaling (FL),0.08,0.0462,123841.00,0.5140,0.0804,0.0588,123841.00,0.5140,0.0804
51,MobileNetV4 Matrix Scaling (FL),0.10,0.0462,98348.00,0.3992,0.1488,0.0569,98348.00,0.3992,0.1488
51,MobileNetV4 Matrix Scaling (FL),0.15,0.0462,56206.00,0.2046,0.3069,0.0621,56206.00,0.2046,0.3069
51,MobileNetV4 Matrix Scaling (FL),0.20,0.0462,35036.00,0.1028,0.4245,0.0601,35036.00,0.1028,0.4245
51,MobileNetV4 Matrix Scaling (FL),0.30,0.0462,22214.00,0.0291,0.6086,0.1251,22214.00,0.0291,0.6086
51,MobileNetV4 Matrix Scaling (FL),0.40,0.0462,20622.00,0.0181,0.6492,0.1436,20622.00,0.0181,0.6492
51,MobileNetV4 Matrix Scaling (FL),0.50,0.0462,20290.00,0.0111,0.7017,0.1654,20290.00,0.0111,0.7017
52,SegFormer Base (CE),0.02,0.0125,19444.00,0.0743,0.0439,0.0139,19444.00,0.0743,0.0439
52,SegFormer Base (CE),0.05,0.0125,7132.00,0.0262,0.2456,0.0268,7132.00,0.0262,0.2456
52,SegFormer Base (CE),0.08,0.0125,2561.00,0.0077,0.4322,0.0670,2561.00,0.0077,0.4322
52,SegFormer Base (CE),0.10,0.0125,2220.00,0.0059,0.5351,0.0663,2220.00,0.0059,0.5351
52,SegFormer Base (CE),0.15,0.0125,1991.00,0.0040,0.7520,0.0345,1991.00,0.0040,0.7520
52,SegFormer Base (CE),0.20,0.0125,1254.00,0.0000,1.0000,0.0110,1254.00,0.0000,1.0000
52,SegFormer Base (CE),0.30,0.0125,1254.00,0.0000,1.0000,0.0110,1254.00,0.0000,1.0000
52,SegFormer Base (CE),0.40,0.0125,1254.00,0.0000,1.0000,0.0110,1254.00,0.0000,1.0000
52,SegFormer Base (CE),0.50,0.0125,1254.00,0.0000,1.0000,0.0110,1254.00,0.0000,1.0000
52,SegFormer Temp Scaling (CE),0.02,0.0025,5964.00,0.0215,0.2911,0.0345,5964.00,0.0215,0.2911
52,SegFormer Temp Scaling (CE),0.05,0.0025,3210.00,0.0102,0.4322,0.0766,3210.00,0.0102,0.4322
52,SegFormer Temp Scaling (CE),0.08,0.0025,2220.00,0.0059,0.5351,0.0849,2220.00,0.0059,0.5351
52,SegFormer Temp Scaling (CE),0.10,0.0025,2220.00,0.0059,0.5351,0.0849,2220.00,0.0059,0.5351
52,SegFormer Temp Scaling (CE),0.15,0.0025,1705.00,0.0024,0.8676,0.0130,1705.00,0.0024,0.8676
52,SegFormer Temp Scaling (CE),0.20,0.0025,1254.00,0.0000,1.0000,0.0026,1254.00,0.0000,1.0000
52,SegFormer Temp Scaling (CE),0.30,0.0025,1254.00,0.0000,1.0000,0.0026,1254.00,0.0000,1.0000
52,SegFormer Temp Scaling (CE),0.40,0.0025,1254.00,0.0000,1.0000,0.0026,1254.00,0.0000,1.0000
52,SegFormer Temp Scaling (CE),0.50,0.0025,1254.00,0.0000,1.0000,0.0026,1254.00,0.0000,1.0000
52,SegFormer Matrix Scaling (CE),0.02,0.0006,6435.00,0.0234,0.2663,0.0400,6435.00,0.0234,0.2663
52,SegFormer Matrix Scaling (CE),0.05,0.0006,2561.00,0.0077,0.4322,0.1089,2561.00,0.0077,0.4322
52,SegFormer Matrix Scaling (CE),0.08,0.0006,1991.00,0.0040,0.7520,0.0735,1991.00,0.0040,0.7520
52,SegFormer Matrix Scaling (CE),0.10,0.0006,1705.00,0.0024,0.8676,0.0283,1705.00,0.0024,0.8676
52,SegFormer Matrix Scaling (CE),0.15,0.0006,1705.00,0.0024,0.8676,0.0283,1705.00,0.0024,0.8676
52,SegFormer Matrix Scaling (CE),0.20,0.0006,1254.00,0.0000,1.0000,0.0002,1254.00,0.0000,1.0000
52,SegFormer Matrix Scaling (CE),0.30,0.0006,1254.00,0.0000,1.0000,0.0002,1254.00,0.0000,1.0000
52,SegFormer Matrix Scaling (CE),0.40,0.0006,1254.00,0.0000,1.0000,0.0002,1254.00,0.0000,1.0000
52,SegFormer Matrix Scaling (CE),0.50,0.0006,1254.00,0.0000,1.0000,0.0002,1254.00,0.0000,1.0000
52,SegFormer Base (FL),0.02,0.0664,260890.00,1.0000,0.0000,0.0671,260890.00,1.0000,0.0000
52,SegFormer Base (FL),0.05,0.0664,258195.00,0.9897,0.0000,0.0527,258195.00,0.9897,0.0000
52,SegFormer Base (FL),0.08,0.0664,48750.00,0.1867,0.0327,0.0797,48750.00,0.1867,0.0327
52,SegFormer Base (FL),0.10,0.0664,28501.00,0.1090,0.0606,0.0684,28501.00,0.1090,0.0606
52,SegFormer Base (FL),0.15,0.0664,11444.00,0.0424,0.2990,0.1073,11444.00,0.0424,0.2990
52,SegFormer Base (FL),0.20,0.0664,3699.00,0.0122,0.4147,0.0394,3699.00,0.0122,0.4147
52,SegFormer Base (FL),0.30,0.0664,1254.00,0.0000,1.0000,0.0671,1254.00,0.0000,1.0000
52,SegFormer Base (FL),0.40,0.0664,1254.00,0.0000,1.0000,0.0671,1254.00,0.0000,1.0000
52,SegFormer Base (FL),0.50,0.0664,1254.00,0.0000,1.0000,0.0671,1254.00,0.0000,1.0000
52,SegFormer Temp Scaling (FL),0.02,0.0052,22981.00,0.0877,0.0734,0.0026,22981.00,0.0877,0.0734
52,SegFormer Temp Scaling (FL),0.05,0.0052,9370.00,0.0350,0.1954,0.0263,9370.00,0.0350,0.1954
52,SegFormer Temp Scaling (FL),0.08,0.0052,4376.00,0.0149,0.3931,0.0288,4376.00,0.0149,0.3931
52,SegFormer Temp Scaling (FL),0.10,0.0052,3325.00,0.0107,0.4322,0.0202,3325.00,0.0107,0.4322
52,SegFormer Temp Scaling (FL),0.15,0.0052,2561.00,0.0077,0.4322,0.0514,2561.00,0.0077,0.4322
52,SegFormer Temp Scaling (FL),0.20,0.0052,2046.00,0.0042,0.7648,0.0038,2046.00,0.0042,0.7648
52,SegFormer Temp Scaling (FL),0.30,0.0052,1254.00,0.0000,1.0000,0.0046,1254.00,0.0000,1.0000
52,SegFormer Temp Scaling (FL),0.40,0.0052,1254.00,0.0000,1.0000,0.0046,1254.00,0.0000,1.0000
52,SegFormer Temp Scaling (FL),0.50,0.0052,1254.00,0.0000,1.0000,0.0046,1254.00,0.0000,1.0000
52,SegFormer Matrix Scaling (FL),0.02,0.0081,23766.00,0.0906,0.0949,0.0267,23766.00,0.0906,0.0949
52,SegFormer Matrix Scaling (FL),0.05,0.0081,4750.00,0.0164,0.3756,0.0510,4750.00,0.0164,0.3756
52,SegFormer Matrix Scaling (FL),0.08,0.0081,2046.00,0.0042,0.7648,0.0534,2046.00,0.0042,0.7648
52,SegFormer Matrix Scaling (FL),0.10,0.0081,2046.00,0.0042,0.7648,0.0534,2046.00,0.0042,0.7648
52,SegFormer Matrix Scaling (FL),0.15,0.0081,1254.00,0.0000,1.0000,0.0071,1254.00,0.0000,1.0000
52,SegFormer Matrix Scaling (FL),0.20,0.0081,1254.00,0.0000,1.0000,0.0071,1254.00,0.0000,1.0000
52,SegFormer Matrix Scaling (FL),0.30,0.0081,1254.00,0.0000,1.0000,0.0071,1254.00,0.0000,1.0000
52,SegFormer Matrix Scaling (FL),0.40,0.0081,1254.00,0.0000,1.0000,0.0071,1254.00,0.0000,1.0000
52,SegFormer Matrix Scaling (FL),0.50,0.0081,1254.00,0.0000,1.0000,0.0071,1254.00,0.0000,1.0000
52,MobileNetV4 Base (CE),0.02,0.0292,119276.00,0.4572,0.0000,0.0253,119276.00,0.4572,0.0000
52,MobileNetV4 Base (CE),0.05,0.0292,56509.00,0.2165,0.0255,0.0392,56509.00,0.2165,0.0255
52,MobileNetV4 Base (CE),0.08,0.0292,22372.00,0.0852,0.1100,0.0599,22372.00,0.0852,0.1100
52,MobileNetV4 Base (CE),0.10,0.0292,9990.00,0.0374,0.1930,0.0508,9990.00,0.0374,0.1930
52,MobileNetV4 Base (CE),0.15,0.0292,2917.00,0.0087,0.5144,0.0261,2917.00,0.0087,0.5144
52,MobileNetV4 Base (CE),0.20,0.0292,1540.00,0.0017,0.8844,0.0310,1540.00,0.0017,0.8844
52,MobileNetV4 Base (CE),0.30,0.0292,1254.00,0.0000,1.0000,0.0303,1254.00,0.0000,1.0000
52,MobileNetV4 Base (CE),0.40,0.0292,1254.00,0.0000,1.0000,0.0303,1254.00,0.0000,1.0000
52,MobileNetV4 Base (CE),0.50,0.0292,1254.00,0.0000,1.0000,0.0303,1254.00,0.0000,1.0000
52,MobileNetV4 Temp Scaling (CE),0.02,0.0078,37185.00,0.1423,0.0431,0.0130,37185.00,0.1423,0.0431
52,MobileNetV4 Temp Scaling (CE),0.05,0.0078,10003.00,0.0374,0.1930,0.0306,10003.00,0.0374,0.1930
52,MobileNetV4 Temp Scaling (CE),0.08,0.0078,4961.00,0.0174,0.3413,0.0412,4961.00,0.0174,0.3413
52,MobileNetV4 Temp Scaling (CE),0.10,0.0078,2561.00,0.0077,0.4322,0.0597,2561.00,0.0077,0.4322
52,MobileNetV4 Temp Scaling (CE),0.15,0.0078,2220.00,0.0059,0.5351,0.0627,2220.00,0.0059,0.5351
52,MobileNetV4 Temp Scaling (CE),0.20,0.0078,1254.00,0.0000,1.0000,0.0063,1254.00,0.0000,1.0000
52,MobileNetV4 Temp Scaling (CE),0.30,0.0078,1254.00,0.0000,1.0000,0.0063,1254.00,0.0000,1.0000
52,MobileNetV4 Temp Scaling (CE),0.40,0.0078,1254.00,0.0000,1.0000,0.0063,1254.00,0.0000,1.0000
52,MobileNetV4 Temp Scaling (CE),0.50,0.0078,1254.00,0.0000,1.0000,0.0063,1254.00,0.0000,1.0000
52,MobileNetV4 Matrix Scaling (CE),0.02,0.0162,71864.00,0.2754,0.0056,0.0161,71864.00,0.2754,0.0056
52,MobileNetV4 Matrix Scaling (CE),0.05,0.0162,14653.00,0.0554,0.1683,0.0399,14653.00,0.0554,0.1683
52,MobileNetV4 Matrix Scaling (CE),0.08,0.0162,3258.00,0.0105,0.4115,0.0550,3258.00,0.0105,0.4115
52,MobileNetV4 Matrix Scaling (CE),0.10,0.0162,2561.00,0.0077,0.4322,0.0817,2561.00,0.0077,0.4322
52,MobileNetV4 Matrix Scaling (CE),0.15,0.0162,1540.00,0.0017,0.8844,0.0504,1540.00,0.0017,0.8844
52,MobileNetV4 Matrix Scaling (CE),0.20,0.0162,1254.00,0.0000,1.0000,0.0142,1254.00,0.0000,1.0000
52,MobileNetV4 Matrix Scaling (CE),0.30,0.0162,1254.00,0.0000,1.0000,0.0142,1254.00,0.0000,1.0000
52,MobileNetV4 Matrix Scaling (CE),0.40,0.0162,1254.00,0.0000,1.0000,0.0142,1254.00,0.0000,1.0000
52,MobileNetV4 Matrix Scaling (CE),0.50,0.0162,1254.00,0.0000,1.0000,0.0142,1254.00,0.0000,1.0000
52,MobileNetV4 Base (FL),0.02,0.0834,260890.00,1.0000,0.0000,0.0862,260890.00,1.0000,0.0000
52,MobileNetV4 Base (FL),0.05,0.0834,104021.00,0.3987,0.0056,0.0972,104021.00,0.3987,0.0056
52,MobileNetV4 Base (FL),0.08,0.0834,97302.00,0.3729,0.0056,0.1008,97302.00,0.3729,0.0056
52,MobileNetV4 Base (FL),0.10,0.0834,96757.00,0.3708,0.0056,0.0983,96757.00,0.3708,0.0056
52,MobileNetV4 Base (FL),0.15,0.0834,61835.00,0.2370,0.0064,0.1305,61835.00,0.2370,0.0064
52,MobileNetV4 Base (FL),0.20,0.0834,20199.00,0.0770,0.0877,0.1837,20199.00,0.0770,0.0877
52,MobileNetV4 Base (FL),0.30,0.0834,2220.00,0.0059,0.5351,0.0886,2220.00,0.0059,0.5351
52,MobileNetV4 Base (FL),0.40,0.0834,1254.00,0.0000,1.0000,0.0862,1254.00,0.0000,1.0000
52,MobileNetV4 Base (FL),0.50,0.0834,1254.00,0.0000,1.0000,0.0862,1254.00,0.0000,1.0000
52,MobileNetV4 Temp Scaling (FL),0.02,0.0195,92855.00,0.3559,0.0056,0.0198,92855.00,0.3559,0.0056
52,MobileNetV4 Temp Scaling (FL),0.05,0.0195,47699.00,0.1828,0.0159,0.0536,47699.00,0.1828,0.0159
52,MobileNetV4 Temp Scaling (FL),0.08,0.0195,22441.00,0.0856,0.0877,0.0796,22441.00,0.0856,0.0877
52,MobileNetV4 Temp Scaling (FL),0.10,0.0195,15333.00,0.0582,0.1116,0.0839,15333.00,0.0582,0.1116
52,MobileNetV4 Temp Scaling (FL),0.15,0.0195,4019.00,0.0134,0.4115,0.0826,4019.00,0.0134,0.4115
52,MobileNetV4 Temp Scaling (FL),0.20,0.0195,2561.00,0.0077,0.4322,0.0384,2561.00,0.0077,0.4322
52,MobileNetV4 Temp Scaling (FL),0.30,0.0195,1769.00,0.0036,0.6675,0.0230,1769.00,0.0036,0.6675
52,MobileNetV4 Temp Scaling (FL),0.40,0.0195,1254.00,0.0000,1.0000,0.0209,1254.00,0.0000,1.0000
52,MobileNetV4 Temp Scaling (FL),0.50,0.0195,1254.00,0.0000,1.0000,0.0209,1254.00,0.0000,1.0000
52,MobileNetV4 Matrix Scaling (FL),0.02,0.0288,98115.00,0.3761,0.0056,0.0348,98115.00,0.3761,0.0056
52,MobileNetV4 Matrix Scaling (FL),0.05,0.0288,67799.00,0.2598,0.0064,0.0409,67799.00,0.2598,0.0064
52,MobileNetV4 Matrix Scaling (FL),0.08,0.0288,24625.00,0.0940,0.0710,0.0647,24625.00,0.0940,0.0710
52,MobileNetV4 Matrix Scaling (FL),0.10,0.0288,11231.00,0.0425,0.1116,0.0562,11231.00,0.0425,0.1116
52,MobileNetV4 Matrix Scaling (FL),0.15,0.0288,2561.00,0.0077,0.4322,0.0318,2561.00,0.0077,0.4322
52,MobileNetV4 Matrix Scaling (FL),0.20,0.0288,2220.00,0.0059,0.5351,0.0337,2220.00,0.0059,0.5351
52,MobileNetV4 Matrix Scaling (FL),0.30,0.0288,1254.00,0.0000,1.0000,0.0293,1254.00,0.0000,1.0000
52,MobileNetV4 Matrix Scaling (FL),0.40,0.0288,1254.00,0.0000,1.0000,0.0293,1254.00,0.0000,1.0000
52,MobileNetV4 Matrix Scaling (FL),0.50,0.0288,1254.00,0.0000,1.0000,0.0293,1254.00,0.0000,1.0000
53,SegFormer Base (CE),0.02,0.0157,100105.00,0.3925,0.0013,0.0084,100105.00,0.3925,0.0013
53,SegFormer Base (CE),0.05,0.0157,39361.00,0.1506,0.1358,0.0573,39361.00,0.1506,0.1358
53,SegFormer Base (CE),0.08,0.0157,22714.00,0.0796,0.3368,0.0803,22714.00,0.0796,0.3368
53,SegFormer Base (CE),0.10,0.0157,17502.00,0.0561,0.4461,0.0821,17502.00,0.0561,0.4461
53,SegFormer Base (CE),0.15,0.0157,9381.00,0.0149,0.7821,0.0764,9381.00,0.0149,0.7821
53,SegFormer Base (CE),0.20,0.0157,7496.00,0.0046,0.8835,0.0879,7496.00,0.0046,0.8835
53,SegFormer Base (CE),0.30,0.0157,7149.00,0.0000,1.0000,0.0057,7149.00,0.0000,1.0000
53,SegFormer Base (CE),0.40,0.0157,7149.00,0.0000,1.0000,0.0057,7149.00,0.0000,1.0000
53,SegFormer Base (CE),0.50,0.0157,7149.00,0.0000,1.0000,0.0057,7149.00,0.0000,1.0000
53,SegFormer Temp Scaling (CE),0.02,0.0151,29076.00,0.1079,0.2172,0.1021,29076.00,0.1079,0.2172
53,SegFormer Temp Scaling (CE),0.05,0.0151,20333.00,0.0685,0.4019,0.1032,20333.00,0.0685,0.4019
53,SegFormer Temp Scaling (CE),0.08,0.0151,11759.00,0.0283,0.6346,0.0964,11759.00,0.0283,0.6346
53,SegFormer Temp Scaling (CE),0.10,0.0151,10705.00,0.0225,0.6952,0.0823,10705.00,0.0225,0.6952
53,SegFormer Temp Scaling (CE),0.15,0.0151,7496.00,0.0046,0.8835,0.0878,7496.00,0.0046,0.8835
53,SegFormer Temp Scaling (CE),0.20,0.0151,7496.00,0.0046,0.8835,0.0878,7496.00,0.0046,0.8835
53,SegFormer Temp Scaling (CE),0.30,0.0151,7336.00,0.0017,0.9643,0.0392,7336.00,0.0017,0.9643
53,SegFormer Temp Scaling (CE),0.40,0.0151,7149.00,0.0000,1.0000,0.0162,7149.00,0.0000,1.0000
53,SegFormer Temp Scaling (CE),0.50,0.0151,7149.00,0.0000,1.0000,0.0162,7149.00,0.0000,1.0000
53,SegFormer Matrix Scaling (CE),0.02,0.0114,39632.00,0.1513,0.1486,0.0972,39632.00,0.1513,0.1486
53,SegFormer Matrix Scaling (CE),0.05,0.0114,19017.00,0.0629,0.4170,0.1366,19017.00,0.0629,0.4170
53,SegFormer Matrix Scaling (CE),0.08,0.0114,11086.00,0.0247,0.6713,0.1227,11086.00,0.0247,0.6713
53,SegFormer Matrix Scaling (CE),0.10,0.0114,9067.00,0.0128,0.8133,0.1233,9067.00,0.0128,0.8133
53,SegFormer Matrix Scaling (CE),0.15,0.0114,7496.00,0.0046,0.8835,0.1457,7496.00,0.0046,0.8835
53,SegFormer Matrix Scaling (CE),0.20,0.0114,7564.00,0.0032,0.9438,0.0759,7564.00,0.0032,0.9438
53,SegFormer Matrix Scaling (CE),0.30,0.0114,7149.00,0.0000,1.0000,0.0126,7149.00,0.0000,1.0000
53,SegFormer Matrix Scaling (CE),0.40,0.0114,7149.00,0.0000,1.0000,0.0126,7149.00,0.0000,1.0000
53,SegFormer Matrix Scaling (CE),0.50,0.0114,7149.00,0.0000,1.0000,0.0126,7149.00,0.0000,1.0000
53,SegFormer Base (FL),0.02,0.0548,254995.00,1.0000,0.0000,0.0539,254995.00,1.0000,0.0000
53,SegFormer Base (FL),0.05,0.0548,254234.00,0.9970,0.0000,0.0517,254234.00,0.9970,0.0000
53,SegFormer Base (FL),0.08,0.0548,67010.00,0.2611,0.0607,0.0482,67010.00,0.2611,0.0607
53,SegFormer Base (FL),0.10,0.0548,40042.00,0.1522,0.1725,0.0682,40042.00,0.1522,0.1725
53,SegFormer Base (FL),0.15,0.0548,24267.00,0.0837,0.4100,0.0172,24267.00,0.0837,0.4100
53,SegFormer Base (FL),0.20,0.0548,12873.00,0.0318,0.6647,0.0132,12873.00,0.0318,0.6647
53,SegFormer Base (FL),0.30,0.0548,7268.00,0.0032,0.9040,0.0855,7268.00,0.0032,0.9040
53,SegFormer Base (FL),0.40,0.0548,7149.00,0.0000,1.0000,0.0539,7149.00,0.0000,1.0000
53,SegFormer Base (FL),0.50,0.0548,7149.00,0.0000,1.0000,0.0539,7149.00,0.0000,1.0000
53,SegFormer Temp Scaling (FL),0.02,0.0089,38284.00,0.1453,0.1732,0.0810,38284.00,0.1453,0.1732
53,SegFormer Temp Scaling (FL),0.05,0.0089,26852.00,0.0965,0.3142,0.0916,26852.00,0.0965,0.3142
53,SegFormer Temp Scaling (FL),0.08,0.0089,15869.00,0.0470,0.5426,0.0730,15869.00,0.0470,0.5426
53,SegFormer Temp Scaling (FL),0.10,0.0089,13532.00,0.0364,0.5938,0.0653,13532.00,0.0364,0.5938
53,SegFormer Temp Scaling (FL),0.15,0.0089,9955.00,0.0185,0.7321,0.0527,9955.00,0.0185,0.7321
53,SegFormer Temp Scaling (FL),0.20,0.0089,7496.00,0.0046,0.8835,0.0754,7496.00,0.0046,0.8835
53,SegFormer Temp Scaling (FL),0.30,0.0089,7268.00,0.0032,0.9040,0.0786,7268.00,0.0032,0.9040
53,SegFormer Temp Scaling (FL),0.40,0.0089,7149.00,0.0000,1.0000,0.0095,7149.00,0.0000,1.0000
53,SegFormer Temp Scaling (FL),0.50,0.0089,7149.00,0.0000,1.0000,0.0095,7149.00,0.0000,1.0000
53,SegFormer Matrix Scaling (FL),0.02,0.0099,35482.00,0.1335,0.2014,0.0908,35482.00,0.1335,0.2014
53,SegFormer Matrix Scaling (FL),0.05,0.0099,16025.00,0.0474,0.5499,0.1215,16025.00,0.0474,0.5499
53,SegFormer Matrix Scaling (FL),0.08,0.0099,9641.00,0.0164,0.7633,0.1280,9641.00,0.0164,0.7633
53,SegFormer Matrix Scaling (FL),0.10,0.0099,8415.00,0.0097,0.8303,0.1614,8415.00,0.0097,0.8303
53,SegFormer Matrix Scaling (FL),0.15,0.0099,7268.00,0.0032,0.9040,0.1812,7268.00,0.0032,0.9040
53,SegFormer Matrix Scaling (FL),0.20,0.0099,7149.00,0.0000,1.0000,0.0113,7149.00,0.0000,1.0000
53,SegFormer Matrix Scaling (FL),0.30,0.0099,7149.00,0.0000,1.0000,0.0113,7149.00,0.0000,1.0000
53,SegFormer Matrix Scaling (FL),0.40,0.0099,7149.00,0.0000,1.0000,0.0113,7149.00,0.0000,1.0000
53,SegFormer Matrix Scaling (FL),0.50,0.0099,7149.00,0.0000,1.0000,0.0113,7149.00,0.0000,1.0000
53,MobileNetV4 Base (CE),0.02,0.0229,130540.00,0.5119,0.0000,0.0176,130540.00,0.5119,0.0000
53,MobileNetV4 Base (CE),0.05,0.0229,69099.00,0.2697,0.0455,0.0387,69099.00,0.2697,0.0455
53,MobileNetV4 Base (CE),0.08,0.0229,31092.00,0.1152,0.2386,0.0740,31092.00,0.1152,0.2386
53,MobileNetV4 Base (CE),0.10,0.0229,21725.00,0.0750,0.3652,0.0643,21725.00,0.0750,0.3652
53,MobileNetV4 Base (CE),0.15,0.0229,11333.00,0.0260,0.6577,0.0683,11333.00,0.0260,0.6577
53,MobileNetV4 Base (CE),0.20,0.0229,7828.00,0.0066,0.8584,0.0621,7828.00,0.0066,0.8584
53,MobileNetV4 Base (CE),0.30,0.0229,7309.00,0.0029,0.9191,0.0479,7309.00,0.0029,0.9191
53,MobileNetV4 Base (CE),0.40,0.0229,7149.00,0.0000,1.0000,0.0164,7149.00,0.0000,1.0000
53,MobileNetV4 Base (CE),0.50,0.0229,7149.00,0.0000,1.0000,0.0164,7149.00,0.0000,1.0000
53,MobileNetV4 Temp Scaling (CE),0.02,0.0076,49303.00,0.1909,0.0891,0.0557,49303.00,0.1909,0.0891
53,MobileNetV4 Temp Scaling (CE),0.05,0.0076,25224.00,0.0912,0.2768,0.1096,25224.00,0.0912,0.2768
53,MobileNetV4 Temp Scaling (CE),0.08,0.0076,15275.00,0.0450,0.5300,0.0968,15275.00,0.0450,0.5300
53,MobileNetV4 Temp Scaling (CE),0.10,0.0076,13231.00,0.0353,0.5924,0.0905,13231.00,0.0353,0.5924
53,MobileNetV4 Temp Scaling (CE),0.15,0.0076,8716.00,0.0124,0.7773,0.0933,8716.00,0.0124,0.7773
53,MobileNetV4 Temp Scaling (CE),0.20,0.0076,7496.00,0.0046,0.8835,0.0743,7496.00,0.0046,0.8835
53,MobileNetV4 Temp Scaling (CE),0.30,0.0076,7309.00,0.0029,0.9191,0.0550,7309.00,0.0029,0.9191
53,MobileNetV4 Temp Scaling (CE),0.40,0.0076,7149.00,0.0000,1.0000,0.0086,7149.00,0.0000,1.0000
53,MobileNetV4 Temp Scaling (CE),0.50,0.0076,7149.00,0.0000,1.0000,0.0086,7149.00,0.0000,1.0000
53,MobileNetV4 Matrix Scaling (CE),0.02,0.0050,82398.00,0.3223,0.0290,0.0117,82398.00,0.3223,0.0290
53,MobileNetV4 Matrix Scaling (CE),0.05,0.0050,26128.00,0.0947,0.2768,0.1179,26128.00,0.0947,0.2768
53,MobileNetV4 Matrix Scaling (CE),0.08,0.0050,15275.00,0.0450,0.5300,0.1132,15275.00,0.0450,0.5300
53,MobileNetV4 Matrix Scaling (CE),0.10,0.0050,10572.00,0.0218,0.7008,0.0968,10572.00,0.0218,0.7008
53,MobileNetV4 Matrix Scaling (CE),0.15,0.0050,7828.00,0.0066,0.8584,0.1141,7828.00,0.0066,0.8584
53,MobileNetV4 Matrix Scaling (CE),0.20,0.0050,7309.00,0.0029,0.9191,0.0993,7309.00,0.0029,0.9191
53,MobileNetV4 Matrix Scaling (CE),0.30,0.0050,7149.00,0.0000,1.0000,0.0025,7149.00,0.0000,1.0000
53,MobileNetV4 Matrix Scaling (CE),0.40,0.0050,7149.00,0.0000,1.0000,0.0025,7149.00,0.0000,1.0000
53,MobileNetV4 Matrix Scaling (CE),0.50,0.0050,7149.00,0.0000,1.0000,0.0025,7149.00,0.0000,1.0000
53,MobileNetV4 Base (FL),0.02,0.0588,254995.00,1.0000,0.0000,0.0600,254995.00,1.0000,0.0000
53,MobileNetV4 Base (FL),0.05,0.0588,121961.00,0.4782,0.0022,0.0504,121961.00,0.4782,0.0022
53,MobileNetV4 Base (FL),0.08,0.0588,101936.00,0.3992,0.0196,0.0457,101936.00,0.3992,0.0196
53,MobileNetV4 Base (FL),0.10,0.0588,84549.00,0.3291,0.0892,0.0439,84549.00,0.3291,0.0892
53,MobileNetV4 Base (FL),0.15,0.0588,40898.00,0.1508,0.3406,0.0535,40898.00,0.1508,0.3406
53,MobileNetV4 Base (FL),0.20,0.0588,16301.00,0.0475,0.5868,0.0505,16301.00,0.0475,0.5868
53,MobileNetV4 Base (FL),0.30,0.0588,8498.00,0.0093,0.8569,0.0607,8498.00,0.0093,0.8569
53,MobileNetV4 Base (FL),0.40,0.0588,7081.00,0.0014,0.9397,0.0674,7081.00,0.0014,0.9397
53,MobileNetV4 Base (FL),0.50,0.0588,7149.00,0.0000,1.0000,0.0600,7149.00,0.0000,1.0000
53,MobileNetV4 Temp Scaling (FL),0.02,0.0039,76620.00,0.2986,0.0670,0.0221,76620.00,0.2986,0.0670
53,MobileNetV4 Temp Scaling (FL),0.05,0.0039,36990.00,0.1386,0.2314,0.0422,36990.00,0.1386,0.2314
53,MobileNetV4 Temp Scaling (FL),0.08,0.0039,24331.00,0.0852,0.3640,0.0627,24331.00,0.0852,0.3640
53,MobileNetV4 Temp Scaling (FL),0.10,0.0039,17334.00,0.0547,0.4748,0.0688,17334.00,0.0547,0.4748
53,MobileNetV4 Temp Scaling (FL),0.15,0.0039,10968.00,0.0221,0.7454,0.0487,10968.00,0.0221,0.7454
53,MobileNetV4 Temp Scaling (FL),0.20,0.0039,8402.00,0.0103,0.8085,0.0186,8402.00,0.0103,0.8085
53,MobileNetV4 Temp Scaling (FL),0.30,0.0039,7496.00,0.0046,0.8835,0.0272,7496.00,0.0046,0.8835
53,MobileNetV4 Temp Scaling (FL),0.40,0.0039,7081.00,0.0014,0.9397,0.0405,7081.00,0.0014,0.9397
53,MobileNetV4 Temp Scaling (FL),0.50,0.0039,7149.00,0.0000,1.0000,0.0014,7149.00,0.0000,1.0000
53,MobileNetV4 Matrix Scaling (FL),0.02,0.0092,100301.00,0.3927,0.0231,0.0195,100301.00,0.3927,0.0231
53,MobileNetV4 Matrix Scaling (FL),0.05,0.0092,46209.00,0.1742,0.2495,0.0380,46209.00,0.1742,0.2495
53,MobileNetV4 Matrix Scaling (FL),0.08,0.0092,21050.00,0.0704,0.4339,0.0855,21050.00,0.0704,0.4339
53,MobileNetV4 Matrix Scaling (FL),0.10,0.0092,12924.00,0.0322,0.6581,0.0599,12924.00,0.0322,0.6581
53,MobileNetV4 Matrix Scaling (FL),0.15,0.0092,8402.00,0.0103,0.8085,0.0877,8402.00,0.0103,0.8085
53,MobileNetV4 Matrix Scaling (FL),0.20,0.0092,7496.00,0.0046,0.8835,0.1041,7496.00,0.0046,0.8835
53,MobileNetV4 Matrix Scaling (FL),0.30,0.0092,7081.00,0.0014,0.9397,0.1089,7081.00,0.0014,0.9397
53,MobileNetV4 Matrix Scaling (FL),0.40,0.0092,7149.00,0.0000,1.0000,0.0037,7149.00,0.0000,1.0000
53,MobileNetV4 Matrix Scaling (FL),0.50,0.0092,7149.00,0.0000,1.0000,0.0037,7149.00,0.0000,1.0000
54,SegFormer Base (CE),0.02,0.0175,115576.00,0.4654,0.0000,0.0047,115576.00,0.4654,0.0000
54,SegFormer Base (CE),0.05,0.0175,68860.00,0.2741,0.0572,0.0270,68860.00,0.2741,0.0572
54,SegFormer Base (CE),0.08,0.0175,43565.00,0.1666,0.1591,0.0499,43565.00,0.1666,0.1591
54,SegFormer Base (CE),0.10,0.0175,38269.00,0.1387,0.2774,0.0717,38269.00,0.1387,0.2774
54,SegFormer Base (CE),0.15,0.0175,22506.00,0.0594,0.5612,0.1149,22506.00,0.0594,0.5612
54,SegFormer Base (CE),0.20,0.0175,15553.00,0.0201,0.7649,0.1364,15553.00,0.0201,0.7649
54,SegFormer Base (CE),0.30,0.0175,14027.00,0.0054,0.9191,0.0800,14027.00,0.0054,0.9191
54,SegFormer Base (CE),0.40,0.0175,13803.00,0.0000,1.0000,0.0025,13803.00,0.0000,1.0000
54,SegFormer Base (CE),0.50,0.0175,13803.00,0.0000,1.0000,0.0025,13803.00,0.0000,1.0000
54,SegFormer Temp Scaling (CE),0.02,0.0216,54017.00,0.2121,0.0966,0.0544,54017.00,0.2121,0.0966
54,SegFormer Temp Scaling (CE),0.05,0.0216,38936.00,0.1425,0.2569,0.0988,38936.00,0.1425,0.2569
54,SegFormer Temp Scaling (CE),0.08,0.0216,29149.00,0.0939,0.4219,0.1439,29149.00,0.0939,0.4219
54,SegFormer Temp Scaling (CE),0.10,0.0216,25221.00,0.0740,0.4951,0.1521,25221.00,0.0740,0.4951
54,SegFormer Temp Scaling (CE),0.15,0.0216,18728.00,0.0387,0.6612,0.1286,18728.00,0.0387,0.6612
54,SegFormer Temp Scaling (CE),0.20,0.0216,14866.00,0.0168,0.7751,0.1505,14866.00,0.0168,0.7751
54,SegFormer Temp Scaling (CE),0.30,0.0216,14491.00,0.0092,0.8845,0.0790,14491.00,0.0092,0.8845
54,SegFormer Temp Scaling (CE),0.40,0.0216,14148.00,0.0032,0.9679,0.0345,14148.00,0.0032,0.9679
54,SegFormer Temp Scaling (CE),0.50,0.0216,13803.00,0.0000,1.0000,0.0253,13803.00,0.0000,1.0000
54,SegFormer Matrix Scaling (CE),0.02,0.0190,74146.00,0.2965,0.0365,0.0131,74146.00,0.2965,0.0365
54,SegFormer Matrix Scaling (CE),0.05,0.0190,41234.00,0.1551,0.1976,0.1010,41234.00,0.1551,0.1976
54,SegFormer Matrix Scaling (CE),0.08,0.0190,29198.00,0.0969,0.3712,0.1346,29198.00,0.0969,0.3712
54,SegFormer Matrix Scaling (CE),0.10,0.0190,22378.00,0.0603,0.5372,0.1807,22378.00,0.0603,0.5372
54,SegFormer Matrix Scaling (CE),0.15,0.0190,14866.00,0.0168,0.7751,0.1970,14866.00,0.0168,0.7751
54,SegFormer Matrix Scaling (CE),0.20,0.0190,14167.00,0.0116,0.8182,0.2113,14167.00,0.0116,0.8182
54,SegFormer Matrix Scaling (CE),0.30,0.0190,13803.00,0.0000,1.0000,0.0239,13803.00,0.0000,1.0000
54,SegFormer Matrix Scaling (CE),0.40,0.0190,13803.00,0.0000,1.0000,0.0239,13803.00,0.0000,1.0000
54,SegFormer Matrix Scaling (CE),0.50,0.0190,13803.00,0.0000,1.0000,0.0239,13803.00,0.0000,1.0000
54,SegFormer Base (FL),0.02,0.0524,248341.00,1.0000,0.0000,0.0495,248341.00,1.0000,0.0000
54,SegFormer Base (FL),0.05,0.0524,248341.00,1.0000,0.0000,0.0495,248341.00,1.0000,0.0000
54,SegFormer Base (FL),0.08,0.0524,86876.00,0.3484,0.0251,0.0559,86876.00,0.3484,0.0251
54,SegFormer Base (FL),0.10,0.0524,69064.00,0.2737,0.0796,0.0574,69064.00,0.2737,0.0796
54,SegFormer Base (FL),0.15,0.0524,44123.00,0.1665,0.2002,0.0615,44123.00,0.1665,0.2002
54,SegFormer Base (FL),0.20,0.0524,27450.00,0.0870,0.4232,0.0499,27450.00,0.0870,0.4232
54,SegFormer Base (FL),0.30,0.0524,15399.00,0.0181,0.7895,0.0523,15399.00,0.0181,0.7895
54,SegFormer Base (FL),0.40,0.0524,14020.00,0.0041,0.9422,0.0502,14020.00,0.0041,0.9422
54,SegFormer Base (FL),0.50,0.0524,13803.00,0.0000,1.0000,0.0495,13803.00,0.0000,1.0000
54,SegFormer Temp Scaling (FL),0.02,0.0096,69913.00,0.2783,0.0577,0.0204,69913.00,0.2783,0.0577
54,SegFormer Temp Scaling (FL),0.05,0.0096,47820.00,0.1854,0.1293,0.0403,47820.00,0.1854,0.1293
54,SegFormer Temp Scaling (FL),0.08,0.0096,40029.00,0.1490,0.2197,0.0610,40029.00,0.1490,0.2197
54,SegFormer Temp Scaling (FL),0.10,0.0096,33578.00,0.1172,0.3236,0.1025,33578.00,0.1172,0.3236
54,SegFormer Temp Scaling (FL),0.15,0.0096,24384.00,0.0705,0.4989,0.0911,24384.00,0.0705,0.4989
54,SegFormer Temp Scaling (FL),0.20,0.0096,21635.00,0.0529,0.6157,0.0308,21635.00,0.0529,0.6157
54,SegFormer Temp Scaling (FL),0.30,0.0096,14712.00,0.0148,0.7997,0.0292,14712.00,0.0148,0.7997
54,SegFormer Temp Scaling (FL),0.40,0.0096,14363.00,0.0101,0.8588,0.0178,14363.00,0.0101,0.8588
54,SegFormer Temp Scaling (FL),0.50,0.0096,13803.00,0.0000,1.0000,0.0094,13803.00,0.0000,1.0000
54,SegFormer Matrix Scaling (FL),0.02,0.0171,66996.00,0.2659,0.0693,0.0060,66996.00,0.2659,0.0693
54,SegFormer Matrix Scaling (FL),0.05,0.0171,38683.00,0.1435,0.2210,0.1012,38683.00,0.1435,0.2210
54,SegFormer Matrix Scaling (FL),0.08,0.0171,28350.00,0.0929,0.3817,0.1486,28350.00,0.0929,0.3817
54,SegFormer Matrix Scaling (FL),0.10,0.0171,22902.00,0.0641,0.5058,0.1608,22902.00,0.0641,0.5058
54,SegFormer Matrix Scaling (FL),0.15,0.0171,14866.00,0.0168,0.7751,0.1906,14866.00,0.0168,0.7751
54,SegFormer Matrix Scaling (FL),0.20,0.0171,14712.00,0.0148,0.7997,0.1816,14712.00,0.0148,0.7997
54,SegFormer Matrix Scaling (FL),0.30,0.0171,13675.00,0.0009,0.9743,0.1621,13675.00,0.0009,0.9743
54,SegFormer Matrix Scaling (FL),0.40,0.0171,13803.00,0.0000,1.0000,0.0225,13803.00,0.0000,1.0000
54,SegFormer Matrix Scaling (FL),0.50,0.0171,13803.00,0.0000,1.0000,0.0225,13803.00,0.0000,1.0000
54,MobileNetV4 Base (CE),0.02,0.0213,124523.00,0.5014,0.0000,0.0210,124523.00,0.5014,0.0000
54,MobileNetV4 Base (CE),0.05,0.0213,92867.00,0.3735,0.0083,0.0312,92867.00,0.3735,0.0083
54,MobileNetV4 Base (CE),0.08,0.0213,61762.00,0.2435,0.0936,0.0504,61762.00,0.2435,0.0936
54,MobileNetV4 Base (CE),0.10,0.0213,48797.00,0.1888,0.1383,0.0729,48797.00,0.1888,0.1383
54,MobileNetV4 Base (CE),0.15,0.0213,37613.00,0.1347,0.3007,0.0341,37613.00,0.1347,0.3007
54,MobileNetV4 Base (CE),0.20,0.0213,25114.00,0.0721,0.5219,0.0455,25114.00,0.0721,0.5219
54,MobileNetV4 Base (CE),0.30,0.0213,17775.00,0.0297,0.7540,0.0476,17775.00,0.0297,0.7540
54,MobileNetV4 Base (CE),0.40,0.0213,14570.00,0.0104,0.8681,0.0197,14570.00,0.0104,0.8681
54,MobileNetV4 Base (CE),0.50,0.0213,13803.00,0.0000,1.0000,0.0216,13803.00,0.0000,1.0000
54,MobileNetV4 Temp Scaling (CE),0.02,0.0048,86787.00,0.3486,0.0148,0.0048,86787.00,0.3486,0.0148
54,MobileNetV4 Temp Scaling (CE),0.05,0.0048,54963.00,0.2156,0.1037,0.0288,54963.00,0.2156,0.1037
54,MobileNetV4 Temp Scaling (CE),0.08,0.0048,43781.00,0.1670,0.1671,0.0513,43781.00,0.1670,0.1671
54,MobileNetV4 Temp Scaling (CE),0.10,0.0048,40953.00,0.1519,0.2339,0.0409,40953.00,0.1519,0.2339
54,MobileNetV4 Temp Scaling (CE),0.15,0.0048,29895.00,0.0990,0.3845,0.0557,29895.00,0.0990,0.3845
54,MobileNetV4 Temp Scaling (CE),0.20,0.0048,21934.00,0.0575,0.5538,0.0636,21934.00,0.0575,0.5538
54,MobileNetV4 Temp Scaling (CE),0.30,0.0048,17122.00,0.0262,0.7690,0.0399,17122.00,0.0262,0.7690
54,MobileNetV4 Temp Scaling (CE),0.40,0.0048,14994.00,0.0159,0.8008,0.0177,14994.00,0.0159,0.8008
54,MobileNetV4 Temp Scaling (CE),0.50,0.0048,13803.00,0.0000,1.0000,0.0012,13803.00,0.0000,1.0000
54,MobileNetV4 Matrix Scaling (CE),0.02,0.0112,100596.00,0.4048,0.0041,0.0067,100596.00,0.4048,0.0041
54,MobileNetV4 Matrix Scaling (CE),0.05,0.0112,54539.00,0.2132,0.1161,0.0408,54539.00,0.2132,0.1161
54,MobileNetV4 Matrix Scaling (CE),0.08,0.0112,42166.00,0.1581,0.2098,0.0692,42166.00,0.1581,0.2098
54,MobileNetV4 Matrix Scaling (CE),0.10,0.0112,37636.00,0.1368,0.2645,0.0524,37636.00,0.1368,0.2645
54,MobileNetV4 Matrix Scaling (CE),0.15,0.0112,24811.00,0.0714,0.5122,0.0588,24811.00,0.0714,0.5122
54,MobileNetV4 Matrix Scaling (CE),0.20,0.0112,19016.00,0.0386,0.6828,0.0676,19016.00,0.0386,0.6828
54,MobileNetV4 Matrix Scaling (CE),0.30,0.0112,14449.00,0.0126,0.8193,0.0927,14449.00,0.0126,0.8193
54,MobileNetV4 Matrix Scaling (CE),0.40,0.0112,13803.00,0.0000,1.0000,0.0040,13803.00,0.0000,1.0000
54,MobileNetV4 Matrix Scaling (CE),0.50,0.0112,13803.00,0.0000,1.0000,0.0040,13803.00,0.0000,1.0000
54,MobileNetV4 Base (FL),0.02,0.0664,248341.00,1.0000,0.0000,0.0697,248341.00,1.0000,0.0000
54,MobileNetV4 Base (FL),0.05,0.0664,112308.00,0.4522,0.0000,0.0708,112308.00,0.4522,0.0000
54,MobileNetV4 Base (FL),0.08,0.0664,109123.00,0.4393,0.0012,0.0660,109123.00,0.4393,0.0012
54,MobileNetV4 Base (FL),0.10,0.0664,98942.00,0.3978,0.0117,0.0717,98942.00,0.3978,0.0117
54,MobileNetV4 Base (FL),0.15,0.0664,66640.00,0.2640,0.0784,0.0879,66640.00,0.2640,0.0784
54,MobileNetV4 Base (FL),0.20,0.0664,46743.00,0.1786,0.1733,0.0971,46743.00,0.1786,0.1733
54,MobileNetV4 Base (FL),0.30,0.0664,23236.00,0.0601,0.6023,0.0521,23236.00,0.0601,0.6023
54,MobileNetV4 Base (FL),0.40,0.0664,16913.00,0.0272,0.7361,0.0572,16913.00,0.0272,0.7361
54,MobileNetV4 Base (FL),0.50,0.0664,14616.00,0.0085,0.9063,0.1149,14616.00,0.0085,0.9063
54,MobileNetV4 Temp Scaling (FL),0.02,0.0128,96317.00,0.3873,0.0099,0.0086,96317.00,0.3873,0.0099
54,MobileNetV4 Temp Scaling (FL),0.05,0.0128,72382.00,0.2897,0.0312,0.0281,72382.00,0.2897,0.0312
54,MobileNetV4 Temp Scaling (FL),0.08,0.0128,54846.00,0.2148,0.1085,0.0455,54846.00,0.2148,0.1085
54,MobileNetV4 Temp Scaling (FL),0.10,0.0128,47599.00,0.1842,0.1336,0.0543,47599.00,0.1842,0.1336
54,MobileNetV4 Temp Scaling (FL),0.15,0.0128,39331.00,0.1474,0.1968,0.0456,39331.00,0.1474,0.1968
54,MobileNetV4 Temp Scaling (FL),0.20,0.0128,31305.00,0.1062,0.3575,0.0294,31305.00,0.1062,0.3575
54,MobileNetV4 Temp Scaling (FL),0.30,0.0128,19215.00,0.0397,0.6779,0.0842,19215.00,0.0397,0.6779
54,MobileNetV4 Temp Scaling (FL),0.40,0.0128,16206.00,0.0236,0.7500,0.1101,16206.00,0.0236,0.7500
54,MobileNetV4 Temp Scaling (FL),0.50,0.0128,14488.00,0.0094,0.8806,0.0894,14488.00,0.0094,0.8806
54,MobileNetV4 Matrix Scaling (FL),0.02,0.0169,107579.00,0.4329,0.0051,0.0034,107579.00,0.4329,0.0051
54,MobileNetV4 Matrix Scaling (FL),0.05,0.0169,71306.00,0.2839,0.0582,0.0183,71306.00,0.2839,0.0582
54,MobileNetV4 Matrix Scaling (FL),0.08,0.0169,47522.00,0.1831,0.1482,0.0619,47522.00,0.1831,0.1482
54,MobileNetV4 Matrix Scaling (FL),0.10,0.0169,41608.00,0.1572,0.1854,0.0494,41608.00,0.1572,0.1854
54,MobileNetV4 Matrix Scaling (FL),0.15,0.0169,28708.00,0.0932,0.4032,0.0753,28708.00,0.0932,0.4032
54,MobileNetV4 Matrix Scaling (FL),0.20,0.0169,19215.00,0.0397,0.6779,0.0700,19215.00,0.0397,0.6779
54,MobileNetV4 Matrix Scaling (FL),0.30,0.0169,14712.00,0.0148,0.7997,0.0672,14712.00,0.0148,0.7997
54,MobileNetV4 Matrix Scaling (FL),0.40,0.0169,13607.00,0.0015,0.9594,0.1053,13607.00,0.0015,0.9594
54,MobileNetV4 Matrix Scaling (FL),0.50,0.0169,13803.00,0.0000,1.0000,0.0047,13803.00,0.0000,1.0000
55,SegFormer Base (CE),0.02,0.0172,109927.00,0.4480,0.0001,0.0064,109927.00,0.4480,0.0001
55,SegFormer Base (CE),0.05,0.0172,85690.00,0.3482,0.0143,0.0188,85690.00,0.3482,0.0143
55,SegFormer Base (CE),0.08,0.0172,65094.00,0.2612,0.0602,0.0287,65094.00,0.2612,0.0602
55,SegFormer Base (CE),0.10,0.0172,53969.00,0.2118,0.1185,0.0401,53969.00,0.2118,0.1185
55,SegFormer Base (CE),0.15,0.0172,35328.00,0.1231,0.3052,0.0459,35328.00,0.1231,0.3052
55,SegFormer Base (CE),0.20,0.0172,25360.00,0.0676,0.5241,0.0448,25360.00,0.0676,0.5241
55,SegFormer Base (CE),0.30,0.0172,16157.00,0.0119,0.7894,0.1159,16157.00,0.0119,0.7894
55,SegFormer Base (CE),0.40,0.0172,16134.00,0.0071,0.8590,0.1183,16134.00,0.0071,0.8590
55,SegFormer Base (CE),0.50,0.0172,16361.00,0.0004,0.9700,0.1345,16361.00,0.0004,0.9700
55,SegFormer Temp Scaling (CE),0.02,0.0114,78350.00,0.3173,0.0287,0.0095,78350.00,0.3173,0.0287
55,SegFormer Temp Scaling (CE),0.05,0.0114,58270.00,0.2317,0.0848,0.0138,58270.00,0.2317,0.0848
55,SegFormer Temp Scaling (CE),0.08,0.0114,47723.00,0.1840,0.1537,0.0076,47723.00,0.1840,0.1537
55,SegFormer Temp Scaling (CE),0.10,0.0114,39453.00,0.1419,0.2761,0.0370,39453.00,0.1419,0.2761
55,SegFormer Temp Scaling (CE),0.15,0.0114,28718.00,0.0850,0.4690,0.0385,28718.00,0.0850,0.4690
55,SegFormer Temp Scaling (CE),0.20,0.0114,23338.00,0.0550,0.5874,0.0306,23338.00,0.0550,0.5874
55,SegFormer Temp Scaling (CE),0.30,0.0114,17016.00,0.0201,0.7212,0.0619,17016.00,0.0201,0.7212
55,SegFormer Temp Scaling (CE),0.40,0.0114,15487.00,0.0075,0.8139,0.0774,15487.00,0.0075,0.8139
55,SegFormer Temp Scaling (CE),0.50,0.0114,16416.00,0.0048,0.9092,0.0638,16416.00,0.0048,0.9092
55,SegFormer Matrix Scaling (CE),0.02,0.0134,86944.00,0.3536,0.0105,0.0121,86944.00,0.3536,0.0105
55,SegFormer Matrix Scaling (CE),0.05,0.0134,57083.00,0.2261,0.0962,0.0194,57083.00,0.2261,0.0962
55,SegFormer Matrix Scaling (CE),0.08,0.0134,41816.00,0.1577,0.1858,0.0603,41816.00,0.1577,0.1858
55,SegFormer Matrix Scaling (CE),0.10,0.0134,35509.00,0.1255,0.2810,0.0514,35509.00,0.1255,0.2810
55,SegFormer Matrix Scaling (CE),0.15,0.0134,22624.00,0.0534,0.5684,0.1188,22624.00,0.0534,0.5684
55,SegFormer Matrix Scaling (CE),0.20,0.0134,17697.00,0.0251,0.6886,0.1561,17697.00,0.0251,0.6886
55,SegFormer Matrix Scaling (CE),0.30,0.0134,15487.00,0.0075,0.8139,0.1829,15487.00,0.0075,0.8139
55,SegFormer Matrix Scaling (CE),0.40,0.0134,15922.00,0.0045,0.8852,0.1741,15922.00,0.0045,0.8852
55,SegFormer Matrix Scaling (CE),0.50,0.0134,16753.00,0.0000,1.0000,0.0196,16753.00,0.0000,1.0000
55,SegFormer Base (FL),0.02,0.0612,245391.00,1.0000,0.0000,0.0548,245391.00,1.0000,0.0000
55,SegFormer Base (FL),0.05,0.0612,245391.00,1.0000,0.0000,0.0548,245391.00,1.0000,0.0000
55,SegFormer Base (FL),0.08,0.0612,99334.00,0.4042,0.0092,0.0535,99334.00,0.4042,0.0092
55,SegFormer Base (FL),0.10,0.0612,83004.00,0.3359,0.0340,0.0633,83004.00,0.3359,0.0340
55,SegFormer Base (FL),0.15,0.0612,58962.00,0.2326,0.1118,0.0780,58962.00,0.2326,0.1118
55,SegFormer Base (FL),0.20,0.0612,39750.00,0.1452,0.2456,0.0983,39750.00,0.1452,0.2456
55,SegFormer Base (FL),0.30,0.0612,19332.00,0.0343,0.6517,0.1000,19332.00,0.0343,0.6517
55,SegFormer Base (FL),0.40,0.0612,16416.00,0.0048,0.9092,0.1170,16416.00,0.0048,0.9092
55,SegFormer Base (FL),0.50,0.0612,16361.00,0.0004,0.9700,0.1590,16361.00,0.0004,0.9700
55,SegFormer Temp Scaling (FL),0.02,0.0064,87003.00,0.3536,0.0141,0.0044,87003.00,0.3536,0.0141
55,SegFormer Temp Scaling (FL),0.05,0.0064,65580.00,0.2626,0.0683,0.0143,65580.00,0.2626,0.0683
55,SegFormer Temp Scaling (FL),0.08,0.0064,55683.00,0.2189,0.1177,0.0222,55683.00,0.2189,0.1177
55,SegFormer Temp Scaling (FL),0.10,0.0064,48082.00,0.1862,0.1421,0.0149,48082.00,0.1862,0.1421
55,SegFormer Temp Scaling (FL),0.15,0.0064,37188.00,0.1340,0.2566,0.0342,37188.00,0.1340,0.2566
55,SegFormer Temp Scaling (FL),0.20,0.0064,26445.00,0.0763,0.4607,0.0654,26445.00,0.0763,0.4607
55,SegFormer Temp Scaling (FL),0.30,0.0064,18872.00,0.0309,0.6744,0.0424,18872.00,0.0309,0.6744
55,SegFormer Temp Scaling (FL),0.40,0.0064,16134.00,0.0071,0.8590,0.0474,16134.00,0.0071,0.8590
55,SegFormer Temp Scaling (FL),0.50,0.0064,16416.00,0.0048,0.9092,0.0560,16416.00,0.0048,0.9092
55,SegFormer Matrix Scaling (FL),0.02,0.0141,81460.00,0.3306,0.0204,0.0060,81460.00,0.3306,0.0204
55,SegFormer Matrix Scaling (FL),0.05,0.0141,53459.00,0.2105,0.1084,0.0188,53459.00,0.2105,0.1084
55,SegFormer Matrix Scaling (FL),0.08,0.0141,36621.00,0.1340,0.2225,0.0736,36621.00,0.1340,0.2225
55,SegFormer Matrix Scaling (FL),0.10,0.0141,29925.00,0.1005,0.3142,0.0833,29925.00,0.1005,0.3142
55,SegFormer Matrix Scaling (FL),0.15,0.0141,19251.00,0.0380,0.5920,0.1607,19251.00,0.0380,0.5920
55,SegFormer Matrix Scaling (FL),0.20,0.0141,16369.00,0.0181,0.7116,0.1861,16369.00,0.0181,0.7116
55,SegFormer Matrix Scaling (FL),0.30,0.0141,15487.00,0.0075,0.8139,0.2104,15487.00,0.0075,0.8139
55,SegFormer Matrix Scaling (FL),0.40,0.0141,16361.00,0.0004,0.9700,0.1848,16361.00,0.0004,0.9700
55,SegFormer Matrix Scaling (FL),0.50,0.0141,16753.00,0.0000,1.0000,0.0220,16753.00,0.0000,1.0000
55,MobileNetV4 Base (CE),0.02,0.0299,116768.00,0.4758,0.0000,0.0238,116768.00,0.4758,0.0000
55,MobileNetV4 Base (CE),0.05,0.0299,91451.00,0.3721,0.0077,0.0253,91451.00,0.3721,0.0077
55,MobileNetV4 Base (CE),0.08,0.0299,77566.00,0.3135,0.0386,0.0502,77566.00,0.3135,0.0386
55,MobileNetV4 Base (CE),0.10,0.0299,64863.00,0.2598,0.0658,0.0586,64863.00,0.2598,0.0658
55,MobileNetV4 Base (CE),0.15,0.0299,51622.00,0.2004,0.1458,0.0463,51622.00,0.2004,0.1458
55,MobileNetV4 Base (CE),0.20,0.0299,35821.00,0.1227,0.3411,0.0805,35821.00,0.1227,0.3411
55,MobileNetV4 Base (CE),0.30,0.0299,21279.00,0.0451,0.6093,0.0696,21279.00,0.0451,0.6093
55,MobileNetV4 Base (CE),0.40,0.0299,16121.00,0.0109,0.8027,0.0917,16121.00,0.0109,0.8027
55,MobileNetV4 Base (CE),0.50,0.0299,16134.00,0.0071,0.8590,0.0656,16134.00,0.0071,0.8590
55,MobileNetV4 Temp Scaling (CE),0.02,0.0103,90622.00,0.3687,0.0091,0.0067,90622.00,0.3687,0.0091
55,MobileNetV4 Temp Scaling (CE),0.05,0.0103,70882.00,0.2858,0.0454,0.0276,70882.00,0.2858,0.0454
55,MobileNetV4 Temp Scaling (CE),0.08,0.0103,60305.00,0.2399,0.0857,0.0302,60305.00,0.2399,0.0857
55,MobileNetV4 Temp Scaling (CE),0.10,0.0103,57494.00,0.2278,0.0957,0.0261,57494.00,0.2278,0.0957
55,MobileNetV4 Temp Scaling (CE),0.15,0.0103,41436.00,0.1525,0.2391,0.0529,41436.00,0.1525,0.2391
55,MobileNetV4 Temp Scaling (CE),0.20,0.0103,29018.00,0.0926,0.3762,0.0684,29018.00,0.0926,0.3762
55,MobileNetV4 Temp Scaling (CE),0.30,0.0103,20806.00,0.0431,0.6111,0.0404,20806.00,0.0431,0.6111
55,MobileNetV4 Temp Scaling (CE),0.40,0.0103,16121.00,0.0109,0.8027,0.0706,16121.00,0.0109,0.8027
55,MobileNetV4 Temp Scaling (CE),0.50,0.0103,16134.00,0.0071,0.8590,0.0563,16134.00,0.0071,0.8590
55,MobileNetV4 Matrix Scaling (CE),0.02,0.0125,98418.00,0.4009,0.0025,0.0074,98418.00,0.4009,0.0025
55,MobileNetV4 Matrix Scaling (CE),0.05,0.0125,71078.00,0.2866,0.0451,0.0221,71078.00,0.2866,0.0451
55,MobileNetV4 Matrix Scaling (CE),0.08,0.0125,58851.00,0.2333,0.0950,0.0241,58851.00,0.2333,0.0950
55,MobileNetV4 Matrix Scaling (CE),0.10,0.0125,51046.00,0.1989,0.1336,0.0209,51046.00,0.1989,0.1336
55,MobileNetV4 Matrix Scaling (CE),0.15,0.0125,32165.00,0.1085,0.3300,0.0397,32165.00,0.1085,0.3300
55,MobileNetV4 Matrix Scaling (CE),0.20,0.0125,24765.00,0.0681,0.4807,0.0623,24765.00,0.0681,0.4807
55,MobileNetV4 Matrix Scaling (CE),0.30,0.0125,17435.00,0.0215,0.7261,0.0474,17435.00,0.0215,0.7261
55,MobileNetV4 Matrix Scaling (CE),0.40,0.0125,16134.00,0.0071,0.8590,0.0571,16134.00,0.0071,0.8590
55,MobileNetV4 Matrix Scaling (CE),0.50,0.0125,16291.00,0.0054,0.8936,0.0662,16291.00,0.0054,0.8936
55,MobileNetV4 Base (FL),0.02,0.0725,245391.00,1.0000,0.0000,0.0755,245391.00,1.0000,0.0000
55,MobileNetV4 Base (FL),0.05,0.0725,109240.00,0.4452,0.0000,0.0769,109240.00,0.4452,0.0000
55,MobileNetV4 Base (FL),0.08,0.0725,99293.00,0.4046,0.0010,0.0736,99293.00,0.4046,0.0010
55,MobileNetV4 Base (FL),0.10,0.0725,96220.00,0.3920,0.0011,0.0816,96220.00,0.3920,0.0011
55,MobileNetV4 Base (FL),0.15,0.0725,80923.00,0.3282,0.0237,0.0993,80923.00,0.3282,0.0237
55,MobileNetV4 Base (FL),0.20,0.0725,61165.00,0.2429,0.0930,0.1201,61165.00,0.2429,0.0930
55,MobileNetV4 Base (FL),0.30,0.0725,33430.00,0.1118,0.3581,0.1388,33430.00,0.1118,0.3581
55,MobileNetV4 Base (FL),0.40,0.0725,20223.00,0.0321,0.7367,0.1761,20223.00,0.0321,0.7367
55,MobileNetV4 Base (FL),0.50,0.0725,16134.00,0.0071,0.8590,0.0727,16134.00,0.0071,0.8590
55,MobileNetV4 Temp Scaling (FL),0.02,0.0280,96220.00,0.3920,0.0011,0.0196,96220.00,0.3920,0.0011
55,MobileNetV4 Temp Scaling (FL),0.05,0.0280,85443.00,0.3473,0.0137,0.0259,85443.00,0.3473,0.0137
55,MobileNetV4 Temp Scaling (FL),0.08,0.0280,77355.00,0.3134,0.0275,0.0353,77355.00,0.3134,0.0275
55,MobileNetV4 Temp Scaling (FL),0.10,0.0280,65105.00,0.2608,0.0661,0.0439,65105.00,0.2608,0.0661
55,MobileNetV4 Temp Scaling (FL),0.15,0.0280,55580.00,0.2184,0.1184,0.0621,55580.00,0.2184,0.1184
55,MobileNetV4 Temp Scaling (FL),0.20,0.0280,44283.00,0.1650,0.2268,0.0835,44283.00,0.1650,0.2268
55,MobileNetV4 Temp Scaling (FL),0.30,0.0280,27070.00,0.0797,0.4488,0.1345,27070.00,0.0797,0.4488
55,MobileNetV4 Temp Scaling (FL),0.40,0.0280,18875.00,0.0280,0.7162,0.1525,18875.00,0.0280,0.7162
55,MobileNetV4 Temp Scaling (FL),0.50,0.0280,16121.00,0.0085,0.8381,0.0823,16121.00,0.0085,0.8381
55,MobileNetV4 Matrix Scaling (FL),0.02,0.0207,104829.00,0.4272,0.0002,0.0125,104829.00,0.4272,0.0002
55,MobileNetV4 Matrix Scaling (FL),0.05,0.0207,81810.00,0.3322,0.0168,0.0228,81810.00,0.3322,0.0168
55,MobileNetV4 Matrix Scaling (FL),0.08,0.0207,64034.00,0.2564,0.0665,0.0339,64034.00,0.2564,0.0665
55,MobileNetV4 Matrix Scaling (FL),0.10,0.0207,59190.00,0.2349,0.0923,0.0361,59190.00,0.2349,0.0923
55,MobileNetV4 Matrix Scaling (FL),0.15,0.0207,41475.00,0.1528,0.2377,0.0315,41475.00,0.1528,0.2377
55,MobileNetV4 Matrix Scaling (FL),0.20,0.0207,27592.00,0.0849,0.4041,0.0472,27592.00,0.0849,0.4041
55,MobileNetV4 Matrix Scaling (FL),0.30,0.0207,15927.00,0.0153,0.7270,0.0884,15927.00,0.0153,0.7270
55,MobileNetV4 Matrix Scaling (FL),0.40,0.0207,16134.00,0.0071,0.8590,0.0552,16134.00,0.0071,0.8590
55,MobileNetV4 Matrix Scaling (FL),0.50,0.0207,16291.00,0.0054,0.8936,0.0640,16291.00,0.0054,0.8936
56,SegFormer Base (CE),0.02,0.0210,114953.00,0.4593,0.0000,0.0133,114953.00,0.4593,0.0000
56,SegFormer Base (CE),0.05,0.0210,71492.00,0.2850,0.0136,0.0290,71492.00,0.2850,0.0136
56,SegFormer Base (CE),0.08,0.0210,46737.00,0.1840,0.0584,0.0209,46737.00,0.1840,0.0584
56,SegFormer Base (CE),0.10,0.0210,37940.00,0.1462,0.1127,0.0166,37940.00,0.1462,0.1127
56,SegFormer Base (CE),0.15,0.0210,23536.00,0.0811,0.2741,0.0309,23536.00,0.0811,0.2741
56,SegFormer Base (CE),0.20,0.0210,15556.00,0.0398,0.4726,0.0100,15556.00,0.0398,0.4726
56,SegFormer Base (CE),0.30,0.0210,11465.00,0.0132,0.6890,0.1316,11465.00,0.0132,0.6890
56,SegFormer Base (CE),0.40,0.0210,10276.00,0.0054,0.7523,0.1606,10276.00,0.0054,0.7523
56,SegFormer Base (CE),0.50,0.0210,11133.00,0.0002,0.9353,0.1558,11133.00,0.0002,0.9353
56,SegFormer Temp Scaling (CE),0.02,0.0035,57347.00,0.2279,0.0251,0.0056,57347.00,0.2279,0.0251
56,SegFormer Temp Scaling (CE),0.05,0.0035,43278.00,0.1689,0.0837,0.0086,43278.00,0.1689,0.0837
56,SegFormer Temp Scaling (CE),0.08,0.0035,32368.00,0.1219,0.1558,0.0225,32368.00,0.1219,0.1558
56,SegFormer Temp Scaling (CE),0.10,0.0035,28313.00,0.1039,0.1949,0.0238,28313.00,0.1039,0.1949
56,SegFormer Temp Scaling (CE),0.15,0.0035,18462.00,0.0561,0.3732,0.0241,18462.00,0.0561,0.3732
56,SegFormer Temp Scaling (CE),0.20,0.0035,15672.00,0.0393,0.4918,0.0227,15672.00,0.0393,0.4918
56,SegFormer Temp Scaling (CE),0.30,0.0035,11465.00,0.0132,0.6890,0.0470,11465.00,0.0132,0.6890
56,SegFormer Temp Scaling (CE),0.40,0.0035,10930.00,0.0095,0.7214,0.0397,10930.00,0.0095,0.7214
56,SegFormer Temp Scaling (CE),0.50,0.0035,11059.00,0.0021,0.8881,0.0498,11059.00,0.0021,0.8881
56,SegFormer Matrix Scaling (CE),0.02,0.0103,73919.00,0.2949,0.0087,0.0119,73919.00,0.2949,0.0087
56,SegFormer Matrix Scaling (CE),0.05,0.0103,44961.00,0.1766,0.0650,0.0172,44961.00,0.1766,0.0650
56,SegFormer Matrix Scaling (CE),0.08,0.0103,32169.00,0.1216,0.1465,0.0312,32169.00,0.1216,0.1465
56,SegFormer Matrix Scaling (CE),0.10,0.0103,24242.00,0.0855,0.2391,0.0386,24242.00,0.0855,0.2391
56,SegFormer Matrix Scaling (CE),0.15,0.0103,16557.00,0.0451,0.4437,0.0453,16557.00,0.0451,0.4437
56,SegFormer Matrix Scaling (CE),0.20,0.0103,12156.00,0.0176,0.6543,0.1220,12156.00,0.0176,0.6543
56,SegFormer Matrix Scaling (CE),0.30,0.0103,10276.00,0.0054,0.7523,0.1961,10276.00,0.0054,0.7523
56,SegFormer Matrix Scaling (CE),0.40,0.0103,11059.00,0.0021,0.8881,0.1570,11059.00,0.0021,0.8881
56,SegFormer Matrix Scaling (CE),0.50,0.0103,11133.00,0.0002,0.9353,0.1731,11133.00,0.0002,0.9353
56,SegFormer Base (FL),0.02,0.0684,250297.00,1.0000,0.0000,0.0620,250297.00,1.0000,0.0000
56,SegFormer Base (FL),0.05,0.0684,250297.00,1.0000,0.0000,0.0620,250297.00,1.0000,0.0000
56,SegFormer Base (FL),0.08,0.0684,96953.00,0.3871,0.0047,0.0671,96953.00,0.3871,0.0047
56,SegFormer Base (FL),0.10,0.0684,70239.00,0.2799,0.0160,0.0798,70239.00,0.2799,0.0160
56,SegFormer Base (FL),0.15,0.0684,42738.00,0.1659,0.1032,0.0624,42738.00,0.1659,0.1032
56,SegFormer Base (FL),0.20,0.0684,27594.00,0.1000,0.2169,0.0543,27594.00,0.1000,0.2169
56,SegFormer Base (FL),0.30,0.0684,12715.00,0.0242,0.5610,0.0895,12715.00,0.0242,0.5610
56,SegFormer Base (FL),0.40,0.0684,10930.00,0.0095,0.7214,0.1186,10930.00,0.0095,0.7214
56,SegFormer Base (FL),0.50,0.0684,11133.00,0.0002,0.9353,0.2234,11133.00,0.0002,0.9353
56,SegFormer Temp Scaling (FL),0.02,0.0088,70532.00,0.2813,0.0102,0.0084,70532.00,0.2813,0.0102
56,SegFormer Temp Scaling (FL),0.05,0.0088,51390.00,0.2030,0.0482,0.0125,51390.00,0.2030,0.0482
56,SegFormer Temp Scaling (FL),0.08,0.0088,40247.00,0.1563,0.0949,0.0181,40247.00,0.1563,0.0949
56,SegFormer Temp Scaling (FL),0.10,0.0088,37551.00,0.1446,0.1156,0.0135,37551.00,0.1446,0.1156
56,SegFormer Temp Scaling (FL),0.15,0.0088,24893.00,0.0882,0.2370,0.0361,24893.00,0.0882,0.2370
56,SegFormer Temp Scaling (FL),0.20,0.0088,18489.00,0.0556,0.3865,0.0479,18489.00,0.0556,0.3865
56,SegFormer Temp Scaling (FL),0.30,0.0088,12715.00,0.0242,0.5610,0.0375,12715.00,0.0242,0.5610
56,SegFormer Temp Scaling (FL),0.40,0.0088,10930.00,0.0095,0.7214,0.0580,10930.00,0.0095,0.7214
56,SegFormer Temp Scaling (FL),0.50,0.0088,11059.00,0.0021,0.8881,0.0950,11059.00,0.0021,0.8881
56,SegFormer Matrix Scaling (FL),0.02,0.0138,64971.00,0.2589,0.0133,0.0149,64971.00,0.2589,0.0133
56,SegFormer Matrix Scaling (FL),0.05,0.0138,42798.00,0.1674,0.0754,0.0300,42798.00,0.1674,0.0754
56,SegFormer Matrix Scaling (FL),0.08,0.0138,27752.00,0.1021,0.1849,0.0593,27752.00,0.1021,0.1849
56,SegFormer Matrix Scaling (FL),0.10,0.0138,24226.00,0.0858,0.2320,0.0616,24226.00,0.0858,0.2320
56,SegFormer Matrix Scaling (FL),0.15,0.0138,16000.00,0.0438,0.4255,0.0662,16000.00,0.0438,0.4255
56,SegFormer Matrix Scaling (FL),0.20,0.0138,12156.00,0.0176,0.6543,0.1650,12156.00,0.0176,0.6543
56,SegFormer Matrix Scaling (FL),0.30,0.0138,10276.00,0.0054,0.7523,0.2430,10276.00,0.0054,0.7523
56,SegFormer Matrix Scaling (FL),0.40,0.0138,11133.00,0.0002,0.9353,0.2262,11133.00,0.0002,0.9353
56,SegFormer Matrix Scaling (FL),0.50,0.0138,11847.00,0.0000,1.0000,0.0085,11847.00,0.0000,1.0000
56,MobileNetV4 Base (CE),0.02,0.0329,118199.00,0.4722,0.0000,0.0262,118199.00,0.4722,0.0000
56,MobileNetV4 Base (CE),0.05,0.0329,87144.00,0.3480,0.0026,0.0356,87144.00,0.3480,0.0026
56,MobileNetV4 Base (CE),0.08,0.0329,59349.00,0.2346,0.0539,0.0475,59349.00,0.2346,0.0539
56,MobileNetV4 Base (CE),0.10,0.0329,47211.00,0.1852,0.0714,0.0602,47211.00,0.1852,0.0714
56,MobileNetV4 Base (CE),0.15,0.0329,33984.00,0.1286,0.1517,0.0633,33984.00,0.1286,0.1517
56,MobileNetV4 Base (CE),0.20,0.0329,24877.00,0.0861,0.2801,0.0907,24877.00,0.0861,0.2801
56,MobileNetV4 Base (CE),0.30,0.0329,13800.00,0.0304,0.5226,0.0947,13800.00,0.0304,0.5226
56,MobileNetV4 Base (CE),0.40,0.0329,12156.00,0.0176,0.6543,0.1514,12156.00,0.0176,0.6543
56,MobileNetV4 Base (CE),0.50,0.0329,10276.00,0.0054,0.7523,0.0953,10276.00,0.0054,0.7523
56,MobileNetV4 Temp Scaling (CE),0.02,0.0120,80160.00,0.3200,0.0064,0.0094,80160.00,0.3200,0.0064
56,MobileNetV4 Temp Scaling (CE),0.05,0.0120,52737.00,0.2081,0.0547,0.0136,52737.00,0.2081,0.0547
56,MobileNetV4 Temp Scaling (CE),0.08,0.0120,41269.00,0.1599,0.1053,0.0578,41269.00,0.1599,0.1053
56,MobileNetV4 Temp Scaling (CE),0.10,0.0120,40381.00,0.1563,0.1064,0.0585,40381.00,0.1563,0.1064
56,MobileNetV4 Temp Scaling (CE),0.15,0.0120,28038.00,0.1001,0.2524,0.0773,28038.00,0.1001,0.2524
56,MobileNetV4 Temp Scaling (CE),0.20,0.0120,19627.00,0.0612,0.3641,0.0700,19627.00,0.0612,0.3641
56,MobileNetV4 Temp Scaling (CE),0.30,0.0120,14499.00,0.0341,0.5032,0.1042,14499.00,0.0341,0.5032
56,MobileNetV4 Temp Scaling (CE),0.40,0.0120,12156.00,0.0176,0.6543,0.1398,12156.00,0.0176,0.6543
56,MobileNetV4 Temp Scaling (CE),0.50,0.0120,10276.00,0.0054,0.7523,0.0487,10276.00,0.0054,0.7523
56,MobileNetV4 Matrix Scaling (CE),0.02,0.0147,91677.00,0.3662,0.0005,0.0140,91677.00,0.3662,0.0005
56,MobileNetV4 Matrix Scaling (CE),0.05,0.0147,54043.00,0.2142,0.0363,0.0167,54043.00,0.2142,0.0363
56,MobileNetV4 Matrix Scaling (CE),0.08,0.0147,42094.00,0.1637,0.0939,0.0260,42094.00,0.1637,0.0939
56,MobileNetV4 Matrix Scaling (CE),0.10,0.0147,35064.00,0.1336,0.1371,0.0252,35064.00,0.1336,0.1371
56,MobileNetV4 Matrix Scaling (CE),0.15,0.0147,23623.00,0.0807,0.2888,0.0226,23623.00,0.0807,0.2888
56,MobileNetV4 Matrix Scaling (CE),0.20,0.0147,16326.00,0.0433,0.4641,0.0266,16326.00,0.0433,0.4641
56,MobileNetV4 Matrix Scaling (CE),0.30,0.0147,12156.00,0.0176,0.6543,0.1185,12156.00,0.0176,0.6543
56,MobileNetV4 Matrix Scaling (CE),0.40,0.0147,10276.00,0.0054,0.7523,0.1459,10276.00,0.0054,0.7523
56,MobileNetV4 Matrix Scaling (CE),0.50,0.0147,11133.00,0.0002,0.9353,0.1819,11133.00,0.0002,0.9353
56,MobileNetV4 Base (FL),0.02,0.0708,250297.00,1.0000,0.0000,0.0748,250297.00,1.0000,0.0000
56,MobileNetV4 Base (FL),0.05,0.0708,111645.00,0.4461,0.0000,0.0768,111645.00,0.4461,0.0000
56,MobileNetV4 Base (FL),0.08,0.0708,96481.00,0.3854,0.0008,0.0716,96481.00,0.3854,0.0008
56,MobileNetV4 Base (FL),0.10,0.0708,89081.00,0.3558,0.0029,0.0779,89081.00,0.3558,0.0029
56,MobileNetV4 Base (FL),0.15,0.0708,60518.00,0.2391,0.0559,0.1080,60518.00,0.2391,0.0559
56,MobileNetV4 Base (FL),0.20,0.0708,38626.00,0.1464,0.1665,0.1358,38626.00,0.1464,0.1665
56,MobileNetV4 Base (FL),0.30,0.0708,21167.00,0.0686,0.3382,0.1477,21167.00,0.0686,0.3382
56,MobileNetV4 Base (FL),0.40,0.0708,13916.00,0.0290,0.5612,0.1530,13916.00,0.0290,0.5612
56,MobileNetV4 Base (FL),0.50,0.0708,12281.00,0.0167,0.6846,0.0536,12281.00,0.0167,0.6846
56,MobileNetV4 Temp Scaling (FL),0.02,0.0253,91612.00,0.3660,0.0005,0.0154,91612.00,0.3660,0.0005
56,MobileNetV4 Temp Scaling (FL),0.05,0.0253,68682.00,0.2733,0.0238,0.0285,68682.00,0.2733,0.0238
56,MobileNetV4 Temp Scaling (FL),0.08,0.0253,53768.00,0.2124,0.0504,0.0688,53768.00,0.2124,0.0504
56,MobileNetV4 Temp Scaling (FL),0.10,0.0253,47130.00,0.1844,0.0814,0.0655,47130.00,0.1844,0.0814
56,MobileNetV4 Temp Scaling (FL),0.15,0.0253,33783.00,0.1266,0.1758,0.1128,33783.00,0.1266,0.1758
56,MobileNetV4 Temp Scaling (FL),0.20,0.0253,27685.00,0.1001,0.2226,0.1367,27685.00,0.1001,0.2226
56,MobileNetV4 Temp Scaling (FL),0.30,0.0253,17929.00,0.0532,0.3893,0.1412,17929.00,0.0532,0.3893
56,MobileNetV4 Temp Scaling (FL),0.40,0.0253,13916.00,0.0290,0.5612,0.1854,13916.00,0.0290,0.5612
56,MobileNetV4 Temp Scaling (FL),0.50,0.0253,12816.00,0.0203,0.6523,0.1678,12816.00,0.0203,0.6523
56,MobileNetV4 Matrix Scaling (FL),0.02,0.0218,97974.00,0.3914,0.0003,0.0167,97974.00,0.3914,0.0003
56,MobileNetV4 Matrix Scaling (FL),0.05,0.0218,63775.00,0.2540,0.0168,0.0296,63775.00,0.2540,0.0168
56,MobileNetV4 Matrix Scaling (FL),0.08,0.0218,47348.00,0.1860,0.0670,0.0299,47348.00,0.1860,0.0670
56,MobileNetV4 Matrix Scaling (FL),0.10,0.0218,39272.00,0.1513,0.1187,0.0343,39272.00,0.1513,0.1187
56,MobileNetV4 Matrix Scaling (FL),0.15,0.0218,27503.00,0.0992,0.2261,0.0595,27503.00,0.0992,0.2261
56,MobileNetV4 Matrix Scaling (FL),0.20,0.0218,19963.00,0.0637,0.3402,0.0313,19963.00,0.0637,0.3402
56,MobileNetV4 Matrix Scaling (FL),0.30,0.0218,13916.00,0.0290,0.5612,0.0638,13916.00,0.0290,0.5612
56,MobileNetV4 Matrix Scaling (FL),0.40,0.0218,12156.00,0.0176,0.6543,0.1420,12156.00,0.0176,0.6543
56,MobileNetV4 Matrix Scaling (FL),0.50,0.0218,10276.00,0.0054,0.7523,0.1390,10276.00,0.0054,0.7523
57,SegFormer Base (CE),0.02,0.0170,107878.00,0.4195,0.0000,0.0172,107878.00,0.4195,0.0000
57,SegFormer Base (CE),0.05,0.0170,40474.00,0.1561,0.0667,0.0277,40474.00,0.1561,0.0667
57,SegFormer Base (CE),0.08,0.0170,25981.00,0.0974,0.1875,0.0221,25981.00,0.0974,0.1875
57,SegFormer Base (CE),0.10,0.0170,19558.00,0.0702,0.3033,0.0123,19558.00,0.0702,0.3033
57,SegFormer Base (CE),0.15,0.0170,12931.00,0.0404,0.5113,0.0105,12931.00,0.0404,0.5113
57,SegFormer Base (CE),0.20,0.0170,7218.00,0.0139,0.7343,0.0158,7218.00,0.0139,0.7343
57,SegFormer Base (CE),0.30,0.0170,5088.00,0.0019,0.9222,0.0515,5088.00,0.0019,0.9222
57,SegFormer Base (CE),0.40,0.0170,4976.00,0.0000,1.0000,0.0164,4976.00,0.0000,1.0000
57,SegFormer Base (CE),0.50,0.0170,4976.00,0.0000,1.0000,0.0164,4976.00,0.0000,1.0000
57,SegFormer Temp Scaling (CE),0.02,0.0031,35068.00,0.1347,0.0882,0.0549,35068.00,0.1347,0.0882
57,SegFormer Temp Scaling (CE),0.05,0.0031,22635.00,0.0829,0.2625,0.0399,22635.00,0.0829,0.2625
57,SegFormer Temp Scaling (CE),0.08,0.0031,14690.00,0.0493,0.4041,0.0363,14690.00,0.0493,0.4041
57,SegFormer Temp Scaling (CE),0.10,0.0031,13837.00,0.0452,0.4433,0.0324,13837.00,0.0452,0.4433
57,SegFormer Temp Scaling (CE),0.15,0.0031,9835.00,0.0258,0.6447,0.0188,9835.00,0.0258,0.6447
57,SegFormer Temp Scaling (CE),0.20,0.0031,7218.00,0.0139,0.7343,0.0078,7218.00,0.0139,0.7343
57,SegFormer Temp Scaling (CE),0.30,0.0031,5088.00,0.0019,0.9222,0.0410,5088.00,0.0019,0.9222
57,SegFormer Temp Scaling (CE),0.40,0.0031,4976.00,0.0000,1.0000,0.0038,4976.00,0.0000,1.0000
57,SegFormer Temp Scaling (CE),0.50,0.0031,4976.00,0.0000,1.0000,0.0038,4976.00,0.0000,1.0000
57,SegFormer Matrix Scaling (CE),0.02,0.0051,45526.00,0.1759,0.0567,0.0003,45526.00,0.1759,0.0567
57,SegFormer Matrix Scaling (CE),0.05,0.0051,24933.00,0.0935,0.1793,0.0489,24933.00,0.0935,0.1793
57,SegFormer Matrix Scaling (CE),0.08,0.0051,18413.00,0.0657,0.3025,0.0539,18413.00,0.0657,0.3025
57,SegFormer Matrix Scaling (CE),0.10,0.0051,14084.00,0.0460,0.4544,0.0516,14084.00,0.0460,0.4544
57,SegFormer Matrix Scaling (CE),0.15,0.0051,7218.00,0.0139,0.7343,0.0591,7218.00,0.0139,0.7343
57,SegFormer Matrix Scaling (CE),0.20,0.0051,5088.00,0.0019,0.9222,0.0931,5088.00,0.0019,0.9222
57,SegFormer Matrix Scaling (CE),0.30,0.0051,4976.00,0.0000,1.0000,0.0000,4976.00,0.0000,1.0000
57,SegFormer Matrix Scaling (CE),0.40,0.0051,4976.00,0.0000,1.0000,0.0000,4976.00,0.0000,1.0000
57,SegFormer Matrix Scaling (CE),0.50,0.0051,4976.00,0.0000,1.0000,0.0000,4976.00,0.0000,1.0000
57,SegFormer Base (FL),0.02,0.0645,257168.00,1.0000,0.0000,0.0647,257168.00,1.0000,0.0000
57,SegFormer Base (FL),0.05,0.0645,256491.00,0.9974,0.0000,0.0572,256491.00,0.9974,0.0000
57,SegFormer Base (FL),0.08,0.0645,65440.00,0.2536,0.0440,0.0687,65440.00,0.2536,0.0440
57,SegFormer Base (FL),0.10,0.0645,49760.00,0.1924,0.0581,0.0814,49760.00,0.1924,0.0581
57,SegFormer Base (FL),0.15,0.0645,22190.00,0.0811,0.2669,0.0512,22190.00,0.0811,0.2669
57,SegFormer Base (FL),0.20,0.0645,13570.00,0.0430,0.5070,0.0779,13570.00,0.0430,0.5070
57,SegFormer Base (FL),0.30,0.0645,6273.00,0.0080,0.8457,0.0914,6273.00,0.0080,0.8457
57,SegFormer Base (FL),0.40,0.0645,5088.00,0.0019,0.9222,0.0546,5088.00,0.0019,0.9222
57,SegFormer Base (FL),0.50,0.0645,4976.00,0.0000,1.0000,0.0647,4976.00,0.0000,1.0000
57,SegFormer Temp Scaling (FL),0.02,0.0050,46253.00,0.1788,0.0537,0.0084,46253.00,0.1788,0.0537
57,SegFormer Temp Scaling (FL),0.05,0.0050,28038.00,0.1052,0.1961,0.0335,28038.00,0.1052,0.1961
57,SegFormer Temp Scaling (FL),0.08,0.0050,21321.00,0.0778,0.2615,0.0294,21321.00,0.0778,0.2615
57,SegFormer Temp Scaling (FL),0.10,0.0050,17056.00,0.0594,0.3557,0.0266,17056.00,0.0594,0.3557
57,SegFormer Temp Scaling (FL),0.15,0.0050,12253.00,0.0368,0.5595,0.0461,12253.00,0.0368,0.5595
57,SegFormer Temp Scaling (FL),0.20,0.0050,9078.00,0.0224,0.6658,0.0672,9078.00,0.0224,0.6658
57,SegFormer Temp Scaling (FL),0.30,0.0050,5698.00,0.0052,0.8758,0.0868,5698.00,0.0052,0.8758
57,SegFormer Temp Scaling (FL),0.40,0.0050,5088.00,0.0019,0.9222,0.0711,5088.00,0.0019,0.9222
57,SegFormer Temp Scaling (FL),0.50,0.0050,5088.00,0.0019,0.9222,0.0711,5088.00,0.0019,0.9222
57,SegFormer Matrix Scaling (FL),0.02,0.0078,47708.00,0.1845,0.0527,0.0036,47708.00,0.1845,0.0527
57,SegFormer Matrix Scaling (FL),0.05,0.0078,28402.00,0.1078,0.1373,0.0495,28402.00,0.1078,0.1373
57,SegFormer Matrix Scaling (FL),0.08,0.0078,16783.00,0.0582,0.3674,0.0472,16783.00,0.0582,0.3674
57,SegFormer Matrix Scaling (FL),0.10,0.0078,13289.00,0.0424,0.4801,0.0392,13289.00,0.0424,0.4801
57,SegFormer Matrix Scaling (FL),0.15,0.0078,7793.00,0.0167,0.7042,0.0397,7793.00,0.0167,0.7042
57,SegFormer Matrix Scaling (FL),0.20,0.0078,5088.00,0.0019,0.9222,0.0681,5088.00,0.0019,0.9222
57,SegFormer Matrix Scaling (FL),0.30,0.0078,5088.00,0.0019,0.9222,0.0681,5088.00,0.0019,0.9222
57,SegFormer Matrix Scaling (FL),0.40,0.0078,4976.00,0.0000,1.0000,0.0032,4976.00,0.0000,1.0000
57,SegFormer Matrix Scaling (FL),0.50,0.0078,4976.00,0.0000,1.0000,0.0032,4976.00,0.0000,1.0000
57,MobileNetV4 Base (CE),0.02,0.0311,113929.00,0.4430,0.0000,0.0296,113929.00,0.4430,0.0000
57,MobileNetV4 Base (CE),0.05,0.0311,61497.00,0.2385,0.0309,0.0333,61497.00,0.2385,0.0309
57,MobileNetV4 Base (CE),0.08,0.0311,40487.00,0.1555,0.0991,0.0296,40487.00,0.1555,0.0991
57,MobileNetV4 Base (CE),0.10,0.0311,34329.00,0.1303,0.1666,0.0488,34329.00,0.1303,0.1666
57,MobileNetV4 Base (CE),0.15,0.0311,20426.00,0.0728,0.3443,0.0683,20426.00,0.0728,0.3443
57,MobileNetV4 Base (CE),0.20,0.0311,11549.00,0.0343,0.5486,0.0897,11549.00,0.0343,0.5486
57,MobileNetV4 Base (CE),0.30,0.0311,7218.00,0.0139,0.7343,0.1035,7218.00,0.0139,0.7343
57,MobileNetV4 Base (CE),0.40,0.0311,5088.00,0.0019,0.9222,0.1237,5088.00,0.0019,0.9222
57,MobileNetV4 Base (CE),0.50,0.0311,5088.00,0.0019,0.9222,0.1237,5088.00,0.0019,0.9222
57,MobileNetV4 Temp Scaling (CE),0.02,0.0103,58207.00,0.2257,0.0316,0.0067,58207.00,0.2257,0.0316
57,MobileNetV4 Temp Scaling (CE),0.05,0.0103,36815.00,0.1412,0.1023,0.0230,36815.00,0.1412,0.1023
57,MobileNetV4 Temp Scaling (CE),0.08,0.0103,26992.00,0.1009,0.2108,0.0174,26992.00,0.1009,0.2108
57,MobileNetV4 Temp Scaling (CE),0.10,0.0103,24237.00,0.0896,0.2404,0.0155,24237.00,0.0896,0.2404
57,MobileNetV4 Temp Scaling (CE),0.15,0.0103,18331.00,0.0639,0.3828,0.0463,18331.00,0.0639,0.3828
57,MobileNetV4 Temp Scaling (CE),0.20,0.0103,10482.00,0.0299,0.5637,0.0725,10482.00,0.0299,0.5637
57,MobileNetV4 Temp Scaling (CE),0.30,0.0103,7218.00,0.0139,0.7343,0.1077,7218.00,0.0139,0.7343
57,MobileNetV4 Temp Scaling (CE),0.40,0.0103,5088.00,0.0019,0.9222,0.1469,5088.00,0.0019,0.9222
57,MobileNetV4 Temp Scaling (CE),0.50,0.0103,5088.00,0.0019,0.9222,0.1469,5088.00,0.0019,0.9222
57,MobileNetV4 Matrix Scaling (CE),0.02,0.0145,71151.00,0.2765,0.0102,0.0125,71151.00,0.2765,0.0102
57,MobileNetV4 Matrix Scaling (CE),0.05,0.0145,39398.00,0.1514,0.0908,0.0306,39398.00,0.1514,0.0908
57,MobileNetV4 Matrix Scaling (CE),0.08,0.0145,26051.00,0.0973,0.2060,0.0090,26051.00,0.0973,0.2060
57,MobileNetV4 Matrix Scaling (CE),0.10,0.0145,23438.00,0.0864,0.2440,0.0057,23438.00,0.0864,0.2440
57,MobileNetV4 Matrix Scaling (CE),0.15,0.0145,12508.00,0.0388,0.5068,0.0344,12508.00,0.0388,0.5068
57,MobileNetV4 Matrix Scaling (CE),0.20,0.0145,8619.00,0.0208,0.6572,0.0429,8619.00,0.0208,0.6572
57,MobileNetV4 Matrix Scaling (CE),0.30,0.0145,5698.00,0.0052,0.8758,0.0701,5698.00,0.0052,0.8758
57,MobileNetV4 Matrix Scaling (CE),0.40,0.0145,5088.00,0.0019,0.9222,0.0618,5088.00,0.0019,0.9222
57,MobileNetV4 Matrix Scaling (CE),0.50,0.0145,5088.00,0.0019,0.9222,0.0618,5088.00,0.0019,0.9222
57,MobileNetV4 Base (FL),0.02,0.0644,257168.00,1.0000,0.0000,0.0668,257168.00,1.0000,0.0000
57,MobileNetV4 Base (FL),0.05,0.0644,103609.00,0.4029,0.0000,0.0640,103609.00,0.4029,0.0000
57,MobileNetV4 Base (FL),0.08,0.0644,74612.00,0.2894,0.0370,0.0667,74612.00,0.2894,0.0370
57,MobileNetV4 Base (FL),0.10,0.0644,59303.00,0.2297,0.0464,0.0762,59303.00,0.2297,0.0464
57,MobileNetV4 Base (FL),0.15,0.0644,34427.00,0.1313,0.1350,0.0953,34427.00,0.1313,0.1350
57,MobileNetV4 Base (FL),0.20,0.0644,22902.00,0.0830,0.3147,0.1331,22902.00,0.0830,0.3147
57,MobileNetV4 Base (FL),0.30,0.0644,10674.00,0.0306,0.5653,0.1441,10674.00,0.0306,0.5653
57,MobileNetV4 Base (FL),0.40,0.0644,6130.00,0.0079,0.8240,0.1414,6130.00,0.0079,0.8240
57,MobileNetV4 Base (FL),0.50,0.0644,5088.00,0.0019,0.9222,0.1191,5088.00,0.0019,0.9222
57,MobileNetV4 Temp Scaling (FL),0.02,0.0154,60367.00,0.2340,0.0396,0.0212,60367.00,0.2340,0.0396
57,MobileNetV4 Temp Scaling (FL),0.05,0.0154,38355.00,0.1478,0.0707,0.0639,38355.00,0.1478,0.0707
57,MobileNetV4 Temp Scaling (FL),0.08,0.0154,31073.00,0.1178,0.1543,0.0561,31073.00,0.1178,0.1543
57,MobileNetV4 Temp Scaling (FL),0.10,0.0154,27331.00,0.1027,0.1859,0.0533,27331.00,0.1027,0.1859
57,MobileNetV4 Temp Scaling (FL),0.15,0.0154,21363.00,0.0763,0.3483,0.1008,21363.00,0.0763,0.3483
57,MobileNetV4 Temp Scaling (FL),0.20,0.0154,14349.00,0.0465,0.4801,0.1142,14349.00,0.0465,0.4801
57,MobileNetV4 Temp Scaling (FL),0.30,0.0154,8776.00,0.0216,0.6489,0.1355,8776.00,0.0216,0.6489
57,MobileNetV4 Temp Scaling (FL),0.40,0.0154,6130.00,0.0079,0.8240,0.1480,6130.00,0.0079,0.8240
57,MobileNetV4 Temp Scaling (FL),0.50,0.0154,5088.00,0.0019,0.9222,0.1366,5088.00,0.0019,0.9222
57,MobileNetV4 Matrix Scaling (FL),0.02,0.0174,74633.00,0.2900,0.0107,0.0163,74633.00,0.2900,0.0107
57,MobileNetV4 Matrix Scaling (FL),0.05,0.0174,41237.00,0.1591,0.0665,0.0375,41237.00,0.1591,0.0665
57,MobileNetV4 Matrix Scaling (FL),0.08,0.0174,28468.00,0.1073,0.1768,0.0162,28468.00,0.1073,0.1768
57,MobileNetV4 Matrix Scaling (FL),0.10,0.0174,24699.00,0.0918,0.2180,0.0196,24699.00,0.0918,0.2180
57,MobileNetV4 Matrix Scaling (FL),0.15,0.0174,14534.00,0.0474,0.4717,0.0478,14534.00,0.0474,0.4717
57,MobileNetV4 Matrix Scaling (FL),0.20,0.0174,9894.00,0.0273,0.5760,0.0343,9894.00,0.0273,0.5760
57,MobileNetV4 Matrix Scaling (FL),0.30,0.0174,5088.00,0.0019,0.9222,0.0225,5088.00,0.0019,0.9222
57,MobileNetV4 Matrix Scaling (FL),0.40,0.0174,5088.00,0.0019,0.9222,0.0225,5088.00,0.0019,0.9222
57,MobileNetV4 Matrix Scaling (FL),0.50,0.0174,4976.00,0.0000,1.0000,0.0178,4976.00,0.0000,1.0000
58,SegFormer Base (CE),0.02,0.0180,100313.00,0.3852,0.0000,0.0190,100313.00,0.3852,0.0000
58,SegFormer Base (CE),0.05,0.0180,26824.00,0.1014,0.2516,0.0133,26824.00,0.1014,0.2516
58,SegFormer Base (CE),0.08,0.0180,5927.00,0.0182,0.7014,0.0147,5927.00,0.0182,0.7014
58,SegFormer Base (CE),0.10,0.0180,4783.00,0.0135,0.7507,0.0140,4783.00,0.0135,0.7507
58,SegFormer Base (CE),0.15,0.0180,2267.00,0.0034,0.8119,0.0665,2267.00,0.0034,0.8119
58,SegFormer Base (CE),0.20,0.0180,1701.00,0.0000,1.0000,0.0182,1701.00,0.0000,1.0000
58,SegFormer Base (CE),0.30,0.0180,1701.00,0.0000,1.0000,0.0182,1701.00,0.0000,1.0000
58,SegFormer Base (CE),0.40,0.0180,1701.00,0.0000,1.0000,0.0182,1701.00,0.0000,1.0000
58,SegFormer Base (CE),0.50,0.0180,1701.00,0.0000,1.0000,0.0182,1701.00,0.0000,1.0000
58,SegFormer Temp Scaling (CE),0.02,0.0023,11784.00,0.0425,0.4198,0.0265,11784.00,0.0425,0.4198
58,SegFormer Temp Scaling (CE),0.05,0.0023,4604.00,0.0128,0.7531,0.0208,4604.00,0.0128,0.7531
58,SegFormer Temp Scaling (CE),0.08,0.0023,3362.00,0.0076,0.8119,0.0293,3362.00,0.0076,0.8119
58,SegFormer Temp Scaling (CE),0.10,0.0023,3362.00,0.0076,0.8119,0.0293,3362.00,0.0076,0.8119
58,SegFormer Temp Scaling (CE),0.15,0.0023,2267.00,0.0034,0.8119,0.0776,2267.00,0.0034,0.8119
58,SegFormer Temp Scaling (CE),0.20,0.0023,1701.00,0.0000,1.0000,0.0025,1701.00,0.0000,1.0000
58,SegFormer Temp Scaling (CE),0.30,0.0023,1701.00,0.0000,1.0000,0.0025,1701.00,0.0000,1.0000
58,SegFormer Temp Scaling (CE),0.40,0.0023,1701.00,0.0000,1.0000,0.0025,1701.00,0.0000,1.0000
58,SegFormer Temp Scaling (CE),0.50,0.0023,1701.00,0.0000,1.0000,0.0025,1701.00,0.0000,1.0000
58,SegFormer Matrix Scaling (CE),0.02,0.0044,35374.00,0.1352,0.1005,0.0027,35374.00,0.1352,0.1005
58,SegFormer Matrix Scaling (CE),0.05,0.0044,6223.00,0.0195,0.6731,0.0286,6223.00,0.0195,0.6731
58,SegFormer Matrix Scaling (CE),0.08,0.0044,3362.00,0.0076,0.8119,0.0463,3362.00,0.0076,0.8119
58,SegFormer Matrix Scaling (CE),0.10,0.0044,3362.00,0.0076,0.8119,0.0463,3362.00,0.0076,0.8119
58,SegFormer Matrix Scaling (CE),0.15,0.0044,1701.00,0.0000,1.0000,0.0034,1701.00,0.0000,1.0000
58,SegFormer Matrix Scaling (CE),0.20,0.0044,1701.00,0.0000,1.0000,0.0034,1701.00,0.0000,1.0000
58,SegFormer Matrix Scaling (CE),0.30,0.0044,1701.00,0.0000,1.0000,0.0034,1701.00,0.0000,1.0000
58,SegFormer Matrix Scaling (CE),0.40,0.0044,1701.00,0.0000,1.0000,0.0034,1701.00,0.0000,1.0000
58,SegFormer Matrix Scaling (CE),0.50,0.0044,1701.00,0.0000,1.0000,0.0034,1701.00,0.0000,1.0000
58,SegFormer Base (FL),0.02,0.0668,260443.00,1.0000,0.0000,0.0670,260443.00,1.0000,0.0000
58,SegFormer Base (FL),0.05,0.0668,259678.00,0.9971,0.0000,0.0581,259678.00,0.9971,0.0000
58,SegFormer Base (FL),0.08,0.0668,58979.00,0.2261,0.0606,0.0723,58979.00,0.2261,0.0606
58,SegFormer Base (FL),0.10,0.0668,42957.00,0.1640,0.1429,0.0859,42957.00,0.1640,0.1429
58,SegFormer Base (FL),0.15,0.0668,8621.00,0.0286,0.6908,0.1083,8621.00,0.0286,0.6908
58,SegFormer Base (FL),0.20,0.0668,2906.00,0.0060,0.7866,0.0792,2906.00,0.0060,0.7866
58,SegFormer Base (FL),0.30,0.0668,1870.00,0.0014,0.8777,0.0524,1870.00,0.0014,0.8777
58,SegFormer Base (FL),0.40,0.0668,1701.00,0.0000,1.0000,0.0670,1701.00,0.0000,1.0000
58,SegFormer Base (FL),0.50,0.0668,1701.00,0.0000,1.0000,0.0670,1701.00,0.0000,1.0000
58,SegFormer Temp Scaling (FL),0.02,0.0044,34767.00,0.1328,0.1111,0.0007,34767.00,0.1328,0.1111
58,SegFormer Temp Scaling (FL),0.05,0.0044,10512.00,0.0371,0.5038,0.0096,10512.00,0.0371,0.5038
58,SegFormer Temp Scaling (FL),0.08,0.0044,6252.00,0.0198,0.6484,0.0208,6252.00,0.0198,0.6484
58,SegFormer Temp Scaling (FL),0.10,0.0044,2906.00,0.0060,0.7866,0.0308,2906.00,0.0060,0.7866
58,SegFormer Temp Scaling (FL),0.15,0.0044,2267.00,0.0034,0.8119,0.0226,2267.00,0.0034,0.8119
58,SegFormer Temp Scaling (FL),0.20,0.0044,1870.00,0.0014,0.8777,0.0313,1870.00,0.0014,0.8777
58,SegFormer Temp Scaling (FL),0.30,0.0044,1701.00,0.0000,1.0000,0.0042,1701.00,0.0000,1.0000
58,SegFormer Temp Scaling (FL),0.40,0.0044,1701.00,0.0000,1.0000,0.0042,1701.00,0.0000,1.0000
58,SegFormer Temp Scaling (FL),0.50,0.0044,1701.00,0.0000,1.0000,0.0042,1701.00,0.0000,1.0000
58,SegFormer Matrix Scaling (FL),0.02,0.0090,44081.00,0.1683,0.1393,0.0106,44081.00,0.1683,0.1393
58,SegFormer Matrix Scaling (FL),0.05,0.0090,8961.00,0.0305,0.5914,0.0298,8961.00,0.0305,0.5914
58,SegFormer Matrix Scaling (FL),0.08,0.0090,2267.00,0.0034,0.8119,0.0895,2267.00,0.0034,0.8119
58,SegFormer Matrix Scaling (FL),0.10,0.0090,2267.00,0.0034,0.8119,0.0895,2267.00,0.0034,0.8119
58,SegFormer Matrix Scaling (FL),0.15,0.0090,1870.00,0.0014,0.8777,0.0971,1870.00,0.0014,0.8777
58,SegFormer Matrix Scaling (FL),0.20,0.0090,1701.00,0.0000,1.0000,0.0075,1701.00,0.0000,1.0000
58,SegFormer Matrix Scaling (FL),0.30,0.0090,1701.00,0.0000,1.0000,0.0075,1701.00,0.0000,1.0000
58,SegFormer Matrix Scaling (FL),0.40,0.0090,1701.00,0.0000,1.0000,0.0075,1701.00,0.0000,1.0000
58,SegFormer Matrix Scaling (FL),0.50,0.0090,1701.00,0.0000,1.0000,0.0075,1701.00,0.0000,1.0000
58,MobileNetV4 Base (CE),0.02,0.0247,97568.00,0.3746,0.0000,0.0236,97568.00,0.3746,0.0000
58,MobileNetV4 Base (CE),0.05,0.0247,41248.00,0.1573,0.1652,0.0270,41248.00,0.1573,0.1652
58,MobileNetV4 Base (CE),0.08,0.0247,15458.00,0.0562,0.4874,0.0365,15458.00,0.0562,0.4874
58,MobileNetV4 Base (CE),0.10,0.0247,7139.00,0.0232,0.6390,0.0332,7139.00,0.0232,0.6390
58,MobileNetV4 Base (CE),0.15,0.0247,2267.00,0.0034,0.8119,0.0679,2267.00,0.0034,0.8119
58,MobileNetV4 Base (CE),0.20,0.0247,1870.00,0.0014,0.8777,0.0885,1870.00,0.0014,0.8777
58,MobileNetV4 Base (CE),0.30,0.0247,1701.00,0.0000,1.0000,0.0243,1701.00,0.0000,1.0000
58,MobileNetV4 Base (CE),0.40,0.0247,1701.00,0.0000,1.0000,0.0243,1701.00,0.0000,1.0000
58,MobileNetV4 Base (CE),0.50,0.0247,1701.00,0.0000,1.0000,0.0243,1701.00,0.0000,1.0000
58,MobileNetV4 Temp Scaling (CE),0.02,0.0037,28393.00,0.1076,0.2140,0.0151,28393.00,0.1076,0.2140
58,MobileNetV4 Temp Scaling (CE),0.05,0.0037,9184.00,0.0318,0.5285,0.0118,9184.00,0.0318,0.5285
58,MobileNetV4 Temp Scaling (CE),0.08,0.0037,3692.00,0.0095,0.7190,0.0276,3692.00,0.0095,0.7190
58,MobileNetV4 Temp Scaling (CE),0.10,0.0037,2881.00,0.0060,0.7795,0.0521,2881.00,0.0060,0.7795
58,MobileNetV4 Temp Scaling (CE),0.15,0.0037,1870.00,0.0014,0.8777,0.0835,1870.00,0.0014,0.8777
58,MobileNetV4 Temp Scaling (CE),0.20,0.0037,1701.00,0.0000,1.0000,0.0027,1701.00,0.0000,1.0000
58,MobileNetV4 Temp Scaling (CE),0.30,0.0037,1701.00,0.0000,1.0000,0.0027,1701.00,0.0000,1.0000
58,MobileNetV4 Temp Scaling (CE),0.40,0.0037,1701.00,0.0000,1.0000,0.0027,1701.00,0.0000,1.0000
58,MobileNetV4 Temp Scaling (CE),0.50,0.0037,1701.00,0.0000,1.0000,0.0027,1701.00,0.0000,1.0000
58,MobileNetV4 Matrix Scaling (CE),0.02,0.0121,62167.00,0.2386,0.0076,0.0146,62167.00,0.2386,0.0076
58,MobileNetV4 Matrix Scaling (CE),0.05,0.0121,13256.00,0.0481,0.4245,0.0178,13256.00,0.0481,0.4245
58,MobileNetV4 Matrix Scaling (CE),0.08,0.0121,3692.00,0.0095,0.7190,0.0461,3692.00,0.0095,0.7190
58,MobileNetV4 Matrix Scaling (CE),0.10,0.0121,2267.00,0.0034,0.8119,0.0949,2267.00,0.0034,0.8119
58,MobileNetV4 Matrix Scaling (CE),0.15,0.0121,1870.00,0.0014,0.8777,0.1024,1870.00,0.0014,0.8777
58,MobileNetV4 Matrix Scaling (CE),0.20,0.0121,1701.00,0.0000,1.0000,0.0108,1701.00,0.0000,1.0000
58,MobileNetV4 Matrix Scaling (CE),0.30,0.0121,1701.00,0.0000,1.0000,0.0108,1701.00,0.0000,1.0000
58,MobileNetV4 Matrix Scaling (CE),0.40,0.0121,1701.00,0.0000,1.0000,0.0108,1701.00,0.0000,1.0000
58,MobileNetV4 Matrix Scaling (CE),0.50,0.0121,1701.00,0.0000,1.0000,0.0108,1701.00,0.0000,1.0000
58,MobileNetV4 Base (FL),0.02,0.0602,260443.00,1.0000,0.0000,0.0607,260443.00,1.0000,0.0000
58,MobileNetV4 Base (FL),0.05,0.0602,88839.00,0.3411,0.0006,0.0509,88839.00,0.3411,0.0006
58,MobileNetV4 Base (FL),0.08,0.0602,67315.00,0.2583,0.0218,0.0669,67315.00,0.2583,0.0218
58,MobileNetV4 Base (FL),0.10,0.0602,51770.00,0.1980,0.1170,0.0807,51770.00,0.1980,0.1170
58,MobileNetV4 Base (FL),0.15,0.0602,19759.00,0.0724,0.5232,0.1259,19759.00,0.0724,0.5232
58,MobileNetV4 Base (FL),0.20,0.0602,3372.00,0.0075,0.8383,0.1320,3372.00,0.0075,0.8383
58,MobileNetV4 Base (FL),0.30,0.0602,1870.00,0.0014,0.8777,0.0551,1870.00,0.0014,0.8777
58,MobileNetV4 Base (FL),0.40,0.0602,1701.00,0.0000,1.0000,0.0607,1701.00,0.0000,1.0000
58,MobileNetV4 Base (FL),0.50,0.0602,1701.00,0.0000,1.0000,0.0607,1701.00,0.0000,1.0000
58,MobileNetV4 Temp Scaling (FL),0.02,0.0074,52232.00,0.2003,0.0423,0.0141,52232.00,0.2003,0.0423
58,MobileNetV4 Temp Scaling (FL),0.05,0.0074,23282.00,0.0875,0.2875,0.0278,23282.00,0.0875,0.2875
58,MobileNetV4 Temp Scaling (FL),0.08,0.0074,7908.00,0.0270,0.5226,0.0133,7908.00,0.0270,0.5226
58,MobileNetV4 Temp Scaling (FL),0.10,0.0074,3777.00,0.0097,0.7402,0.0318,3777.00,0.0097,0.7402
58,MobileNetV4 Temp Scaling (FL),0.15,0.0074,1870.00,0.0014,0.8777,0.0306,1870.00,0.0014,0.8777
58,MobileNetV4 Temp Scaling (FL),0.20,0.0074,1870.00,0.0014,0.8777,0.0306,1870.00,0.0014,0.8777
58,MobileNetV4 Temp Scaling (FL),0.30,0.0074,1870.00,0.0014,0.8777,0.0306,1870.00,0.0014,0.8777
58,MobileNetV4 Temp Scaling (FL),0.40,0.0074,1701.00,0.0000,1.0000,0.0073,1701.00,0.0000,1.0000
58,MobileNetV4 Temp Scaling (FL),0.50,0.0074,1701.00,0.0000,1.0000,0.0073,1701.00,0.0000,1.0000
58,MobileNetV4 Matrix Scaling (FL),0.02,0.0162,66468.00,0.2551,0.0218,0.0154,66468.00,0.2551,0.0218
58,MobileNetV4 Matrix Scaling (FL),0.05,0.0162,28557.00,0.1079,0.2698,0.0199,28557.00,0.1079,0.2698
58,MobileNetV4 Matrix Scaling (FL),0.08,0.0162,9344.00,0.0320,0.5897,0.0266,9344.00,0.0320,0.5897
58,MobileNetV4 Matrix Scaling (FL),0.10,0.0162,2766.00,0.0051,0.8383,0.0697,2766.00,0.0051,0.8383
58,MobileNetV4 Matrix Scaling (FL),0.15,0.0162,1870.00,0.0014,0.8777,0.0824,1870.00,0.0014,0.8777
58,MobileNetV4 Matrix Scaling (FL),0.20,0.0162,1870.00,0.0014,0.8777,0.0824,1870.00,0.0014,0.8777
58,MobileNetV4 Matrix Scaling (FL),0.30,0.0162,1701.00,0.0000,1.0000,0.0154,1701.00,0.0000,1.0000
58,MobileNetV4 Matrix Scaling (FL),0.40,0.0162,1701.00,0.0000,1.0000,0.0154,1701.00,0.0000,1.0000
58,MobileNetV4 Matrix Scaling (FL),0.50,0.0162,1701.00,0.0000,1.0000,0.0154,1701.00,0.0000,1.0000
59,SegFormer Base (CE),0.02,0.0144,100660.00,0.3872,0.0173,0.0171,100660.00,0.3872,0.0173
59,SegFormer Base (CE),0.05,0.0144,21459.00,0.0783,0.4880,0.0548,21459.00,0.0783,0.4880
59,SegFormer Base (CE),0.08,0.0144,13377.00,0.0457,0.6662,0.0414,13377.00,0.0457,0.6662
59,SegFormer Base (CE),0.10,0.0144,8734.00,0.0269,0.7766,0.0224,8734.00,0.0269,0.7766
59,SegFormer Base (CE),0.15,0.0144,4453.00,0.0085,0.9916,0.1252,4453.00,0.0085,0.9916
59,SegFormer Base (CE),0.20,0.0144,2256.00,0.0000,1.0000,0.0162,2256.00,0.0000,1.0000
59,SegFormer Base (CE),0.30,0.0144,2256.00,0.0000,1.0000,0.0162,2256.00,0.0000,1.0000
59,SegFormer Base (CE),0.40,0.0144,2256.00,0.0000,1.0000,0.0162,2256.00,0.0000,1.0000
59,SegFormer Base (CE),0.50,0.0144,2256.00,0.0000,1.0000,0.0162,2256.00,0.0000,1.0000
59,SegFormer Temp Scaling (CE),0.02,0.0069,14535.00,0.0506,0.6117,0.0539,14535.00,0.0506,0.6117
59,SegFormer Temp Scaling (CE),0.05,0.0069,8806.00,0.0276,0.7270,0.0640,8806.00,0.0276,0.7270
59,SegFormer Temp Scaling (CE),0.08,0.0069,4118.00,0.0077,0.9366,0.1270,4118.00,0.0077,0.9366
59,SegFormer Temp Scaling (CE),0.10,0.0069,3974.00,0.0067,0.9942,0.0899,3974.00,0.0067,0.9942
59,SegFormer Temp Scaling (CE),0.15,0.0069,3209.00,0.0037,0.9942,0.0777,3209.00,0.0037,0.9942
59,SegFormer Temp Scaling (CE),0.20,0.0069,2256.00,0.0000,1.0000,0.0043,2256.00,0.0000,1.0000
59,SegFormer Temp Scaling (CE),0.30,0.0069,2256.00,0.0000,1.0000,0.0043,2256.00,0.0000,1.0000
59,SegFormer Temp Scaling (CE),0.40,0.0069,2256.00,0.0000,1.0000,0.0043,2256.00,0.0000,1.0000
59,SegFormer Temp Scaling (CE),0.50,0.0069,2256.00,0.0000,1.0000,0.0043,2256.00,0.0000,1.0000
59,SegFormer Matrix Scaling (CE),0.02,0.0016,27116.00,0.1014,0.3404,0.0752,27116.00,0.1014,0.3404
59,SegFormer Matrix Scaling (CE),0.05,0.0016,13957.00,0.0479,0.6662,0.0241,13957.00,0.0479,0.6662
59,SegFormer Matrix Scaling (CE),0.08,0.0016,6265.00,0.0164,0.8910,0.0655,6265.00,0.0164,0.8910
59,SegFormer Matrix Scaling (CE),0.10,0.0016,5920.00,0.0147,0.9260,0.0806,5920.00,0.0147,0.9260
59,SegFormer Matrix Scaling (CE),0.15,0.0016,2256.00,0.0000,1.0000,0.0027,2256.00,0.0000,1.0000
59,SegFormer Matrix Scaling (CE),0.20,0.0016,2256.00,0.0000,1.0000,0.0027,2256.00,0.0000,1.0000
59,SegFormer Matrix Scaling (CE),0.30,0.0016,2256.00,0.0000,1.0000,0.0027,2256.00,0.0000,1.0000
59,SegFormer Matrix Scaling (CE),0.40,0.0016,2256.00,0.0000,1.0000,0.0027,2256.00,0.0000,1.0000
59,SegFormer Matrix Scaling (CE),0.50,0.0016,2256.00,0.0000,1.0000,0.0027,2256.00,0.0000,1.0000
59,SegFormer Base (FL),0.02,0.0653,259888.00,1.0000,0.0000,0.0673,259888.00,1.0000,0.0000
59,SegFormer Base (FL),0.05,0.0653,259888.00,1.0000,0.0000,0.0673,259888.00,1.0000,0.0000
59,SegFormer Base (FL),0.08,0.0653,60158.00,0.2301,0.1605,0.0447,60158.00,0.2301,0.1605
59,SegFormer Base (FL),0.10,0.0653,41403.00,0.1570,0.2633,0.0536,41403.00,0.1570,0.2633
59,SegFormer Base (FL),0.15,0.0653,15301.00,0.0537,0.5909,0.0875,15301.00,0.0537,0.5909
59,SegFormer Base (FL),0.20,0.0653,8256.00,0.0250,0.7850,0.1107,8256.00,0.0250,0.7850
59,SegFormer Base (FL),0.30,0.0653,2256.00,0.0000,1.0000,0.0673,2256.00,0.0000,1.0000
59,SegFormer Base (FL),0.40,0.0653,2256.00,0.0000,1.0000,0.0673,2256.00,0.0000,1.0000
59,SegFormer Base (FL),0.50,0.0653,2256.00,0.0000,1.0000,0.0673,2256.00,0.0000,1.0000
59,SegFormer Temp Scaling (FL),0.02,0.0025,33863.00,0.1279,0.2779,0.0270,33863.00,0.1279,0.2779
59,SegFormer Temp Scaling (FL),0.05,0.0025,15351.00,0.0538,0.6015,0.0323,15351.00,0.0538,0.6015
59,SegFormer Temp Scaling (FL),0.08,0.0025,11823.00,0.0393,0.7123,0.0778,11823.00,0.0393,0.7123
59,SegFormer Temp Scaling (FL),0.10,0.0025,8806.00,0.0276,0.7270,0.0837,8806.00,0.0276,0.7270
59,SegFormer Temp Scaling (FL),0.15,0.0025,6490.00,0.0178,0.8231,0.1099,6490.00,0.0178,0.8231
59,SegFormer Temp Scaling (FL),0.20,0.0025,3353.00,0.0048,0.9366,0.0352,3353.00,0.0048,0.9366
59,SegFormer Temp Scaling (FL),0.30,0.0025,2256.00,0.0000,1.0000,0.0042,2256.00,0.0000,1.0000
59,SegFormer Temp Scaling (FL),0.40,0.0025,2256.00,0.0000,1.0000,0.0042,2256.00,0.0000,1.0000
59,SegFormer Temp Scaling (FL),0.50,0.0025,2256.00,0.0000,1.0000,0.0042,2256.00,0.0000,1.0000
59,SegFormer Matrix Scaling (FL),0.02,0.0066,47890.00,0.1828,0.1671,0.0184,47890.00,0.1828,0.1671
59,SegFormer Matrix Scaling (FL),0.05,0.0066,18619.00,0.0670,0.5310,0.0832,18619.00,0.0670,0.5310
59,SegFormer Matrix Scaling (FL),0.08,0.0066,8633.00,0.0264,0.7850,0.0233,8633.00,0.0264,0.7850
59,SegFormer Matrix Scaling (FL),0.10,0.0066,6409.00,0.0174,0.8333,0.0338,6409.00,0.0174,0.8333
59,SegFormer Matrix Scaling (FL),0.15,0.0066,2735.00,0.0019,0.9973,0.0753,2735.00,0.0019,0.9973
59,SegFormer Matrix Scaling (FL),0.20,0.0066,2256.00,0.0000,1.0000,0.0082,2256.00,0.0000,1.0000
59,SegFormer Matrix Scaling (FL),0.30,0.0066,2256.00,0.0000,1.0000,0.0082,2256.00,0.0000,1.0000
59,SegFormer Matrix Scaling (FL),0.40,0.0066,2256.00,0.0000,1.0000,0.0082,2256.00,0.0000,1.0000
59,SegFormer Matrix Scaling (FL),0.50,0.0066,2256.00,0.0000,1.0000,0.0082,2256.00,0.0000,1.0000
59,MobileNetV4 Base (CE),0.02,0.0271,122623.00,0.4718,0.0000,0.0248,122623.00,0.4718,0.0000
59,MobileNetV4 Base (CE),0.05,0.0271,53984.00,0.2065,0.1396,0.0268,53984.00,0.2065,0.1396
59,MobileNetV4 Base (CE),0.08,0.0271,25514.00,0.0951,0.3493,0.0353,25514.00,0.0951,0.3493
59,MobileNetV4 Base (CE),0.10,0.0271,15664.00,0.0552,0.5878,0.0584,15664.00,0.0552,0.5878
59,MobileNetV4 Base (CE),0.15,0.0271,6943.00,0.0196,0.8214,0.0888,6943.00,0.0196,0.8214
59,MobileNetV4 Base (CE),0.20,0.0271,3586.00,0.0052,0.9942,0.1717,3586.00,0.0052,0.9942
59,MobileNetV4 Base (CE),0.30,0.0271,2256.00,0.0000,1.0000,0.0286,2256.00,0.0000,1.0000
59,MobileNetV4 Base (CE),0.40,0.0271,2256.00,0.0000,1.0000,0.0286,2256.00,0.0000,1.0000
59,MobileNetV4 Base (CE),0.50,0.0271,2256.00,0.0000,1.0000,0.0286,2256.00,0.0000,1.0000
59,MobileNetV4 Temp Scaling (CE),0.02,0.0034,41009.00,0.1563,0.1724,0.0089,41009.00,0.1563,0.1724
59,MobileNetV4 Temp Scaling (CE),0.05,0.0034,15963.00,0.0567,0.5412,0.0140,15963.00,0.0567,0.5412
59,MobileNetV4 Temp Scaling (CE),0.08,0.0034,9737.00,0.0314,0.6964,0.0083,9737.00,0.0314,0.6964
59,MobileNetV4 Temp Scaling (CE),0.10,0.0034,6388.00,0.0174,0.8258,0.0508,6388.00,0.0174,0.8258
59,MobileNetV4 Temp Scaling (CE),0.15,0.0034,3586.00,0.0052,0.9942,0.1437,3586.00,0.0052,0.9942
59,MobileNetV4 Temp Scaling (CE),0.20,0.0034,3209.00,0.0037,0.9942,0.1197,3209.00,0.0037,0.9942
59,MobileNetV4 Temp Scaling (CE),0.30,0.0034,2256.00,0.0000,1.0000,0.0047,2256.00,0.0000,1.0000
59,MobileNetV4 Temp Scaling (CE),0.40,0.0034,2256.00,0.0000,1.0000,0.0047,2256.00,0.0000,1.0000
59,MobileNetV4 Temp Scaling (CE),0.50,0.0034,2256.00,0.0000,1.0000,0.0047,2256.00,0.0000,1.0000
59,MobileNetV4 Matrix Scaling (CE),0.02,0.0116,68191.00,0.2619,0.0563,0.0092,68191.00,0.2619,0.0563
59,MobileNetV4 Matrix Scaling (CE),0.05,0.0116,23072.00,0.0845,0.4942,0.0114,23072.00,0.0845,0.4942
59,MobileNetV4 Matrix Scaling (CE),0.08,0.0116,9170.00,0.0298,0.6299,0.0162,9170.00,0.0298,0.6299
59,MobileNetV4 Matrix Scaling (CE),0.10,0.0116,6867.00,0.0193,0.8231,0.0537,6867.00,0.0193,0.8231
59,MobileNetV4 Matrix Scaling (CE),0.15,0.0116,3586.00,0.0052,0.9942,0.1424,3586.00,0.0052,0.9942
59,MobileNetV4 Matrix Scaling (CE),0.20,0.0116,3586.00,0.0052,0.9942,0.1424,3586.00,0.0052,0.9942
59,MobileNetV4 Matrix Scaling (CE),0.30,0.0116,2256.00,0.0000,1.0000,0.0131,2256.00,0.0000,1.0000
59,MobileNetV4 Matrix Scaling (CE),0.40,0.0116,2256.00,0.0000,1.0000,0.0131,2256.00,0.0000,1.0000
59,MobileNetV4 Matrix Scaling (CE),0.50,0.0116,2256.00,0.0000,1.0000,0.0131,2256.00,0.0000,1.0000
59,MobileNetV4 Base (FL),0.02,0.0747,259888.00,1.0000,0.0000,0.0771,259888.00,1.0000,0.0000
59,MobileNetV4 Base (FL),0.05,0.0747,112384.00,0.4324,0.0000,0.0715,112384.00,0.4324,0.0000
59,MobileNetV4 Base (FL),0.08,0.0747,101516.00,0.3905,0.0102,0.0750,101516.00,0.3905,0.0102
59,MobileNetV4 Base (FL),0.10,0.0747,76993.00,0.2958,0.0488,0.0908,76993.00,0.2958,0.0488
59,MobileNetV4 Base (FL),0.15,0.0747,43607.00,0.1659,0.2163,0.1331,43607.00,0.1659,0.2163
59,MobileNetV4 Base (FL),0.20,0.0747,15064.00,0.0541,0.4459,0.1323,15064.00,0.0541,0.4459
59,MobileNetV4 Base (FL),0.30,0.0747,6064.00,0.0158,0.8684,0.2534,6064.00,0.0158,0.8684
59,MobileNetV4 Base (FL),0.40,0.0747,3112.00,0.0033,0.9973,0.3177,3112.00,0.0033,0.9973
59,MobileNetV4 Base (FL),0.50,0.0747,2256.00,0.0000,1.0000,0.0771,2256.00,0.0000,1.0000
59,MobileNetV4 Temp Scaling (FL),0.02,0.0153,69374.00,0.2666,0.0399,0.0161,69374.00,0.2666,0.0399
59,MobileNetV4 Temp Scaling (FL),0.05,0.0153,36502.00,0.1388,0.1884,0.0230,36502.00,0.1388,0.1884
59,MobileNetV4 Temp Scaling (FL),0.08,0.0153,22638.00,0.0846,0.2832,0.0376,22638.00,0.0846,0.2832
59,MobileNetV4 Temp Scaling (FL),0.10,0.0153,15902.00,0.0574,0.4331,0.0639,15902.00,0.0574,0.4331
59,MobileNetV4 Temp Scaling (FL),0.15,0.0153,8894.00,0.0277,0.7491,0.1411,8894.00,0.0277,0.7491
59,MobileNetV4 Temp Scaling (FL),0.20,0.0153,8178.00,0.0243,0.8231,0.1845,8178.00,0.0243,0.8231
59,MobileNetV4 Temp Scaling (FL),0.30,0.0153,5920.00,0.0147,0.9260,0.2989,5920.00,0.0147,0.9260
59,MobileNetV4 Temp Scaling (FL),0.40,0.0153,3112.00,0.0033,0.9973,0.3358,3112.00,0.0033,0.9973
59,MobileNetV4 Temp Scaling (FL),0.50,0.0153,2633.00,0.0015,1.0000,0.2749,2633.00,0.0015,1.0000
59,MobileNetV4 Matrix Scaling (FL),0.02,0.0203,96437.00,0.3709,0.0142,0.0184,96437.00,0.3709,0.0142
59,MobileNetV4 Matrix Scaling (FL),0.05,0.0203,41988.00,0.1600,0.1835,0.0157,41988.00,0.1600,0.1835
59,MobileNetV4 Matrix Scaling (FL),0.08,0.0203,18346.00,0.0673,0.3750,0.0157,18346.00,0.0673,0.3750
59,MobileNetV4 Matrix Scaling (FL),0.10,0.0203,12060.00,0.0408,0.6449,0.0661,12060.00,0.0408,0.6449
59,MobileNetV4 Matrix Scaling (FL),0.15,0.0203,8178.00,0.0243,0.8231,0.1500,8178.00,0.0243,0.8231
59,MobileNetV4 Matrix Scaling (FL),0.20,0.0203,5920.00,0.0147,0.9260,0.2001,5920.00,0.0147,0.9260
59,MobileNetV4 Matrix Scaling (FL),0.30,0.0203,3112.00,0.0033,0.9973,0.2237,3112.00,0.0033,0.9973
59,MobileNetV4 Matrix Scaling (FL),0.40,0.0203,2256.00,0.0000,1.0000,0.0221,2256.00,0.0000,1.0000
59,MobileNetV4 Matrix Scaling (FL),0.50,0.0203,2256.00,0.0000,1.0000,0.0221,2256.00,0.0000,1.0000
6,SegFormer Base (CE),0.02,0.0221,80558.00,0.3075,0.0000,0.0291,80558.00,0.3075,0.0000
6,SegFormer Base (CE),0.05,0.0221,28757.00,0.1093,0.5816,0.0454,28757.00,0.1093,0.5816
6,SegFormer Base (CE),0.08,0.0221,2720.00,0.0096,1.0000,0.0699,2720.00,0.0096,1.0000
6,SegFormer Base (CE),0.10,0.0221,745.00,0.0021,1.0000,0.0620,745.00,0.0021,1.0000
6,SegFormer Base (CE),0.15,0.0221,196.00,0.0000,1.0000,0.0229,196.00,0.0000,1.0000
6,SegFormer Base (CE),0.20,0.0221,196.00,0.0000,1.0000,0.0229,196.00,0.0000,1.0000
6,SegFormer Base (CE),0.30,0.0221,196.00,0.0000,1.0000,0.0229,196.00,0.0000,1.0000
6,SegFormer Base (CE),0.40,0.0221,196.00,0.0000,1.0000,0.0229,196.00,0.0000,1.0000
6,SegFormer Base (CE),0.50,0.0221,196.00,0.0000,1.0000,0.0229,196.00,0.0000,1.0000
6,SegFormer Temp Scaling (CE),0.02,0.0003,2423.00,0.0087,0.6735,0.0021,2423.00,0.0087,0.6735
6,SegFormer Temp Scaling (CE),0.05,0.0003,196.00,0.0000,1.0000,0.0005,196.00,0.0000,1.0000
6,SegFormer Temp Scaling (CE),0.08,0.0003,196.00,0.0000,1.0000,0.0005,196.00,0.0000,1.0000
6,SegFormer Temp Scaling (CE),0.10,0.0003,196.00,0.0000,1.0000,0.0005,196.00,0.0000,1.0000
6,SegFormer Temp Scaling (CE),0.15,0.0003,196.00,0.0000,1.0000,0.0005,196.00,0.0000,1.0000
6,SegFormer Temp Scaling (CE),0.20,0.0003,196.00,0.0000,1.0000,0.0005,196.00,0.0000,1.0000
6,SegFormer Temp Scaling (CE),0.30,0.0003,196.00,0.0000,1.0000,0.0005,196.00,0.0000,1.0000
6,SegFormer Temp Scaling (CE),0.40,0.0003,196.00,0.0000,1.0000,0.0005,196.00,0.0000,1.0000
6,SegFormer Temp Scaling (CE),0.50,0.0003,196.00,0.0000,1.0000,0.0005,196.00,0.0000,1.0000
6,SegFormer Matrix Scaling (CE),0.02,0.0081,41649.00,0.1587,0.4592,0.0269,41649.00,0.1587,0.4592
6,SegFormer Matrix Scaling (CE),0.05,0.0081,5910.00,0.0218,1.0000,0.0578,5910.00,0.0218,1.0000
6,SegFormer Matrix Scaling (CE),0.08,0.0081,745.00,0.0021,1.0000,0.0538,745.00,0.0021,1.0000
6,SegFormer Matrix Scaling (CE),0.10,0.0081,196.00,0.0000,1.0000,0.0089,196.00,0.0000,1.0000
6,SegFormer Matrix Scaling (CE),0.15,0.0081,196.00,0.0000,1.0000,0.0089,196.00,0.0000,1.0000
6,SegFormer Matrix Scaling (CE),0.20,0.0081,196.00,0.0000,1.0000,0.0089,196.00,0.0000,1.0000
6,SegFormer Matrix Scaling (CE),0.30,0.0081,196.00,0.0000,1.0000,0.0089,196.00,0.0000,1.0000
6,SegFormer Matrix Scaling (CE),0.40,0.0081,196.00,0.0000,1.0000,0.0089,196.00,0.0000,1.0000
6,SegFormer Matrix Scaling (CE),0.50,0.0081,196.00,0.0000,1.0000,0.0089,196.00,0.0000,1.0000
6,SegFormer Base (FL),0.02,0.0612,261948.00,1.0000,0.0000,0.0621,261948.00,1.0000,0.0000
6,SegFormer Base (FL),0.05,0.0612,254920.00,0.9731,0.0510,0.0495,254920.00,0.9731,0.0510
6,SegFormer Base (FL),0.08,0.0612,33569.00,0.1277,0.5816,0.0839,33569.00,0.1277,0.5816
6,SegFormer Base (FL),0.10,0.0612,10801.00,0.0405,1.0000,0.1224,10801.00,0.0405,1.0000
6,SegFormer Base (FL),0.15,0.0612,2292.00,0.0080,1.0000,0.1302,2292.00,0.0080,1.0000
6,SegFormer Base (FL),0.20,0.0612,196.00,0.0000,1.0000,0.0621,196.00,0.0000,1.0000
6,SegFormer Base (FL),0.30,0.0612,196.00,0.0000,1.0000,0.0621,196.00,0.0000,1.0000
6,SegFormer Base (FL),0.40,0.0612,196.00,0.0000,1.0000,0.0621,196.00,0.0000,1.0000
6,SegFormer Base (FL),0.50,0.0612,196.00,0.0000,1.0000,0.0621,196.00,0.0000,1.0000
6,SegFormer Temp Scaling (FL),0.02,0.0037,10768.00,0.0406,0.6735,0.0148,10768.00,0.0406,0.6735
6,SegFormer Temp Scaling (FL),0.05,0.0037,745.00,0.0021,1.0000,0.0410,745.00,0.0021,1.0000
6,SegFormer Temp Scaling (FL),0.08,0.0037,196.00,0.0000,1.0000,0.0040,196.00,0.0000,1.0000
6,SegFormer Temp Scaling (FL),0.10,0.0037,196.00,0.0000,1.0000,0.0040,196.00,0.0000,1.0000
6,SegFormer Temp Scaling (FL),0.15,0.0037,196.00,0.0000,1.0000,0.0040,196.00,0.0000,1.0000
6,SegFormer Temp Scaling (FL),0.20,0.0037,196.00,0.0000,1.0000,0.0040,196.00,0.0000,1.0000
6,SegFormer Temp Scaling (FL),0.30,0.0037,196.00,0.0000,1.0000,0.0040,196.00,0.0000,1.0000
6,SegFormer Temp Scaling (FL),0.40,0.0037,196.00,0.0000,1.0000,0.0040,196.00,0.0000,1.0000
6,SegFormer Temp Scaling (FL),0.50,0.0037,196.00,0.0000,1.0000,0.0040,196.00,0.0000,1.0000
6,SegFormer Matrix Scaling (FL),0.02,0.0100,22125.00,0.0840,0.5816,0.0278,22125.00,0.0840,0.5816
6,SegFormer Matrix Scaling (FL),0.05,0.0100,5910.00,0.0218,1.0000,0.0636,5910.00,0.0218,1.0000
6,SegFormer Matrix Scaling (FL),0.08,0.0100,745.00,0.0021,1.0000,0.0693,745.00,0.0021,1.0000
6,SegFormer Matrix Scaling (FL),0.10,0.0100,745.00,0.0021,1.0000,0.0693,745.00,0.0021,1.0000
6,SegFormer Matrix Scaling (FL),0.15,0.0100,196.00,0.0000,1.0000,0.0108,196.00,0.0000,1.0000
6,SegFormer Matrix Scaling (FL),0.20,0.0100,196.00,0.0000,1.0000,0.0108,196.00,0.0000,1.0000
6,SegFormer Matrix Scaling (FL),0.30,0.0100,196.00,0.0000,1.0000,0.0108,196.00,0.0000,1.0000
6,SegFormer Matrix Scaling (FL),0.40,0.0100,196.00,0.0000,1.0000,0.0108,196.00,0.0000,1.0000
6,SegFormer Matrix Scaling (FL),0.50,0.0100,196.00,0.0000,1.0000,0.0108,196.00,0.0000,1.0000
6,MobileNetV4 Base (CE),0.02,0.0202,78015.00,0.2978,0.0000,0.0215,78015.00,0.2978,0.0000
6,MobileNetV4 Base (CE),0.05,0.0202,5049.00,0.0189,0.4490,0.0344,5049.00,0.0189,0.4490
6,MobileNetV4 Base (CE),0.08,0.0202,745.00,0.0021,1.0000,0.0597,745.00,0.0021,1.0000
6,MobileNetV4 Base (CE),0.10,0.0202,196.00,0.0000,1.0000,0.0203,196.00,0.0000,1.0000
6,MobileNetV4 Base (CE),0.15,0.0202,196.00,0.0000,1.0000,0.0203,196.00,0.0000,1.0000
6,MobileNetV4 Base (CE),0.20,0.0202,196.00,0.0000,1.0000,0.0203,196.00,0.0000,1.0000
6,MobileNetV4 Base (CE),0.30,0.0202,196.00,0.0000,1.0000,0.0203,196.00,0.0000,1.0000
6,MobileNetV4 Base (CE),0.40,0.0202,196.00,0.0000,1.0000,0.0203,196.00,0.0000,1.0000
6,MobileNetV4 Base (CE),0.50,0.0202,196.00,0.0000,1.0000,0.0203,196.00,0.0000,1.0000
6,MobileNetV4 Temp Scaling (CE),0.02,0.0025,3244.00,0.0120,0.4490,0.0087,3244.00,0.0120,0.4490
6,MobileNetV4 Temp Scaling (CE),0.05,0.0025,196.00,0.0000,1.0000,0.0026,196.00,0.0000,1.0000
6,MobileNetV4 Temp Scaling (CE),0.08,0.0025,196.00,0.0000,1.0000,0.0026,196.00,0.0000,1.0000
6,MobileNetV4 Temp Scaling (CE),0.10,0.0025,196.00,0.0000,1.0000,0.0026,196.00,0.0000,1.0000
6,MobileNetV4 Temp Scaling (CE),0.15,0.0025,196.00,0.0000,1.0000,0.0026,196.00,0.0000,1.0000
6,MobileNetV4 Temp Scaling (CE),0.20,0.0025,196.00,0.0000,1.0000,0.0026,196.00,0.0000,1.0000
6,MobileNetV4 Temp Scaling (CE),0.30,0.0025,196.00,0.0000,1.0000,0.0026,196.00,0.0000,1.0000
6,MobileNetV4 Temp Scaling (CE),0.40,0.0025,196.00,0.0000,1.0000,0.0026,196.00,0.0000,1.0000
6,MobileNetV4 Temp Scaling (CE),0.50,0.0025,196.00,0.0000,1.0000,0.0026,196.00,0.0000,1.0000
6,MobileNetV4 Matrix Scaling (CE),0.02,0.0111,20253.00,0.0770,0.4490,0.0207,20253.00,0.0770,0.4490
6,MobileNetV4 Matrix Scaling (CE),0.05,0.0111,1720.00,0.0058,1.0000,0.0573,1720.00,0.0058,1.0000
6,MobileNetV4 Matrix Scaling (CE),0.08,0.0111,745.00,0.0021,1.0000,0.0575,745.00,0.0021,1.0000
6,MobileNetV4 Matrix Scaling (CE),0.10,0.0111,745.00,0.0021,1.0000,0.0575,745.00,0.0021,1.0000
6,MobileNetV4 Matrix Scaling (CE),0.15,0.0111,196.00,0.0000,1.0000,0.0114,196.00,0.0000,1.0000
6,MobileNetV4 Matrix Scaling (CE),0.20,0.0111,196.00,0.0000,1.0000,0.0114,196.00,0.0000,1.0000
6,MobileNetV4 Matrix Scaling (CE),0.30,0.0111,196.00,0.0000,1.0000,0.0114,196.00,0.0000,1.0000
6,MobileNetV4 Matrix Scaling (CE),0.40,0.0111,196.00,0.0000,1.0000,0.0114,196.00,0.0000,1.0000
6,MobileNetV4 Matrix Scaling (CE),0.50,0.0111,196.00,0.0000,1.0000,0.0114,196.00,0.0000,1.0000
6,MobileNetV4 Base (FL),0.02,0.0516,261948.00,1.0000,0.0000,0.0521,261948.00,1.0000,0.0000
6,MobileNetV4 Base (FL),0.05,0.0516,80466.00,0.3072,0.0000,0.0528,80466.00,0.3072,0.0000
6,MobileNetV4 Base (FL),0.08,0.0516,27741.00,0.1057,0.2755,0.0731,27741.00,0.1057,0.2755
6,MobileNetV4 Base (FL),0.10,0.0516,10535.00,0.0396,0.8265,0.1204,10535.00,0.0396,0.8265
6,MobileNetV4 Base (FL),0.15,0.0516,1575.00,0.0053,1.0000,0.1404,1575.00,0.0053,1.0000
6,MobileNetV4 Base (FL),0.20,0.0516,745.00,0.0021,1.0000,0.1327,745.00,0.0021,1.0000
6,MobileNetV4 Base (FL),0.30,0.0516,196.00,0.0000,1.0000,0.0521,196.00,0.0000,1.0000
6,MobileNetV4 Base (FL),0.40,0.0516,196.00,0.0000,1.0000,0.0521,196.00,0.0000,1.0000
6,MobileNetV4 Base (FL),0.50,0.0516,196.00,0.0000,1.0000,0.0521,196.00,0.0000,1.0000
6,MobileNetV4 Temp Scaling (FL),0.02,0.0040,7483.00,0.0283,0.4082,0.0181,7483.00,0.0283,0.4082
6,MobileNetV4 Temp Scaling (FL),0.05,0.0040,1720.00,0.0058,1.0000,0.0745,1720.00,0.0058,1.0000
6,MobileNetV4 Temp Scaling (FL),0.08,0.0040,745.00,0.0021,1.0000,0.0773,745.00,0.0021,1.0000
6,MobileNetV4 Temp Scaling (FL),0.10,0.0040,745.00,0.0021,1.0000,0.0773,745.00,0.0021,1.0000
6,MobileNetV4 Temp Scaling (FL),0.15,0.0040,745.00,0.0021,1.0000,0.0773,745.00,0.0021,1.0000
6,MobileNetV4 Temp Scaling (FL),0.20,0.0040,196.00,0.0000,1.0000,0.0043,196.00,0.0000,1.0000
6,MobileNetV4 Temp Scaling (FL),0.30,0.0040,196.00,0.0000,1.0000,0.0043,196.00,0.0000,1.0000
6,MobileNetV4 Temp Scaling (FL),0.40,0.0040,196.00,0.0000,1.0000,0.0043,196.00,0.0000,1.0000
6,MobileNetV4 Temp Scaling (FL),0.50,0.0040,196.00,0.0000,1.0000,0.0043,196.00,0.0000,1.0000
6,MobileNetV4 Matrix Scaling (FL),0.02,0.0156,60769.00,0.2318,0.2755,0.0230,60769.00,0.2318,0.2755
6,MobileNetV4 Matrix Scaling (FL),0.05,0.0156,2892.00,0.0104,0.8673,0.0629,2892.00,0.0104,0.8673
6,MobileNetV4 Matrix Scaling (FL),0.08,0.0156,1720.00,0.0058,1.0000,0.0867,1720.00,0.0058,1.0000
6,MobileNetV4 Matrix Scaling (FL),0.10,0.0156,745.00,0.0021,1.0000,0.0826,745.00,0.0021,1.0000
6,MobileNetV4 Matrix Scaling (FL),0.15,0.0156,196.00,0.0000,1.0000,0.0161,196.00,0.0000,1.0000
6,MobileNetV4 Matrix Scaling (FL),0.20,0.0156,196.00,0.0000,1.0000,0.0161,196.00,0.0000,1.0000
6,MobileNetV4 Matrix Scaling (FL),0.30,0.0156,196.00,0.0000,1.0000,0.0161,196.00,0.0000,1.0000
6,MobileNetV4 Matrix Scaling (FL),0.40,0.0156,196.00,0.0000,1.0000,0.0161,196.00,0.0000,1.0000
6,MobileNetV4 Matrix Scaling (FL),0.50,0.0156,196.00,0.0000,1.0000,0.0161,196.00,0.0000,1.0000
60,SegFormer Base (CE),0.02,0.0182,112506.00,0.4310,0.0173,0.0181,112506.00,0.4310,0.0173
60,SegFormer Base (CE),0.05,0.0182,21223.00,0.0796,0.3893,0.0335,21223.00,0.0796,0.3893
60,SegFormer Base (CE),0.08,0.0182,13933.00,0.0508,0.5908,0.0536,13933.00,0.0508,0.5908
60,SegFormer Base (CE),0.10,0.0182,9463.00,0.0331,0.7171,0.0485,9463.00,0.0331,0.7171
60,SegFormer Base (CE),0.15,0.0182,3841.00,0.0110,0.8356,0.0613,3841.00,0.0110,0.8356
60,SegFormer Base (CE),0.20,0.0182,1156.00,0.0000,1.0000,0.0202,1156.00,0.0000,1.0000
60,SegFormer Base (CE),0.30,0.0182,1156.00,0.0000,1.0000,0.0202,1156.00,0.0000,1.0000
60,SegFormer Base (CE),0.40,0.0182,1156.00,0.0000,1.0000,0.0202,1156.00,0.0000,1.0000
60,SegFormer Base (CE),0.50,0.0182,1156.00,0.0000,1.0000,0.0202,1156.00,0.0000,1.0000
60,SegFormer Temp Scaling (CE),0.02,0.0015,15346.00,0.0571,0.3893,0.0449,15346.00,0.0571,0.3893
60,SegFormer Temp Scaling (CE),0.05,0.0015,10585.00,0.0380,0.5779,0.0187,10585.00,0.0380,0.5779
60,SegFormer Temp Scaling (CE),0.08,0.0015,3841.00,0.0110,0.8356,0.0387,3841.00,0.0110,0.8356
60,SegFormer Temp Scaling (CE),0.10,0.0015,2935.00,0.0075,0.8382,0.0361,2935.00,0.0075,0.8382
60,SegFormer Temp Scaling (CE),0.15,0.0015,1946.00,0.0037,0.8400,0.0171,1946.00,0.0037,0.8400
60,SegFormer Temp Scaling (CE),0.20,0.0015,1156.00,0.0000,1.0000,0.0003,1156.00,0.0000,1.0000
60,SegFormer Temp Scaling (CE),0.30,0.0015,1156.00,0.0000,1.0000,0.0003,1156.00,0.0000,1.0000
60,SegFormer Temp Scaling (CE),0.40,0.0015,1156.00,0.0000,1.0000,0.0003,1156.00,0.0000,1.0000
60,SegFormer Temp Scaling (CE),0.50,0.0015,1156.00,0.0000,1.0000,0.0003,1156.00,0.0000,1.0000
60,SegFormer Matrix Scaling (CE),0.02,0.0056,35838.00,0.1360,0.3054,0.0406,35838.00,0.1360,0.3054
60,SegFormer Matrix Scaling (CE),0.05,0.0056,13604.00,0.0494,0.6081,0.0065,13604.00,0.0494,0.6081
60,SegFormer Matrix Scaling (CE),0.08,0.0056,8114.00,0.0274,0.8339,0.0595,8114.00,0.0274,0.8339
60,SegFormer Matrix Scaling (CE),0.10,0.0056,3942.00,0.0114,0.8382,0.0341,3942.00,0.0114,0.8382
60,SegFormer Matrix Scaling (CE),0.15,0.0056,1156.00,0.0000,1.0000,0.0073,1156.00,0.0000,1.0000
60,SegFormer Matrix Scaling (CE),0.20,0.0056,1156.00,0.0000,1.0000,0.0073,1156.00,0.0000,1.0000
60,SegFormer Matrix Scaling (CE),0.30,0.0056,1156.00,0.0000,1.0000,0.0073,1156.00,0.0000,1.0000
60,SegFormer Matrix Scaling (CE),0.40,0.0056,1156.00,0.0000,1.0000,0.0073,1156.00,0.0000,1.0000
60,SegFormer Matrix Scaling (CE),0.50,0.0056,1156.00,0.0000,1.0000,0.0073,1156.00,0.0000,1.0000
60,SegFormer Base (FL),0.02,0.0703,260988.00,1.0000,0.0000,0.0734,260988.00,1.0000,0.0000
60,SegFormer Base (FL),0.05,0.0703,260322.00,0.9974,0.0000,0.0615,260322.00,0.9974,0.0000
60,SegFormer Base (FL),0.08,0.0703,70836.00,0.2708,0.1332,0.0408,70836.00,0.2708,0.1332
60,SegFormer Base (FL),0.10,0.0703,44399.00,0.1686,0.3391,0.0512,44399.00,0.1686,0.3391
60,SegFormer Base (FL),0.15,0.0703,14975.00,0.0542,0.7163,0.1072,14975.00,0.0542,0.7163
60,SegFormer Base (FL),0.20,0.0703,6798.00,0.0224,0.8339,0.1777,6798.00,0.0224,0.8339
60,SegFormer Base (FL),0.30,0.0703,1156.00,0.0000,1.0000,0.0734,1156.00,0.0000,1.0000
60,SegFormer Base (FL),0.40,0.0703,1156.00,0.0000,1.0000,0.0734,1156.00,0.0000,1.0000
60,SegFormer Base (FL),0.50,0.0703,1156.00,0.0000,1.0000,0.0734,1156.00,0.0000,1.0000
60,SegFormer Temp Scaling (FL),0.02,0.0067,34683.00,0.1316,0.2898,0.0246,34683.00,0.1316,0.2898
60,SegFormer Temp Scaling (FL),0.05,0.0067,15138.00,0.0563,0.3893,0.0739,15138.00,0.0563,0.3893
60,SegFormer Temp Scaling (FL),0.08,0.0067,12462.00,0.0446,0.7163,0.0483,12462.00,0.0446,0.7163
60,SegFormer Temp Scaling (FL),0.10,0.0067,8643.00,0.0296,0.7872,0.0833,8643.00,0.0296,0.7872
60,SegFormer Temp Scaling (FL),0.15,0.0067,3841.00,0.0110,0.8356,0.0813,3841.00,0.0110,0.8356
60,SegFormer Temp Scaling (FL),0.20,0.0067,2852.00,0.0072,0.8374,0.0734,2852.00,0.0072,0.8374
60,SegFormer Temp Scaling (FL),0.30,0.0067,1156.00,0.0000,1.0000,0.0088,1156.00,0.0000,1.0000
60,SegFormer Temp Scaling (FL),0.40,0.0067,1156.00,0.0000,1.0000,0.0088,1156.00,0.0000,1.0000
60,SegFormer Temp Scaling (FL),0.50,0.0067,1156.00,0.0000,1.0000,0.0088,1156.00,0.0000,1.0000
60,SegFormer Matrix Scaling (FL),0.02,0.0121,63585.00,0.2429,0.1661,0.0270,63585.00,0.2429,0.1661
60,SegFormer Matrix Scaling (FL),0.05,0.0121,22994.00,0.0852,0.6540,0.0351,22994.00,0.0852,0.6540
60,SegFormer Matrix Scaling (FL),0.08,0.0121,11164.00,0.0394,0.7716,0.0590,11164.00,0.0394,0.7716
60,SegFormer Matrix Scaling (FL),0.10,0.0121,6602.00,0.0216,0.8339,0.0655,6602.00,0.0216,0.8339
60,SegFormer Matrix Scaling (FL),0.15,0.0121,1156.00,0.0000,1.0000,0.0143,1156.00,0.0000,1.0000
60,SegFormer Matrix Scaling (FL),0.20,0.0121,1156.00,0.0000,1.0000,0.0143,1156.00,0.0000,1.0000
60,SegFormer Matrix Scaling (FL),0.30,0.0121,1156.00,0.0000,1.0000,0.0143,1156.00,0.0000,1.0000
60,SegFormer Matrix Scaling (FL),0.40,0.0121,1156.00,0.0000,1.0000,0.0143,1156.00,0.0000,1.0000
60,SegFormer Matrix Scaling (FL),0.50,0.0121,1156.00,0.0000,1.0000,0.0143,1156.00,0.0000,1.0000
60,MobileNetV4 Base (CE),0.02,0.0355,131523.00,0.5039,0.0000,0.0269,131523.00,0.5039,0.0000
60,MobileNetV4 Base (CE),0.05,0.0355,73190.00,0.2801,0.0666,0.0438,73190.00,0.2801,0.0666
60,MobileNetV4 Base (CE),0.08,0.0355,34947.00,0.1328,0.2543,0.0406,34947.00,0.1328,0.2543
60,MobileNetV4 Base (CE),0.10,0.0355,21848.00,0.0815,0.4948,0.0738,21848.00,0.0815,0.4948
60,MobileNetV4 Base (CE),0.15,0.0355,10644.00,0.0374,0.7742,0.1431,10644.00,0.0374,0.7742
60,MobileNetV4 Base (CE),0.20,0.0355,4734.00,0.0147,0.7872,0.1436,4734.00,0.0147,0.7872
60,MobileNetV4 Base (CE),0.30,0.0355,1156.00,0.0000,1.0000,0.0382,1156.00,0.0000,1.0000
60,MobileNetV4 Base (CE),0.40,0.0355,1156.00,0.0000,1.0000,0.0382,1156.00,0.0000,1.0000
60,MobileNetV4 Base (CE),0.50,0.0355,1156.00,0.0000,1.0000,0.0382,1156.00,0.0000,1.0000
60,MobileNetV4 Temp Scaling (CE),0.02,0.0107,52331.00,0.2000,0.1064,0.0077,52331.00,0.2000,0.1064
60,MobileNetV4 Temp Scaling (CE),0.05,0.0107,24737.00,0.0935,0.2933,0.0335,24737.00,0.0935,0.2933
60,MobileNetV4 Temp Scaling (CE),0.08,0.0107,12965.00,0.0470,0.6021,0.0913,12965.00,0.0470,0.6021
60,MobileNetV4 Temp Scaling (CE),0.10,0.0107,9908.00,0.0345,0.7742,0.0928,9908.00,0.0345,0.7742
60,MobileNetV4 Temp Scaling (CE),0.15,0.0107,4734.00,0.0147,0.7872,0.1112,4734.00,0.0147,0.7872
60,MobileNetV4 Temp Scaling (CE),0.20,0.0107,2031.00,0.0036,0.9498,0.0989,2031.00,0.0036,0.9498
60,MobileNetV4 Temp Scaling (CE),0.30,0.0107,1156.00,0.0000,1.0000,0.0126,1156.00,0.0000,1.0000
60,MobileNetV4 Temp Scaling (CE),0.40,0.0107,1156.00,0.0000,1.0000,0.0126,1156.00,0.0000,1.0000
60,MobileNetV4 Temp Scaling (CE),0.50,0.0107,1156.00,0.0000,1.0000,0.0126,1156.00,0.0000,1.0000
60,MobileNetV4 Matrix Scaling (CE),0.02,0.0190,83926.00,0.3214,0.0389,0.0186,83926.00,0.3214,0.0389
60,MobileNetV4 Matrix Scaling (CE),0.05,0.0190,35883.00,0.1364,0.2569,0.0216,35883.00,0.1364,0.2569
60,MobileNetV4 Matrix Scaling (CE),0.08,0.0190,14416.00,0.0523,0.6687,0.0865,14416.00,0.0523,0.6687
60,MobileNetV4 Matrix Scaling (CE),0.10,0.0190,12154.00,0.0431,0.7742,0.0856,12154.00,0.0431,0.7742
60,MobileNetV4 Matrix Scaling (CE),0.15,0.0190,5403.00,0.0172,0.7803,0.0811,5403.00,0.0172,0.7803
60,MobileNetV4 Matrix Scaling (CE),0.20,0.0190,1810.00,0.0025,1.0000,0.1368,1810.00,0.0025,1.0000
60,MobileNetV4 Matrix Scaling (CE),0.30,0.0190,1156.00,0.0000,1.0000,0.0212,1156.00,0.0000,1.0000
60,MobileNetV4 Matrix Scaling (CE),0.40,0.0190,1156.00,0.0000,1.0000,0.0212,1156.00,0.0000,1.0000
60,MobileNetV4 Matrix Scaling (CE),0.50,0.0190,1156.00,0.0000,1.0000,0.0212,1156.00,0.0000,1.0000
60,MobileNetV4 Base (FL),0.02,0.0958,260320.00,0.9974,0.0000,0.0598,260320.00,0.9974,0.0000
60,MobileNetV4 Base (FL),0.05,0.0958,114445.00,0.4385,0.0000,0.1126,114445.00,0.4385,0.0000
60,MobileNetV4 Base (FL),0.08,0.0958,113576.00,0.4352,0.0000,0.1131,113576.00,0.4352,0.0000
60,MobileNetV4 Base (FL),0.10,0.0958,109428.00,0.4193,0.0000,0.0995,109428.00,0.4193,0.0000
60,MobileNetV4 Base (FL),0.15,0.0958,75405.00,0.2888,0.0268,0.1536,75405.00,0.2888,0.0268
60,MobileNetV4 Base (FL),0.20,0.0958,42728.00,0.1630,0.1730,0.1768,42728.00,0.1630,0.1730
60,MobileNetV4 Base (FL),0.30,0.0958,14357.00,0.0522,0.6246,0.1892,14357.00,0.0522,0.6246
60,MobileNetV4 Base (FL),0.40,0.0958,2668.00,0.0058,1.0000,0.2935,2668.00,0.0058,1.0000
60,MobileNetV4 Base (FL),0.50,0.0958,1156.00,0.0000,1.0000,0.1041,1156.00,0.0000,1.0000
60,MobileNetV4 Temp Scaling (FL),0.02,0.0323,103982.00,0.3984,0.0000,0.0232,103982.00,0.3984,0.0000
60,MobileNetV4 Temp Scaling (FL),0.05,0.0323,63647.00,0.2436,0.0536,0.0786,63647.00,0.2436,0.0536
60,MobileNetV4 Temp Scaling (FL),0.08,0.0323,42381.00,0.1619,0.1021,0.0914,42381.00,0.1619,0.1021
60,MobileNetV4 Temp Scaling (FL),0.10,0.0323,35554.00,0.1353,0.2024,0.0932,35554.00,0.1353,0.2024
60,MobileNetV4 Temp Scaling (FL),0.15,0.0323,24970.00,0.0937,0.4498,0.1307,24970.00,0.0937,0.4498
60,MobileNetV4 Temp Scaling (FL),0.20,0.0323,17094.00,0.0627,0.6228,0.1352,17094.00,0.0627,0.6228
60,MobileNetV4 Temp Scaling (FL),0.30,0.0323,7420.00,0.0245,0.8875,0.2677,7420.00,0.0245,0.8875
60,MobileNetV4 Temp Scaling (FL),0.40,0.0323,2668.00,0.0058,1.0000,0.2809,2668.00,0.0058,1.0000
60,MobileNetV4 Temp Scaling (FL),0.50,0.0323,2668.00,0.0058,1.0000,0.2809,2668.00,0.0058,1.0000
60,MobileNetV4 Matrix Scaling (FL),0.02,0.0337,112592.00,0.4314,0.0000,0.0348,112592.00,0.4314,0.0000
60,MobileNetV4 Matrix Scaling (FL),0.05,0.0337,70164.00,0.2686,0.0536,0.0576,70164.00,0.2686,0.0536
60,MobileNetV4 Matrix Scaling (FL),0.08,0.0337,37009.00,0.1409,0.1946,0.0564,37009.00,0.1409,0.1946
60,MobileNetV4 Matrix Scaling (FL),0.10,0.0337,29605.00,0.1116,0.4066,0.0635,29605.00,0.1116,0.4066
60,MobileNetV4 Matrix Scaling (FL),0.15,0.0337,18256.00,0.0672,0.6289,0.0949,18256.00,0.0672,0.6289
60,MobileNetV4 Matrix Scaling (FL),0.20,0.0337,9207.00,0.0321,0.7275,0.1479,9207.00,0.0321,0.7275
60,MobileNetV4 Matrix Scaling (FL),0.30,0.0337,2668.00,0.0058,1.0000,0.2006,2668.00,0.0058,1.0000
60,MobileNetV4 Matrix Scaling (FL),0.40,0.0337,1156.00,0.0000,1.0000,0.0393,1156.00,0.0000,1.0000
60,MobileNetV4 Matrix Scaling (FL),0.50,0.0337,1156.00,0.0000,1.0000,0.0393,1156.00,0.0000,1.0000
61,SegFormer Base (CE),0.02,0.0179,101103.00,0.3876,0.0000,0.0189,101103.00,0.3876,0.0000
61,SegFormer Base (CE),0.05,0.0179,15900.00,0.0589,0.4116,0.0355,15900.00,0.0589,0.4116
61,SegFormer Base (CE),0.08,0.0179,8709.00,0.0305,0.5884,0.0435,8709.00,0.0305,0.5884
61,SegFormer Base (CE),0.10,0.0179,6040.00,0.0203,0.5915,0.0349,6040.00,0.0203,0.5915
61,SegFormer Base (CE),0.15,0.0179,2233.00,0.0042,0.8940,0.0474,2233.00,0.0042,0.8940
61,SegFormer Base (CE),0.20,0.0179,1576.00,0.0014,0.9434,0.0325,1576.00,0.0014,0.9434
61,SegFormer Base (CE),0.30,0.0179,1273.00,0.0000,1.0000,0.0182,1273.00,0.0000,1.0000
61,SegFormer Base (CE),0.40,0.0179,1273.00,0.0000,1.0000,0.0182,1273.00,0.0000,1.0000
61,SegFormer Base (CE),0.50,0.0179,1273.00,0.0000,1.0000,0.0182,1273.00,0.0000,1.0000
61,SegFormer Temp Scaling (CE),0.02,0.0012,8935.00,0.0314,0.5915,0.0105,8935.00,0.0314,0.5915
61,SegFormer Temp Scaling (CE),0.05,0.0012,6040.00,0.0203,0.5915,0.0058,6040.00,0.0203,0.5915
61,SegFormer Temp Scaling (CE),0.08,0.0012,4513.00,0.0139,0.7038,0.0093,4513.00,0.0139,0.7038
61,SegFormer Temp Scaling (CE),0.10,0.0012,2036.00,0.0035,0.8806,0.0105,2036.00,0.0035,0.8806
61,SegFormer Temp Scaling (CE),0.15,0.0012,1576.00,0.0014,0.9434,0.0197,1576.00,0.0014,0.9434
61,SegFormer Temp Scaling (CE),0.20,0.0012,1273.00,0.0000,1.0000,0.0017,1273.00,0.0000,1.0000
61,SegFormer Temp Scaling (CE),0.30,0.0012,1273.00,0.0000,1.0000,0.0017,1273.00,0.0000,1.0000
61,SegFormer Temp Scaling (CE),0.40,0.0012,1273.00,0.0000,1.0000,0.0017,1273.00,0.0000,1.0000
61,SegFormer Temp Scaling (CE),0.50,0.0012,1273.00,0.0000,1.0000,0.0017,1273.00,0.0000,1.0000
61,SegFormer Matrix Scaling (CE),0.02,0.0052,26394.00,0.1005,0.1438,0.0099,26394.00,0.1005,0.1438
61,SegFormer Matrix Scaling (CE),0.05,0.0052,7732.00,0.0276,0.4211,0.0209,7732.00,0.0276,0.4211
61,SegFormer Matrix Scaling (CE),0.08,0.0052,5411.00,0.0176,0.6536,0.0081,5411.00,0.0176,0.6536
61,SegFormer Matrix Scaling (CE),0.10,0.0052,4212.00,0.0124,0.7636,0.0098,4212.00,0.0124,0.7636
61,SegFormer Matrix Scaling (CE),0.15,0.0052,1273.00,0.0000,1.0000,0.0052,1273.00,0.0000,1.0000
61,SegFormer Matrix Scaling (CE),0.20,0.0052,1273.00,0.0000,1.0000,0.0052,1273.00,0.0000,1.0000
61,SegFormer Matrix Scaling (CE),0.30,0.0052,1273.00,0.0000,1.0000,0.0052,1273.00,0.0000,1.0000
61,SegFormer Matrix Scaling (CE),0.40,0.0052,1273.00,0.0000,1.0000,0.0052,1273.00,0.0000,1.0000
61,SegFormer Matrix Scaling (CE),0.50,0.0052,1273.00,0.0000,1.0000,0.0052,1273.00,0.0000,1.0000
61,SegFormer Base (FL),0.02,0.0654,260871.00,1.0000,0.0000,0.0659,260871.00,1.0000,0.0000
61,SegFormer Base (FL),0.05,0.0654,256528.00,0.9834,0.0000,0.0528,256528.00,0.9834,0.0000
61,SegFormer Base (FL),0.08,0.0654,57162.00,0.2189,0.0361,0.0723,57162.00,0.2189,0.0361
61,SegFormer Base (FL),0.10,0.0654,28336.00,0.1060,0.5436,0.0937,28336.00,0.1060,0.5436
61,SegFormer Base (FL),0.15,0.0654,7823.00,0.0271,0.5884,0.0960,7823.00,0.0271,0.5884
61,SegFormer Base (FL),0.20,0.0654,4212.00,0.0124,0.7636,0.1019,4212.00,0.0124,0.7636
61,SegFormer Base (FL),0.30,0.0654,1273.00,0.0000,1.0000,0.0659,1273.00,0.0000,1.0000
61,SegFormer Base (FL),0.40,0.0654,1273.00,0.0000,1.0000,0.0659,1273.00,0.0000,1.0000
61,SegFormer Base (FL),0.50,0.0654,1273.00,0.0000,1.0000,0.0659,1273.00,0.0000,1.0000
61,SegFormer Temp Scaling (FL),0.02,0.0046,18518.00,0.0685,0.5122,0.0211,18518.00,0.0685,0.5122
61,SegFormer Temp Scaling (FL),0.05,0.0046,9743.00,0.0345,0.5884,0.0407,9743.00,0.0345,0.5884
61,SegFormer Temp Scaling (FL),0.08,0.0046,6040.00,0.0203,0.5915,0.0382,6040.00,0.0203,0.5915
61,SegFormer Temp Scaling (FL),0.10,0.0046,6040.00,0.0203,0.5915,0.0382,6040.00,0.0203,0.5915
61,SegFormer Temp Scaling (FL),0.15,0.0046,3424.00,0.0091,0.8288,0.0615,3424.00,0.0091,0.8288
61,SegFormer Temp Scaling (FL),0.20,0.0046,1576.00,0.0014,0.9434,0.0364,1576.00,0.0014,0.9434
61,SegFormer Temp Scaling (FL),0.30,0.0046,1273.00,0.0000,1.0000,0.0045,1273.00,0.0000,1.0000
61,SegFormer Temp Scaling (FL),0.40,0.0046,1273.00,0.0000,1.0000,0.0045,1273.00,0.0000,1.0000
61,SegFormer Temp Scaling (FL),0.50,0.0046,1273.00,0.0000,1.0000,0.0045,1273.00,0.0000,1.0000
61,SegFormer Matrix Scaling (FL),0.02,0.0098,38850.00,0.1485,0.0919,0.0069,38850.00,0.1485,0.0919
61,SegFormer Matrix Scaling (FL),0.05,0.0098,12146.00,0.0445,0.4156,0.0139,12146.00,0.0445,0.4156
61,SegFormer Matrix Scaling (FL),0.08,0.0098,4951.00,0.0155,0.7164,0.0104,4951.00,0.0155,0.7164
61,SegFormer Matrix Scaling (FL),0.10,0.0098,4212.00,0.0124,0.7636,0.0095,4212.00,0.0124,0.7636
61,SegFormer Matrix Scaling (FL),0.15,0.0098,1930.00,0.0028,0.9505,0.0416,1930.00,0.0028,0.9505
61,SegFormer Matrix Scaling (FL),0.20,0.0098,1273.00,0.0000,1.0000,0.0099,1273.00,0.0000,1.0000
61,SegFormer Matrix Scaling (FL),0.30,0.0098,1273.00,0.0000,1.0000,0.0099,1273.00,0.0000,1.0000
61,SegFormer Matrix Scaling (FL),0.40,0.0098,1273.00,0.0000,1.0000,0.0099,1273.00,0.0000,1.0000
61,SegFormer Matrix Scaling (FL),0.50,0.0098,1273.00,0.0000,1.0000,0.0099,1273.00,0.0000,1.0000
61,MobileNetV4 Base (CE),0.02,0.0288,113586.00,0.4354,0.0000,0.0271,113586.00,0.4354,0.0000
61,MobileNetV4 Base (CE),0.05,0.0288,47855.00,0.1831,0.0644,0.0430,47855.00,0.1831,0.0644
61,MobileNetV4 Base (CE),0.08,0.0288,14070.00,0.0513,0.5491,0.0712,14070.00,0.0513,0.5491
61,MobileNetV4 Base (CE),0.10,0.0288,7981.00,0.0277,0.5852,0.0707,7981.00,0.0277,0.5852
61,MobileNetV4 Base (CE),0.15,0.0288,4596.00,0.0140,0.7455,0.0895,4596.00,0.0140,0.7455
61,MobileNetV4 Base (CE),0.20,0.0288,2036.00,0.0035,0.8806,0.0609,2036.00,0.0035,0.8806
61,MobileNetV4 Base (CE),0.30,0.0288,1273.00,0.0000,1.0000,0.0289,1273.00,0.0000,1.0000
61,MobileNetV4 Base (CE),0.40,0.0288,1273.00,0.0000,1.0000,0.0289,1273.00,0.0000,1.0000
61,MobileNetV4 Base (CE),0.50,0.0288,1273.00,0.0000,1.0000,0.0289,1273.00,0.0000,1.0000
61,MobileNetV4 Temp Scaling (CE),0.02,0.0061,37819.00,0.1447,0.0660,0.0142,37819.00,0.1447,0.0660
61,MobileNetV4 Temp Scaling (CE),0.05,0.0061,7981.00,0.0277,0.5852,0.0365,7981.00,0.0277,0.5852
61,MobileNetV4 Temp Scaling (CE),0.08,0.0061,5882.00,0.0195,0.6339,0.0443,5882.00,0.0195,0.6339
61,MobileNetV4 Temp Scaling (CE),0.10,0.0061,5253.00,0.0167,0.6960,0.0539,5253.00,0.0167,0.6960
61,MobileNetV4 Temp Scaling (CE),0.15,0.0061,2036.00,0.0035,0.8806,0.0367,2036.00,0.0035,0.8806
61,MobileNetV4 Temp Scaling (CE),0.20,0.0061,1576.00,0.0014,0.9434,0.0314,1576.00,0.0014,0.9434
61,MobileNetV4 Temp Scaling (CE),0.30,0.0061,1273.00,0.0000,1.0000,0.0058,1273.00,0.0000,1.0000
61,MobileNetV4 Temp Scaling (CE),0.40,0.0061,1273.00,0.0000,1.0000,0.0058,1273.00,0.0000,1.0000
61,MobileNetV4 Temp Scaling (CE),0.50,0.0061,1273.00,0.0000,1.0000,0.0058,1273.00,0.0000,1.0000
61,MobileNetV4 Matrix Scaling (CE),0.02,0.0149,64568.00,0.2472,0.0558,0.0151,64568.00,0.2472,0.0558
61,MobileNetV4 Matrix Scaling (CE),0.05,0.0149,16825.00,0.0637,0.1610,0.0236,16825.00,0.0637,0.1610
61,MobileNetV4 Matrix Scaling (CE),0.08,0.0149,6692.00,0.0225,0.6489,0.0363,6692.00,0.0225,0.6489
61,MobileNetV4 Matrix Scaling (CE),0.10,0.0149,5967.00,0.0195,0.6960,0.0444,5967.00,0.0195,0.6960
61,MobileNetV4 Matrix Scaling (CE),0.15,0.0149,2157.00,0.0037,0.9387,0.0600,2157.00,0.0037,0.9387
61,MobileNetV4 Matrix Scaling (CE),0.20,0.0149,1273.00,0.0000,1.0000,0.0148,1273.00,0.0000,1.0000
61,MobileNetV4 Matrix Scaling (CE),0.30,0.0149,1273.00,0.0000,1.0000,0.0148,1273.00,0.0000,1.0000
61,MobileNetV4 Matrix Scaling (CE),0.40,0.0149,1273.00,0.0000,1.0000,0.0148,1273.00,0.0000,1.0000
61,MobileNetV4 Matrix Scaling (CE),0.50,0.0149,1273.00,0.0000,1.0000,0.0148,1273.00,0.0000,1.0000
61,MobileNetV4 Base (FL),0.02,0.0643,260871.00,1.0000,0.0000,0.0655,260871.00,1.0000,0.0000
61,MobileNetV4 Base (FL),0.05,0.0643,101649.00,0.3897,0.0000,0.0635,101649.00,0.3897,0.0000
61,MobileNetV4 Base (FL),0.08,0.0643,79871.00,0.3059,0.0526,0.0693,79871.00,0.3059,0.0526
61,MobileNetV4 Base (FL),0.10,0.0643,56113.00,0.2146,0.1005,0.0986,56113.00,0.2146,0.1005
61,MobileNetV4 Base (FL),0.15,0.0643,18874.00,0.0705,0.3716,0.1277,18874.00,0.0705,0.3716
61,MobileNetV4 Base (FL),0.20,0.0643,5446.00,0.0175,0.6960,0.1381,5446.00,0.0175,0.6960
61,MobileNetV4 Base (FL),0.30,0.0643,1273.00,0.0000,1.0000,0.0655,1273.00,0.0000,1.0000
61,MobileNetV4 Base (FL),0.40,0.0643,1273.00,0.0000,1.0000,0.0655,1273.00,0.0000,1.0000
61,MobileNetV4 Base (FL),0.50,0.0643,1273.00,0.0000,1.0000,0.0655,1273.00,0.0000,1.0000
61,MobileNetV4 Temp Scaling (FL),0.02,0.0096,51863.00,0.1985,0.0550,0.0257,51863.00,0.1985,0.0550
61,MobileNetV4 Temp Scaling (FL),0.05,0.0096,20217.00,0.0769,0.1155,0.0388,20217.00,0.0769,0.1155
61,MobileNetV4 Temp Scaling (FL),0.08,0.0096,8140.00,0.0292,0.4077,0.0412,8140.00,0.0292,0.4077
61,MobileNetV4 Temp Scaling (FL),0.10,0.0096,5301.00,0.0172,0.6386,0.0577,5301.00,0.0172,0.6386
61,MobileNetV4 Temp Scaling (FL),0.15,0.0096,4015.00,0.0117,0.7502,0.0736,4015.00,0.0117,0.7502
61,MobileNetV4 Temp Scaling (FL),0.20,0.0096,2364.00,0.0048,0.8782,0.0716,2364.00,0.0048,0.8782
61,MobileNetV4 Temp Scaling (FL),0.30,0.0096,1273.00,0.0000,1.0000,0.0099,1273.00,0.0000,1.0000
61,MobileNetV4 Temp Scaling (FL),0.40,0.0096,1273.00,0.0000,1.0000,0.0099,1273.00,0.0000,1.0000
61,MobileNetV4 Temp Scaling (FL),0.50,0.0096,1273.00,0.0000,1.0000,0.0099,1273.00,0.0000,1.0000
61,MobileNetV4 Matrix Scaling (FL),0.02,0.0183,79669.00,0.3051,0.0550,0.0144,79669.00,0.3051,0.0550
61,MobileNetV4 Matrix Scaling (FL),0.05,0.0183,26188.00,0.0997,0.1414,0.0311,26188.00,0.0997,0.1414
61,MobileNetV4 Matrix Scaling (FL),0.08,0.0183,8172.00,0.0301,0.2419,0.0388,8172.00,0.0301,0.2419
61,MobileNetV4 Matrix Scaling (FL),0.10,0.0183,5284.00,0.0168,0.7007,0.0499,5284.00,0.0168,0.7007
61,MobileNetV4 Matrix Scaling (FL),0.15,0.0183,3555.00,0.0097,0.8130,0.0455,3555.00,0.0097,0.8130
61,MobileNetV4 Matrix Scaling (FL),0.20,0.0183,1273.00,0.0000,1.0000,0.0186,1273.00,0.0000,1.0000
61,MobileNetV4 Matrix Scaling (FL),0.30,0.0183,1273.00,0.0000,1.0000,0.0186,1273.00,0.0000,1.0000
61,MobileNetV4 Matrix Scaling (FL),0.40,0.0183,1273.00,0.0000,1.0000,0.0186,1273.00,0.0000,1.0000
61,MobileNetV4 Matrix Scaling (FL),0.50,0.0183,1273.00,0.0000,1.0000,0.0186,1273.00,0.0000,1.0000
62,SegFormer Base (CE),0.02,0.0186,92929.00,0.3551,0.0000,0.0204,92929.00,0.3551,0.0000
62,SegFormer Base (CE),0.05,0.0186,15188.00,0.0572,0.5000,0.0509,15188.00,0.0572,0.5000
62,SegFormer Base (CE),0.08,0.0186,3045.00,0.0103,0.8096,0.0431,3045.00,0.0103,0.8096
62,SegFormer Base (CE),0.10,0.0186,2001.00,0.0063,0.8096,0.0374,2001.00,0.0063,0.8096
62,SegFormer Base (CE),0.15,0.0186,436.00,0.0000,1.0000,0.0196,436.00,0.0000,1.0000
62,SegFormer Base (CE),0.20,0.0186,436.00,0.0000,1.0000,0.0196,436.00,0.0000,1.0000
62,SegFormer Base (CE),0.30,0.0186,436.00,0.0000,1.0000,0.0196,436.00,0.0000,1.0000
62,SegFormer Base (CE),0.40,0.0186,436.00,0.0000,1.0000,0.0196,436.00,0.0000,1.0000
62,SegFormer Base (CE),0.50,0.0186,436.00,0.0000,1.0000,0.0196,436.00,0.0000,1.0000
62,SegFormer Temp Scaling (CE),0.02,0.0001,6816.00,0.0252,0.5161,0.0056,6816.00,0.0252,0.5161
62,SegFormer Temp Scaling (CE),0.05,0.0001,2001.00,0.0063,0.8096,0.0113,2001.00,0.0063,0.8096
62,SegFormer Temp Scaling (CE),0.08,0.0001,1068.00,0.0026,0.8761,0.0089,1068.00,0.0026,0.8761
62,SegFormer Temp Scaling (CE),0.10,0.0001,436.00,0.0000,1.0000,0.0003,436.00,0.0000,1.0000
62,SegFormer Temp Scaling (CE),0.15,0.0001,436.00,0.0000,1.0000,0.0003,436.00,0.0000,1.0000
62,SegFormer Temp Scaling (CE),0.20,0.0001,436.00,0.0000,1.0000,0.0003,436.00,0.0000,1.0000
62,SegFormer Temp Scaling (CE),0.30,0.0001,436.00,0.0000,1.0000,0.0003,436.00,0.0000,1.0000
62,SegFormer Temp Scaling (CE),0.40,0.0001,436.00,0.0000,1.0000,0.0003,436.00,0.0000,1.0000
62,SegFormer Temp Scaling (CE),0.50,0.0001,436.00,0.0000,1.0000,0.0003,436.00,0.0000,1.0000
62,SegFormer Matrix Scaling (CE),0.02,0.0065,22572.00,0.0856,0.3739,0.0174,22572.00,0.0856,0.3739
62,SegFormer Matrix Scaling (CE),0.05,0.0065,9002.00,0.0330,0.8096,0.0497,9002.00,0.0330,0.8096
62,SegFormer Matrix Scaling (CE),0.08,0.0065,436.00,0.0000,1.0000,0.0074,436.00,0.0000,1.0000
62,SegFormer Matrix Scaling (CE),0.10,0.0065,436.00,0.0000,1.0000,0.0074,436.00,0.0000,1.0000
62,SegFormer Matrix Scaling (CE),0.15,0.0065,436.00,0.0000,1.0000,0.0074,436.00,0.0000,1.0000
62,SegFormer Matrix Scaling (CE),0.20,0.0065,436.00,0.0000,1.0000,0.0074,436.00,0.0000,1.0000
62,SegFormer Matrix Scaling (CE),0.30,0.0065,436.00,0.0000,1.0000,0.0074,436.00,0.0000,1.0000
62,SegFormer Matrix Scaling (CE),0.40,0.0065,436.00,0.0000,1.0000,0.0074,436.00,0.0000,1.0000
62,SegFormer Matrix Scaling (CE),0.50,0.0065,436.00,0.0000,1.0000,0.0074,436.00,0.0000,1.0000
62,SegFormer Base (FL),0.02,0.0624,261708.00,1.0000,0.0000,0.0635,261708.00,1.0000,0.0000
62,SegFormer Base (FL),0.05,0.0624,255566.00,0.9765,0.0000,0.0505,255566.00,0.9765,0.0000
62,SegFormer Base (FL),0.08,0.0624,35241.00,0.1341,0.3234,0.0806,35241.00,0.1341,0.3234
62,SegFormer Base (FL),0.10,0.0624,15555.00,0.0584,0.6353,0.1027,15555.00,0.0584,0.6353
62,SegFormer Base (FL),0.15,0.0624,2717.00,0.0089,0.9174,0.1263,2717.00,0.0089,0.9174
62,SegFormer Base (FL),0.20,0.0624,436.00,0.0000,1.0000,0.0635,436.00,0.0000,1.0000
62,SegFormer Base (FL),0.30,0.0624,436.00,0.0000,1.0000,0.0635,436.00,0.0000,1.0000
62,SegFormer Base (FL),0.40,0.0624,436.00,0.0000,1.0000,0.0635,436.00,0.0000,1.0000
62,SegFormer Base (FL),0.50,0.0624,436.00,0.0000,1.0000,0.0635,436.00,0.0000,1.0000
62,SegFormer Temp Scaling (FL),0.02,0.0039,12113.00,0.0455,0.4862,0.0212,12113.00,0.0455,0.4862
62,SegFormer Temp Scaling (FL),0.05,0.0039,4393.00,0.0155,0.7936,0.0398,4393.00,0.0155,0.7936
62,SegFormer Temp Scaling (FL),0.08,0.0039,2001.00,0.0063,0.8096,0.0272,2001.00,0.0063,0.8096
62,SegFormer Temp Scaling (FL),0.10,0.0039,436.00,0.0000,1.0000,0.0044,436.00,0.0000,1.0000
62,SegFormer Temp Scaling (FL),0.15,0.0039,436.00,0.0000,1.0000,0.0044,436.00,0.0000,1.0000
62,SegFormer Temp Scaling (FL),0.20,0.0039,436.00,0.0000,1.0000,0.0044,436.00,0.0000,1.0000
62,SegFormer Temp Scaling (FL),0.30,0.0039,436.00,0.0000,1.0000,0.0044,436.00,0.0000,1.0000
62,SegFormer Temp Scaling (FL),0.40,0.0039,436.00,0.0000,1.0000,0.0044,436.00,0.0000,1.0000
62,SegFormer Temp Scaling (FL),0.50,0.0039,436.00,0.0000,1.0000,0.0044,436.00,0.0000,1.0000
62,SegFormer Matrix Scaling (FL),0.02,0.0104,27779.00,0.1055,0.4083,0.0213,27779.00,0.1055,0.4083
62,SegFormer Matrix Scaling (FL),0.05,0.0104,12334.00,0.0459,0.7592,0.0511,12334.00,0.0459,0.7592
62,SegFormer Matrix Scaling (FL),0.08,0.0104,3602.00,0.0121,1.0000,0.0622,3602.00,0.0121,1.0000
62,SegFormer Matrix Scaling (FL),0.10,0.0104,436.00,0.0000,1.0000,0.0113,436.00,0.0000,1.0000
62,SegFormer Matrix Scaling (FL),0.15,0.0104,436.00,0.0000,1.0000,0.0113,436.00,0.0000,1.0000
62,SegFormer Matrix Scaling (FL),0.20,0.0104,436.00,0.0000,1.0000,0.0113,436.00,0.0000,1.0000
62,SegFormer Matrix Scaling (FL),0.30,0.0104,436.00,0.0000,1.0000,0.0113,436.00,0.0000,1.0000
62,SegFormer Matrix Scaling (FL),0.40,0.0104,436.00,0.0000,1.0000,0.0113,436.00,0.0000,1.0000
62,SegFormer Matrix Scaling (FL),0.50,0.0104,436.00,0.0000,1.0000,0.0113,436.00,0.0000,1.0000
62,MobileNetV4 Base (CE),0.02,0.0278,90056.00,0.3441,0.0000,0.0299,90056.00,0.3441,0.0000
62,MobileNetV4 Base (CE),0.05,0.0278,42428.00,0.1618,0.1950,0.0452,42428.00,0.1618,0.1950
62,MobileNetV4 Base (CE),0.08,0.0278,15847.00,0.0597,0.4862,0.0898,15847.00,0.0597,0.4862
62,MobileNetV4 Base (CE),0.10,0.0278,10824.00,0.0403,0.6170,0.0989,10824.00,0.0403,0.6170
62,MobileNetV4 Base (CE),0.15,0.0278,436.00,0.0000,1.0000,0.0292,436.00,0.0000,1.0000
62,MobileNetV4 Base (CE),0.20,0.0278,436.00,0.0000,1.0000,0.0292,436.00,0.0000,1.0000
62,MobileNetV4 Base (CE),0.30,0.0278,436.00,0.0000,1.0000,0.0292,436.00,0.0000,1.0000
62,MobileNetV4 Base (CE),0.40,0.0278,436.00,0.0000,1.0000,0.0292,436.00,0.0000,1.0000
62,MobileNetV4 Base (CE),0.50,0.0278,436.00,0.0000,1.0000,0.0292,436.00,0.0000,1.0000
62,MobileNetV4 Temp Scaling (CE),0.02,0.0066,31695.00,0.1208,0.2064,0.0181,31695.00,0.1208,0.2064
62,MobileNetV4 Temp Scaling (CE),0.05,0.0066,11140.00,0.0415,0.6170,0.0545,11140.00,0.0415,0.6170
62,MobileNetV4 Temp Scaling (CE),0.08,0.0066,6345.00,0.0231,0.6835,0.0511,6345.00,0.0231,0.6835
62,MobileNetV4 Temp Scaling (CE),0.10,0.0066,3307.00,0.0110,1.0000,0.0840,3307.00,0.0110,1.0000
62,MobileNetV4 Temp Scaling (CE),0.15,0.0066,436.00,0.0000,1.0000,0.0077,436.00,0.0000,1.0000
62,MobileNetV4 Temp Scaling (CE),0.20,0.0066,436.00,0.0000,1.0000,0.0077,436.00,0.0000,1.0000
62,MobileNetV4 Temp Scaling (CE),0.30,0.0066,436.00,0.0000,1.0000,0.0077,436.00,0.0000,1.0000
62,MobileNetV4 Temp Scaling (CE),0.40,0.0066,436.00,0.0000,1.0000,0.0077,436.00,0.0000,1.0000
62,MobileNetV4 Temp Scaling (CE),0.50,0.0066,436.00,0.0000,1.0000,0.0077,436.00,0.0000,1.0000
62,MobileNetV4 Matrix Scaling (CE),0.02,0.0152,57985.00,0.2215,0.0573,0.0169,57985.00,0.2215,0.0573
62,MobileNetV4 Matrix Scaling (CE),0.05,0.0152,15330.00,0.0575,0.6170,0.0654,15330.00,0.0575,0.6170
62,MobileNetV4 Matrix Scaling (CE),0.08,0.0152,7107.00,0.0255,1.0000,0.0870,7107.00,0.0255,1.0000
62,MobileNetV4 Matrix Scaling (CE),0.10,0.0152,3307.00,0.0110,1.0000,0.0866,3307.00,0.0110,1.0000
62,MobileNetV4 Matrix Scaling (CE),0.15,0.0152,436.00,0.0000,1.0000,0.0164,436.00,0.0000,1.0000
62,MobileNetV4 Matrix Scaling (CE),0.20,0.0152,436.00,0.0000,1.0000,0.0164,436.00,0.0000,1.0000
62,MobileNetV4 Matrix Scaling (CE),0.30,0.0152,436.00,0.0000,1.0000,0.0164,436.00,0.0000,1.0000
62,MobileNetV4 Matrix Scaling (CE),0.40,0.0152,436.00,0.0000,1.0000,0.0164,436.00,0.0000,1.0000
62,MobileNetV4 Matrix Scaling (CE),0.50,0.0152,436.00,0.0000,1.0000,0.0164,436.00,0.0000,1.0000
62,MobileNetV4 Base (FL),0.02,0.0591,261708.00,1.0000,0.0000,0.0617,261708.00,1.0000,0.0000
62,MobileNetV4 Base (FL),0.05,0.0591,79946.00,0.3055,0.0000,0.0599,79946.00,0.3055,0.0000
62,MobileNetV4 Base (FL),0.08,0.0591,62199.00,0.2376,0.0298,0.0714,62199.00,0.2376,0.0298
62,MobileNetV4 Base (FL),0.10,0.0591,42030.00,0.1602,0.2248,0.0914,42030.00,0.1602,0.2248
62,MobileNetV4 Base (FL),0.15,0.0591,15181.00,0.0567,0.7729,0.1594,15181.00,0.0567,0.7729
62,MobileNetV4 Base (FL),0.20,0.0591,4690.00,0.0163,1.0000,0.1905,4690.00,0.0163,1.0000
62,MobileNetV4 Base (FL),0.30,0.0591,436.00,0.0000,1.0000,0.0617,436.00,0.0000,1.0000
62,MobileNetV4 Base (FL),0.40,0.0591,436.00,0.0000,1.0000,0.0617,436.00,0.0000,1.0000
62,MobileNetV4 Base (FL),0.50,0.0591,436.00,0.0000,1.0000,0.0617,436.00,0.0000,1.0000
62,MobileNetV4 Temp Scaling (FL),0.02,0.0083,39142.00,0.1493,0.1651,0.0263,39142.00,0.1493,0.1651
62,MobileNetV4 Temp Scaling (FL),0.05,0.0083,15559.00,0.0587,0.4564,0.0532,15559.00,0.0587,0.4564
62,MobileNetV4 Temp Scaling (FL),0.08,0.0083,10434.00,0.0390,0.5161,0.0801,10434.00,0.0390,0.5161
62,MobileNetV4 Temp Scaling (FL),0.10,0.0083,6036.00,0.0214,1.0000,0.0931,6036.00,0.0214,1.0000
62,MobileNetV4 Temp Scaling (FL),0.15,0.0083,1950.00,0.0058,1.0000,0.1090,1950.00,0.0058,1.0000
62,MobileNetV4 Temp Scaling (FL),0.20,0.0083,1950.00,0.0058,1.0000,0.1090,1950.00,0.0058,1.0000
62,MobileNetV4 Temp Scaling (FL),0.30,0.0083,436.00,0.0000,1.0000,0.0100,436.00,0.0000,1.0000
62,MobileNetV4 Temp Scaling (FL),0.40,0.0083,436.00,0.0000,1.0000,0.0100,436.00,0.0000,1.0000
62,MobileNetV4 Temp Scaling (FL),0.50,0.0083,436.00,0.0000,1.0000,0.0100,436.00,0.0000,1.0000
62,MobileNetV4 Matrix Scaling (FL),0.02,0.0179,61386.00,0.2345,0.0161,0.0195,61386.00,0.2345,0.0161
62,MobileNetV4 Matrix Scaling (FL),0.05,0.0179,22578.00,0.0856,0.4060,0.0540,22578.00,0.0856,0.4060
62,MobileNetV4 Matrix Scaling (FL),0.08,0.0179,9451.00,0.0346,0.9335,0.0862,9451.00,0.0346,0.9335
62,MobileNetV4 Matrix Scaling (FL),0.10,0.0179,4955.00,0.0173,1.0000,0.1125,4955.00,0.0173,1.0000
62,MobileNetV4 Matrix Scaling (FL),0.15,0.0179,1950.00,0.0058,1.0000,0.1001,1950.00,0.0058,1.0000
62,MobileNetV4 Matrix Scaling (FL),0.20,0.0179,436.00,0.0000,1.0000,0.0195,436.00,0.0000,1.0000
62,MobileNetV4 Matrix Scaling (FL),0.30,0.0179,436.00,0.0000,1.0000,0.0195,436.00,0.0000,1.0000
62,MobileNetV4 Matrix Scaling (FL),0.40,0.0179,436.00,0.0000,1.0000,0.0195,436.00,0.0000,1.0000
62,MobileNetV4 Matrix Scaling (FL),0.50,0.0179,436.00,0.0000,1.0000,0.0195,436.00,0.0000,1.0000
63,SegFormer Base (CE),0.02,0.0199,55358.00,0.2215,0.0011,0.0231,55358.00,0.2215,0.0011
63,SegFormer Base (CE),0.05,0.0199,23528.00,0.0911,0.0630,0.0445,23528.00,0.0911,0.0630
63,SegFormer Base (CE),0.08,0.0199,20502.00,0.0769,0.1041,0.0798,20502.00,0.0769,0.1041
63,SegFormer Base (CE),0.10,0.0199,17614.00,0.0631,0.1516,0.1082,17614.00,0.0631,0.1516
63,SegFormer Base (CE),0.15,0.0199,12721.00,0.0368,0.2884,0.1385,12721.00,0.0368,0.2884
63,SegFormer Base (CE),0.20,0.0199,9841.00,0.0192,0.4118,0.1531,9841.00,0.0192,0.4118
63,SegFormer Base (CE),0.30,0.0199,8678.00,0.0054,0.5995,0.2394,8678.00,0.0054,0.5995
63,SegFormer Base (CE),0.40,0.0199,8953.00,0.0040,0.6494,0.2296,8953.00,0.0040,0.6494
63,SegFormer Base (CE),0.50,0.0199,9239.00,0.0036,0.6808,0.2022,9239.00,0.0036,0.6808
63,SegFormer Temp Scaling (CE),0.02,0.0171,21987.00,0.0839,0.0834,0.0992,21987.00,0.0839,0.0834
63,SegFormer Temp Scaling (CE),0.05,0.0171,18345.00,0.0658,0.1552,0.1221,18345.00,0.0658,0.1552
63,SegFormer Temp Scaling (CE),0.08,0.0171,14627.00,0.0488,0.1978,0.1624,14627.00,0.0488,0.1978
63,SegFormer Temp Scaling (CE),0.10,0.0171,13502.00,0.0423,0.2405,0.1579,13502.00,0.0423,0.2405
63,SegFormer Temp Scaling (CE),0.15,0.0171,11445.00,0.0260,0.4046,0.1484,11445.00,0.0260,0.4046
63,SegFormer Temp Scaling (CE),0.20,0.0171,9476.00,0.0142,0.4834,0.1759,9476.00,0.0142,0.4834
63,SegFormer Temp Scaling (CE),0.30,0.0171,8678.00,0.0054,0.5995,0.1999,8678.00,0.0054,0.5995
63,SegFormer Temp Scaling (CE),0.40,0.0171,8953.00,0.0040,0.6494,0.1870,8953.00,0.0040,0.6494
63,SegFormer Temp Scaling (CE),0.50,0.0171,9239.00,0.0036,0.6808,0.1535,9239.00,0.0036,0.6808
63,SegFormer Matrix Scaling (CE),0.02,0.0186,24077.00,0.0937,0.0542,0.0651,24077.00,0.0937,0.0542
63,SegFormer Matrix Scaling (CE),0.05,0.0186,17843.00,0.0634,0.1637,0.1742,17843.00,0.0634,0.1637
63,SegFormer Matrix Scaling (CE),0.08,0.0186,13189.00,0.0401,0.2595,0.2131,13189.00,0.0401,0.2595
63,SegFormer Matrix Scaling (CE),0.10,0.0186,11441.00,0.0270,0.3844,0.2229,11441.00,0.0270,0.3844
63,SegFormer Matrix Scaling (CE),0.15,0.0186,9476.00,0.0142,0.4834,0.2876,9476.00,0.0142,0.4834
63,SegFormer Matrix Scaling (CE),0.20,0.0186,8678.00,0.0054,0.5995,0.3331,8678.00,0.0054,0.5995
63,SegFormer Matrix Scaling (CE),0.30,0.0186,9239.00,0.0036,0.6808,0.2842,9239.00,0.0036,0.6808
63,SegFormer Matrix Scaling (CE),0.40,0.0186,9819.00,0.0020,0.7623,0.2743,9819.00,0.0020,0.7623
63,SegFormer Matrix Scaling (CE),0.50,0.0186,10583.00,0.0017,0.8303,0.2195,10583.00,0.0017,0.8303
63,SegFormer Base (FL),0.02,0.0612,249906.00,1.0000,0.0000,0.0472,249906.00,1.0000,0.0000
63,SegFormer Base (FL),0.05,0.0612,249118.00,0.9968,0.0000,0.0467,249118.00,0.9968,0.0000
63,SegFormer Base (FL),0.08,0.0612,52755.00,0.2111,0.0010,0.0643,52755.00,0.2111,0.0010
63,SegFormer Base (FL),0.10,0.0612,38721.00,0.1544,0.0103,0.0663,38721.00,0.1544,0.0103
63,SegFormer Base (FL),0.15,0.0612,21373.00,0.0805,0.1025,0.0736,21373.00,0.0805,0.1025
63,SegFormer Base (FL),0.20,0.0612,15512.00,0.0512,0.2226,0.0664,15512.00,0.0512,0.2226
63,SegFormer Base (FL),0.30,0.0612,9657.00,0.0170,0.4421,0.2009,9657.00,0.0170,0.4421
63,SegFormer Base (FL),0.40,0.0612,8291.00,0.0072,0.5297,0.2438,8291.00,0.0072,0.5297
63,SegFormer Base (FL),0.50,0.0612,9768.00,0.0025,0.7468,0.2335,9768.00,0.0025,0.7468
63,SegFormer Temp Scaling (FL),0.02,0.0099,34159.00,0.1361,0.0128,0.0160,34159.00,0.1361,0.0128
63,SegFormer Temp Scaling (FL),0.05,0.0099,22796.00,0.0870,0.0864,0.1018,22796.00,0.0870,0.0864
63,SegFormer Temp Scaling (FL),0.08,0.0099,17573.00,0.0626,0.1580,0.1068,17573.00,0.0626,0.1580
63,SegFormer Temp Scaling (FL),0.10,0.0099,16453.00,0.0574,0.1727,0.1145,16453.00,0.0574,0.1727
63,SegFormer Temp Scaling (FL),0.15,0.0099,12512.00,0.0360,0.2871,0.1029,12512.00,0.0360,0.2871
63,SegFormer Temp Scaling (FL),0.20,0.0099,10815.00,0.0273,0.3258,0.1141,10815.00,0.0273,0.3258
63,SegFormer Temp Scaling (FL),0.30,0.0099,9096.00,0.0112,0.5143,0.1825,9096.00,0.0112,0.5143
63,SegFormer Temp Scaling (FL),0.40,0.0099,8291.00,0.0072,0.5297,0.1855,8291.00,0.0072,0.5297
63,SegFormer Temp Scaling (FL),0.50,0.0099,8953.00,0.0040,0.6494,0.1770,8953.00,0.0040,0.6494
63,SegFormer Matrix Scaling (FL),0.02,0.0172,29027.00,0.1140,0.0437,0.0982,29027.00,0.1140,0.0437
63,SegFormer Matrix Scaling (FL),0.05,0.0172,14015.00,0.0423,0.2811,0.2640,14015.00,0.0423,0.2811
63,SegFormer Matrix Scaling (FL),0.08,0.0172,12413.00,0.0330,0.3396,0.2566,12413.00,0.0330,0.3396
63,SegFormer Matrix Scaling (FL),0.10,0.0172,11509.00,0.0237,0.4560,0.3047,11509.00,0.0237,0.4560
63,SegFormer Matrix Scaling (FL),0.15,0.0172,9096.00,0.0112,0.5143,0.3884,9096.00,0.0112,0.5143
63,SegFormer Matrix Scaling (FL),0.20,0.0172,8566.00,0.0059,0.5795,0.4386,8566.00,0.0059,0.5795
63,SegFormer Matrix Scaling (FL),0.30,0.0172,9819.00,0.0020,0.7623,0.4185,9819.00,0.0020,0.7623
63,SegFormer Matrix Scaling (FL),0.40,0.0172,12238.00,0.0000,1.0000,0.0236,12238.00,0.0000,1.0000
63,SegFormer Matrix Scaling (FL),0.50,0.0172,12238.00,0.0000,1.0000,0.0236,12238.00,0.0000,1.0000
63,MobileNetV4 Base (CE),0.02,0.0322,83605.00,0.3345,0.0000,0.0245,83605.00,0.3345,0.0000
63,MobileNetV4 Base (CE),0.05,0.0322,56599.00,0.2264,0.0016,0.0367,56599.00,0.2264,0.0016
63,MobileNetV4 Base (CE),0.08,0.0322,42679.00,0.1704,0.0078,0.0711,42679.00,0.1704,0.0078
63,MobileNetV4 Base (CE),0.10,0.0322,35563.00,0.1410,0.0273,0.0818,35563.00,0.1410,0.0273
63,MobileNetV4 Base (CE),0.15,0.0322,24230.00,0.0937,0.0668,0.0575,24230.00,0.0937,0.0668
63,MobileNetV4 Base (CE),0.20,0.0322,19145.00,0.0709,0.1166,0.0377,19145.00,0.0709,0.1166
63,MobileNetV4 Base (CE),0.30,0.0322,12329.00,0.0360,0.2725,0.0810,12329.00,0.0360,0.2725
63,MobileNetV4 Base (CE),0.40,0.0322,8480.00,0.0123,0.4425,0.1027,8480.00,0.0123,0.4425
63,MobileNetV4 Base (CE),0.50,0.0322,8566.00,0.0059,0.5795,0.1505,8566.00,0.0059,0.5795
63,MobileNetV4 Temp Scaling (CE),0.02,0.0098,50615.00,0.2025,0.0016,0.0128,50615.00,0.2025,0.0016
63,MobileNetV4 Temp Scaling (CE),0.05,0.0098,34440.00,0.1368,0.0215,0.0333,34440.00,0.1368,0.0215
63,MobileNetV4 Temp Scaling (CE),0.08,0.0098,26168.00,0.1020,0.0556,0.0540,26168.00,0.1020,0.0556
63,MobileNetV4 Temp Scaling (CE),0.10,0.0098,23571.00,0.0908,0.0723,0.0504,23571.00,0.0908,0.0723
63,MobileNetV4 Temp Scaling (CE),0.15,0.0098,19145.00,0.0709,0.1166,0.0589,19145.00,0.0709,0.1166
63,MobileNetV4 Temp Scaling (CE),0.20,0.0098,15139.00,0.0508,0.1995,0.0653,15139.00,0.0508,0.1995
63,MobileNetV4 Temp Scaling (CE),0.30,0.0098,10625.00,0.0276,0.3050,0.0517,10625.00,0.0276,0.3050
63,MobileNetV4 Temp Scaling (CE),0.40,0.0098,8480.00,0.0123,0.4425,0.0702,8480.00,0.0123,0.4425
63,MobileNetV4 Temp Scaling (CE),0.50,0.0098,8566.00,0.0059,0.5795,0.1048,8566.00,0.0059,0.5795
63,MobileNetV4 Matrix Scaling (CE),0.02,0.0190,61449.00,0.2458,0.0008,0.0159,61449.00,0.2458,0.0008
63,MobileNetV4 Matrix Scaling (CE),0.05,0.0190,34568.00,0.1369,0.0289,0.0466,34568.00,0.1369,0.0289
63,MobileNetV4 Matrix Scaling (CE),0.08,0.0190,26052.00,0.1011,0.0643,0.0473,26052.00,0.1011,0.0643
63,MobileNetV4 Matrix Scaling (CE),0.10,0.0190,21915.00,0.0838,0.0789,0.0540,21915.00,0.0838,0.0789
63,MobileNetV4 Matrix Scaling (CE),0.15,0.0190,15554.00,0.0533,0.1818,0.0684,15554.00,0.0533,0.1818
63,MobileNetV4 Matrix Scaling (CE),0.20,0.0190,12589.00,0.0374,0.2648,0.1052,12589.00,0.0374,0.2648
63,MobileNetV4 Matrix Scaling (CE),0.30,0.0190,8484.00,0.0113,0.4627,0.1956,8484.00,0.0113,0.4627
63,MobileNetV4 Matrix Scaling (CE),0.40,0.0190,8852.00,0.0055,0.6110,0.1971,8852.00,0.0055,0.6110
63,MobileNetV4 Matrix Scaling (CE),0.50,0.0190,10145.00,0.0041,0.7449,0.1239,10145.00,0.0041,0.7449
63,MobileNetV4 Base (FL),0.02,0.0697,249906.00,1.0000,0.0000,0.0687,249906.00,1.0000,0.0000
63,MobileNetV4 Base (FL),0.05,0.0697,73287.00,0.2932,0.0005,0.0833,73287.00,0.2932,0.0005
63,MobileNetV4 Base (FL),0.08,0.0697,63906.00,0.2557,0.0012,0.0813,63906.00,0.2557,0.0012
63,MobileNetV4 Base (FL),0.10,0.0697,58444.00,0.2337,0.0026,0.0899,58444.00,0.2337,0.0026
63,MobileNetV4 Base (FL),0.15,0.0697,43410.00,0.1736,0.0028,0.1358,43410.00,0.1736,0.0028
63,MobileNetV4 Base (FL),0.20,0.0697,38113.00,0.1517,0.0159,0.1357,38113.00,0.1517,0.0159
63,MobileNetV4 Base (FL),0.30,0.0697,21750.00,0.0808,0.1267,0.1751,21750.00,0.0808,0.1267
63,MobileNetV4 Base (FL),0.40,0.0697,12329.00,0.0360,0.2725,0.0551,12329.00,0.0360,0.2725
63,MobileNetV4 Base (FL),0.50,0.0697,8855.00,0.0118,0.4819,0.1018,8855.00,0.0118,0.4819
63,MobileNetV4 Temp Scaling (FL),0.02,0.0211,53887.00,0.2155,0.0026,0.0341,53887.00,0.2155,0.0026
63,MobileNetV4 Temp Scaling (FL),0.05,0.0211,44168.00,0.1766,0.0028,0.0524,44168.00,0.1766,0.0028
63,MobileNetV4 Temp Scaling (FL),0.08,0.0211,39766.00,0.1586,0.0109,0.0640,39766.00,0.1586,0.0109
63,MobileNetV4 Temp Scaling (FL),0.10,0.0211,35895.00,0.1428,0.0173,0.0736,35895.00,0.1428,0.0173
63,MobileNetV4 Temp Scaling (FL),0.15,0.0211,27150.00,0.1057,0.0596,0.0835,27150.00,0.1057,0.0596
63,MobileNetV4 Temp Scaling (FL),0.20,0.0211,22871.00,0.0863,0.1066,0.1045,22871.00,0.0863,0.1066
63,MobileNetV4 Temp Scaling (FL),0.30,0.0211,14146.00,0.0458,0.2199,0.0650,14146.00,0.0458,0.2199
63,MobileNetV4 Temp Scaling (FL),0.40,0.0211,11784.00,0.0334,0.2802,0.0657,11784.00,0.0334,0.2802
63,MobileNetV4 Temp Scaling (FL),0.50,0.0211,8851.00,0.0128,0.4617,0.0858,8851.00,0.0128,0.4617
63,MobileNetV4 Matrix Scaling (FL),0.02,0.0232,67347.00,0.2695,0.0007,0.0130,67347.00,0.2695,0.0007
63,MobileNetV4 Matrix Scaling (FL),0.05,0.0232,44000.00,0.1759,0.0028,0.0283,44000.00,0.1759,0.0028
63,MobileNetV4 Matrix Scaling (FL),0.08,0.0232,38939.00,0.1552,0.0127,0.0404,38939.00,0.1552,0.0127
63,MobileNetV4 Matrix Scaling (FL),0.10,0.0232,33961.00,0.1345,0.0294,0.0549,33961.00,0.1345,0.0294
63,MobileNetV4 Matrix Scaling (FL),0.15,0.0232,21936.00,0.0826,0.1048,0.0577,21936.00,0.0826,0.1048
63,MobileNetV4 Matrix Scaling (FL),0.20,0.0232,15816.00,0.0549,0.1719,0.0777,15816.00,0.0549,0.1719
63,MobileNetV4 Matrix Scaling (FL),0.30,0.0232,9796.00,0.0207,0.3787,0.1665,9796.00,0.0207,0.3787
63,MobileNetV4 Matrix Scaling (FL),0.40,0.0232,8577.00,0.0068,0.5611,0.1785,8577.00,0.0068,0.5611
63,MobileNetV4 Matrix Scaling (FL),0.50,0.0232,8852.00,0.0055,0.6110,0.1754,8852.00,0.0055,0.6110
64,SegFormer Base (CE),0.02,0.0199,74684.00,0.3076,0.0001,0.0134,74684.00,0.3076,0.0001
64,SegFormer Base (CE),0.05,0.0199,57107.00,0.2341,0.0135,0.0266,57107.00,0.2341,0.0135
64,SegFormer Base (CE),0.08,0.0199,36031.00,0.1429,0.0684,0.0478,36031.00,0.1429,0.0684
64,SegFormer Base (CE),0.10,0.0199,30073.00,0.1162,0.0959,0.0513,30073.00,0.1162,0.0959
64,SegFormer Base (CE),0.15,0.0199,24413.00,0.0905,0.1265,0.0560,24413.00,0.0905,0.1265
64,SegFormer Base (CE),0.20,0.0199,19293.00,0.0652,0.1792,0.0529,19293.00,0.0652,0.1792
64,SegFormer Base (CE),0.30,0.0199,16473.00,0.0445,0.2928,0.0535,16473.00,0.0445,0.2928
64,SegFormer Base (CE),0.40,0.0199,14172.00,0.0164,0.5273,0.0805,14172.00,0.0164,0.5273
64,SegFormer Base (CE),0.50,0.0199,14358.00,0.0136,0.5720,0.0680,14358.00,0.0136,0.5720
64,SegFormer Temp Scaling (CE),0.02,0.0111,47882.00,0.1954,0.0228,0.0215,47882.00,0.1954,0.0228
64,SegFormer Temp Scaling (CE),0.05,0.0111,31236.00,0.1211,0.0949,0.0628,31236.00,0.1211,0.0949
64,SegFormer Temp Scaling (CE),0.08,0.0111,26096.00,0.0986,0.1118,0.0631,26096.00,0.0986,0.1118
64,SegFormer Temp Scaling (CE),0.10,0.0111,24413.00,0.0905,0.1265,0.0613,24413.00,0.0905,0.1265
64,SegFormer Temp Scaling (CE),0.15,0.0111,20006.00,0.0693,0.1651,0.0603,20006.00,0.0693,0.1651
64,SegFormer Temp Scaling (CE),0.20,0.0111,18502.00,0.0595,0.2093,0.0645,18502.00,0.0595,0.2093
64,SegFormer Temp Scaling (CE),0.30,0.0111,15773.00,0.0364,0.3582,0.0784,15773.00,0.0364,0.3582
64,SegFormer Temp Scaling (CE),0.40,0.0111,14135.00,0.0177,0.5095,0.0889,14135.00,0.0177,0.5095
64,SegFormer Temp Scaling (CE),0.50,0.0111,14193.00,0.0140,0.5582,0.0889,14193.00,0.0140,0.5582
64,SegFormer Matrix Scaling (CE),0.02,0.0211,53202.00,0.2180,0.0145,0.0244,53202.00,0.2180,0.0145
64,SegFormer Matrix Scaling (CE),0.05,0.0211,29150.00,0.1122,0.0983,0.1315,29150.00,0.1122,0.0983
64,SegFormer Matrix Scaling (CE),0.08,0.0211,24413.00,0.0905,0.1265,0.1232,24413.00,0.0905,0.1265
64,SegFormer Matrix Scaling (CE),0.10,0.0211,21217.00,0.0751,0.1542,0.1280,21217.00,0.0751,0.1542
64,SegFormer Matrix Scaling (CE),0.15,0.0211,17136.00,0.0498,0.2603,0.1405,17136.00,0.0498,0.2603
64,SegFormer Matrix Scaling (CE),0.20,0.0211,16835.00,0.0425,0.3371,0.1629,16835.00,0.0425,0.3371
64,SegFormer Matrix Scaling (CE),0.30,0.0211,14265.00,0.0187,0.5031,0.1628,14265.00,0.0187,0.5031
64,SegFormer Matrix Scaling (CE),0.40,0.0211,14262.00,0.0084,0.6329,0.1694,14262.00,0.0084,0.6329
64,SegFormer Matrix Scaling (CE),0.50,0.0211,14401.00,0.0050,0.6827,0.1960,14401.00,0.0050,0.6827
64,SegFormer Base (FL),0.02,0.0730,242814.00,1.0000,0.0000,0.0703,242814.00,1.0000,0.0000
64,SegFormer Base (FL),0.05,0.0730,242814.00,1.0000,0.0000,0.0703,242814.00,1.0000,0.0000
64,SegFormer Base (FL),0.08,0.0730,83582.00,0.3442,0.0000,0.0701,83582.00,0.3442,0.0000
64,SegFormer Base (FL),0.10,0.0730,75456.00,0.3107,0.0008,0.0790,75456.00,0.3107,0.0008
64,SegFormer Base (FL),0.15,0.0730,50676.00,0.2070,0.0211,0.0830,50676.00,0.2070,0.0211
64,SegFormer Base (FL),0.20,0.0730,35424.00,0.1416,0.0545,0.0573,35424.00,0.1416,0.0545
64,SegFormer Base (FL),0.30,0.0730,19970.00,0.0691,0.1648,0.0621,19970.00,0.0691,0.1648
64,SegFormer Base (FL),0.40,0.0730,16384.00,0.0432,0.3050,0.0657,16384.00,0.0432,0.3050
64,SegFormer Base (FL),0.50,0.0730,14111.00,0.0150,0.5414,0.0587,14111.00,0.0150,0.5414
64,SegFormer Temp Scaling (FL),0.02,0.0126,72794.00,0.2995,0.0033,0.0072,72794.00,0.2995,0.0033
64,SegFormer Temp Scaling (FL),0.05,0.0126,52376.00,0.2146,0.0141,0.0226,52376.00,0.2146,0.0141
64,SegFormer Temp Scaling (FL),0.08,0.0126,41759.00,0.1691,0.0360,0.0240,41759.00,0.1691,0.0360
64,SegFormer Temp Scaling (FL),0.10,0.0126,35511.00,0.1427,0.0442,0.0255,35511.00,0.1427,0.0442
64,SegFormer Temp Scaling (FL),0.15,0.0126,25955.00,0.1004,0.0818,0.0778,25955.00,0.1004,0.0818
64,SegFormer Temp Scaling (FL),0.20,0.0126,21005.00,0.0752,0.1420,0.0714,21005.00,0.0752,0.1420
64,SegFormer Temp Scaling (FL),0.30,0.0126,18411.00,0.0610,0.1867,0.0857,18411.00,0.0610,0.1867
64,SegFormer Temp Scaling (FL),0.40,0.0126,14875.00,0.0319,0.3691,0.0610,14875.00,0.0319,0.3691
64,SegFormer Temp Scaling (FL),0.50,0.0126,13853.00,0.0170,0.5032,0.0378,13853.00,0.0170,0.5032
64,SegFormer Matrix Scaling (FL),0.02,0.0300,57967.00,0.2379,0.0109,0.0138,57967.00,0.2379,0.0109
64,SegFormer Matrix Scaling (FL),0.05,0.0300,28769.00,0.1141,0.0550,0.1328,28769.00,0.1141,0.0550
64,SegFormer Matrix Scaling (FL),0.08,0.0300,21486.00,0.0767,0.1480,0.1886,21486.00,0.0767,0.1480
64,SegFormer Matrix Scaling (FL),0.10,0.0300,18832.00,0.0614,0.2027,0.2143,18832.00,0.0614,0.2027
64,SegFormer Matrix Scaling (FL),0.15,0.0300,16306.00,0.0422,0.3141,0.2488,16306.00,0.0422,0.3141
64,SegFormer Matrix Scaling (FL),0.20,0.0300,14888.00,0.0230,0.4810,0.3070,14888.00,0.0230,0.4810
64,SegFormer Matrix Scaling (FL),0.30,0.0300,14306.00,0.0071,0.6515,0.3110,14306.00,0.0071,0.6515
64,SegFormer Matrix Scaling (FL),0.40,0.0300,17216.00,0.0014,0.8734,0.2232,17216.00,0.0014,0.8734
64,SegFormer Matrix Scaling (FL),0.50,0.0300,17629.00,0.0004,0.9074,0.2164,17629.00,0.0004,0.9074
64,MobileNetV4 Base (CE),0.02,0.0565,102816.00,0.4234,0.0000,0.0415,102816.00,0.4234,0.0000
64,MobileNetV4 Base (CE),0.05,0.0565,80435.00,0.3312,0.0007,0.0636,80435.00,0.3312,0.0007
64,MobileNetV4 Base (CE),0.08,0.0565,75885.00,0.3125,0.0007,0.0644,75885.00,0.3125,0.0007
64,MobileNetV4 Base (CE),0.10,0.0565,71750.00,0.2954,0.0014,0.0760,71750.00,0.2954,0.0014
64,MobileNetV4 Base (CE),0.15,0.0565,54840.00,0.2247,0.0146,0.1051,54840.00,0.2247,0.0146
64,MobileNetV4 Base (CE),0.20,0.0565,42531.00,0.1726,0.0320,0.1175,42531.00,0.1726,0.0320
64,MobileNetV4 Base (CE),0.30,0.0565,27425.00,0.1067,0.0789,0.1370,27425.00,0.1067,0.0789
64,MobileNetV4 Base (CE),0.40,0.0565,18394.00,0.0601,0.1961,0.1141,18394.00,0.0601,0.1961
64,MobileNetV4 Base (CE),0.50,0.0565,14069.00,0.0283,0.3726,0.1053,14069.00,0.0283,0.3726
64,MobileNetV4 Temp Scaling (CE),0.02,0.0374,78041.00,0.3213,0.0007,0.0326,78041.00,0.3213,0.0007
64,MobileNetV4 Temp Scaling (CE),0.05,0.0374,71274.00,0.2934,0.0015,0.0410,71274.00,0.2934,0.0015
64,MobileNetV4 Temp Scaling (CE),0.08,0.0374,64350.00,0.2646,0.0055,0.0451,64350.00,0.2646,0.0055
64,MobileNetV4 Temp Scaling (CE),0.10,0.0374,55374.00,0.2270,0.0128,0.0579,55374.00,0.2270,0.0128
64,MobileNetV4 Temp Scaling (CE),0.15,0.0374,43196.00,0.1757,0.0272,0.0841,43196.00,0.1757,0.0272
64,MobileNetV4 Temp Scaling (CE),0.20,0.0374,31198.00,0.1246,0.0492,0.1368,31198.00,0.1246,0.0492
64,MobileNetV4 Temp Scaling (CE),0.30,0.0374,24952.00,0.0948,0.1003,0.1467,24952.00,0.0948,0.1003
64,MobileNetV4 Temp Scaling (CE),0.40,0.0374,17185.00,0.0528,0.2257,0.1445,17185.00,0.0528,0.2257
64,MobileNetV4 Temp Scaling (CE),0.50,0.0374,14069.00,0.0283,0.3726,0.1174,14069.00,0.0283,0.3726
64,MobileNetV4 Matrix Scaling (CE),0.02,0.0294,86979.00,0.3582,0.0007,0.0279,86979.00,0.3582,0.0007
64,MobileNetV4 Matrix Scaling (CE),0.05,0.0294,74016.00,0.3048,0.0009,0.0303,74016.00,0.3048,0.0009
64,MobileNetV4 Matrix Scaling (CE),0.08,0.0294,58615.00,0.2407,0.0090,0.0463,58615.00,0.2407,0.0090
64,MobileNetV4 Matrix Scaling (CE),0.10,0.0294,49092.00,0.2008,0.0174,0.0515,49092.00,0.2008,0.0174
64,MobileNetV4 Matrix Scaling (CE),0.15,0.0294,31430.00,0.1256,0.0486,0.0454,31430.00,0.1256,0.0486
64,MobileNetV4 Matrix Scaling (CE),0.20,0.0294,26292.00,0.1017,0.0825,0.0584,26292.00,0.1017,0.0825
64,MobileNetV4 Matrix Scaling (CE),0.30,0.0294,17464.00,0.0548,0.2146,0.0643,17464.00,0.0548,0.2146
64,MobileNetV4 Matrix Scaling (CE),0.40,0.0294,14279.00,0.0246,0.4298,0.0907,14279.00,0.0246,0.4298
64,MobileNetV4 Matrix Scaling (CE),0.50,0.0294,14193.00,0.0140,0.5582,0.1120,14193.00,0.0140,0.5582
64,MobileNetV4 Base (FL),0.02,0.0911,239823.00,0.9877,0.0000,0.0388,239823.00,0.9877,0.0000
64,MobileNetV4 Base (FL),0.05,0.0911,86875.00,0.3576,0.0022,0.0949,86875.00,0.3576,0.0022
64,MobileNetV4 Base (FL),0.08,0.0911,78939.00,0.3249,0.0029,0.1195,78939.00,0.3249,0.0029
64,MobileNetV4 Base (FL),0.10,0.0911,78939.00,0.3249,0.0029,0.1195,78939.00,0.3249,0.0029
64,MobileNetV4 Base (FL),0.15,0.0911,73412.00,0.3019,0.0061,0.1282,73412.00,0.3019,0.0061
64,MobileNetV4 Base (FL),0.20,0.0911,67081.00,0.2757,0.0066,0.1469,67081.00,0.2757,0.0066
64,MobileNetV4 Base (FL),0.30,0.0911,44057.00,0.1793,0.0270,0.1861,44057.00,0.1793,0.0270
64,MobileNetV4 Base (FL),0.40,0.0911,26466.00,0.1015,0.0937,0.1954,26466.00,0.1015,0.0937
64,MobileNetV4 Base (FL),0.50,0.0911,15193.00,0.0380,0.3083,0.0851,15193.00,0.0380,0.3083
64,MobileNetV4 Temp Scaling (FL),0.02,0.0542,78939.00,0.3249,0.0029,0.0848,78939.00,0.3249,0.0029
64,MobileNetV4 Temp Scaling (FL),0.05,0.0542,76227.00,0.3137,0.0029,0.0563,76227.00,0.3137,0.0029
64,MobileNetV4 Temp Scaling (FL),0.08,0.0542,70770.00,0.2910,0.0058,0.0670,70770.00,0.2910,0.0058
64,MobileNetV4 Temp Scaling (FL),0.10,0.0542,66616.00,0.2736,0.0091,0.0701,66616.00,0.2736,0.0091
64,MobileNetV4 Temp Scaling (FL),0.15,0.0542,57481.00,0.2357,0.0126,0.0913,57481.00,0.2357,0.0126
64,MobileNetV4 Temp Scaling (FL),0.20,0.0542,46098.00,0.1882,0.0209,0.1372,46098.00,0.1882,0.0209
64,MobileNetV4 Temp Scaling (FL),0.30,0.0542,27544.00,0.1075,0.0741,0.2095,27544.00,0.1075,0.0741
64,MobileNetV4 Temp Scaling (FL),0.40,0.0542,23284.00,0.0871,0.1106,0.2208,23284.00,0.0871,0.1106
64,MobileNetV4 Temp Scaling (FL),0.50,0.0542,15914.00,0.0428,0.2855,0.1800,15914.00,0.0428,0.2855
64,MobileNetV4 Matrix Scaling (FL),0.02,0.0361,80455.00,0.3312,0.0022,0.0395,80455.00,0.3312,0.0022
64,MobileNetV4 Matrix Scaling (FL),0.05,0.0361,75562.00,0.3108,0.0053,0.0415,75562.00,0.3108,0.0053
64,MobileNetV4 Matrix Scaling (FL),0.08,0.0361,68965.00,0.2835,0.0066,0.0439,68965.00,0.2835,0.0066
64,MobileNetV4 Matrix Scaling (FL),0.10,0.0361,61182.00,0.2511,0.0106,0.0626,61182.00,0.2511,0.0106
64,MobileNetV4 Matrix Scaling (FL),0.15,0.0361,44847.00,0.1827,0.0247,0.0615,44847.00,0.1827,0.0247
64,MobileNetV4 Matrix Scaling (FL),0.20,0.0361,30154.00,0.1195,0.0585,0.0521,30154.00,0.1195,0.0585
64,MobileNetV4 Matrix Scaling (FL),0.30,0.0361,19785.00,0.0662,0.1923,0.0520,19785.00,0.0662,0.1923
64,MobileNetV4 Matrix Scaling (FL),0.40,0.0361,14651.00,0.0307,0.3718,0.0612,14651.00,0.0307,0.3718
64,MobileNetV4 Matrix Scaling (FL),0.50,0.0361,14162.00,0.0149,0.5455,0.0822,14162.00,0.0149,0.5455
7,SegFormer Base (CE),0.02,0.0268,223220.00,0.8518,0.0000,0.0193,223220.00,0.8518,0.0000
7,SegFormer Base (CE),0.05,0.0268,13906.00,0.0529,0.5244,0.0406,13906.00,0.0529,0.5244
7,SegFormer Base (CE),0.08,0.0268,10152.00,0.0384,1.0000,0.0752,10152.00,0.0384,1.0000
7,SegFormer Base (CE),0.10,0.0268,2949.00,0.0109,1.0000,0.0687,2949.00,0.0109,1.0000
7,SegFormer Base (CE),0.15,0.0268,82.00,0.0000,1.0000,0.0269,82.00,0.0000,1.0000
7,SegFormer Base (CE),0.20,0.0268,82.00,0.0000,1.0000,0.0269,82.00,0.0000,1.0000
7,SegFormer Base (CE),0.30,0.0268,82.00,0.0000,1.0000,0.0269,82.00,0.0000,1.0000
7,SegFormer Base (CE),0.40,0.0268,82.00,0.0000,1.0000,0.0269,82.00,0.0000,1.0000
7,SegFormer Base (CE),0.50,0.0268,82.00,0.0000,1.0000,0.0269,82.00,0.0000,1.0000
7,SegFormer Temp Scaling (CE),0.02,0.0010,596.00,0.0020,1.0000,0.0105,596.00,0.0020,1.0000
7,SegFormer Temp Scaling (CE),0.05,0.0010,82.00,0.0000,1.0000,0.0009,82.00,0.0000,1.0000
7,SegFormer Temp Scaling (CE),0.08,0.0010,82.00,0.0000,1.0000,0.0009,82.00,0.0000,1.0000
7,SegFormer Temp Scaling (CE),0.10,0.0010,82.00,0.0000,1.0000,0.0009,82.00,0.0000,1.0000
7,SegFormer Temp Scaling (CE),0.15,0.0010,82.00,0.0000,1.0000,0.0009,82.00,0.0000,1.0000
7,SegFormer Temp Scaling (CE),0.20,0.0010,82.00,0.0000,1.0000,0.0009,82.00,0.0000,1.0000
7,SegFormer Temp Scaling (CE),0.30,0.0010,82.00,0.0000,1.0000,0.0009,82.00,0.0000,1.0000
7,SegFormer Temp Scaling (CE),0.40,0.0010,82.00,0.0000,1.0000,0.0009,82.00,0.0000,1.0000
7,SegFormer Temp Scaling (CE),0.50,0.0010,82.00,0.0000,1.0000,0.0009,82.00,0.0000,1.0000
7,SegFormer Matrix Scaling (CE),0.02,0.0118,40283.00,0.1536,0.3049,0.0250,40283.00,0.1536,0.3049
7,SegFormer Matrix Scaling (CE),0.05,0.0118,5719.00,0.0217,0.5244,0.0408,5719.00,0.0217,0.5244
7,SegFormer Matrix Scaling (CE),0.08,0.0118,82.00,0.0000,1.0000,0.0123,82.00,0.0000,1.0000
7,SegFormer Matrix Scaling (CE),0.10,0.0118,82.00,0.0000,1.0000,0.0123,82.00,0.0000,1.0000
7,SegFormer Matrix Scaling (CE),0.15,0.0118,82.00,0.0000,1.0000,0.0123,82.00,0.0000,1.0000
7,SegFormer Matrix Scaling (CE),0.20,0.0118,82.00,0.0000,1.0000,0.0123,82.00,0.0000,1.0000
7,SegFormer Matrix Scaling (CE),0.30,0.0118,82.00,0.0000,1.0000,0.0123,82.00,0.0000,1.0000
7,SegFormer Matrix Scaling (CE),0.40,0.0118,82.00,0.0000,1.0000,0.0123,82.00,0.0000,1.0000
7,SegFormer Matrix Scaling (CE),0.50,0.0118,82.00,0.0000,1.0000,0.0123,82.00,0.0000,1.0000
7,SegFormer Base (FL),0.02,0.0611,262062.00,1.0000,0.0000,0.0613,262062.00,1.0000,0.0000
7,SegFormer Base (FL),0.05,0.0611,233072.00,0.8894,0.0000,0.0491,233072.00,0.8894,0.0000
7,SegFormer Base (FL),0.08,0.0611,25535.00,0.0973,0.3293,0.0837,25535.00,0.0973,0.3293
7,SegFormer Base (FL),0.10,0.0611,1662.00,0.0060,1.0000,0.0912,1662.00,0.0060,1.0000
7,SegFormer Base (FL),0.15,0.0611,82.00,0.0000,1.0000,0.0613,82.00,0.0000,1.0000
7,SegFormer Base (FL),0.20,0.0611,82.00,0.0000,1.0000,0.0613,82.00,0.0000,1.0000
7,SegFormer Base (FL),0.30,0.0611,82.00,0.0000,1.0000,0.0613,82.00,0.0000,1.0000
7,SegFormer Base (FL),0.40,0.0611,82.00,0.0000,1.0000,0.0613,82.00,0.0000,1.0000
7,SegFormer Base (FL),0.50,0.0611,82.00,0.0000,1.0000,0.0613,82.00,0.0000,1.0000
7,SegFormer Temp Scaling (FL),0.02,0.0038,575.00,0.0019,1.0000,0.0128,575.00,0.0019,1.0000
7,SegFormer Temp Scaling (FL),0.05,0.0038,82.00,0.0000,1.0000,0.0038,82.00,0.0000,1.0000
7,SegFormer Temp Scaling (FL),0.08,0.0038,82.00,0.0000,1.0000,0.0038,82.00,0.0000,1.0000
7,SegFormer Temp Scaling (FL),0.10,0.0038,82.00,0.0000,1.0000,0.0038,82.00,0.0000,1.0000
7,SegFormer Temp Scaling (FL),0.15,0.0038,82.00,0.0000,1.0000,0.0038,82.00,0.0000,1.0000
7,SegFormer Temp Scaling (FL),0.20,0.0038,82.00,0.0000,1.0000,0.0038,82.00,0.0000,1.0000
7,SegFormer Temp Scaling (FL),0.30,0.0038,82.00,0.0000,1.0000,0.0038,82.00,0.0000,1.0000
7,SegFormer Temp Scaling (FL),0.40,0.0038,82.00,0.0000,1.0000,0.0038,82.00,0.0000,1.0000
7,SegFormer Temp Scaling (FL),0.50,0.0038,82.00,0.0000,1.0000,0.0038,82.00,0.0000,1.0000
7,SegFormer Matrix Scaling (FL),0.02,0.0111,31636.00,0.1206,0.3049,0.0265,31636.00,0.1206,0.3049
7,SegFormer Matrix Scaling (FL),0.05,0.0111,4504.00,0.0170,0.5244,0.0385,4504.00,0.0170,0.5244
7,SegFormer Matrix Scaling (FL),0.08,0.0111,82.00,0.0000,1.0000,0.0118,82.00,0.0000,1.0000
7,SegFormer Matrix Scaling (FL),0.10,0.0111,82.00,0.0000,1.0000,0.0118,82.00,0.0000,1.0000
7,SegFormer Matrix Scaling (FL),0.15,0.0111,82.00,0.0000,1.0000,0.0118,82.00,0.0000,1.0000
7,SegFormer Matrix Scaling (FL),0.20,0.0111,82.00,0.0000,1.0000,0.0118,82.00,0.0000,1.0000
7,SegFormer Matrix Scaling (FL),0.30,0.0111,82.00,0.0000,1.0000,0.0118,82.00,0.0000,1.0000
7,SegFormer Matrix Scaling (FL),0.40,0.0111,82.00,0.0000,1.0000,0.0118,82.00,0.0000,1.0000
7,SegFormer Matrix Scaling (FL),0.50,0.0111,82.00,0.0000,1.0000,0.0118,82.00,0.0000,1.0000
7,MobileNetV4 Base (CE),0.02,0.0240,197024.00,0.7518,0.0000,0.0194,197024.00,0.7518,0.0000
7,MobileNetV4 Base (CE),0.05,0.0240,4866.00,0.0184,0.5000,0.0418,4866.00,0.0184,0.5000
7,MobileNetV4 Base (CE),0.08,0.0240,82.00,0.0000,1.0000,0.0244,82.00,0.0000,1.0000
7,MobileNetV4 Base (CE),0.10,0.0240,82.00,0.0000,1.0000,0.0244,82.00,0.0000,1.0000
7,MobileNetV4 Base (CE),0.15,0.0240,82.00,0.0000,1.0000,0.0244,82.00,0.0000,1.0000
7,MobileNetV4 Base (CE),0.20,0.0240,82.00,0.0000,1.0000,0.0244,82.00,0.0000,1.0000
7,MobileNetV4 Base (CE),0.30,0.0240,82.00,0.0000,1.0000,0.0244,82.00,0.0000,1.0000
7,MobileNetV4 Base (CE),0.40,0.0240,82.00,0.0000,1.0000,0.0244,82.00,0.0000,1.0000
7,MobileNetV4 Base (CE),0.50,0.0240,82.00,0.0000,1.0000,0.0244,82.00,0.0000,1.0000
7,MobileNetV4 Temp Scaling (CE),0.02,0.0039,3835.00,0.0145,0.3293,0.0057,3835.00,0.0145,0.3293
7,MobileNetV4 Temp Scaling (CE),0.05,0.0039,82.00,0.0000,1.0000,0.0041,82.00,0.0000,1.0000
7,MobileNetV4 Temp Scaling (CE),0.08,0.0039,82.00,0.0000,1.0000,0.0041,82.00,0.0000,1.0000
7,MobileNetV4 Temp Scaling (CE),0.10,0.0039,82.00,0.0000,1.0000,0.0041,82.00,0.0000,1.0000
7,MobileNetV4 Temp Scaling (CE),0.15,0.0039,82.00,0.0000,1.0000,0.0041,82.00,0.0000,1.0000
7,MobileNetV4 Temp Scaling (CE),0.20,0.0039,82.00,0.0000,1.0000,0.0041,82.00,0.0000,1.0000
7,MobileNetV4 Temp Scaling (CE),0.30,0.0039,82.00,0.0000,1.0000,0.0041,82.00,0.0000,1.0000
7,MobileNetV4 Temp Scaling (CE),0.40,0.0039,82.00,0.0000,1.0000,0.0041,82.00,0.0000,1.0000
7,MobileNetV4 Temp Scaling (CE),0.50,0.0039,82.00,0.0000,1.0000,0.0041,82.00,0.0000,1.0000
7,MobileNetV4 Matrix Scaling (CE),0.02,0.0145,34509.00,0.1317,0.0000,0.0275,34509.00,0.1317,0.0000
7,MobileNetV4 Matrix Scaling (CE),0.05,0.0145,3755.00,0.0142,0.5244,0.0382,3755.00,0.0142,0.5244
7,MobileNetV4 Matrix Scaling (CE),0.08,0.0145,82.00,0.0000,1.0000,0.0151,82.00,0.0000,1.0000
7,MobileNetV4 Matrix Scaling (CE),0.10,0.0145,82.00,0.0000,1.0000,0.0151,82.00,0.0000,1.0000
7,MobileNetV4 Matrix Scaling (CE),0.15,0.0145,82.00,0.0000,1.0000,0.0151,82.00,0.0000,1.0000
7,MobileNetV4 Matrix Scaling (CE),0.20,0.0145,82.00,0.0000,1.0000,0.0151,82.00,0.0000,1.0000
7,MobileNetV4 Matrix Scaling (CE),0.30,0.0145,82.00,0.0000,1.0000,0.0151,82.00,0.0000,1.0000
7,MobileNetV4 Matrix Scaling (CE),0.40,0.0145,82.00,0.0000,1.0000,0.0151,82.00,0.0000,1.0000
7,MobileNetV4 Matrix Scaling (CE),0.50,0.0145,82.00,0.0000,1.0000,0.0151,82.00,0.0000,1.0000
7,MobileNetV4 Base (FL),0.02,0.0579,262062.00,1.0000,0.0000,0.0579,262062.00,1.0000,0.0000
7,MobileNetV4 Base (FL),0.05,0.0579,180652.00,0.6893,0.0000,0.0513,180652.00,0.6893,0.0000
7,MobileNetV4 Base (FL),0.08,0.0579,20370.00,0.0776,0.5244,0.0840,20370.00,0.0776,0.5244
7,MobileNetV4 Base (FL),0.10,0.0579,3041.00,0.0113,1.0000,0.1002,3041.00,0.0113,1.0000
7,MobileNetV4 Base (FL),0.15,0.0579,82.00,0.0000,1.0000,0.0579,82.00,0.0000,1.0000
7,MobileNetV4 Base (FL),0.20,0.0579,82.00,0.0000,1.0000,0.0579,82.00,0.0000,1.0000
7,MobileNetV4 Base (FL),0.30,0.0579,82.00,0.0000,1.0000,0.0579,82.00,0.0000,1.0000
7,MobileNetV4 Base (FL),0.40,0.0579,82.00,0.0000,1.0000,0.0579,82.00,0.0000,1.0000
7,MobileNetV4 Base (FL),0.50,0.0579,82.00,0.0000,1.0000,0.0579,82.00,0.0000,1.0000
7,MobileNetV4 Temp Scaling (FL),0.02,0.0052,5442.00,0.0206,0.5244,0.0291,5442.00,0.0206,0.5244
7,MobileNetV4 Temp Scaling (FL),0.05,0.0052,1691.00,0.0061,1.0000,0.0447,1691.00,0.0061,1.0000
7,MobileNetV4 Temp Scaling (FL),0.08,0.0052,1691.00,0.0061,1.0000,0.0447,1691.00,0.0061,1.0000
7,MobileNetV4 Temp Scaling (FL),0.10,0.0052,82.00,0.0000,1.0000,0.0054,82.00,0.0000,1.0000
7,MobileNetV4 Temp Scaling (FL),0.15,0.0052,82.00,0.0000,1.0000,0.0054,82.00,0.0000,1.0000
7,MobileNetV4 Temp Scaling (FL),0.20,0.0052,82.00,0.0000,1.0000,0.0054,82.00,0.0000,1.0000
7,MobileNetV4 Temp Scaling (FL),0.30,0.0052,82.00,0.0000,1.0000,0.0054,82.00,0.0000,1.0000
7,MobileNetV4 Temp Scaling (FL),0.40,0.0052,82.00,0.0000,1.0000,0.0054,82.00,0.0000,1.0000
7,MobileNetV4 Temp Scaling (FL),0.50,0.0052,82.00,0.0000,1.0000,0.0054,82.00,0.0000,1.0000
7,MobileNetV4 Matrix Scaling (FL),0.02,0.0179,80931.00,0.3088,0.0244,0.0231,80931.00,0.3088,0.0244
7,MobileNetV4 Matrix Scaling (FL),0.05,0.0179,4281.00,0.0162,0.5244,0.0468,4281.00,0.0162,0.5244
7,MobileNetV4 Matrix Scaling (FL),0.08,0.0179,1691.00,0.0061,1.0000,0.0532,1691.00,0.0061,1.0000
7,MobileNetV4 Matrix Scaling (FL),0.10,0.0179,82.00,0.0000,1.0000,0.0182,82.00,0.0000,1.0000
7,MobileNetV4 Matrix Scaling (FL),0.15,0.0179,82.00,0.0000,1.0000,0.0182,82.00,0.0000,1.0000
7,MobileNetV4 Matrix Scaling (FL),0.20,0.0179,82.00,0.0000,1.0000,0.0182,82.00,0.0000,1.0000
7,MobileNetV4 Matrix Scaling (FL),0.30,0.0179,82.00,0.0000,1.0000,0.0182,82.00,0.0000,1.0000
7,MobileNetV4 Matrix Scaling (FL),0.40,0.0179,82.00,0.0000,1.0000,0.0182,82.00,0.0000,1.0000
7,MobileNetV4 Matrix Scaling (FL),0.50,0.0179,82.00,0.0000,1.0000,0.0182,82.00,0.0000,1.0000
8,SegFormer Base (CE),0.02,0.0257,208435.00,0.7951,0.0000,0.0195,208435.00,0.7951,0.0000
8,SegFormer Base (CE),0.05,0.0257,17053.00,0.0651,0.0000,0.0473,17053.00,0.0651,0.0000
8,SegFormer Base (CE),0.08,0.0257,5163.00,0.0197,0.0000,0.0689,5163.00,0.0197,0.0000
8,SegFormer Base (CE),0.10,0.0257,0.00,0.0000,0.0000,0.0257,0.00,0.0000,0.0000
8,SegFormer Base (CE),0.15,0.0257,0.00,0.0000,0.0000,0.0257,0.00,0.0000,0.0000
8,SegFormer Base (CE),0.20,0.0257,0.00,0.0000,0.0000,0.0257,0.00,0.0000,0.0000
8,SegFormer Base (CE),0.30,0.0257,0.00,0.0000,0.0000,0.0257,0.00,0.0000,0.0000
8,SegFormer Base (CE),0.40,0.0257,0.00,0.0000,0.0000,0.0257,0.00,0.0000,0.0000
8,SegFormer Base (CE),0.50,0.0257,0.00,0.0000,0.0000,0.0257,0.00,0.0000,0.0000
8,SegFormer Temp Scaling (CE),0.02,0.0010,0.00,0.0000,0.0000,0.0010,0.00,0.0000,0.0000
8,SegFormer Temp Scaling (CE),0.05,0.0010,0.00,0.0000,0.0000,0.0010,0.00,0.0000,0.0000
8,SegFormer Temp Scaling (CE),0.08,0.0010,0.00,0.0000,0.0000,0.0010,0.00,0.0000,0.0000
8,SegFormer Temp Scaling (CE),0.10,0.0010,0.00,0.0000,0.0000,0.0010,0.00,0.0000,0.0000
8,SegFormer Temp Scaling (CE),0.15,0.0010,0.00,0.0000,0.0000,0.0010,0.00,0.0000,0.0000
8,SegFormer Temp Scaling (CE),0.20,0.0010,0.00,0.0000,0.0000,0.0010,0.00,0.0000,0.0000
8,SegFormer Temp Scaling (CE),0.30,0.0010,0.00,0.0000,0.0000,0.0010,0.00,0.0000,0.0000
8,SegFormer Temp Scaling (CE),0.40,0.0010,0.00,0.0000,0.0000,0.0010,0.00,0.0000,0.0000
8,SegFormer Temp Scaling (CE),0.50,0.0010,0.00,0.0000,0.0000,0.0010,0.00,0.0000,0.0000
8,SegFormer Matrix Scaling (CE),0.02,0.0121,44725.00,0.1706,0.0000,0.0351,44725.00,0.1706,0.0000
8,SegFormer Matrix Scaling (CE),0.05,0.0121,5373.00,0.0205,0.0000,0.0652,5373.00,0.0205,0.0000
8,SegFormer Matrix Scaling (CE),0.08,0.0121,1200.00,0.0046,0.0000,0.0671,1200.00,0.0046,0.0000
8,SegFormer Matrix Scaling (CE),0.10,0.0121,463.00,0.0018,0.0000,0.0583,463.00,0.0018,0.0000
8,SegFormer Matrix Scaling (CE),0.15,0.0121,0.00,0.0000,0.0000,0.0126,0.00,0.0000,0.0000
8,SegFormer Matrix Scaling (CE),0.20,0.0121,0.00,0.0000,0.0000,0.0126,0.00,0.0000,0.0000
8,SegFormer Matrix Scaling (CE),0.30,0.0121,0.00,0.0000,0.0000,0.0126,0.00,0.0000,0.0000
8,SegFormer Matrix Scaling (CE),0.40,0.0121,0.00,0.0000,0.0000,0.0126,0.00,0.0000,0.0000
8,SegFormer Matrix Scaling (CE),0.50,0.0121,0.00,0.0000,0.0000,0.0126,0.00,0.0000,0.0000
8,SegFormer Base (FL),0.02,0.0574,262144.00,1.0000,0.0000,0.0574,262144.00,1.0000,0.0000
8,SegFormer Base (FL),0.05,0.0574,185449.00,0.7074,0.0000,0.0480,185449.00,0.7074,0.0000
8,SegFormer Base (FL),0.08,0.0574,17431.00,0.0665,0.0000,0.0835,17431.00,0.0665,0.0000
8,SegFormer Base (FL),0.10,0.0574,2105.00,0.0080,0.0000,0.0924,2105.00,0.0080,0.0000
8,SegFormer Base (FL),0.15,0.0574,0.00,0.0000,0.0000,0.0574,0.00,0.0000,0.0000
8,SegFormer Base (FL),0.20,0.0574,0.00,0.0000,0.0000,0.0574,0.00,0.0000,0.0000
8,SegFormer Base (FL),0.30,0.0574,0.00,0.0000,0.0000,0.0574,0.00,0.0000,0.0000
8,SegFormer Base (FL),0.40,0.0574,0.00,0.0000,0.0000,0.0574,0.00,0.0000,0.0000
8,SegFormer Base (FL),0.50,0.0574,0.00,0.0000,0.0000,0.0574,0.00,0.0000,0.0000
8,SegFormer Temp Scaling (FL),0.02,0.0034,463.00,0.0018,0.0000,0.0123,463.00,0.0018,0.0000
8,SegFormer Temp Scaling (FL),0.05,0.0034,0.00,0.0000,0.0000,0.0035,0.00,0.0000,0.0000
8,SegFormer Temp Scaling (FL),0.08,0.0034,0.00,0.0000,0.0000,0.0035,0.00,0.0000,0.0000
8,SegFormer Temp Scaling (FL),0.10,0.0034,0.00,0.0000,0.0000,0.0035,0.00,0.0000,0.0000
8,SegFormer Temp Scaling (FL),0.15,0.0034,0.00,0.0000,0.0000,0.0035,0.00,0.0000,0.0000
8,SegFormer Temp Scaling (FL),0.20,0.0034,0.00,0.0000,0.0000,0.0035,0.00,0.0000,0.0000
8,SegFormer Temp Scaling (FL),0.30,0.0034,0.00,0.0000,0.0000,0.0035,0.00,0.0000,0.0000
8,SegFormer Temp Scaling (FL),0.40,0.0034,0.00,0.0000,0.0000,0.0035,0.00,0.0000,0.0000
8,SegFormer Temp Scaling (FL),0.50,0.0034,0.00,0.0000,0.0000,0.0035,0.00,0.0000,0.0000
8,SegFormer Matrix Scaling (FL),0.02,0.0117,41784.00,0.1594,0.0000,0.0194,41784.00,0.1594,0.0000
8,SegFormer Matrix Scaling (FL),0.05,0.0117,4454.00,0.0170,0.0000,0.0741,4454.00,0.0170,0.0000
8,SegFormer Matrix Scaling (FL),0.08,0.0117,2528.00,0.0096,0.0000,0.0806,2528.00,0.0096,0.0000
8,SegFormer Matrix Scaling (FL),0.10,0.0117,463.00,0.0018,0.0000,0.0695,463.00,0.0018,0.0000
8,SegFormer Matrix Scaling (FL),0.15,0.0117,0.00,0.0000,0.0000,0.0123,0.00,0.0000,0.0000
8,SegFormer Matrix Scaling (FL),0.20,0.0117,0.00,0.0000,0.0000,0.0123,0.00,0.0000,0.0000
8,SegFormer Matrix Scaling (FL),0.30,0.0117,0.00,0.0000,0.0000,0.0123,0.00,0.0000,0.0000
8,SegFormer Matrix Scaling (FL),0.40,0.0117,0.00,0.0000,0.0000,0.0123,0.00,0.0000,0.0000
8,SegFormer Matrix Scaling (FL),0.50,0.0117,0.00,0.0000,0.0000,0.0123,0.00,0.0000,0.0000
8,MobileNetV4 Base (CE),0.02,0.0228,185068.00,0.7060,0.0000,0.0194,185068.00,0.7060,0.0000
8,MobileNetV4 Base (CE),0.05,0.0228,1363.00,0.0052,0.0000,0.0386,1363.00,0.0052,0.0000
8,MobileNetV4 Base (CE),0.08,0.0228,0.00,0.0000,0.0000,0.0230,0.00,0.0000,0.0000
8,MobileNetV4 Base (CE),0.10,0.0228,0.00,0.0000,0.0000,0.0230,0.00,0.0000,0.0000
8,MobileNetV4 Base (CE),0.15,0.0228,0.00,0.0000,0.0000,0.0230,0.00,0.0000,0.0000
8,MobileNetV4 Base (CE),0.20,0.0228,0.00,0.0000,0.0000,0.0230,0.00,0.0000,0.0000
8,MobileNetV4 Base (CE),0.30,0.0228,0.00,0.0000,0.0000,0.0230,0.00,0.0000,0.0000
8,MobileNetV4 Base (CE),0.40,0.0228,0.00,0.0000,0.0000,0.0230,0.00,0.0000,0.0000
8,MobileNetV4 Base (CE),0.50,0.0228,0.00,0.0000,0.0000,0.0230,0.00,0.0000,0.0000
8,MobileNetV4 Temp Scaling (CE),0.02,0.0037,1363.00,0.0052,0.0000,0.0126,1363.00,0.0052,0.0000
8,MobileNetV4 Temp Scaling (CE),0.05,0.0037,0.00,0.0000,0.0000,0.0038,0.00,0.0000,0.0000
8,MobileNetV4 Temp Scaling (CE),0.08,0.0037,0.00,0.0000,0.0000,0.0038,0.00,0.0000,0.0000
8,MobileNetV4 Temp Scaling (CE),0.10,0.0037,0.00,0.0000,0.0000,0.0038,0.00,0.0000,0.0000
8,MobileNetV4 Temp Scaling (CE),0.15,0.0037,0.00,0.0000,0.0000,0.0038,0.00,0.0000,0.0000
8,MobileNetV4 Temp Scaling (CE),0.20,0.0037,0.00,0.0000,0.0000,0.0038,0.00,0.0000,0.0000
8,MobileNetV4 Temp Scaling (CE),0.30,0.0037,0.00,0.0000,0.0000,0.0038,0.00,0.0000,0.0000
8,MobileNetV4 Temp Scaling (CE),0.40,0.0037,0.00,0.0000,0.0000,0.0038,0.00,0.0000,0.0000
8,MobileNetV4 Temp Scaling (CE),0.50,0.0037,0.00,0.0000,0.0000,0.0038,0.00,0.0000,0.0000
8,MobileNetV4 Matrix Scaling (CE),0.02,0.0142,31291.00,0.1194,0.0000,0.0283,31291.00,0.1194,0.0000
8,MobileNetV4 Matrix Scaling (CE),0.05,0.0142,4870.00,0.0186,0.0000,0.0517,4870.00,0.0186,0.0000
8,MobileNetV4 Matrix Scaling (CE),0.08,0.0142,0.00,0.0000,0.0000,0.0146,0.00,0.0000,0.0000
8,MobileNetV4 Matrix Scaling (CE),0.10,0.0142,0.00,0.0000,0.0000,0.0146,0.00,0.0000,0.0000
8,MobileNetV4 Matrix Scaling (CE),0.15,0.0142,0.00,0.0000,0.0000,0.0146,0.00,0.0000,0.0000
8,MobileNetV4 Matrix Scaling (CE),0.20,0.0142,0.00,0.0000,0.0000,0.0146,0.00,0.0000,0.0000
8,MobileNetV4 Matrix Scaling (CE),0.30,0.0142,0.00,0.0000,0.0000,0.0146,0.00,0.0000,0.0000
8,MobileNetV4 Matrix Scaling (CE),0.40,0.0142,0.00,0.0000,0.0000,0.0146,0.00,0.0000,0.0000
8,MobileNetV4 Matrix Scaling (CE),0.50,0.0142,0.00,0.0000,0.0000,0.0146,0.00,0.0000,0.0000
8,MobileNetV4 Base (FL),0.02,0.0530,262144.00,1.0000,0.0000,0.0528,262144.00,1.0000,0.0000
8,MobileNetV4 Base (FL),0.05,0.0530,144041.00,0.5495,0.0000,0.0519,144041.00,0.5495,0.0000
8,MobileNetV4 Base (FL),0.08,0.0530,6837.00,0.0261,0.0000,0.0898,6837.00,0.0261,0.0000
8,MobileNetV4 Base (FL),0.10,0.0530,3159.00,0.0121,0.0000,0.0959,3159.00,0.0121,0.0000
8,MobileNetV4 Base (FL),0.15,0.0530,0.00,0.0000,0.0000,0.0528,0.00,0.0000,0.0000
8,MobileNetV4 Base (FL),0.20,0.0530,0.00,0.0000,0.0000,0.0528,0.00,0.0000,0.0000
8,MobileNetV4 Base (FL),0.30,0.0530,0.00,0.0000,0.0000,0.0528,0.00,0.0000,0.0000
8,MobileNetV4 Base (FL),0.40,0.0530,0.00,0.0000,0.0000,0.0528,0.00,0.0000,0.0000
8,MobileNetV4 Base (FL),0.50,0.0530,0.00,0.0000,0.0000,0.0528,0.00,0.0000,0.0000
8,MobileNetV4 Temp Scaling (FL),0.02,0.0042,2909.00,0.0111,0.0000,0.0275,2909.00,0.0111,0.0000
8,MobileNetV4 Temp Scaling (FL),0.05,0.0042,1363.00,0.0052,0.0000,0.0323,1363.00,0.0052,0.0000
8,MobileNetV4 Temp Scaling (FL),0.08,0.0042,0.00,0.0000,0.0000,0.0043,0.00,0.0000,0.0000
8,MobileNetV4 Temp Scaling (FL),0.10,0.0042,0.00,0.0000,0.0000,0.0043,0.00,0.0000,0.0000
8,MobileNetV4 Temp Scaling (FL),0.15,0.0042,0.00,0.0000,0.0000,0.0043,0.00,0.0000,0.0000
8,MobileNetV4 Temp Scaling (FL),0.20,0.0042,0.00,0.0000,0.0000,0.0043,0.00,0.0000,0.0000
8,MobileNetV4 Temp Scaling (FL),0.30,0.0042,0.00,0.0000,0.0000,0.0043,0.00,0.0000,0.0000
8,MobileNetV4 Temp Scaling (FL),0.40,0.0042,0.00,0.0000,0.0000,0.0043,0.00,0.0000,0.0000
8,MobileNetV4 Temp Scaling (FL),0.50,0.0042,0.00,0.0000,0.0000,0.0043,0.00,0.0000,0.0000
8,MobileNetV4 Matrix Scaling (FL),0.02,0.0163,46393.00,0.1770,0.0000,0.0277,46393.00,0.1770,0.0000
8,MobileNetV4 Matrix Scaling (FL),0.05,0.0163,3286.00,0.0125,0.0000,0.0560,3286.00,0.0125,0.0000
8,MobileNetV4 Matrix Scaling (FL),0.08,0.0163,1363.00,0.0052,0.0000,0.0503,1363.00,0.0052,0.0000
8,MobileNetV4 Matrix Scaling (FL),0.10,0.0163,0.00,0.0000,0.0000,0.0164,0.00,0.0000,0.0000
8,MobileNetV4 Matrix Scaling (FL),0.15,0.0163,0.00,0.0000,0.0000,0.0164,0.00,0.0000,0.0000
8,MobileNetV4 Matrix Scaling (FL),0.20,0.0163,0.00,0.0000,0.0000,0.0164,0.00,0.0000,0.0000
8,MobileNetV4 Matrix Scaling (FL),0.30,0.0163,0.00,0.0000,0.0000,0.0164,0.00,0.0000,0.0000
8,MobileNetV4 Matrix Scaling (FL),0.40,0.0163,0.00,0.0000,0.0000,0.0164,0.00,0.0000,0.0000
8,MobileNetV4 Matrix Scaling (FL),0.50,0.0163,0.00,0.0000,0.0000,0.0164,0.00,0.0000,0.0000
9,SegFormer Base (CE),0.02,0.0254,197572.00,0.7555,0.0000,0.0190,197572.00,0.7555,0.0000
9,SegFormer Base (CE),0.05,0.0254,21448.00,0.0819,0.0583,0.0211,21448.00,0.0819,0.0583
9,SegFormer Base (CE),0.08,0.0254,6104.00,0.0219,0.6078,0.0530,6104.00,0.0219,0.6078
9,SegFormer Base (CE),0.10,0.0254,2955.00,0.0097,0.6856,0.0434,2955.00,0.0097,0.6856
9,SegFormer Base (CE),0.15,0.0254,617.00,0.0000,1.0000,0.0251,617.00,0.0000,1.0000
9,SegFormer Base (CE),0.20,0.0254,617.00,0.0000,1.0000,0.0251,617.00,0.0000,1.0000
9,SegFormer Base (CE),0.30,0.0254,617.00,0.0000,1.0000,0.0251,617.00,0.0000,1.0000
9,SegFormer Base (CE),0.40,0.0254,617.00,0.0000,1.0000,0.0251,617.00,0.0000,1.0000
9,SegFormer Base (CE),0.50,0.0254,617.00,0.0000,1.0000,0.0251,617.00,0.0000,1.0000
9,SegFormer Temp Scaling (CE),0.02,0.0002,4395.00,0.0161,0.2998,0.0287,4395.00,0.0161,0.2998
9,SegFormer Temp Scaling (CE),0.05,0.0002,1387.00,0.0037,0.6856,0.0485,1387.00,0.0037,0.6856
9,SegFormer Temp Scaling (CE),0.08,0.0002,617.00,0.0000,1.0000,0.0003,617.00,0.0000,1.0000
9,SegFormer Temp Scaling (CE),0.10,0.0002,617.00,0.0000,1.0000,0.0003,617.00,0.0000,1.0000
9,SegFormer Temp Scaling (CE),0.15,0.0002,617.00,0.0000,1.0000,0.0003,617.00,0.0000,1.0000
9,SegFormer Temp Scaling (CE),0.20,0.0002,617.00,0.0000,1.0000,0.0003,617.00,0.0000,1.0000
9,SegFormer Temp Scaling (CE),0.30,0.0002,617.00,0.0000,1.0000,0.0003,617.00,0.0000,1.0000
9,SegFormer Temp Scaling (CE),0.40,0.0002,617.00,0.0000,1.0000,0.0003,617.00,0.0000,1.0000
9,SegFormer Temp Scaling (CE),0.50,0.0002,617.00,0.0000,1.0000,0.0003,617.00,0.0000,1.0000
9,SegFormer Matrix Scaling (CE),0.02,0.0110,45708.00,0.1747,0.0438,0.0304,45708.00,0.1747,0.0438
9,SegFormer Matrix Scaling (CE),0.05,0.0110,9774.00,0.0365,0.3663,0.0299,9774.00,0.0365,0.3663
9,SegFormer Matrix Scaling (CE),0.08,0.0110,2702.00,0.0087,0.6856,0.0244,2702.00,0.0087,0.6856
9,SegFormer Matrix Scaling (CE),0.10,0.0110,617.00,0.0000,1.0000,0.0111,617.00,0.0000,1.0000
9,SegFormer Matrix Scaling (CE),0.15,0.0110,617.00,0.0000,1.0000,0.0111,617.00,0.0000,1.0000
9,SegFormer Matrix Scaling (CE),0.20,0.0110,617.00,0.0000,1.0000,0.0111,617.00,0.0000,1.0000
9,SegFormer Matrix Scaling (CE),0.30,0.0110,617.00,0.0000,1.0000,0.0111,617.00,0.0000,1.0000
9,SegFormer Matrix Scaling (CE),0.40,0.0110,617.00,0.0000,1.0000,0.0111,617.00,0.0000,1.0000
9,SegFormer Matrix Scaling (CE),0.50,0.0110,617.00,0.0000,1.0000,0.0111,617.00,0.0000,1.0000
9,SegFormer Base (FL),0.02,0.0597,261527.00,1.0000,0.0000,0.0600,261527.00,1.0000,0.0000
9,SegFormer Base (FL),0.05,0.0597,199658.00,0.7634,0.0000,0.0511,199658.00,0.7634,0.0000
9,SegFormer Base (FL),0.08,0.0597,39197.00,0.1499,0.0032,0.0814,39197.00,0.1499,0.0032
9,SegFormer Base (FL),0.10,0.0597,8098.00,0.0309,0.0308,0.0638,8098.00,0.0309,0.0308
9,SegFormer Base (FL),0.15,0.0597,2949.00,0.0101,0.4846,0.0617,2949.00,0.0101,0.4846
9,SegFormer Base (FL),0.20,0.0597,617.00,0.0000,1.0000,0.0600,617.00,0.0000,1.0000
9,SegFormer Base (FL),0.30,0.0597,617.00,0.0000,1.0000,0.0600,617.00,0.0000,1.0000
9,SegFormer Base (FL),0.40,0.0597,617.00,0.0000,1.0000,0.0600,617.00,0.0000,1.0000
9,SegFormer Base (FL),0.50,0.0597,617.00,0.0000,1.0000,0.0600,617.00,0.0000,1.0000
9,SegFormer Temp Scaling (FL),0.02,0.0040,11359.00,0.0434,0.0049,0.0021,11359.00,0.0434,0.0049
9,SegFormer Temp Scaling (FL),0.05,0.0040,5432.00,0.0205,0.1167,0.0100,5432.00,0.0205,0.1167
9,SegFormer Temp Scaling (FL),0.08,0.0040,2949.00,0.0101,0.4846,0.0003,2949.00,0.0101,0.4846
9,SegFormer Temp Scaling (FL),0.10,0.0040,1387.00,0.0037,0.6856,0.0333,1387.00,0.0037,0.6856
9,SegFormer Temp Scaling (FL),0.15,0.0040,617.00,0.0000,1.0000,0.0037,617.00,0.0000,1.0000
9,SegFormer Temp Scaling (FL),0.20,0.0040,617.00,0.0000,1.0000,0.0037,617.00,0.0000,1.0000
9,SegFormer Temp Scaling (FL),0.30,0.0040,617.00,0.0000,1.0000,0.0037,617.00,0.0000,1.0000
9,SegFormer Temp Scaling (FL),0.40,0.0040,617.00,0.0000,1.0000,0.0037,617.00,0.0000,1.0000
9,SegFormer Temp Scaling (FL),0.50,0.0040,617.00,0.0000,1.0000,0.0037,617.00,0.0000,1.0000
9,SegFormer Matrix Scaling (FL),0.02,0.0112,39195.00,0.1498,0.0162,0.0327,39195.00,0.1498,0.0162
9,SegFormer Matrix Scaling (FL),0.05,0.0112,12030.00,0.0454,0.2464,0.0347,12030.00,0.0454,0.2464
9,SegFormer Matrix Scaling (FL),0.08,0.0112,5628.00,0.0202,0.5494,0.0396,5628.00,0.0202,0.5494
9,SegFormer Matrix Scaling (FL),0.10,0.0112,2281.00,0.0065,0.9222,0.0609,2281.00,0.0065,0.9222
9,SegFormer Matrix Scaling (FL),0.15,0.0112,617.00,0.0000,1.0000,0.0117,617.00,0.0000,1.0000
9,SegFormer Matrix Scaling (FL),0.20,0.0112,617.00,0.0000,1.0000,0.0117,617.00,0.0000,1.0000
9,SegFormer Matrix Scaling (FL),0.30,0.0112,617.00,0.0000,1.0000,0.0117,617.00,0.0000,1.0000
9,SegFormer Matrix Scaling (FL),0.40,0.0112,617.00,0.0000,1.0000,0.0117,617.00,0.0000,1.0000
9,SegFormer Matrix Scaling (FL),0.50,0.0112,617.00,0.0000,1.0000,0.0117,617.00,0.0000,1.0000
9,MobileNetV4 Base (CE),0.02,0.0234,191238.00,0.7312,0.0000,0.0187,191238.00,0.7312,0.0000
9,MobileNetV4 Base (CE),0.05,0.0234,9782.00,0.0372,0.0778,0.0311,9782.00,0.0372,0.0778
9,MobileNetV4 Base (CE),0.08,0.0234,3522.00,0.0124,0.4603,0.0184,3522.00,0.0124,0.4603
9,MobileNetV4 Base (CE),0.10,0.0234,2273.00,0.0068,0.8023,0.0384,2273.00,0.0068,0.8023
9,MobileNetV4 Base (CE),0.15,0.0234,617.00,0.0000,1.0000,0.0236,617.00,0.0000,1.0000
9,MobileNetV4 Base (CE),0.20,0.0234,617.00,0.0000,1.0000,0.0236,617.00,0.0000,1.0000
9,MobileNetV4 Base (CE),0.30,0.0234,617.00,0.0000,1.0000,0.0236,617.00,0.0000,1.0000
9,MobileNetV4 Base (CE),0.40,0.0234,617.00,0.0000,1.0000,0.0236,617.00,0.0000,1.0000
9,MobileNetV4 Base (CE),0.50,0.0234,617.00,0.0000,1.0000,0.0236,617.00,0.0000,1.0000
9,MobileNetV4 Temp Scaling (CE),0.02,0.0033,8106.00,0.0308,0.0778,0.0070,8106.00,0.0308,0.0778
9,MobileNetV4 Temp Scaling (CE),0.05,0.0033,3310.00,0.0112,0.6191,0.0043,3310.00,0.0112,0.6191
9,MobileNetV4 Temp Scaling (CE),0.08,0.0033,2273.00,0.0068,0.8023,0.0187,2273.00,0.0068,0.8023
9,MobileNetV4 Temp Scaling (CE),0.10,0.0033,1142.00,0.0023,0.8801,0.0064,1142.00,0.0023,0.8801
9,MobileNetV4 Temp Scaling (CE),0.15,0.0033,617.00,0.0000,1.0000,0.0033,617.00,0.0000,1.0000
9,MobileNetV4 Temp Scaling (CE),0.20,0.0033,617.00,0.0000,1.0000,0.0033,617.00,0.0000,1.0000
9,MobileNetV4 Temp Scaling (CE),0.30,0.0033,617.00,0.0000,1.0000,0.0033,617.00,0.0000,1.0000
9,MobileNetV4 Temp Scaling (CE),0.40,0.0033,617.00,0.0000,1.0000,0.0033,617.00,0.0000,1.0000
9,MobileNetV4 Temp Scaling (CE),0.50,0.0033,617.00,0.0000,1.0000,0.0033,617.00,0.0000,1.0000
9,MobileNetV4 Matrix Scaling (CE),0.02,0.0139,43155.00,0.1650,0.0016,0.0164,43155.00,0.1650,0.0016
9,MobileNetV4 Matrix Scaling (CE),0.05,0.0139,9047.00,0.0339,0.2771,0.0133,9047.00,0.0339,0.2771
9,MobileNetV4 Matrix Scaling (CE),0.08,0.0139,2273.00,0.0068,0.8023,0.0176,2273.00,0.0068,0.8023
9,MobileNetV4 Matrix Scaling (CE),0.10,0.0139,617.00,0.0000,1.0000,0.0142,617.00,0.0000,1.0000
9,MobileNetV4 Matrix Scaling (CE),0.15,0.0139,617.00,0.0000,1.0000,0.0142,617.00,0.0000,1.0000
9,MobileNetV4 Matrix Scaling (CE),0.20,0.0139,617.00,0.0000,1.0000,0.0142,617.00,0.0000,1.0000
9,MobileNetV4 Matrix Scaling (CE),0.30,0.0139,617.00,0.0000,1.0000,0.0142,617.00,0.0000,1.0000
9,MobileNetV4 Matrix Scaling (CE),0.40,0.0139,617.00,0.0000,1.0000,0.0142,617.00,0.0000,1.0000
9,MobileNetV4 Matrix Scaling (CE),0.50,0.0139,617.00,0.0000,1.0000,0.0142,617.00,0.0000,1.0000
9,MobileNetV4 Base (FL),0.02,0.0551,261527.00,1.0000,0.0000,0.0551,261527.00,1.0000,0.0000
9,MobileNetV4 Base (FL),0.05,0.0551,176506.00,0.6749,0.0016,0.0478,176506.00,0.6749,0.0016
9,MobileNetV4 Base (FL),0.08,0.0551,19119.00,0.0731,0.0049,0.0756,19119.00,0.0731,0.0049
9,MobileNetV4 Base (FL),0.10,0.0551,8366.00,0.0316,0.1540,0.0810,8366.00,0.0316,0.1540
9,MobileNetV4 Base (FL),0.15,0.0551,3043.00,0.0105,0.4878,0.0604,3043.00,0.0105,0.4878
9,MobileNetV4 Base (FL),0.20,0.0551,617.00,0.0000,1.0000,0.0551,617.00,0.0000,1.0000
9,MobileNetV4 Base (FL),0.30,0.0551,617.00,0.0000,1.0000,0.0551,617.00,0.0000,1.0000
9,MobileNetV4 Base (FL),0.40,0.0551,617.00,0.0000,1.0000,0.0551,617.00,0.0000,1.0000
9,MobileNetV4 Base (FL),0.50,0.0551,617.00,0.0000,1.0000,0.0551,617.00,0.0000,1.0000
9,MobileNetV4 Temp Scaling (FL),0.02,0.0043,10991.00,0.0419,0.0632,0.0072,10991.00,0.0419,0.0632
9,MobileNetV4 Temp Scaling (FL),0.05,0.0043,4511.00,0.0168,0.1815,0.0153,4511.00,0.0168,0.1815
9,MobileNetV4 Temp Scaling (FL),0.08,0.0043,3043.00,0.0105,0.4878,0.0096,3043.00,0.0105,0.4878
9,MobileNetV4 Temp Scaling (FL),0.10,0.0043,3043.00,0.0105,0.4878,0.0096,3043.00,0.0105,0.4878
9,MobileNetV4 Temp Scaling (FL),0.15,0.0043,617.00,0.0000,1.0000,0.0044,617.00,0.0000,1.0000
9,MobileNetV4 Temp Scaling (FL),0.20,0.0043,617.00,0.0000,1.0000,0.0044,617.00,0.0000,1.0000
9,MobileNetV4 Temp Scaling (FL),0.30,0.0043,617.00,0.0000,1.0000,0.0044,617.00,0.0000,1.0000
9,MobileNetV4 Temp Scaling (FL),0.40,0.0043,617.00,0.0000,1.0000,0.0044,617.00,0.0000,1.0000
9,MobileNetV4 Temp Scaling (FL),0.50,0.0043,617.00,0.0000,1.0000,0.0044,617.00,0.0000,1.0000
9,MobileNetV4 Matrix Scaling (FL),0.02,0.0163,53671.00,0.2052,0.0049,0.0259,53671.00,0.2052,0.0049
9,MobileNetV4 Matrix Scaling (FL),0.05,0.0163,8554.00,0.0321,0.2464,0.0297,8554.00,0.0321,0.2464
9,MobileNetV4 Matrix Scaling (FL),0.08,0.0163,3825.00,0.0135,0.4878,0.0164,3825.00,0.0135,0.4878
9,MobileNetV4 Matrix Scaling (FL),0.10,0.0163,2518.00,0.0082,0.6078,0.0063,2518.00,0.0082,0.6078
9,MobileNetV4 Matrix Scaling (FL),0.15,0.0163,617.00,0.0000,1.0000,0.0164,617.00,0.0000,1.0000
9,MobileNetV4 Matrix Scaling (FL),0.20,0.0163,617.00,0.0000,1.0000,0.0164,617.00,0.0000,1.0000
9,MobileNetV4 Matrix Scaling (FL),0.30,0.0163,617.00,0.0000,1.0000,0.0164,617.00,0.0000,1.0000
9,MobileNetV4 Matrix Scaling (FL),0.40,0.0163,617.00,0.0000,1.0000,0.0164,617.00,0.0000,1.0000
9,MobileNetV4 Matrix Scaling (FL),0.50,0.0163,617.00,0.0000,1.0000,0.0164,617.00,0.0000,1.0000
