Image,Model,Threshold,ECE,AQ_Spatial_Absolute,Over_spraying,Under_spraying
0,Base (non calibrato),0.02,0.0123,0.00,0.0000,0.0000
0,Base (non calibrato),0.05,0.0123,0.00,0.0000,0.0000
0,Base (non calibrato),0.08,0.0123,0.00,0.0000,0.0000
0,Base (non calibrato),0.10,0.0123,0.00,0.0000,0.0000
0,Base (non calibrato),0.15,0.0123,0.00,0.0000,0.0000
0,Base (non calibrato),0.20,0.0123,0.00,0.0000,0.0000
0,Base (non calibrato),0.30,0.0123,0.00,0.0000,0.0000
0,Base (non calibrato),0.40,0.0123,0.00,0.0000,0.0000
0,Base (non calibrato),0.50,0.0123,0.00,0.0000,0.0000
0,Temp Scaling,0.02,0.0001,0.00,0.0000,0.0000
0,Temp Scaling,0.05,0.0001,0.00,0.0000,0.0000
0,Temp Scaling,0.08,0.0001,0.00,0.0000,0.0000
0,Temp Scaling,0.10,0.0001,0.00,0.0000,0.0000
0,Temp Scaling,0.15,0.0001,0.00,0.0000,0.0000
0,Temp Scaling,0.20,0.0001,0.00,0.0000,0.0000
0,Temp Scaling,0.30,0.0001,0.00,0.0000,0.0000
0,Temp Scaling,0.40,0.0001,0.00,0.0000,0.0000
0,Temp Scaling,0.50,0.0001,0.00,0.0000,0.0000
0,Focal Loss γ=1.0,0.02,0.3131,262144.00,1.0000,0.0000
0,Focal Loss γ=1.0,0.05,0.3131,262144.00,1.0000,0.0000
0,Focal Loss γ=1.0,0.08,0.3131,262144.00,1.0000,0.0000
0,Focal Loss γ=1.0,0.10,0.3131,262144.00,1.0000,0.0000
0,Focal Loss γ=1.0,0.15,0.3131,262144.00,1.0000,0.0000
0,Focal Loss γ=1.0,0.20,0.3131,262144.00,1.0000,0.0000
0,Focal Loss γ=1.0,0.30,0.3131,262144.00,1.0000,0.0000
0,Focal Loss γ=1.0,0.40,0.3131,0.00,0.0000,0.0000
0,Focal Loss γ=1.0,0.50,0.3131,0.00,0.0000,0.0000
0,Focal Loss γ=2.0,0.02,0.0567,262144.00,1.0000,0.0000
0,Focal Loss γ=2.0,0.05,0.0567,262144.00,1.0000,0.0000
0,Focal Loss γ=2.0,0.08,0.0567,0.00,0.0000,0.0000
0,Focal Loss γ=2.0,0.10,0.0567,0.00,0.0000,0.0000
0,Focal Loss γ=2.0,0.15,0.0567,0.00,0.0000,0.0000
0,Focal Loss γ=2.0,0.20,0.0567,0.00,0.0000,0.0000
0,Focal Loss γ=2.0,0.30,0.0567,0.00,0.0000,0.0000
0,Focal Loss γ=2.0,0.40,0.0567,0.00,0.0000,0.0000
0,Focal Loss γ=2.0,0.50,0.0567,0.00,0.0000,0.0000
0,Focal + Temp Scaling,0.02,0.0024,0.00,0.0000,0.0000
0,Focal + Temp Scaling,0.05,0.0024,0.00,0.0000,0.0000
0,Focal + Temp Scaling,0.08,0.0024,0.00,0.0000,0.0000
0,Focal + Temp Scaling,0.10,0.0024,0.00,0.0000,0.0000
0,Focal + Temp Scaling,0.15,0.0024,0.00,0.0000,0.0000
0,Focal + Temp Scaling,0.20,0.0024,0.00,0.0000,0.0000
0,Focal + Temp Scaling,0.30,0.0024,0.00,0.0000,0.0000
0,Focal + Temp Scaling,0.40,0.0024,0.00,0.0000,0.0000
0,Focal + Temp Scaling,0.50,0.0024,0.00,0.0000,0.0000
1,Base (non calibrato),0.02,0.0123,0.00,0.0000,0.0000
1,Base (non calibrato),0.05,0.0123,0.00,0.0000,0.0000
1,Base (non calibrato),0.08,0.0123,0.00,0.0000,0.0000
1,Base (non calibrato),0.10,0.0123,0.00,0.0000,0.0000
1,Base (non calibrato),0.15,0.0123,0.00,0.0000,0.0000
1,Base (non calibrato),0.20,0.0123,0.00,0.0000,0.0000
1,Base (non calibrato),0.30,0.0123,0.00,0.0000,0.0000
1,Base (non calibrato),0.40,0.0123,0.00,0.0000,0.0000
1,Base (non calibrato),0.50,0.0123,0.00,0.0000,0.0000
1,Temp Scaling,0.02,0.0001,0.00,0.0000,0.0000
1,Temp Scaling,0.05,0.0001,0.00,0.0000,0.0000
1,Temp Scaling,0.08,0.0001,0.00,0.0000,0.0000
1,Temp Scaling,0.10,0.0001,0.00,0.0000,0.0000
1,Temp Scaling,0.15,0.0001,0.00,0.0000,0.0000
1,Temp Scaling,0.20,0.0001,0.00,0.0000,0.0000
1,Temp Scaling,0.30,0.0001,0.00,0.0000,0.0000
1,Temp Scaling,0.40,0.0001,0.00,0.0000,0.0000
1,Temp Scaling,0.50,0.0001,0.00,0.0000,0.0000
1,Focal Loss γ=1.0,0.02,0.3131,262144.00,1.0000,0.0000
1,Focal Loss γ=1.0,0.05,0.3131,262144.00,1.0000,0.0000
1,Focal Loss γ=1.0,0.08,0.3131,262144.00,1.0000,0.0000
1,Focal Loss γ=1.0,0.10,0.3131,262144.00,1.0000,0.0000
1,Focal Loss γ=1.0,0.15,0.3131,262144.00,1.0000,0.0000
1,Focal Loss γ=1.0,0.20,0.3131,262144.00,1.0000,0.0000
1,Focal Loss γ=1.0,0.30,0.3131,262144.00,1.0000,0.0000
1,Focal Loss γ=1.0,0.40,0.3131,0.00,0.0000,0.0000
1,Focal Loss γ=1.0,0.50,0.3131,0.00,0.0000,0.0000
1,Focal Loss γ=2.0,0.02,0.0567,262144.00,1.0000,0.0000
1,Focal Loss γ=2.0,0.05,0.0567,262144.00,1.0000,0.0000
1,Focal Loss γ=2.0,0.08,0.0567,0.00,0.0000,0.0000
1,Focal Loss γ=2.0,0.10,0.0567,0.00,0.0000,0.0000
1,Focal Loss γ=2.0,0.15,0.0567,0.00,0.0000,0.0000
1,Focal Loss γ=2.0,0.20,0.0567,0.00,0.0000,0.0000
1,Focal Loss γ=2.0,0.30,0.0567,0.00,0.0000,0.0000
1,Focal Loss γ=2.0,0.40,0.0567,0.00,0.0000,0.0000
1,Focal Loss γ=2.0,0.50,0.0567,0.00,0.0000,0.0000
1,Focal + Temp Scaling,0.02,0.0024,0.00,0.0000,0.0000
1,Focal + Temp Scaling,0.05,0.0024,0.00,0.0000,0.0000
1,Focal + Temp Scaling,0.08,0.0024,0.00,0.0000,0.0000
1,Focal + Temp Scaling,0.10,0.0024,0.00,0.0000,0.0000
1,Focal + Temp Scaling,0.15,0.0024,0.00,0.0000,0.0000
1,Focal + Temp Scaling,0.20,0.0024,0.00,0.0000,0.0000
1,Focal + Temp Scaling,0.30,0.0024,0.00,0.0000,0.0000
1,Focal + Temp Scaling,0.40,0.0024,0.00,0.0000,0.0000
1,Focal + Temp Scaling,0.50,0.0024,0.00,0.0000,0.0000
10,Base (non calibrato),0.02,0.0236,260960.00,0.9955,0.0000
10,Base (non calibrato),0.05,0.0236,1184.00,0.0000,0.0045
10,Base (non calibrato),0.08,0.0236,1184.00,0.0000,0.0045
10,Base (non calibrato),0.10,0.0236,1184.00,0.0000,0.0045
10,Base (non calibrato),0.15,0.0236,1184.00,0.0000,0.0045
10,Base (non calibrato),0.20,0.0236,1184.00,0.0000,0.0045
10,Base (non calibrato),0.30,0.0236,1184.00,0.0000,0.0045
10,Base (non calibrato),0.40,0.0236,1184.00,0.0000,0.0045
10,Base (non calibrato),0.50,0.0236,1184.00,0.0000,0.0045
10,Temp Scaling,0.02,0.0014,1184.00,0.0000,0.0045
10,Temp Scaling,0.05,0.0014,1184.00,0.0000,0.0045
10,Temp Scaling,0.08,0.0014,1184.00,0.0000,0.0045
10,Temp Scaling,0.10,0.0014,1184.00,0.0000,0.0045
10,Temp Scaling,0.15,0.0014,1184.00,0.0000,0.0045
10,Temp Scaling,0.20,0.0014,1184.00,0.0000,0.0045
10,Temp Scaling,0.30,0.0014,1184.00,0.0000,0.0045
10,Temp Scaling,0.40,0.0014,1184.00,0.0000,0.0045
10,Temp Scaling,0.50,0.0014,1184.00,0.0000,0.0045
10,Focal Loss γ=1.0,0.02,0.3024,260960.00,0.9955,0.0000
10,Focal Loss γ=1.0,0.05,0.3024,260960.00,0.9955,0.0000
10,Focal Loss γ=1.0,0.08,0.3024,260960.00,0.9955,0.0000
10,Focal Loss γ=1.0,0.10,0.3024,260960.00,0.9955,0.0000
10,Focal Loss γ=1.0,0.15,0.3024,260960.00,0.9955,0.0000
10,Focal Loss γ=1.0,0.20,0.3024,260960.00,0.9955,0.0000
10,Focal Loss γ=1.0,0.30,0.3024,260960.00,0.9955,0.0000
10,Focal Loss γ=1.0,0.40,0.3024,1184.00,0.0000,0.0045
10,Focal Loss γ=1.0,0.50,0.3024,1184.00,0.0000,0.0045
10,Focal Loss γ=2.0,0.02,0.0537,260960.00,0.9955,0.0000
10,Focal Loss γ=2.0,0.05,0.0514,178980.00,0.9938,0.0009
10,Focal Loss γ=2.0,0.08,0.0573,34634.00,0.9791,0.0020
10,Focal Loss γ=2.0,0.10,0.0537,1184.00,0.0000,0.0045
10,Focal Loss γ=2.0,0.15,0.0537,1184.00,0.0000,0.0045
10,Focal Loss γ=2.0,0.20,0.0537,1184.00,0.0000,0.0045
10,Focal Loss γ=2.0,0.30,0.0537,1184.00,0.0000,0.0045
10,Focal Loss γ=2.0,0.40,0.0537,1184.00,0.0000,0.0045
10,Focal Loss γ=2.0,0.50,0.0537,1184.00,0.0000,0.0045
10,Focal + Temp Scaling,0.02,0.0037,34634.00,0.9791,0.0020
10,Focal + Temp Scaling,0.05,0.0027,1184.00,0.0000,0.0045
10,Focal + Temp Scaling,0.08,0.0027,1184.00,0.0000,0.0045
10,Focal + Temp Scaling,0.10,0.0027,1184.00,0.0000,0.0045
10,Focal + Temp Scaling,0.15,0.0027,1184.00,0.0000,0.0045
10,Focal + Temp Scaling,0.20,0.0027,1184.00,0.0000,0.0045
10,Focal + Temp Scaling,0.30,0.0027,1184.00,0.0000,0.0045
10,Focal + Temp Scaling,0.40,0.0027,1184.00,0.0000,0.0045
10,Focal + Temp Scaling,0.50,0.0027,1184.00,0.0000,0.0045
11,Base (non calibrato),0.02,0.0232,216669.00,0.9782,0.0000
11,Base (non calibrato),0.05,0.0283,51291.00,0.9270,0.0042
11,Base (non calibrato),0.08,0.0212,26110.00,0.8856,0.0072
11,Base (non calibrato),0.10,0.0212,26110.00,0.8856,0.0072
11,Base (non calibrato),0.15,0.0268,4839.00,0.0000,0.0185
11,Base (non calibrato),0.20,0.0268,4839.00,0.0000,0.0185
11,Base (non calibrato),0.30,0.0268,4839.00,0.0000,0.0185
11,Base (non calibrato),0.40,0.0268,4839.00,0.0000,0.0185
11,Base (non calibrato),0.50,0.0268,4839.00,0.0000,0.0185
11,Temp Scaling,0.02,0.0012,51291.00,0.9270,0.0042
11,Temp Scaling,0.05,0.0058,26110.00,0.8856,0.0072
11,Temp Scaling,0.08,0.0058,26110.00,0.8856,0.0072
11,Temp Scaling,0.10,0.0058,26110.00,0.8856,0.0072
11,Temp Scaling,0.15,0.0002,4839.00,0.0000,0.0185
11,Temp Scaling,0.20,0.0002,4839.00,0.0000,0.0185
11,Temp Scaling,0.30,0.0002,4839.00,0.0000,0.0185
11,Temp Scaling,0.40,0.0002,4839.00,0.0000,0.0185
11,Temp Scaling,0.50,0.0002,4839.00,0.0000,0.0185
11,Focal Loss γ=1.0,0.02,0.2959,257305.00,0.9815,0.0000
11,Focal Loss γ=1.0,0.05,0.2959,257305.00,0.9815,0.0000
11,Focal Loss γ=1.0,0.08,0.2959,257305.00,0.9815,0.0000
11,Focal Loss γ=1.0,0.10,0.2959,257305.00,0.9815,0.0000
11,Focal Loss γ=1.0,0.15,0.2959,257305.00,0.9815,0.0000
11,Focal Loss γ=1.0,0.20,0.2959,257305.00,0.9815,0.0000
11,Focal Loss γ=1.0,0.30,0.2959,257305.00,0.9815,0.0000
11,Focal Loss γ=1.0,0.40,0.2959,4839.00,0.0000,0.0185
11,Focal Loss γ=1.0,0.50,0.2959,4839.00,0.0000,0.0185
11,Focal Loss γ=2.0,0.02,0.0675,257305.00,0.9815,0.0000
11,Focal Loss γ=2.0,0.05,0.0675,257305.00,0.9815,0.0000
11,Focal Loss γ=2.0,0.08,0.0720,70746.00,0.9410,0.0023
11,Focal Loss γ=2.0,0.10,0.0745,51291.00,0.9270,0.0042
11,Focal Loss γ=2.0,0.15,0.0722,26110.00,0.8856,0.0072
11,Focal Loss γ=2.0,0.20,0.0675,4839.00,0.0000,0.0185
11,Focal Loss γ=2.0,0.30,0.0675,4839.00,0.0000,0.0185
11,Focal Loss γ=2.0,0.40,0.0675,4839.00,0.0000,0.0185
11,Focal Loss γ=2.0,0.50,0.0675,4839.00,0.0000,0.0185
11,Focal + Temp Scaling,0.02,0.0129,70746.00,0.9410,0.0023
11,Focal + Temp Scaling,0.05,0.0157,51291.00,0.9270,0.0042
11,Focal + Temp Scaling,0.08,0.0150,26110.00,0.8856,0.0072
11,Focal + Temp Scaling,0.10,0.0150,26110.00,0.8856,0.0072
11,Focal + Temp Scaling,0.15,0.0087,4839.00,0.0000,0.0185
11,Focal + Temp Scaling,0.20,0.0087,4839.00,0.0000,0.0185
11,Focal + Temp Scaling,0.30,0.0087,4839.00,0.0000,0.0185
11,Focal + Temp Scaling,0.40,0.0087,4839.00,0.0000,0.0185
11,Focal + Temp Scaling,0.50,0.0087,4839.00,0.0000,0.0185
12,Base (non calibrato),0.02,0.0302,96873.00,0.8520,0.0001
12,Base (non calibrato),0.05,0.0319,88460.00,0.8420,0.0018
12,Base (non calibrato),0.08,0.0319,88460.00,0.8420,0.0018
12,Base (non calibrato),0.10,0.0319,88460.00,0.8420,0.0018
12,Base (non calibrato),0.15,0.0347,32581.00,0.6899,0.0180
12,Base (non calibrato),0.20,0.0347,32581.00,0.6899,0.0180
12,Base (non calibrato),0.30,0.0347,32581.00,0.6899,0.0180
12,Base (non calibrato),0.40,0.0277,16832.00,0.0000,0.0642
12,Base (non calibrato),0.50,0.0277,16832.00,0.0000,0.0642
12,Temp Scaling,0.02,0.0202,88460.00,0.8420,0.0018
12,Temp Scaling,0.05,0.0202,88460.00,0.8420,0.0018
12,Temp Scaling,0.08,0.0227,62066.00,0.7982,0.0082
12,Temp Scaling,0.10,0.0286,48455.00,0.7641,0.0134
12,Temp Scaling,0.15,0.0337,32581.00,0.6899,0.0180
12,Temp Scaling,0.20,0.0337,32581.00,0.6899,0.0180
12,Temp Scaling,0.30,0.0337,32581.00,0.6899,0.0180
12,Temp Scaling,0.40,0.0555,23222.00,0.6921,0.0477
12,Temp Scaling,0.50,0.0152,16832.00,0.0000,0.0642
12,Focal Loss γ=1.0,0.02,0.2596,245312.00,0.9358,0.0000
12,Focal Loss γ=1.0,0.05,0.2596,245312.00,0.9358,0.0000
12,Focal Loss γ=1.0,0.08,0.2596,245312.00,0.9358,0.0000
12,Focal Loss γ=1.0,0.10,0.2596,245312.00,0.9358,0.0000
12,Focal Loss γ=1.0,0.15,0.2596,245312.00,0.9358,0.0000
12,Focal Loss γ=1.0,0.20,0.2596,245312.00,0.9358,0.0000
12,Focal Loss γ=1.0,0.30,0.2596,245312.00,0.9358,0.0000
12,Focal Loss γ=1.0,0.40,0.2596,16832.00,0.0000,0.0642
12,Focal Loss γ=1.0,0.50,0.2596,16832.00,0.0000,0.0642
12,Focal Loss γ=2.0,0.02,0.0733,245312.00,0.9358,0.0000
12,Focal Loss γ=2.0,0.05,0.0733,245312.00,0.9358,0.0000
12,Focal Loss γ=2.0,0.08,0.0755,96873.00,0.8520,0.0001
12,Focal Loss γ=2.0,0.10,0.0755,96873.00,0.8520,0.0001
12,Focal Loss γ=2.0,0.15,0.0762,88460.00,0.8420,0.0018
12,Focal Loss γ=2.0,0.20,0.0698,32581.00,0.6899,0.0180
12,Focal Loss γ=2.0,0.30,0.0698,32581.00,0.6899,0.0180
12,Focal Loss γ=2.0,0.40,0.1038,23222.00,0.6921,0.0477
12,Focal Loss γ=2.0,0.50,0.0733,16832.00,0.0000,0.0642
12,Focal + Temp Scaling,0.02,0.0239,96873.00,0.8520,0.0001
12,Focal + Temp Scaling,0.05,0.0255,88460.00,0.8420,0.0018
12,Focal + Temp Scaling,0.08,0.0255,88460.00,0.8420,0.0018
12,Focal + Temp Scaling,0.10,0.0346,48455.00,0.7641,0.0134
12,Focal + Temp Scaling,0.15,0.0360,32581.00,0.6899,0.0180
12,Focal + Temp Scaling,0.20,0.0360,32581.00,0.6899,0.0180
12,Focal + Temp Scaling,0.30,0.0360,32581.00,0.6899,0.0180
12,Focal + Temp Scaling,0.40,0.0701,23222.00,0.6921,0.0477
12,Focal + Temp Scaling,0.50,0.0211,16832.00,0.0000,0.0642
13,Base (non calibrato),0.02,0.0099,53924.00,0.9544,0.0023
13,Base (non calibrato),0.05,0.0063,22571.00,0.9118,0.0039
13,Base (non calibrato),0.08,0.0063,22571.00,0.9118,0.0039
13,Base (non calibrato),0.10,0.0106,3022.00,0.0000,0.0115
13,Base (non calibrato),0.15,0.0106,3022.00,0.0000,0.0115
13,Base (non calibrato),0.20,0.0106,3022.00,0.0000,0.0115
13,Base (non calibrato),0.30,0.0106,3022.00,0.0000,0.0115
13,Base (non calibrato),0.40,0.0106,3022.00,0.0000,0.0115
13,Base (non calibrato),0.50,0.0106,3022.00,0.0000,0.0115
13,Temp Scaling,0.02,0.0082,22571.00,0.9118,0.0039
13,Temp Scaling,0.05,0.0082,22571.00,0.9118,0.0039
13,Temp Scaling,0.08,0.0030,3022.00,0.0000,0.0115
13,Temp Scaling,0.10,0.0030,3022.00,0.0000,0.0115
13,Temp Scaling,0.15,0.0030,3022.00,0.0000,0.0115
13,Temp Scaling,0.20,0.0030,3022.00,0.0000,0.0115
13,Temp Scaling,0.30,0.0030,3022.00,0.0000,0.0115
13,Temp Scaling,0.40,0.0030,3022.00,0.0000,0.0115
13,Temp Scaling,0.50,0.0030,3022.00,0.0000,0.0115
13,Focal Loss γ=1.0,0.02,0.3101,259122.00,0.9885,0.0000
13,Focal Loss γ=1.0,0.05,0.3101,259122.00,0.9885,0.0000
13,Focal Loss γ=1.0,0.08,0.3101,259122.00,0.9885,0.0000
13,Focal Loss γ=1.0,0.10,0.3101,259122.00,0.9885,0.0000
13,Focal Loss γ=1.0,0.15,0.3101,259122.00,0.9885,0.0000
13,Focal Loss γ=1.0,0.20,0.3101,259122.00,0.9885,0.0000
13,Focal Loss γ=1.0,0.30,0.3101,259122.00,0.9885,0.0000
13,Focal Loss γ=1.0,0.40,0.3101,3022.00,0.0000,0.0115
13,Focal Loss γ=1.0,0.50,0.3101,3022.00,0.0000,0.0115
13,Focal Loss γ=2.0,0.02,0.0634,259122.00,0.9885,0.0000
13,Focal Loss γ=2.0,0.05,0.0634,259122.00,0.9885,0.0000
13,Focal Loss γ=2.0,0.08,0.0662,96682.00,0.9699,0.0002
13,Focal Loss γ=2.0,0.10,0.0648,33208.00,0.9353,0.0034
13,Focal Loss γ=2.0,0.15,0.0634,3022.00,0.0000,0.0115
13,Focal Loss γ=2.0,0.20,0.0634,3022.00,0.0000,0.0115
13,Focal Loss γ=2.0,0.30,0.0634,3022.00,0.0000,0.0115
13,Focal Loss γ=2.0,0.40,0.0634,3022.00,0.0000,0.0115
13,Focal Loss γ=2.0,0.50,0.0634,3022.00,0.0000,0.0115
13,Focal + Temp Scaling,0.02,0.0013,53924.00,0.9544,0.0023
13,Focal + Temp Scaling,0.05,0.0038,22571.00,0.9118,0.0039
13,Focal + Temp Scaling,0.08,0.0016,3022.00,0.0000,0.0115
13,Focal + Temp Scaling,0.10,0.0016,3022.00,0.0000,0.0115
13,Focal + Temp Scaling,0.15,0.0016,3022.00,0.0000,0.0115
13,Focal + Temp Scaling,0.20,0.0016,3022.00,0.0000,0.0115
13,Focal + Temp Scaling,0.30,0.0016,3022.00,0.0000,0.0115
13,Focal + Temp Scaling,0.40,0.0016,3022.00,0.0000,0.0115
13,Focal + Temp Scaling,0.50,0.0016,3022.00,0.0000,0.0115
14,Base (non calibrato),0.02,0.0202,241499.00,0.9877,0.0000
14,Base (non calibrato),0.05,0.0266,33075.00,0.9715,0.0091
14,Base (non calibrato),0.08,0.0255,3014.00,0.0000,0.0115
14,Base (non calibrato),0.10,0.0255,3014.00,0.0000,0.0115
14,Base (non calibrato),0.15,0.0255,3014.00,0.0000,0.0115
14,Base (non calibrato),0.20,0.0255,3014.00,0.0000,0.0115
14,Base (non calibrato),0.30,0.0255,3014.00,0.0000,0.0115
14,Base (non calibrato),0.40,0.0255,3014.00,0.0000,0.0115
14,Base (non calibrato),0.50,0.0255,3014.00,0.0000,0.0115
14,Temp Scaling,0.02,0.0027,13733.00,0.9677,0.0105
14,Temp Scaling,0.05,0.0040,3014.00,0.0000,0.0115
14,Temp Scaling,0.08,0.0040,3014.00,0.0000,0.0115
14,Temp Scaling,0.10,0.0040,3014.00,0.0000,0.0115
14,Temp Scaling,0.15,0.0040,3014.00,0.0000,0.0115
14,Temp Scaling,0.20,0.0040,3014.00,0.0000,0.0115
14,Temp Scaling,0.30,0.0040,3014.00,0.0000,0.0115
14,Temp Scaling,0.40,0.0040,3014.00,0.0000,0.0115
14,Temp Scaling,0.50,0.0040,3014.00,0.0000,0.0115
14,Focal Loss γ=1.0,0.02,0.3017,259130.00,0.9885,0.0000
14,Focal Loss γ=1.0,0.05,0.3017,259130.00,0.9885,0.0000
14,Focal Loss γ=1.0,0.08,0.3017,259130.00,0.9885,0.0000
14,Focal Loss γ=1.0,0.10,0.3017,259130.00,0.9885,0.0000
14,Focal Loss γ=1.0,0.15,0.3017,259130.00,0.9885,0.0000
14,Focal Loss γ=1.0,0.20,0.3017,259130.00,0.9885,0.0000
14,Focal Loss γ=1.0,0.30,0.3017,259130.00,0.9885,0.0000
14,Focal Loss γ=1.0,0.40,0.3017,3014.00,0.0000,0.0115
14,Focal Loss γ=1.0,0.50,0.3017,3014.00,0.0000,0.0115
14,Focal Loss γ=2.0,0.02,0.0694,259130.00,0.9885,0.0000
14,Focal Loss γ=2.0,0.05,0.0694,259130.00,0.9885,0.0000
14,Focal Loss γ=2.0,0.08,0.0655,125245.00,0.9833,0.0067
14,Focal Loss γ=2.0,0.10,0.0768,40278.00,0.9775,0.0096
14,Focal Loss γ=2.0,0.15,0.0694,3014.00,0.0000,0.0115
14,Focal Loss γ=2.0,0.20,0.0694,3014.00,0.0000,0.0115
14,Focal Loss γ=2.0,0.30,0.0694,3014.00,0.0000,0.0115
14,Focal Loss γ=2.0,0.40,0.0694,3014.00,0.0000,0.0115
14,Focal Loss γ=2.0,0.50,0.0694,3014.00,0.0000,0.0115
14,Focal + Temp Scaling,0.02,0.0054,86869.00,0.9805,0.0075
14,Focal + Temp Scaling,0.05,0.0046,3014.00,0.0000,0.0115
14,Focal + Temp Scaling,0.08,0.0046,3014.00,0.0000,0.0115
14,Focal + Temp Scaling,0.10,0.0046,3014.00,0.0000,0.0115
14,Focal + Temp Scaling,0.15,0.0046,3014.00,0.0000,0.0115
14,Focal + Temp Scaling,0.20,0.0046,3014.00,0.0000,0.0115
14,Focal + Temp Scaling,0.30,0.0046,3014.00,0.0000,0.0115
14,Focal + Temp Scaling,0.40,0.0046,3014.00,0.0000,0.0115
14,Focal + Temp Scaling,0.50,0.0046,3014.00,0.0000,0.0115
15,Base (non calibrato),0.02,0.0277,259973.00,0.9917,0.0000
15,Base (non calibrato),0.05,0.0277,2171.00,0.0000,0.0083
15,Base (non calibrato),0.08,0.0277,2171.00,0.0000,0.0083
15,Base (non calibrato),0.10,0.0277,2171.00,0.0000,0.0083
15,Base (non calibrato),0.15,0.0277,2171.00,0.0000,0.0083
15,Base (non calibrato),0.20,0.0277,2171.00,0.0000,0.0083
15,Base (non calibrato),0.30,0.0277,2171.00,0.0000,0.0083
15,Base (non calibrato),0.40,0.0277,2171.00,0.0000,0.0083
15,Base (non calibrato),0.50,0.0277,2171.00,0.0000,0.0083
15,Temp Scaling,0.02,0.0035,2171.00,0.0000,0.0083
15,Temp Scaling,0.05,0.0035,2171.00,0.0000,0.0083
15,Temp Scaling,0.08,0.0035,2171.00,0.0000,0.0083
15,Temp Scaling,0.10,0.0035,2171.00,0.0000,0.0083
15,Temp Scaling,0.15,0.0035,2171.00,0.0000,0.0083
15,Temp Scaling,0.20,0.0035,2171.00,0.0000,0.0083
15,Temp Scaling,0.30,0.0035,2171.00,0.0000,0.0083
15,Temp Scaling,0.40,0.0035,2171.00,0.0000,0.0083
15,Temp Scaling,0.50,0.0035,2171.00,0.0000,0.0083
15,Focal Loss γ=1.0,0.02,0.2931,259973.00,0.9917,0.0000
15,Focal Loss γ=1.0,0.05,0.2931,259973.00,0.9917,0.0000
15,Focal Loss γ=1.0,0.08,0.2931,259973.00,0.9917,0.0000
15,Focal Loss γ=1.0,0.10,0.2931,259973.00,0.9917,0.0000
15,Focal Loss γ=1.0,0.15,0.2931,259973.00,0.9917,0.0000
15,Focal Loss γ=1.0,0.20,0.2931,259973.00,0.9917,0.0000
15,Focal Loss γ=1.0,0.30,0.2929,144692.00,0.9905,0.0067
15,Focal Loss γ=1.0,0.40,0.2931,2171.00,0.0000,0.0083
15,Focal Loss γ=1.0,0.50,0.2931,2171.00,0.0000,0.0083
15,Focal Loss γ=2.0,0.02,0.0592,259973.00,0.9917,0.0000
15,Focal Loss γ=2.0,0.05,0.0592,259973.00,0.9917,0.0000
15,Focal Loss γ=2.0,0.08,0.0625,22617.00,0.9807,0.0073
15,Focal Loss γ=2.0,0.10,0.0592,2171.00,0.0000,0.0083
15,Focal Loss γ=2.0,0.15,0.0592,2171.00,0.0000,0.0083
15,Focal Loss γ=2.0,0.20,0.0592,2171.00,0.0000,0.0083
15,Focal Loss γ=2.0,0.30,0.0592,2171.00,0.0000,0.0083
15,Focal Loss γ=2.0,0.40,0.0592,2171.00,0.0000,0.0083
15,Focal Loss γ=2.0,0.50,0.0592,2171.00,0.0000,0.0083
15,Focal + Temp Scaling,0.02,0.0032,22617.00,0.9807,0.0073
15,Focal + Temp Scaling,0.05,0.0010,2171.00,0.0000,0.0083
15,Focal + Temp Scaling,0.08,0.0010,2171.00,0.0000,0.0083
15,Focal + Temp Scaling,0.10,0.0010,2171.00,0.0000,0.0083
15,Focal + Temp Scaling,0.15,0.0010,2171.00,0.0000,0.0083
15,Focal + Temp Scaling,0.20,0.0010,2171.00,0.0000,0.0083
15,Focal + Temp Scaling,0.30,0.0010,2171.00,0.0000,0.0083
15,Focal + Temp Scaling,0.40,0.0010,2171.00,0.0000,0.0083
15,Focal + Temp Scaling,0.50,0.0010,2171.00,0.0000,0.0083
16,Base (non calibrato),0.02,0.0253,258800.00,0.9872,0.0000
16,Base (non calibrato),0.05,0.0176,24762.00,0.9405,0.0080
16,Base (non calibrato),0.08,0.0253,3344.00,0.0000,0.0128
16,Base (non calibrato),0.10,0.0253,3344.00,0.0000,0.0128
16,Base (non calibrato),0.15,0.0253,3344.00,0.0000,0.0128
16,Base (non calibrato),0.20,0.0253,3344.00,0.0000,0.0128
16,Base (non calibrato),0.30,0.0253,3344.00,0.0000,0.0128
16,Base (non calibrato),0.40,0.0253,3344.00,0.0000,0.0128
16,Base (non calibrato),0.50,0.0253,3344.00,0.0000,0.0128
16,Temp Scaling,0.02,0.0140,24762.00,0.9405,0.0080
16,Temp Scaling,0.05,0.0051,3344.00,0.0000,0.0128
16,Temp Scaling,0.08,0.0051,3344.00,0.0000,0.0128
16,Temp Scaling,0.10,0.0051,3344.00,0.0000,0.0128
16,Temp Scaling,0.15,0.0051,3344.00,0.0000,0.0128
16,Temp Scaling,0.20,0.0051,3344.00,0.0000,0.0128
16,Temp Scaling,0.30,0.0051,3344.00,0.0000,0.0128
16,Temp Scaling,0.40,0.0051,3344.00,0.0000,0.0128
16,Temp Scaling,0.50,0.0051,3344.00,0.0000,0.0128
16,Focal Loss γ=1.0,0.02,0.2843,258800.00,0.9872,0.0000
16,Focal Loss γ=1.0,0.05,0.2843,258800.00,0.9872,0.0000
16,Focal Loss γ=1.0,0.08,0.2843,258800.00,0.9872,0.0000
16,Focal Loss γ=1.0,0.10,0.2843,258800.00,0.9872,0.0000
16,Focal Loss γ=1.0,0.15,0.2843,258800.00,0.9872,0.0000
16,Focal Loss γ=1.0,0.20,0.2843,258800.00,0.9872,0.0000
16,Focal Loss γ=1.0,0.30,0.2898,61479.00,0.9982,0.0159
16,Focal Loss γ=1.0,0.40,0.2843,3344.00,0.0000,0.0128
16,Focal Loss γ=1.0,0.50,0.2843,3344.00,0.0000,0.0128
16,Focal Loss γ=2.0,0.02,0.0531,258800.00,0.9872,0.0000
16,Focal Loss γ=2.0,0.05,0.0531,258800.00,0.9872,0.0000
16,Focal Loss γ=2.0,0.08,0.0524,49512.00,0.9540,0.0047
16,Focal Loss γ=2.0,0.10,0.0518,24762.00,0.9405,0.0080
16,Focal Loss γ=2.0,0.15,0.0531,3344.00,0.0000,0.0128
16,Focal Loss γ=2.0,0.20,0.0531,3344.00,0.0000,0.0128
16,Focal Loss γ=2.0,0.30,0.0531,3344.00,0.0000,0.0128
16,Focal Loss γ=2.0,0.40,0.0531,3344.00,0.0000,0.0128
16,Focal Loss γ=2.0,0.50,0.0531,3344.00,0.0000,0.0128
16,Focal + Temp Scaling,0.02,0.0019,49512.00,0.9540,0.0047
16,Focal + Temp Scaling,0.05,0.0022,24762.00,0.9405,0.0080
16,Focal + Temp Scaling,0.08,0.0004,3344.00,0.0000,0.0128
16,Focal + Temp Scaling,0.10,0.0004,3344.00,0.0000,0.0128
16,Focal + Temp Scaling,0.15,0.0004,3344.00,0.0000,0.0128
16,Focal + Temp Scaling,0.20,0.0004,3344.00,0.0000,0.0128
16,Focal + Temp Scaling,0.30,0.0004,3344.00,0.0000,0.0128
16,Focal + Temp Scaling,0.40,0.0004,3344.00,0.0000,0.0128
16,Focal + Temp Scaling,0.50,0.0004,3344.00,0.0000,0.0128
17,Base (non calibrato),0.02,0.0293,257908.00,0.9838,0.0000
17,Base (non calibrato),0.05,0.0215,23334.00,0.8785,0.0049
17,Base (non calibrato),0.08,0.0215,23334.00,0.8785,0.0049
17,Base (non calibrato),0.10,0.0215,23334.00,0.8785,0.0049
17,Base (non calibrato),0.15,0.0293,4236.00,0.0000,0.0162
17,Base (non calibrato),0.20,0.0293,4236.00,0.0000,0.0162
17,Base (non calibrato),0.30,0.0293,4236.00,0.0000,0.0162
17,Base (non calibrato),0.40,0.0293,4236.00,0.0000,0.0162
17,Base (non calibrato),0.50,0.0293,4236.00,0.0000,0.0162
17,Temp Scaling,0.02,0.0045,23334.00,0.8785,0.0049
17,Temp Scaling,0.05,0.0045,23334.00,0.8785,0.0049
17,Temp Scaling,0.08,0.0045,23334.00,0.8785,0.0049
17,Temp Scaling,0.10,0.0045,23334.00,0.8785,0.0049
17,Temp Scaling,0.15,0.0003,4236.00,0.0000,0.0162
17,Temp Scaling,0.20,0.0003,4236.00,0.0000,0.0162
17,Temp Scaling,0.30,0.0003,4236.00,0.0000,0.0162
17,Temp Scaling,0.40,0.0003,4236.00,0.0000,0.0162
17,Temp Scaling,0.50,0.0003,4236.00,0.0000,0.0162
17,Focal Loss γ=1.0,0.02,0.2855,257908.00,0.9838,0.0000
17,Focal Loss γ=1.0,0.05,0.2855,257908.00,0.9838,0.0000
17,Focal Loss γ=1.0,0.08,0.2855,257908.00,0.9838,0.0000
17,Focal Loss γ=1.0,0.10,0.2855,257908.00,0.9838,0.0000
17,Focal Loss γ=1.0,0.15,0.2855,257908.00,0.9838,0.0000
17,Focal Loss γ=1.0,0.20,0.2855,257908.00,0.9838,0.0000
17,Focal Loss γ=1.0,0.30,0.2868,144875.00,0.9718,0.0003
17,Focal Loss γ=1.0,0.40,0.2855,4236.00,0.0000,0.0162
17,Focal Loss γ=1.0,0.50,0.2855,4236.00,0.0000,0.0162
17,Focal Loss γ=2.0,0.02,0.0541,257908.00,0.9838,0.0000
17,Focal Loss γ=2.0,0.05,0.0516,219888.00,0.9812,0.0005
17,Focal Loss γ=2.0,0.08,0.0424,23334.00,0.8785,0.0049
17,Focal Loss γ=2.0,0.10,0.0424,23334.00,0.8785,0.0049
17,Focal Loss γ=2.0,0.15,0.0541,4236.00,0.0000,0.0162
17,Focal Loss γ=2.0,0.20,0.0541,4236.00,0.0000,0.0162
17,Focal Loss γ=2.0,0.30,0.0541,4236.00,0.0000,0.0162
17,Focal Loss γ=2.0,0.40,0.0541,4236.00,0.0000,0.0162
17,Focal Loss γ=2.0,0.50,0.0541,4236.00,0.0000,0.0162
17,Focal + Temp Scaling,0.02,0.0003,45313.00,0.9276,0.0035
17,Focal + Temp Scaling,0.05,0.0082,23334.00,0.8785,0.0049
17,Focal + Temp Scaling,0.08,0.0082,23334.00,0.8785,0.0049
17,Focal + Temp Scaling,0.10,0.0082,23334.00,0.8785,0.0049
17,Focal + Temp Scaling,0.15,0.0022,4236.00,0.0000,0.0162
17,Focal + Temp Scaling,0.20,0.0022,4236.00,0.0000,0.0162
17,Focal + Temp Scaling,0.30,0.0022,4236.00,0.0000,0.0162
17,Focal + Temp Scaling,0.40,0.0022,4236.00,0.0000,0.0162
17,Focal + Temp Scaling,0.50,0.0022,4236.00,0.0000,0.0162
18,Base (non calibrato),0.02,0.0257,261650.00,0.9981,0.0000
18,Base (non calibrato),0.05,0.0257,494.00,0.0000,0.0019
18,Base (non calibrato),0.08,0.0257,494.00,0.0000,0.0019
18,Base (non calibrato),0.10,0.0257,494.00,0.0000,0.0019
18,Base (non calibrato),0.15,0.0257,494.00,0.0000,0.0019
18,Base (non calibrato),0.20,0.0257,494.00,0.0000,0.0019
18,Base (non calibrato),0.30,0.0257,494.00,0.0000,0.0019
18,Base (non calibrato),0.40,0.0257,494.00,0.0000,0.0019
18,Base (non calibrato),0.50,0.0257,494.00,0.0000,0.0019
18,Temp Scaling,0.02,0.0001,494.00,0.0000,0.0019
18,Temp Scaling,0.05,0.0001,494.00,0.0000,0.0019
18,Temp Scaling,0.08,0.0001,494.00,0.0000,0.0019
18,Temp Scaling,0.10,0.0001,494.00,0.0000,0.0019
18,Temp Scaling,0.15,0.0001,494.00,0.0000,0.0019
18,Temp Scaling,0.20,0.0001,494.00,0.0000,0.0019
18,Temp Scaling,0.30,0.0001,494.00,0.0000,0.0019
18,Temp Scaling,0.40,0.0001,494.00,0.0000,0.0019
18,Temp Scaling,0.50,0.0001,494.00,0.0000,0.0019
18,Focal Loss γ=1.0,0.02,0.2919,261650.00,0.9981,0.0000
18,Focal Loss γ=1.0,0.05,0.2919,261650.00,0.9981,0.0000
18,Focal Loss γ=1.0,0.08,0.2919,261650.00,0.9981,0.0000
18,Focal Loss γ=1.0,0.10,0.2919,261650.00,0.9981,0.0000
18,Focal Loss γ=1.0,0.15,0.2919,261650.00,0.9981,0.0000
18,Focal Loss γ=1.0,0.20,0.2919,261650.00,0.9981,0.0000
18,Focal Loss γ=1.0,0.30,0.2919,494.00,0.0000,0.0019
18,Focal Loss γ=1.0,0.40,0.2919,494.00,0.0000,0.0019
18,Focal Loss γ=1.0,0.50,0.2919,494.00,0.0000,0.0019
18,Focal Loss γ=2.0,0.02,0.0463,261650.00,0.9981,0.0000
18,Focal Loss γ=2.0,0.05,0.0498,76616.00,0.9947,0.0005
18,Focal Loss γ=2.0,0.08,0.0463,494.00,0.0000,0.0019
18,Focal Loss γ=2.0,0.10,0.0463,494.00,0.0000,0.0019
18,Focal Loss γ=2.0,0.15,0.0463,494.00,0.0000,0.0019
18,Focal Loss γ=2.0,0.20,0.0463,494.00,0.0000,0.0019
18,Focal Loss γ=2.0,0.30,0.0463,494.00,0.0000,0.0019
18,Focal Loss γ=2.0,0.40,0.0463,494.00,0.0000,0.0019
18,Focal Loss γ=2.0,0.50,0.0463,494.00,0.0000,0.0019
18,Focal + Temp Scaling,0.02,0.0013,494.00,0.0000,0.0019
18,Focal + Temp Scaling,0.05,0.0013,494.00,0.0000,0.0019
18,Focal + Temp Scaling,0.08,0.0013,494.00,0.0000,0.0019
18,Focal + Temp Scaling,0.10,0.0013,494.00,0.0000,0.0019
18,Focal + Temp Scaling,0.15,0.0013,494.00,0.0000,0.0019
18,Focal + Temp Scaling,0.20,0.0013,494.00,0.0000,0.0019
18,Focal + Temp Scaling,0.30,0.0013,494.00,0.0000,0.0019
18,Focal + Temp Scaling,0.40,0.0013,494.00,0.0000,0.0019
18,Focal + Temp Scaling,0.50,0.0013,494.00,0.0000,0.0019
19,Base (non calibrato),0.02,0.0252,261649.00,0.9981,0.0000
19,Base (non calibrato),0.05,0.0252,495.00,0.0000,0.0019
19,Base (non calibrato),0.08,0.0252,495.00,0.0000,0.0019
19,Base (non calibrato),0.10,0.0252,495.00,0.0000,0.0019
19,Base (non calibrato),0.15,0.0252,495.00,0.0000,0.0019
19,Base (non calibrato),0.20,0.0252,495.00,0.0000,0.0019
19,Base (non calibrato),0.30,0.0252,495.00,0.0000,0.0019
19,Base (non calibrato),0.40,0.0252,495.00,0.0000,0.0019
19,Base (non calibrato),0.50,0.0252,495.00,0.0000,0.0019
19,Temp Scaling,0.02,0.0002,495.00,0.0000,0.0019
19,Temp Scaling,0.05,0.0002,495.00,0.0000,0.0019
19,Temp Scaling,0.08,0.0002,495.00,0.0000,0.0019
19,Temp Scaling,0.10,0.0002,495.00,0.0000,0.0019
19,Temp Scaling,0.15,0.0002,495.00,0.0000,0.0019
19,Temp Scaling,0.20,0.0002,495.00,0.0000,0.0019
19,Temp Scaling,0.30,0.0002,495.00,0.0000,0.0019
19,Temp Scaling,0.40,0.0002,495.00,0.0000,0.0019
19,Temp Scaling,0.50,0.0002,495.00,0.0000,0.0019
19,Focal Loss γ=1.0,0.02,0.2921,261649.00,0.9981,0.0000
19,Focal Loss γ=1.0,0.05,0.2921,261649.00,0.9981,0.0000
19,Focal Loss γ=1.0,0.08,0.2921,261649.00,0.9981,0.0000
19,Focal Loss γ=1.0,0.10,0.2921,261649.00,0.9981,0.0000
19,Focal Loss γ=1.0,0.15,0.2921,261649.00,0.9981,0.0000
19,Focal Loss γ=1.0,0.20,0.2921,261649.00,0.9981,0.0000
19,Focal Loss γ=1.0,0.30,0.2962,16428.00,1.0000,0.0020
19,Focal Loss γ=1.0,0.40,0.2921,495.00,0.0000,0.0019
19,Focal Loss γ=1.0,0.50,0.2921,495.00,0.0000,0.0019
19,Focal Loss γ=2.0,0.02,0.0472,261649.00,0.9981,0.0000
19,Focal Loss γ=2.0,0.05,0.0511,76851.00,0.9977,0.0017
19,Focal Loss γ=2.0,0.08,0.0472,495.00,0.0000,0.0019
19,Focal Loss γ=2.0,0.10,0.0472,495.00,0.0000,0.0019
19,Focal Loss γ=2.0,0.15,0.0472,495.00,0.0000,0.0019
19,Focal Loss γ=2.0,0.20,0.0472,495.00,0.0000,0.0019
19,Focal Loss γ=2.0,0.30,0.0472,495.00,0.0000,0.0019
19,Focal Loss γ=2.0,0.40,0.0472,495.00,0.0000,0.0019
19,Focal Loss γ=2.0,0.50,0.0472,495.00,0.0000,0.0019
19,Focal + Temp Scaling,0.02,0.0015,495.00,0.0000,0.0019
19,Focal + Temp Scaling,0.05,0.0015,495.00,0.0000,0.0019
19,Focal + Temp Scaling,0.08,0.0015,495.00,0.0000,0.0019
19,Focal + Temp Scaling,0.10,0.0015,495.00,0.0000,0.0019
19,Focal + Temp Scaling,0.15,0.0015,495.00,0.0000,0.0019
19,Focal + Temp Scaling,0.20,0.0015,495.00,0.0000,0.0019
19,Focal + Temp Scaling,0.30,0.0015,495.00,0.0000,0.0019
19,Focal + Temp Scaling,0.40,0.0015,495.00,0.0000,0.0019
19,Focal + Temp Scaling,0.50,0.0015,495.00,0.0000,0.0019
2,Base (non calibrato),0.02,0.0221,25675.00,0.9989,0.0000
2,Base (non calibrato),0.05,0.0144,27.00,0.0000,0.0001
2,Base (non calibrato),0.08,0.0144,27.00,0.0000,0.0001
2,Base (non calibrato),0.10,0.0144,27.00,0.0000,0.0001
2,Base (non calibrato),0.15,0.0144,27.00,0.0000,0.0001
2,Base (non calibrato),0.20,0.0144,27.00,0.0000,0.0001
2,Base (non calibrato),0.30,0.0144,27.00,0.0000,0.0001
2,Base (non calibrato),0.40,0.0144,27.00,0.0000,0.0001
2,Base (non calibrato),0.50,0.0144,27.00,0.0000,0.0001
2,Temp Scaling,0.02,0.0008,27.00,0.0000,0.0001
2,Temp Scaling,0.05,0.0008,27.00,0.0000,0.0001
2,Temp Scaling,0.08,0.0008,27.00,0.0000,0.0001
2,Temp Scaling,0.10,0.0008,27.00,0.0000,0.0001
2,Temp Scaling,0.15,0.0008,27.00,0.0000,0.0001
2,Temp Scaling,0.20,0.0008,27.00,0.0000,0.0001
2,Temp Scaling,0.30,0.0008,27.00,0.0000,0.0001
2,Temp Scaling,0.40,0.0008,27.00,0.0000,0.0001
2,Temp Scaling,0.50,0.0008,27.00,0.0000,0.0001
2,Focal Loss γ=1.0,0.02,0.3138,262117.00,0.9999,0.0000
2,Focal Loss γ=1.0,0.05,0.3138,262117.00,0.9999,0.0000
2,Focal Loss γ=1.0,0.08,0.3138,262117.00,0.9999,0.0000
2,Focal Loss γ=1.0,0.10,0.3138,262117.00,0.9999,0.0000
2,Focal Loss γ=1.0,0.15,0.3138,262117.00,0.9999,0.0000
2,Focal Loss γ=1.0,0.20,0.3138,262117.00,0.9999,0.0000
2,Focal Loss γ=1.0,0.30,0.3138,262117.00,0.9999,0.0000
2,Focal Loss γ=1.0,0.40,0.3138,27.00,0.0000,0.0001
2,Focal Loss γ=1.0,0.50,0.3138,27.00,0.0000,0.0001
2,Focal Loss γ=2.0,0.02,0.0571,262117.00,0.9999,0.0000
2,Focal Loss γ=2.0,0.05,0.0571,262117.00,0.9999,0.0000
2,Focal Loss γ=2.0,0.08,0.0571,27.00,0.0000,0.0001
2,Focal Loss γ=2.0,0.10,0.0571,27.00,0.0000,0.0001
2,Focal Loss γ=2.0,0.15,0.0571,27.00,0.0000,0.0001
2,Focal Loss γ=2.0,0.20,0.0571,27.00,0.0000,0.0001
2,Focal Loss γ=2.0,0.30,0.0571,27.00,0.0000,0.0001
2,Focal Loss γ=2.0,0.40,0.0571,27.00,0.0000,0.0001
2,Focal Loss γ=2.0,0.50,0.0571,27.00,0.0000,0.0001
2,Focal + Temp Scaling,0.02,0.0027,27.00,0.0000,0.0001
2,Focal + Temp Scaling,0.05,0.0027,27.00,0.0000,0.0001
2,Focal + Temp Scaling,0.08,0.0027,27.00,0.0000,0.0001
2,Focal + Temp Scaling,0.10,0.0027,27.00,0.0000,0.0001
2,Focal + Temp Scaling,0.15,0.0027,27.00,0.0000,0.0001
2,Focal + Temp Scaling,0.20,0.0027,27.00,0.0000,0.0001
2,Focal + Temp Scaling,0.30,0.0027,27.00,0.0000,0.0001
2,Focal + Temp Scaling,0.40,0.0027,27.00,0.0000,0.0001
2,Focal + Temp Scaling,0.50,0.0027,27.00,0.0000,0.0001
20,Base (non calibrato),0.02,0.0247,260962.00,0.9955,0.0000
20,Base (non calibrato),0.05,0.0247,1182.00,0.0000,0.0045
20,Base (non calibrato),0.08,0.0247,1182.00,0.0000,0.0045
20,Base (non calibrato),0.10,0.0247,1182.00,0.0000,0.0045
20,Base (non calibrato),0.15,0.0247,1182.00,0.0000,0.0045
20,Base (non calibrato),0.20,0.0247,1182.00,0.0000,0.0045
20,Base (non calibrato),0.30,0.0247,1182.00,0.0000,0.0045
20,Base (non calibrato),0.40,0.0247,1182.00,0.0000,0.0045
20,Base (non calibrato),0.50,0.0247,1182.00,0.0000,0.0045
20,Temp Scaling,0.02,0.0021,1182.00,0.0000,0.0045
20,Temp Scaling,0.05,0.0021,1182.00,0.0000,0.0045
20,Temp Scaling,0.08,0.0021,1182.00,0.0000,0.0045
20,Temp Scaling,0.10,0.0021,1182.00,0.0000,0.0045
20,Temp Scaling,0.15,0.0021,1182.00,0.0000,0.0045
20,Temp Scaling,0.20,0.0021,1182.00,0.0000,0.0045
20,Temp Scaling,0.30,0.0021,1182.00,0.0000,0.0045
20,Temp Scaling,0.40,0.0021,1182.00,0.0000,0.0045
20,Temp Scaling,0.50,0.0021,1182.00,0.0000,0.0045
20,Focal Loss γ=1.0,0.02,0.2909,260962.00,0.9955,0.0000
20,Focal Loss γ=1.0,0.05,0.2909,260962.00,0.9955,0.0000
20,Focal Loss γ=1.0,0.08,0.2909,260962.00,0.9955,0.0000
20,Focal Loss γ=1.0,0.10,0.2909,260962.00,0.9955,0.0000
20,Focal Loss γ=1.0,0.15,0.2909,260962.00,0.9955,0.0000
20,Focal Loss γ=1.0,0.20,0.2909,260962.00,0.9955,0.0000
20,Focal Loss γ=1.0,0.30,0.2897,23658.00,0.9882,0.0038
20,Focal Loss γ=1.0,0.40,0.2909,1182.00,0.0000,0.0045
20,Focal Loss γ=1.0,0.50,0.2909,1182.00,0.0000,0.0045
20,Focal Loss γ=2.0,0.02,0.0453,260962.00,0.9955,0.0000
20,Focal Loss γ=2.0,0.05,0.0467,104714.00,0.9897,0.0006
20,Focal Loss γ=2.0,0.08,0.0453,1182.00,0.0000,0.0045
20,Focal Loss γ=2.0,0.10,0.0453,1182.00,0.0000,0.0045
20,Focal Loss γ=2.0,0.15,0.0453,1182.00,0.0000,0.0045
20,Focal Loss γ=2.0,0.20,0.0453,1182.00,0.0000,0.0045
20,Focal Loss γ=2.0,0.30,0.0453,1182.00,0.0000,0.0045
20,Focal Loss γ=2.0,0.40,0.0453,1182.00,0.0000,0.0045
20,Focal Loss γ=2.0,0.50,0.0453,1182.00,0.0000,0.0045
20,Focal + Temp Scaling,0.02,0.0007,1182.00,0.0000,0.0045
20,Focal + Temp Scaling,0.05,0.0007,1182.00,0.0000,0.0045
20,Focal + Temp Scaling,0.08,0.0007,1182.00,0.0000,0.0045
20,Focal + Temp Scaling,0.10,0.0007,1182.00,0.0000,0.0045
20,Focal + Temp Scaling,0.15,0.0007,1182.00,0.0000,0.0045
20,Focal + Temp Scaling,0.20,0.0007,1182.00,0.0000,0.0045
20,Focal + Temp Scaling,0.30,0.0007,1182.00,0.0000,0.0045
20,Focal + Temp Scaling,0.40,0.0007,1182.00,0.0000,0.0045
20,Focal + Temp Scaling,0.50,0.0007,1182.00,0.0000,0.0045
21,Base (non calibrato),0.02,0.0256,261668.00,0.9982,0.0000
21,Base (non calibrato),0.05,0.0256,476.00,0.0000,0.0018
21,Base (non calibrato),0.08,0.0256,476.00,0.0000,0.0018
21,Base (non calibrato),0.10,0.0256,476.00,0.0000,0.0018
21,Base (non calibrato),0.15,0.0256,476.00,0.0000,0.0018
21,Base (non calibrato),0.20,0.0256,476.00,0.0000,0.0018
21,Base (non calibrato),0.30,0.0256,476.00,0.0000,0.0018
21,Base (non calibrato),0.40,0.0256,476.00,0.0000,0.0018
21,Base (non calibrato),0.50,0.0256,476.00,0.0000,0.0018
21,Temp Scaling,0.02,0.0001,476.00,0.0000,0.0018
21,Temp Scaling,0.05,0.0001,476.00,0.0000,0.0018
21,Temp Scaling,0.08,0.0001,476.00,0.0000,0.0018
21,Temp Scaling,0.10,0.0001,476.00,0.0000,0.0018
21,Temp Scaling,0.15,0.0001,476.00,0.0000,0.0018
21,Temp Scaling,0.20,0.0001,476.00,0.0000,0.0018
21,Temp Scaling,0.30,0.0001,476.00,0.0000,0.0018
21,Temp Scaling,0.40,0.0001,476.00,0.0000,0.0018
21,Temp Scaling,0.50,0.0001,476.00,0.0000,0.0018
21,Focal Loss γ=1.0,0.02,0.2941,261668.00,0.9982,0.0000
21,Focal Loss γ=1.0,0.05,0.2941,261668.00,0.9982,0.0000
21,Focal Loss γ=1.0,0.08,0.2941,261668.00,0.9982,0.0000
21,Focal Loss γ=1.0,0.10,0.2941,261668.00,0.9982,0.0000
21,Focal Loss γ=1.0,0.15,0.2941,261668.00,0.9982,0.0000
21,Focal Loss γ=1.0,0.20,0.2941,261668.00,0.9982,0.0000
21,Focal Loss γ=1.0,0.30,0.2971,22807.00,1.0000,0.0020
21,Focal Loss γ=1.0,0.40,0.2941,476.00,0.0000,0.0018
21,Focal Loss γ=1.0,0.50,0.2941,476.00,0.0000,0.0018
21,Focal Loss γ=2.0,0.02,0.0473,261668.00,0.9982,0.0000
21,Focal Loss γ=2.0,0.05,0.0480,90990.00,0.9948,0.0000
21,Focal Loss γ=2.0,0.08,0.0473,476.00,0.0000,0.0018
21,Focal Loss γ=2.0,0.10,0.0473,476.00,0.0000,0.0018
21,Focal Loss γ=2.0,0.15,0.0473,476.00,0.0000,0.0018
21,Focal Loss γ=2.0,0.20,0.0473,476.00,0.0000,0.0018
21,Focal Loss γ=2.0,0.30,0.0473,476.00,0.0000,0.0018
21,Focal Loss γ=2.0,0.40,0.0473,476.00,0.0000,0.0018
21,Focal Loss γ=2.0,0.50,0.0473,476.00,0.0000,0.0018
21,Focal + Temp Scaling,0.02,0.0015,476.00,0.0000,0.0018
21,Focal + Temp Scaling,0.05,0.0015,476.00,0.0000,0.0018
21,Focal + Temp Scaling,0.08,0.0015,476.00,0.0000,0.0018
21,Focal + Temp Scaling,0.10,0.0015,476.00,0.0000,0.0018
21,Focal + Temp Scaling,0.15,0.0015,476.00,0.0000,0.0018
21,Focal + Temp Scaling,0.20,0.0015,476.00,0.0000,0.0018
21,Focal + Temp Scaling,0.30,0.0015,476.00,0.0000,0.0018
21,Focal + Temp Scaling,0.40,0.0015,476.00,0.0000,0.0018
21,Focal + Temp Scaling,0.50,0.0015,476.00,0.0000,0.0018
22,Base (non calibrato),0.02,0.0270,261468.00,0.9974,0.0000
22,Base (non calibrato),0.05,0.0270,676.00,0.0000,0.0026
22,Base (non calibrato),0.08,0.0270,676.00,0.0000,0.0026
22,Base (non calibrato),0.10,0.0270,676.00,0.0000,0.0026
22,Base (non calibrato),0.15,0.0270,676.00,0.0000,0.0026
22,Base (non calibrato),0.20,0.0270,676.00,0.0000,0.0026
22,Base (non calibrato),0.30,0.0270,676.00,0.0000,0.0026
22,Base (non calibrato),0.40,0.0270,676.00,0.0000,0.0026
22,Base (non calibrato),0.50,0.0270,676.00,0.0000,0.0026
22,Temp Scaling,0.02,0.0001,676.00,0.0000,0.0026
22,Temp Scaling,0.05,0.0001,676.00,0.0000,0.0026
22,Temp Scaling,0.08,0.0001,676.00,0.0000,0.0026
22,Temp Scaling,0.10,0.0001,676.00,0.0000,0.0026
22,Temp Scaling,0.15,0.0001,676.00,0.0000,0.0026
22,Temp Scaling,0.20,0.0001,676.00,0.0000,0.0026
22,Temp Scaling,0.30,0.0001,676.00,0.0000,0.0026
22,Temp Scaling,0.40,0.0001,676.00,0.0000,0.0026
22,Temp Scaling,0.50,0.0001,676.00,0.0000,0.0026
22,Focal Loss γ=1.0,0.02,0.2920,261468.00,0.9974,0.0000
22,Focal Loss γ=1.0,0.05,0.2920,261468.00,0.9974,0.0000
22,Focal Loss γ=1.0,0.08,0.2920,261468.00,0.9974,0.0000
22,Focal Loss γ=1.0,0.10,0.2920,261468.00,0.9974,0.0000
22,Focal Loss γ=1.0,0.15,0.2920,261468.00,0.9974,0.0000
22,Focal Loss γ=1.0,0.20,0.2920,261468.00,0.9974,0.0000
22,Focal Loss γ=1.0,0.30,0.2920,676.00,0.0000,0.0026
22,Focal Loss γ=1.0,0.40,0.2920,676.00,0.0000,0.0026
22,Focal Loss γ=1.0,0.50,0.2920,676.00,0.0000,0.0026
22,Focal Loss γ=2.0,0.02,0.0490,261468.00,0.9974,0.0000
22,Focal Loss γ=2.0,0.05,0.0496,153906.00,0.9960,0.0006
22,Focal Loss γ=2.0,0.08,0.0490,676.00,0.0000,0.0026
22,Focal Loss γ=2.0,0.10,0.0490,676.00,0.0000,0.0026
22,Focal Loss γ=2.0,0.15,0.0490,676.00,0.0000,0.0026
22,Focal Loss γ=2.0,0.20,0.0490,676.00,0.0000,0.0026
22,Focal Loss γ=2.0,0.30,0.0490,676.00,0.0000,0.0026
22,Focal Loss γ=2.0,0.40,0.0490,676.00,0.0000,0.0026
22,Focal Loss γ=2.0,0.50,0.0490,676.00,0.0000,0.0026
22,Focal + Temp Scaling,0.02,0.0016,676.00,0.0000,0.0026
22,Focal + Temp Scaling,0.05,0.0016,676.00,0.0000,0.0026
22,Focal + Temp Scaling,0.08,0.0016,676.00,0.0000,0.0026
22,Focal + Temp Scaling,0.10,0.0016,676.00,0.0000,0.0026
22,Focal + Temp Scaling,0.15,0.0016,676.00,0.0000,0.0026
22,Focal + Temp Scaling,0.20,0.0016,676.00,0.0000,0.0026
22,Focal + Temp Scaling,0.30,0.0016,676.00,0.0000,0.0026
22,Focal + Temp Scaling,0.40,0.0016,676.00,0.0000,0.0026
22,Focal + Temp Scaling,0.50,0.0016,676.00,0.0000,0.0026
23,Base (non calibrato),0.02,0.0272,261890.00,0.9990,0.0000
23,Base (non calibrato),0.05,0.0272,254.00,0.0000,0.0010
23,Base (non calibrato),0.08,0.0272,254.00,0.0000,0.0010
23,Base (non calibrato),0.10,0.0272,254.00,0.0000,0.0010
23,Base (non calibrato),0.15,0.0272,254.00,0.0000,0.0010
23,Base (non calibrato),0.20,0.0272,254.00,0.0000,0.0010
23,Base (non calibrato),0.30,0.0272,254.00,0.0000,0.0010
23,Base (non calibrato),0.40,0.0272,254.00,0.0000,0.0010
23,Base (non calibrato),0.50,0.0272,254.00,0.0000,0.0010
23,Temp Scaling,0.02,0.0010,254.00,0.0000,0.0010
23,Temp Scaling,0.05,0.0010,254.00,0.0000,0.0010
23,Temp Scaling,0.08,0.0010,254.00,0.0000,0.0010
23,Temp Scaling,0.10,0.0010,254.00,0.0000,0.0010
23,Temp Scaling,0.15,0.0010,254.00,0.0000,0.0010
23,Temp Scaling,0.20,0.0010,254.00,0.0000,0.0010
23,Temp Scaling,0.30,0.0010,254.00,0.0000,0.0010
23,Temp Scaling,0.40,0.0010,254.00,0.0000,0.0010
23,Temp Scaling,0.50,0.0010,254.00,0.0000,0.0010
23,Focal Loss γ=1.0,0.02,0.2958,261890.00,0.9990,0.0000
23,Focal Loss γ=1.0,0.05,0.2958,261890.00,0.9990,0.0000
23,Focal Loss γ=1.0,0.08,0.2958,261890.00,0.9990,0.0000
23,Focal Loss γ=1.0,0.10,0.2958,261890.00,0.9990,0.0000
23,Focal Loss γ=1.0,0.15,0.2958,261890.00,0.9990,0.0000
23,Focal Loss γ=1.0,0.20,0.2958,261890.00,0.9990,0.0000
23,Focal Loss γ=1.0,0.30,0.2983,43092.00,0.9993,0.0010
23,Focal Loss γ=1.0,0.40,0.2958,254.00,0.0000,0.0010
23,Focal Loss γ=1.0,0.50,0.2958,254.00,0.0000,0.0010
23,Focal Loss γ=2.0,0.02,0.0495,261890.00,0.9990,0.0000
23,Focal Loss γ=2.0,0.05,0.0507,119652.00,0.9983,0.0004
23,Focal Loss γ=2.0,0.08,0.0495,254.00,0.0000,0.0010
23,Focal Loss γ=2.0,0.10,0.0495,254.00,0.0000,0.0010
23,Focal Loss γ=2.0,0.15,0.0495,254.00,0.0000,0.0010
23,Focal Loss γ=2.0,0.20,0.0495,254.00,0.0000,0.0010
23,Focal Loss γ=2.0,0.30,0.0495,254.00,0.0000,0.0010
23,Focal Loss γ=2.0,0.40,0.0495,254.00,0.0000,0.0010
23,Focal Loss γ=2.0,0.50,0.0495,254.00,0.0000,0.0010
23,Focal + Temp Scaling,0.02,0.0027,254.00,0.0000,0.0010
23,Focal + Temp Scaling,0.05,0.0027,254.00,0.0000,0.0010
23,Focal + Temp Scaling,0.08,0.0027,254.00,0.0000,0.0010
23,Focal + Temp Scaling,0.10,0.0027,254.00,0.0000,0.0010
23,Focal + Temp Scaling,0.15,0.0027,254.00,0.0000,0.0010
23,Focal + Temp Scaling,0.20,0.0027,254.00,0.0000,0.0010
23,Focal + Temp Scaling,0.30,0.0027,254.00,0.0000,0.0010
23,Focal + Temp Scaling,0.40,0.0027,254.00,0.0000,0.0010
23,Focal + Temp Scaling,0.50,0.0027,254.00,0.0000,0.0010
24,Base (non calibrato),0.02,0.0233,260752.00,0.9947,0.0000
24,Base (non calibrato),0.05,0.0233,1392.00,0.0000,0.0053
24,Base (non calibrato),0.08,0.0233,1392.00,0.0000,0.0053
24,Base (non calibrato),0.10,0.0233,1392.00,0.0000,0.0053
24,Base (non calibrato),0.15,0.0233,1392.00,0.0000,0.0053
24,Base (non calibrato),0.20,0.0233,1392.00,0.0000,0.0053
24,Base (non calibrato),0.30,0.0233,1392.00,0.0000,0.0053
24,Base (non calibrato),0.40,0.0233,1392.00,0.0000,0.0053
24,Base (non calibrato),0.50,0.0233,1392.00,0.0000,0.0053
24,Temp Scaling,0.02,0.0022,1392.00,0.0000,0.0053
24,Temp Scaling,0.05,0.0022,1392.00,0.0000,0.0053
24,Temp Scaling,0.08,0.0022,1392.00,0.0000,0.0053
24,Temp Scaling,0.10,0.0022,1392.00,0.0000,0.0053
24,Temp Scaling,0.15,0.0022,1392.00,0.0000,0.0053
24,Temp Scaling,0.20,0.0022,1392.00,0.0000,0.0053
24,Temp Scaling,0.30,0.0022,1392.00,0.0000,0.0053
24,Temp Scaling,0.40,0.0022,1392.00,0.0000,0.0053
24,Temp Scaling,0.50,0.0022,1392.00,0.0000,0.0053
24,Focal Loss γ=1.0,0.02,0.2909,260752.00,0.9947,0.0000
24,Focal Loss γ=1.0,0.05,0.2909,260752.00,0.9947,0.0000
24,Focal Loss γ=1.0,0.08,0.2909,260752.00,0.9947,0.0000
24,Focal Loss γ=1.0,0.10,0.2909,260752.00,0.9947,0.0000
24,Focal Loss γ=1.0,0.15,0.2909,260752.00,0.9947,0.0000
24,Focal Loss γ=1.0,0.20,0.2909,260752.00,0.9947,0.0000
24,Focal Loss γ=1.0,0.30,0.2943,26776.00,0.9894,0.0047
24,Focal Loss γ=1.0,0.40,0.2909,1392.00,0.0000,0.0053
24,Focal Loss γ=1.0,0.50,0.2909,1392.00,0.0000,0.0053
24,Focal Loss γ=2.0,0.02,0.0515,260752.00,0.9947,0.0000
24,Focal Loss γ=2.0,0.05,0.0504,166860.00,0.9917,0.0000
24,Focal Loss γ=2.0,0.08,0.0515,1392.00,0.0000,0.0053
24,Focal Loss γ=2.0,0.10,0.0515,1392.00,0.0000,0.0053
24,Focal Loss γ=2.0,0.15,0.0515,1392.00,0.0000,0.0053
24,Focal Loss γ=2.0,0.20,0.0515,1392.00,0.0000,0.0053
24,Focal Loss γ=2.0,0.30,0.0515,1392.00,0.0000,0.0053
24,Focal Loss γ=2.0,0.40,0.0515,1392.00,0.0000,0.0053
24,Focal Loss γ=2.0,0.50,0.0515,1392.00,0.0000,0.0053
24,Focal + Temp Scaling,0.02,0.0016,1392.00,0.0000,0.0053
24,Focal + Temp Scaling,0.05,0.0016,1392.00,0.0000,0.0053
24,Focal + Temp Scaling,0.08,0.0016,1392.00,0.0000,0.0053
24,Focal + Temp Scaling,0.10,0.0016,1392.00,0.0000,0.0053
24,Focal + Temp Scaling,0.15,0.0016,1392.00,0.0000,0.0053
24,Focal + Temp Scaling,0.20,0.0016,1392.00,0.0000,0.0053
24,Focal + Temp Scaling,0.30,0.0016,1392.00,0.0000,0.0053
24,Focal + Temp Scaling,0.40,0.0016,1392.00,0.0000,0.0053
24,Focal + Temp Scaling,0.50,0.0016,1392.00,0.0000,0.0053
25,Base (non calibrato),0.02,0.0650,246511.00,0.9404,0.0000
25,Base (non calibrato),0.05,0.0650,246511.00,0.9404,0.0000
25,Base (non calibrato),0.08,0.0567,180565.00,0.9248,0.0151
25,Base (non calibrato),0.10,0.0602,127166.00,0.9087,0.0253
25,Base (non calibrato),0.15,0.1026,44916.00,0.8549,0.0437
25,Base (non calibrato),0.20,0.1026,44916.00,0.8549,0.0437
25,Base (non calibrato),0.30,0.0650,15633.00,0.0000,0.0596
25,Base (non calibrato),0.40,0.0650,15633.00,0.0000,0.0596
25,Base (non calibrato),0.50,0.0650,15633.00,0.0000,0.0596
25,Temp Scaling,0.02,0.0188,234373.00,0.9375,0.0002
25,Temp Scaling,0.05,0.0208,127166.00,0.9087,0.0253
25,Temp Scaling,0.08,0.0556,110103.00,0.9038,0.0301
25,Temp Scaling,0.10,0.0589,85427.00,0.8907,0.0340
25,Temp Scaling,0.15,0.0751,44916.00,0.8549,0.0437
25,Temp Scaling,0.20,0.0751,44916.00,0.8549,0.0437
25,Temp Scaling,0.30,0.0277,15633.00,0.0000,0.0596
25,Temp Scaling,0.40,0.0277,15633.00,0.0000,0.0596
25,Temp Scaling,0.50,0.0277,15633.00,0.0000,0.0596
25,Focal Loss γ=1.0,0.02,0.2679,246511.00,0.9404,0.0000
25,Focal Loss γ=1.0,0.05,0.2679,246511.00,0.9404,0.0000
25,Focal Loss γ=1.0,0.08,0.2679,246511.00,0.9404,0.0000
25,Focal Loss γ=1.0,0.10,0.2679,246511.00,0.9404,0.0000
25,Focal Loss γ=1.0,0.15,0.2679,246511.00,0.9404,0.0000
25,Focal Loss γ=1.0,0.20,0.2679,246511.00,0.9404,0.0000
25,Focal Loss γ=1.0,0.30,0.2679,246511.00,0.9404,0.0000
25,Focal Loss γ=1.0,0.40,0.2679,15633.00,0.0000,0.0596
25,Focal Loss γ=1.0,0.50,0.2679,15633.00,0.0000,0.0596
25,Focal Loss γ=2.0,0.02,0.1023,246511.00,0.9404,0.0000
25,Focal Loss γ=2.0,0.05,0.1023,246511.00,0.9404,0.0000
25,Focal Loss γ=2.0,0.08,0.1023,246511.00,0.9404,0.0000
25,Focal Loss γ=2.0,0.10,0.0890,209336.00,0.9325,0.0135
25,Focal Loss γ=2.0,0.15,0.1253,110103.00,0.9038,0.0301
25,Focal Loss γ=2.0,0.20,0.1341,44916.00,0.8549,0.0437
25,Focal Loss γ=2.0,0.30,0.1170,32998.00,0.8301,0.0473
25,Focal Loss γ=2.0,0.40,0.1023,15633.00,0.0000,0.0596
25,Focal Loss γ=2.0,0.50,0.1023,15633.00,0.0000,0.0596
25,Focal + Temp Scaling,0.02,0.0206,214260.00,0.9330,0.0083
25,Focal + Temp Scaling,0.05,0.0208,146200.00,0.9133,0.0186
25,Focal + Temp Scaling,0.08,0.0646,110103.00,0.9038,0.0301
25,Focal + Temp Scaling,0.10,0.0646,110103.00,0.9038,0.0301
25,Focal + Temp Scaling,0.15,0.0826,44916.00,0.8549,0.0437
25,Focal + Temp Scaling,0.20,0.0826,44916.00,0.8549,0.0437
25,Focal + Temp Scaling,0.30,0.0353,15633.00,0.0000,0.0596
25,Focal + Temp Scaling,0.40,0.0353,15633.00,0.0000,0.0596
25,Focal + Temp Scaling,0.50,0.0353,15633.00,0.0000,0.0596
26,Base (non calibrato),0.02,0.0108,251258.00,0.9585,0.0000
26,Base (non calibrato),0.05,0.0129,69079.00,0.9127,0.0247
26,Base (non calibrato),0.08,0.0085,45062.00,0.8807,0.0255
26,Base (non calibrato),0.10,0.0085,45062.00,0.8807,0.0255
26,Base (non calibrato),0.15,0.0108,10886.00,0.0000,0.0415
26,Base (non calibrato),0.20,0.0108,10886.00,0.0000,0.0415
26,Base (non calibrato),0.30,0.0108,10886.00,0.0000,0.0415
26,Base (non calibrato),0.40,0.0108,10886.00,0.0000,0.0415
26,Base (non calibrato),0.50,0.0108,10886.00,0.0000,0.0415
26,Temp Scaling,0.02,0.0092,114933.00,0.9360,0.0227
26,Temp Scaling,0.05,0.0129,45062.00,0.8807,0.0255
26,Temp Scaling,0.08,0.0129,45062.00,0.8807,0.0255
26,Temp Scaling,0.10,0.0153,28131.00,0.8572,0.0313
26,Temp Scaling,0.15,0.0110,10886.00,0.0000,0.0415
26,Temp Scaling,0.20,0.0110,10886.00,0.0000,0.0415
26,Temp Scaling,0.30,0.0110,10886.00,0.0000,0.0415
26,Temp Scaling,0.40,0.0110,10886.00,0.0000,0.0415
26,Temp Scaling,0.50,0.0110,10886.00,0.0000,0.0415
26,Focal Loss γ=1.0,0.02,0.2882,251258.00,0.9585,0.0000
26,Focal Loss γ=1.0,0.05,0.2882,251258.00,0.9585,0.0000
26,Focal Loss γ=1.0,0.08,0.2882,251258.00,0.9585,0.0000
26,Focal Loss γ=1.0,0.10,0.2882,251258.00,0.9585,0.0000
26,Focal Loss γ=1.0,0.15,0.2882,251258.00,0.9585,0.0000
26,Focal Loss γ=1.0,0.20,0.2882,251258.00,0.9585,0.0000
26,Focal Loss γ=1.0,0.30,0.2882,251258.00,0.9585,0.0000
26,Focal Loss γ=1.0,0.40,0.2882,10886.00,0.0000,0.0415
26,Focal Loss γ=1.0,0.50,0.2882,10886.00,0.0000,0.0415
26,Focal Loss γ=2.0,0.02,0.0866,251258.00,0.9585,0.0000
26,Focal Loss γ=2.0,0.05,0.0866,251258.00,0.9585,0.0000
26,Focal Loss γ=2.0,0.08,0.0866,251258.00,0.9585,0.0000
26,Focal Loss γ=2.0,0.10,0.0839,231756.00,0.9562,0.0135
26,Focal Loss γ=2.0,0.15,0.0862,45062.00,0.8807,0.0255
26,Focal Loss γ=2.0,0.20,0.0801,28131.00,0.8572,0.0313
26,Focal Loss γ=2.0,0.30,0.0866,10886.00,0.0000,0.0415
26,Focal Loss γ=2.0,0.40,0.0866,10886.00,0.0000,0.0415
26,Focal Loss γ=2.0,0.50,0.0866,10886.00,0.0000,0.0415
26,Focal + Temp Scaling,0.02,0.0069,211405.00,0.9532,0.0128
26,Focal + Temp Scaling,0.05,0.0124,69079.00,0.9127,0.0247
26,Focal + Temp Scaling,0.08,0.0100,45062.00,0.8807,0.0255
26,Focal + Temp Scaling,0.10,0.0100,45062.00,0.8807,0.0255
26,Focal + Temp Scaling,0.15,0.0073,10886.00,0.0000,0.0415
26,Focal + Temp Scaling,0.20,0.0073,10886.00,0.0000,0.0415
26,Focal + Temp Scaling,0.30,0.0073,10886.00,0.0000,0.0415
26,Focal + Temp Scaling,0.40,0.0073,10886.00,0.0000,0.0415
26,Focal + Temp Scaling,0.50,0.0073,10886.00,0.0000,0.0415
27,Base (non calibrato),0.02,0.0199,257418.00,0.9820,0.0000
27,Base (non calibrato),0.05,0.0227,15943.00,0.9737,0.0176
27,Base (non calibrato),0.08,0.0199,4726.00,0.0000,0.0180
27,Base (non calibrato),0.10,0.0199,4726.00,0.0000,0.0180
27,Base (non calibrato),0.15,0.0199,4726.00,0.0000,0.0180
27,Base (non calibrato),0.20,0.0199,4726.00,0.0000,0.0180
27,Base (non calibrato),0.30,0.0199,4726.00,0.0000,0.0180
27,Base (non calibrato),0.40,0.0199,4726.00,0.0000,0.0180
27,Base (non calibrato),0.50,0.0199,4726.00,0.0000,0.0180
27,Temp Scaling,0.02,0.0136,32263.00,0.9589,0.0150
27,Temp Scaling,0.05,0.0081,4726.00,0.0000,0.0180
27,Temp Scaling,0.08,0.0081,4726.00,0.0000,0.0180
27,Temp Scaling,0.10,0.0081,4726.00,0.0000,0.0180
27,Temp Scaling,0.15,0.0081,4726.00,0.0000,0.0180
27,Temp Scaling,0.20,0.0081,4726.00,0.0000,0.0180
27,Temp Scaling,0.30,0.0081,4726.00,0.0000,0.0180
27,Temp Scaling,0.40,0.0081,4726.00,0.0000,0.0180
27,Temp Scaling,0.50,0.0081,4726.00,0.0000,0.0180
27,Focal Loss γ=1.0,0.02,0.2917,257418.00,0.9820,0.0000
27,Focal Loss γ=1.0,0.05,0.2917,257418.00,0.9820,0.0000
27,Focal Loss γ=1.0,0.08,0.2917,257418.00,0.9820,0.0000
27,Focal Loss γ=1.0,0.10,0.2917,257418.00,0.9820,0.0000
27,Focal Loss γ=1.0,0.15,0.2917,257418.00,0.9820,0.0000
27,Focal Loss γ=1.0,0.20,0.2917,257418.00,0.9820,0.0000
27,Focal Loss γ=1.0,0.30,0.2930,192016.00,0.9768,0.0027
27,Focal Loss γ=1.0,0.40,0.2917,4726.00,0.0000,0.0180
27,Focal Loss γ=1.0,0.50,0.2917,4726.00,0.0000,0.0180
27,Focal Loss γ=2.0,0.02,0.0585,257418.00,0.9820,0.0000
27,Focal Loss γ=2.0,0.05,0.0585,257418.00,0.9820,0.0000
27,Focal Loss γ=2.0,0.08,0.0582,61071.00,0.9705,0.0146
27,Focal Loss γ=2.0,0.10,0.0628,36872.00,0.9660,0.0156
27,Focal Loss γ=2.0,0.15,0.0585,4726.00,0.0000,0.0180
27,Focal Loss γ=2.0,0.20,0.0585,4726.00,0.0000,0.0180
27,Focal Loss γ=2.0,0.30,0.0585,4726.00,0.0000,0.0180
27,Focal Loss γ=2.0,0.40,0.0585,4726.00,0.0000,0.0180
27,Focal Loss γ=2.0,0.50,0.0585,4726.00,0.0000,0.0180
27,Focal + Temp Scaling,0.02,0.0027,77391.00,0.9655,0.0111
27,Focal + Temp Scaling,0.05,0.0012,4726.00,0.0000,0.0180
27,Focal + Temp Scaling,0.08,0.0012,4726.00,0.0000,0.0180
27,Focal + Temp Scaling,0.10,0.0012,4726.00,0.0000,0.0180
27,Focal + Temp Scaling,0.15,0.0012,4726.00,0.0000,0.0180
27,Focal + Temp Scaling,0.20,0.0012,4726.00,0.0000,0.0180
27,Focal + Temp Scaling,0.30,0.0012,4726.00,0.0000,0.0180
27,Focal + Temp Scaling,0.40,0.0012,4726.00,0.0000,0.0180
27,Focal + Temp Scaling,0.50,0.0012,4726.00,0.0000,0.0180
28,Base (non calibrato),0.02,0.0185,257916.00,0.9839,0.0000
28,Base (non calibrato),0.05,0.0185,4228.00,0.0000,0.0161
28,Base (non calibrato),0.08,0.0185,4228.00,0.0000,0.0161
28,Base (non calibrato),0.10,0.0185,4228.00,0.0000,0.0161
28,Base (non calibrato),0.15,0.0185,4228.00,0.0000,0.0161
28,Base (non calibrato),0.20,0.0185,4228.00,0.0000,0.0161
28,Base (non calibrato),0.30,0.0185,4228.00,0.0000,0.0161
28,Base (non calibrato),0.40,0.0185,4228.00,0.0000,0.0161
28,Base (non calibrato),0.50,0.0185,4228.00,0.0000,0.0161
28,Temp Scaling,0.02,0.0097,4228.00,0.0000,0.0161
28,Temp Scaling,0.05,0.0097,4228.00,0.0000,0.0161
28,Temp Scaling,0.08,0.0097,4228.00,0.0000,0.0161
28,Temp Scaling,0.10,0.0097,4228.00,0.0000,0.0161
28,Temp Scaling,0.15,0.0097,4228.00,0.0000,0.0161
28,Temp Scaling,0.20,0.0097,4228.00,0.0000,0.0161
28,Temp Scaling,0.30,0.0097,4228.00,0.0000,0.0161
28,Temp Scaling,0.40,0.0097,4228.00,0.0000,0.0161
28,Temp Scaling,0.50,0.0097,4228.00,0.0000,0.0161
28,Focal Loss γ=1.0,0.02,0.2807,257916.00,0.9839,0.0000
28,Focal Loss γ=1.0,0.05,0.2807,257916.00,0.9839,0.0000
28,Focal Loss γ=1.0,0.08,0.2807,257916.00,0.9839,0.0000
28,Focal Loss γ=1.0,0.10,0.2807,257916.00,0.9839,0.0000
28,Focal Loss γ=1.0,0.15,0.2807,257916.00,0.9839,0.0000
28,Focal Loss γ=1.0,0.20,0.2807,257916.00,0.9839,0.0000
28,Focal Loss γ=1.0,0.30,0.2650,24456.00,0.9441,0.0123
28,Focal Loss γ=1.0,0.40,0.2807,4228.00,0.0000,0.0161
28,Focal Loss γ=1.0,0.50,0.2807,4228.00,0.0000,0.0161
28,Focal Loss γ=2.0,0.02,0.0463,257916.00,0.9839,0.0000
28,Focal Loss γ=2.0,0.05,0.0457,216193.00,0.9810,0.0009
28,Focal Loss γ=2.0,0.08,0.0435,24456.00,0.9441,0.0123
28,Focal Loss γ=2.0,0.10,0.0463,4228.00,0.0000,0.0161
28,Focal Loss γ=2.0,0.15,0.0463,4228.00,0.0000,0.0161
28,Focal Loss γ=2.0,0.20,0.0463,4228.00,0.0000,0.0161
28,Focal Loss γ=2.0,0.30,0.0463,4228.00,0.0000,0.0161
28,Focal Loss γ=2.0,0.40,0.0463,4228.00,0.0000,0.0161
28,Focal Loss γ=2.0,0.50,0.0463,4228.00,0.0000,0.0161
28,Focal + Temp Scaling,0.02,0.0070,54296.00,0.9693,0.0124
28,Focal + Temp Scaling,0.05,0.0053,4228.00,0.0000,0.0161
28,Focal + Temp Scaling,0.08,0.0053,4228.00,0.0000,0.0161
28,Focal + Temp Scaling,0.10,0.0053,4228.00,0.0000,0.0161
28,Focal + Temp Scaling,0.15,0.0053,4228.00,0.0000,0.0161
28,Focal + Temp Scaling,0.20,0.0053,4228.00,0.0000,0.0161
28,Focal + Temp Scaling,0.30,0.0053,4228.00,0.0000,0.0161
28,Focal + Temp Scaling,0.40,0.0053,4228.00,0.0000,0.0161
28,Focal + Temp Scaling,0.50,0.0053,4228.00,0.0000,0.0161
29,Base (non calibrato),0.02,0.0219,259869.00,0.9913,0.0000
29,Base (non calibrato),0.05,0.0219,2275.00,0.0000,0.0087
29,Base (non calibrato),0.08,0.0219,2275.00,0.0000,0.0087
29,Base (non calibrato),0.10,0.0219,2275.00,0.0000,0.0087
29,Base (non calibrato),0.15,0.0219,2275.00,0.0000,0.0087
29,Base (non calibrato),0.20,0.0219,2275.00,0.0000,0.0087
29,Base (non calibrato),0.30,0.0219,2275.00,0.0000,0.0087
29,Base (non calibrato),0.40,0.0219,2275.00,0.0000,0.0087
29,Base (non calibrato),0.50,0.0219,2275.00,0.0000,0.0087
29,Temp Scaling,0.02,0.0052,2275.00,0.0000,0.0087
29,Temp Scaling,0.05,0.0052,2275.00,0.0000,0.0087
29,Temp Scaling,0.08,0.0052,2275.00,0.0000,0.0087
29,Temp Scaling,0.10,0.0052,2275.00,0.0000,0.0087
29,Temp Scaling,0.15,0.0052,2275.00,0.0000,0.0087
29,Temp Scaling,0.20,0.0052,2275.00,0.0000,0.0087
29,Temp Scaling,0.30,0.0052,2275.00,0.0000,0.0087
29,Temp Scaling,0.40,0.0052,2275.00,0.0000,0.0087
29,Temp Scaling,0.50,0.0052,2275.00,0.0000,0.0087
29,Focal Loss γ=1.0,0.02,0.2839,259869.00,0.9913,0.0000
29,Focal Loss γ=1.0,0.05,0.2839,259869.00,0.9913,0.0000
29,Focal Loss γ=1.0,0.08,0.2839,259869.00,0.9913,0.0000
29,Focal Loss γ=1.0,0.10,0.2839,259869.00,0.9913,0.0000
29,Focal Loss γ=1.0,0.15,0.2839,259869.00,0.9913,0.0000
29,Focal Loss γ=1.0,0.20,0.2839,259869.00,0.9913,0.0000
29,Focal Loss γ=1.0,0.30,0.2839,2275.00,0.0000,0.0087
29,Focal Loss γ=1.0,0.40,0.2839,2275.00,0.0000,0.0087
29,Focal Loss γ=1.0,0.50,0.2839,2275.00,0.0000,0.0087
29,Focal Loss γ=2.0,0.02,0.0433,259869.00,0.9913,0.0000
29,Focal Loss γ=2.0,0.05,0.0437,119669.00,0.9887,0.0065
29,Focal Loss γ=2.0,0.08,0.0433,2275.00,0.0000,0.0087
29,Focal Loss γ=2.0,0.10,0.0433,2275.00,0.0000,0.0087
29,Focal Loss γ=2.0,0.15,0.0433,2275.00,0.0000,0.0087
29,Focal Loss γ=2.0,0.20,0.0433,2275.00,0.0000,0.0087
29,Focal Loss γ=2.0,0.30,0.0433,2275.00,0.0000,0.0087
29,Focal Loss γ=2.0,0.40,0.0433,2275.00,0.0000,0.0087
29,Focal Loss γ=2.0,0.50,0.0433,2275.00,0.0000,0.0087
29,Focal + Temp Scaling,0.02,0.0033,2275.00,0.0000,0.0087
29,Focal + Temp Scaling,0.05,0.0033,2275.00,0.0000,0.0087
29,Focal + Temp Scaling,0.08,0.0033,2275.00,0.0000,0.0087
29,Focal + Temp Scaling,0.10,0.0033,2275.00,0.0000,0.0087
29,Focal + Temp Scaling,0.15,0.0033,2275.00,0.0000,0.0087
29,Focal + Temp Scaling,0.20,0.0033,2275.00,0.0000,0.0087
29,Focal + Temp Scaling,0.30,0.0033,2275.00,0.0000,0.0087
29,Focal + Temp Scaling,0.40,0.0033,2275.00,0.0000,0.0087
29,Focal + Temp Scaling,0.50,0.0033,2275.00,0.0000,0.0087
3,Base (non calibrato),0.02,0.0391,22587.00,0.9905,0.0000
3,Base (non calibrato),0.05,0.0391,22587.00,0.9905,0.0000
3,Base (non calibrato),0.08,0.0178,217.00,0.0000,0.0008
3,Base (non calibrato),0.10,0.0178,217.00,0.0000,0.0008
3,Base (non calibrato),0.15,0.0178,217.00,0.0000,0.0008
3,Base (non calibrato),0.20,0.0178,217.00,0.0000,0.0008
3,Base (non calibrato),0.30,0.0178,217.00,0.0000,0.0008
3,Base (non calibrato),0.40,0.0178,217.00,0.0000,0.0008
3,Base (non calibrato),0.50,0.0178,217.00,0.0000,0.0008
3,Temp Scaling,0.02,0.0072,22587.00,0.9905,0.0000
3,Temp Scaling,0.05,0.0014,217.00,0.0000,0.0008
3,Temp Scaling,0.08,0.0014,217.00,0.0000,0.0008
3,Temp Scaling,0.10,0.0014,217.00,0.0000,0.0008
3,Temp Scaling,0.15,0.0014,217.00,0.0000,0.0008
3,Temp Scaling,0.20,0.0014,217.00,0.0000,0.0008
3,Temp Scaling,0.30,0.0014,217.00,0.0000,0.0008
3,Temp Scaling,0.40,0.0014,217.00,0.0000,0.0008
3,Temp Scaling,0.50,0.0014,217.00,0.0000,0.0008
3,Focal Loss γ=1.0,0.02,0.3139,261927.00,0.9992,0.0000
3,Focal Loss γ=1.0,0.05,0.3139,261927.00,0.9992,0.0000
3,Focal Loss γ=1.0,0.08,0.3139,261927.00,0.9992,0.0000
3,Focal Loss γ=1.0,0.10,0.3139,261927.00,0.9992,0.0000
3,Focal Loss γ=1.0,0.15,0.3139,261927.00,0.9992,0.0000
3,Focal Loss γ=1.0,0.20,0.3139,261927.00,0.9992,0.0000
3,Focal Loss γ=1.0,0.30,0.3139,261927.00,0.9992,0.0000
3,Focal Loss γ=1.0,0.40,0.3139,217.00,0.0000,0.0008
3,Focal Loss γ=1.0,0.50,0.3139,217.00,0.0000,0.0008
3,Focal Loss γ=2.0,0.02,0.0594,261927.00,0.9992,0.0000
3,Focal Loss γ=2.0,0.05,0.0594,261927.00,0.9992,0.0000
3,Focal Loss γ=2.0,0.08,0.0741,22587.00,0.9905,0.0000
3,Focal Loss γ=2.0,0.10,0.0741,22587.00,0.9905,0.0000
3,Focal Loss γ=2.0,0.15,0.0594,217.00,0.0000,0.0008
3,Focal Loss γ=2.0,0.20,0.0594,217.00,0.0000,0.0008
3,Focal Loss γ=2.0,0.30,0.0594,217.00,0.0000,0.0008
3,Focal Loss γ=2.0,0.40,0.0594,217.00,0.0000,0.0008
3,Focal Loss γ=2.0,0.50,0.0594,217.00,0.0000,0.0008
3,Focal + Temp Scaling,0.02,0.0090,22587.00,0.9905,0.0000
3,Focal + Temp Scaling,0.05,0.0035,217.00,0.0000,0.0008
3,Focal + Temp Scaling,0.08,0.0035,217.00,0.0000,0.0008
3,Focal + Temp Scaling,0.10,0.0035,217.00,0.0000,0.0008
3,Focal + Temp Scaling,0.15,0.0035,217.00,0.0000,0.0008
3,Focal + Temp Scaling,0.20,0.0035,217.00,0.0000,0.0008
3,Focal + Temp Scaling,0.30,0.0035,217.00,0.0000,0.0008
3,Focal + Temp Scaling,0.40,0.0035,217.00,0.0000,0.0008
3,Focal + Temp Scaling,0.50,0.0035,217.00,0.0000,0.0008
30,Base (non calibrato),0.02,0.0217,259526.00,0.9900,0.0000
30,Base (non calibrato),0.05,0.0217,2618.00,0.0000,0.0100
30,Base (non calibrato),0.08,0.0217,2618.00,0.0000,0.0100
30,Base (non calibrato),0.10,0.0217,2618.00,0.0000,0.0100
30,Base (non calibrato),0.15,0.0217,2618.00,0.0000,0.0100
30,Base (non calibrato),0.20,0.0217,2618.00,0.0000,0.0100
30,Base (non calibrato),0.30,0.0217,2618.00,0.0000,0.0100
30,Base (non calibrato),0.40,0.0217,2618.00,0.0000,0.0100
30,Base (non calibrato),0.50,0.0217,2618.00,0.0000,0.0100
30,Temp Scaling,0.02,0.0066,2618.00,0.0000,0.0100
30,Temp Scaling,0.05,0.0066,2618.00,0.0000,0.0100
30,Temp Scaling,0.08,0.0066,2618.00,0.0000,0.0100
30,Temp Scaling,0.10,0.0066,2618.00,0.0000,0.0100
30,Temp Scaling,0.15,0.0066,2618.00,0.0000,0.0100
30,Temp Scaling,0.20,0.0066,2618.00,0.0000,0.0100
30,Temp Scaling,0.30,0.0066,2618.00,0.0000,0.0100
30,Temp Scaling,0.40,0.0066,2618.00,0.0000,0.0100
30,Temp Scaling,0.50,0.0066,2618.00,0.0000,0.0100
30,Focal Loss γ=1.0,0.02,0.2851,259526.00,0.9900,0.0000
30,Focal Loss γ=1.0,0.05,0.2851,259526.00,0.9900,0.0000
30,Focal Loss γ=1.0,0.08,0.2851,259526.00,0.9900,0.0000
30,Focal Loss γ=1.0,0.10,0.2851,259526.00,0.9900,0.0000
30,Focal Loss γ=1.0,0.15,0.2851,259526.00,0.9900,0.0000
30,Focal Loss γ=1.0,0.20,0.2851,259526.00,0.9900,0.0000
30,Focal Loss γ=1.0,0.30,0.2851,2618.00,0.0000,0.0100
30,Focal Loss γ=1.0,0.40,0.2851,2618.00,0.0000,0.0100
30,Focal Loss γ=1.0,0.50,0.2851,2618.00,0.0000,0.0100
30,Focal Loss γ=2.0,0.02,0.0421,259526.00,0.9900,0.0000
30,Focal Loss γ=2.0,0.05,0.0418,167701.00,0.9864,0.0033
30,Focal Loss γ=2.0,0.08,0.0421,2618.00,0.0000,0.0100
30,Focal Loss γ=2.0,0.10,0.0421,2618.00,0.0000,0.0100
30,Focal Loss γ=2.0,0.15,0.0421,2618.00,0.0000,0.0100
30,Focal Loss γ=2.0,0.20,0.0421,2618.00,0.0000,0.0100
30,Focal Loss γ=2.0,0.30,0.0421,2618.00,0.0000,0.0100
30,Focal Loss γ=2.0,0.40,0.0421,2618.00,0.0000,0.0100
30,Focal Loss γ=2.0,0.50,0.0421,2618.00,0.0000,0.0100
30,Focal + Temp Scaling,0.02,0.0049,2618.00,0.0000,0.0100
30,Focal + Temp Scaling,0.05,0.0049,2618.00,0.0000,0.0100
30,Focal + Temp Scaling,0.08,0.0049,2618.00,0.0000,0.0100
30,Focal + Temp Scaling,0.10,0.0049,2618.00,0.0000,0.0100
30,Focal + Temp Scaling,0.15,0.0049,2618.00,0.0000,0.0100
30,Focal + Temp Scaling,0.20,0.0049,2618.00,0.0000,0.0100
30,Focal + Temp Scaling,0.30,0.0049,2618.00,0.0000,0.0100
30,Focal + Temp Scaling,0.40,0.0049,2618.00,0.0000,0.0100
30,Focal + Temp Scaling,0.50,0.0049,2618.00,0.0000,0.0100
31,Base (non calibrato),0.02,0.0236,261513.00,0.9976,0.0000
31,Base (non calibrato),0.05,0.0236,631.00,0.0000,0.0024
31,Base (non calibrato),0.08,0.0236,631.00,0.0000,0.0024
31,Base (non calibrato),0.10,0.0236,631.00,0.0000,0.0024
31,Base (non calibrato),0.15,0.0236,631.00,0.0000,0.0024
31,Base (non calibrato),0.20,0.0236,631.00,0.0000,0.0024
31,Base (non calibrato),0.30,0.0236,631.00,0.0000,0.0024
31,Base (non calibrato),0.40,0.0236,631.00,0.0000,0.0024
31,Base (non calibrato),0.50,0.0236,631.00,0.0000,0.0024
31,Temp Scaling,0.02,0.0009,631.00,0.0000,0.0024
31,Temp Scaling,0.05,0.0009,631.00,0.0000,0.0024
31,Temp Scaling,0.08,0.0009,631.00,0.0000,0.0024
31,Temp Scaling,0.10,0.0009,631.00,0.0000,0.0024
31,Temp Scaling,0.15,0.0009,631.00,0.0000,0.0024
31,Temp Scaling,0.20,0.0009,631.00,0.0000,0.0024
31,Temp Scaling,0.30,0.0009,631.00,0.0000,0.0024
31,Temp Scaling,0.40,0.0009,631.00,0.0000,0.0024
31,Temp Scaling,0.50,0.0009,631.00,0.0000,0.0024
31,Focal Loss γ=1.0,0.02,0.2910,261513.00,0.9976,0.0000
31,Focal Loss γ=1.0,0.05,0.2910,261513.00,0.9976,0.0000
31,Focal Loss γ=1.0,0.08,0.2910,261513.00,0.9976,0.0000
31,Focal Loss γ=1.0,0.10,0.2910,261513.00,0.9976,0.0000
31,Focal Loss γ=1.0,0.15,0.2910,261513.00,0.9976,0.0000
31,Focal Loss γ=1.0,0.20,0.2910,261513.00,0.9976,0.0000
31,Focal Loss γ=1.0,0.30,0.2910,631.00,0.0000,0.0024
31,Focal Loss γ=1.0,0.40,0.2910,631.00,0.0000,0.0024
31,Focal Loss γ=1.0,0.50,0.2910,631.00,0.0000,0.0024
31,Focal Loss γ=2.0,0.02,0.0444,261513.00,0.9976,0.0000
31,Focal Loss γ=2.0,0.05,0.0469,63270.00,0.9977,0.0024
31,Focal Loss γ=2.0,0.08,0.0444,631.00,0.0000,0.0024
31,Focal Loss γ=2.0,0.10,0.0444,631.00,0.0000,0.0024
31,Focal Loss γ=2.0,0.15,0.0444,631.00,0.0000,0.0024
31,Focal Loss γ=2.0,0.20,0.0444,631.00,0.0000,0.0024
31,Focal Loss γ=2.0,0.30,0.0444,631.00,0.0000,0.0024
31,Focal Loss γ=2.0,0.40,0.0444,631.00,0.0000,0.0024
31,Focal Loss γ=2.0,0.50,0.0444,631.00,0.0000,0.0024
31,Focal + Temp Scaling,0.02,0.0006,631.00,0.0000,0.0024
31,Focal + Temp Scaling,0.05,0.0006,631.00,0.0000,0.0024
31,Focal + Temp Scaling,0.08,0.0006,631.00,0.0000,0.0024
31,Focal + Temp Scaling,0.10,0.0006,631.00,0.0000,0.0024
31,Focal + Temp Scaling,0.15,0.0006,631.00,0.0000,0.0024
31,Focal + Temp Scaling,0.20,0.0006,631.00,0.0000,0.0024
31,Focal + Temp Scaling,0.30,0.0006,631.00,0.0000,0.0024
31,Focal + Temp Scaling,0.40,0.0006,631.00,0.0000,0.0024
31,Focal + Temp Scaling,0.50,0.0006,631.00,0.0000,0.0024
32,Base (non calibrato),0.02,0.0242,261376.00,0.9971,0.0000
32,Base (non calibrato),0.05,0.0242,768.00,0.0000,0.0029
32,Base (non calibrato),0.08,0.0242,768.00,0.0000,0.0029
32,Base (non calibrato),0.10,0.0242,768.00,0.0000,0.0029
32,Base (non calibrato),0.15,0.0242,768.00,0.0000,0.0029
32,Base (non calibrato),0.20,0.0242,768.00,0.0000,0.0029
32,Base (non calibrato),0.30,0.0242,768.00,0.0000,0.0029
32,Base (non calibrato),0.40,0.0242,768.00,0.0000,0.0029
32,Base (non calibrato),0.50,0.0242,768.00,0.0000,0.0029
32,Temp Scaling,0.02,0.0011,768.00,0.0000,0.0029
32,Temp Scaling,0.05,0.0011,768.00,0.0000,0.0029
32,Temp Scaling,0.08,0.0011,768.00,0.0000,0.0029
32,Temp Scaling,0.10,0.0011,768.00,0.0000,0.0029
32,Temp Scaling,0.15,0.0011,768.00,0.0000,0.0029
32,Temp Scaling,0.20,0.0011,768.00,0.0000,0.0029
32,Temp Scaling,0.30,0.0011,768.00,0.0000,0.0029
32,Temp Scaling,0.40,0.0011,768.00,0.0000,0.0029
32,Temp Scaling,0.50,0.0011,768.00,0.0000,0.0029
32,Focal Loss γ=1.0,0.02,0.2908,261376.00,0.9971,0.0000
32,Focal Loss γ=1.0,0.05,0.2908,261376.00,0.9971,0.0000
32,Focal Loss γ=1.0,0.08,0.2908,261376.00,0.9971,0.0000
32,Focal Loss γ=1.0,0.10,0.2908,261376.00,0.9971,0.0000
32,Focal Loss γ=1.0,0.15,0.2908,261376.00,0.9971,0.0000
32,Focal Loss γ=1.0,0.20,0.2908,261376.00,0.9971,0.0000
32,Focal Loss γ=1.0,0.30,0.2908,768.00,0.0000,0.0029
32,Focal Loss γ=1.0,0.40,0.2908,768.00,0.0000,0.0029
32,Focal Loss γ=1.0,0.50,0.2908,768.00,0.0000,0.0029
32,Focal Loss γ=2.0,0.02,0.0455,261376.00,0.9971,0.0000
32,Focal Loss γ=2.0,0.05,0.0498,53079.00,0.9970,0.0029
32,Focal Loss γ=2.0,0.08,0.0455,768.00,0.0000,0.0029
32,Focal Loss γ=2.0,0.10,0.0455,768.00,0.0000,0.0029
32,Focal Loss γ=2.0,0.15,0.0455,768.00,0.0000,0.0029
32,Focal Loss γ=2.0,0.20,0.0455,768.00,0.0000,0.0029
32,Focal Loss γ=2.0,0.30,0.0455,768.00,0.0000,0.0029
32,Focal Loss γ=2.0,0.40,0.0455,768.00,0.0000,0.0029
32,Focal Loss γ=2.0,0.50,0.0455,768.00,0.0000,0.0029
32,Focal + Temp Scaling,0.02,0.0005,768.00,0.0000,0.0029
32,Focal + Temp Scaling,0.05,0.0005,768.00,0.0000,0.0029
32,Focal + Temp Scaling,0.08,0.0005,768.00,0.0000,0.0029
32,Focal + Temp Scaling,0.10,0.0005,768.00,0.0000,0.0029
32,Focal + Temp Scaling,0.15,0.0005,768.00,0.0000,0.0029
32,Focal + Temp Scaling,0.20,0.0005,768.00,0.0000,0.0029
32,Focal + Temp Scaling,0.30,0.0005,768.00,0.0000,0.0029
32,Focal + Temp Scaling,0.40,0.0005,768.00,0.0000,0.0029
32,Focal + Temp Scaling,0.50,0.0005,768.00,0.0000,0.0029
33,Base (non calibrato),0.02,0.0249,261691.00,0.9983,0.0000
33,Base (non calibrato),0.05,0.0249,453.00,0.0000,0.0017
33,Base (non calibrato),0.08,0.0249,453.00,0.0000,0.0017
33,Base (non calibrato),0.10,0.0249,453.00,0.0000,0.0017
33,Base (non calibrato),0.15,0.0249,453.00,0.0000,0.0017
33,Base (non calibrato),0.20,0.0249,453.00,0.0000,0.0017
33,Base (non calibrato),0.30,0.0249,453.00,0.0000,0.0017
33,Base (non calibrato),0.40,0.0249,453.00,0.0000,0.0017
33,Base (non calibrato),0.50,0.0249,453.00,0.0000,0.0017
33,Temp Scaling,0.02,0.0000,453.00,0.0000,0.0017
33,Temp Scaling,0.05,0.0000,453.00,0.0000,0.0017
33,Temp Scaling,0.08,0.0000,453.00,0.0000,0.0017
33,Temp Scaling,0.10,0.0000,453.00,0.0000,0.0017
33,Temp Scaling,0.15,0.0000,453.00,0.0000,0.0017
33,Temp Scaling,0.20,0.0000,453.00,0.0000,0.0017
33,Temp Scaling,0.30,0.0000,453.00,0.0000,0.0017
33,Temp Scaling,0.40,0.0000,453.00,0.0000,0.0017
33,Temp Scaling,0.50,0.0000,453.00,0.0000,0.0017
33,Focal Loss γ=1.0,0.02,0.2921,261691.00,0.9983,0.0000
33,Focal Loss γ=1.0,0.05,0.2921,261691.00,0.9983,0.0000
33,Focal Loss γ=1.0,0.08,0.2921,261691.00,0.9983,0.0000
33,Focal Loss γ=1.0,0.10,0.2921,261691.00,0.9983,0.0000
33,Focal Loss γ=1.0,0.15,0.2921,261691.00,0.9983,0.0000
33,Focal Loss γ=1.0,0.20,0.2921,261691.00,0.9983,0.0000
33,Focal Loss γ=1.0,0.30,0.2921,453.00,0.0000,0.0017
33,Focal Loss γ=1.0,0.40,0.2921,453.00,0.0000,0.0017
33,Focal Loss γ=1.0,0.50,0.2921,453.00,0.0000,0.0017
33,Focal Loss γ=2.0,0.02,0.0442,261691.00,0.9983,0.0000
33,Focal Loss γ=2.0,0.05,0.0460,58731.00,0.9958,0.0010
33,Focal Loss γ=2.0,0.08,0.0442,453.00,0.0000,0.0017
33,Focal Loss γ=2.0,0.10,0.0442,453.00,0.0000,0.0017
33,Focal Loss γ=2.0,0.15,0.0442,453.00,0.0000,0.0017
33,Focal Loss γ=2.0,0.20,0.0442,453.00,0.0000,0.0017
33,Focal Loss γ=2.0,0.30,0.0442,453.00,0.0000,0.0017
33,Focal Loss γ=2.0,0.40,0.0442,453.00,0.0000,0.0017
33,Focal Loss γ=2.0,0.50,0.0442,453.00,0.0000,0.0017
33,Focal + Temp Scaling,0.02,0.0013,453.00,0.0000,0.0017
33,Focal + Temp Scaling,0.05,0.0013,453.00,0.0000,0.0017
33,Focal + Temp Scaling,0.08,0.0013,453.00,0.0000,0.0017
33,Focal + Temp Scaling,0.10,0.0013,453.00,0.0000,0.0017
33,Focal + Temp Scaling,0.15,0.0013,453.00,0.0000,0.0017
33,Focal + Temp Scaling,0.20,0.0013,453.00,0.0000,0.0017
33,Focal + Temp Scaling,0.30,0.0013,453.00,0.0000,0.0017
33,Focal + Temp Scaling,0.40,0.0013,453.00,0.0000,0.0017
33,Focal + Temp Scaling,0.50,0.0013,453.00,0.0000,0.0017
34,Base (non calibrato),0.02,0.0259,261607.00,0.9980,0.0000
34,Base (non calibrato),0.05,0.0259,537.00,0.0000,0.0020
34,Base (non calibrato),0.08,0.0259,537.00,0.0000,0.0020
34,Base (non calibrato),0.10,0.0259,537.00,0.0000,0.0020
34,Base (non calibrato),0.15,0.0259,537.00,0.0000,0.0020
34,Base (non calibrato),0.20,0.0259,537.00,0.0000,0.0020
34,Base (non calibrato),0.30,0.0259,537.00,0.0000,0.0020
34,Base (non calibrato),0.40,0.0259,537.00,0.0000,0.0020
34,Base (non calibrato),0.50,0.0259,537.00,0.0000,0.0020
34,Temp Scaling,0.02,0.0001,537.00,0.0000,0.0020
34,Temp Scaling,0.05,0.0001,537.00,0.0000,0.0020
34,Temp Scaling,0.08,0.0001,537.00,0.0000,0.0020
34,Temp Scaling,0.10,0.0001,537.00,0.0000,0.0020
34,Temp Scaling,0.15,0.0001,537.00,0.0000,0.0020
34,Temp Scaling,0.20,0.0001,537.00,0.0000,0.0020
34,Temp Scaling,0.30,0.0001,537.00,0.0000,0.0020
34,Temp Scaling,0.40,0.0001,537.00,0.0000,0.0020
34,Temp Scaling,0.50,0.0001,537.00,0.0000,0.0020
34,Focal Loss γ=1.0,0.02,0.2930,261607.00,0.9980,0.0000
34,Focal Loss γ=1.0,0.05,0.2930,261607.00,0.9980,0.0000
34,Focal Loss γ=1.0,0.08,0.2930,261607.00,0.9980,0.0000
34,Focal Loss γ=1.0,0.10,0.2930,261607.00,0.9980,0.0000
34,Focal Loss γ=1.0,0.15,0.2930,261607.00,0.9980,0.0000
34,Focal Loss γ=1.0,0.20,0.2930,261607.00,0.9980,0.0000
34,Focal Loss γ=1.0,0.30,0.2953,28052.00,0.9983,0.0021
34,Focal Loss γ=1.0,0.40,0.2930,537.00,0.0000,0.0020
34,Focal Loss γ=1.0,0.50,0.2930,537.00,0.0000,0.0020
34,Focal Loss γ=2.0,0.02,0.0475,261607.00,0.9980,0.0000
34,Focal Loss γ=2.0,0.05,0.0475,124061.00,0.9961,0.0003
34,Focal Loss γ=2.0,0.08,0.0475,537.00,0.0000,0.0020
34,Focal Loss γ=2.0,0.10,0.0475,537.00,0.0000,0.0020
34,Focal Loss γ=2.0,0.15,0.0475,537.00,0.0000,0.0020
34,Focal Loss γ=2.0,0.20,0.0475,537.00,0.0000,0.0020
34,Focal Loss γ=2.0,0.30,0.0475,537.00,0.0000,0.0020
34,Focal Loss γ=2.0,0.40,0.0475,537.00,0.0000,0.0020
34,Focal Loss γ=2.0,0.50,0.0475,537.00,0.0000,0.0020
34,Focal + Temp Scaling,0.02,0.0015,537.00,0.0000,0.0020
34,Focal + Temp Scaling,0.05,0.0015,537.00,0.0000,0.0020
34,Focal + Temp Scaling,0.08,0.0015,537.00,0.0000,0.0020
34,Focal + Temp Scaling,0.10,0.0015,537.00,0.0000,0.0020
34,Focal + Temp Scaling,0.15,0.0015,537.00,0.0000,0.0020
34,Focal + Temp Scaling,0.20,0.0015,537.00,0.0000,0.0020
34,Focal + Temp Scaling,0.30,0.0015,537.00,0.0000,0.0020
34,Focal + Temp Scaling,0.40,0.0015,537.00,0.0000,0.0020
34,Focal + Temp Scaling,0.50,0.0015,537.00,0.0000,0.0020
35,Base (non calibrato),0.02,0.0265,261753.00,0.9985,0.0000
35,Base (non calibrato),0.05,0.0265,391.00,0.0000,0.0015
35,Base (non calibrato),0.08,0.0265,391.00,0.0000,0.0015
35,Base (non calibrato),0.10,0.0265,391.00,0.0000,0.0015
35,Base (non calibrato),0.15,0.0265,391.00,0.0000,0.0015
35,Base (non calibrato),0.20,0.0265,391.00,0.0000,0.0015
35,Base (non calibrato),0.30,0.0265,391.00,0.0000,0.0015
35,Base (non calibrato),0.40,0.0265,391.00,0.0000,0.0015
35,Base (non calibrato),0.50,0.0265,391.00,0.0000,0.0015
35,Temp Scaling,0.02,0.0003,391.00,0.0000,0.0015
35,Temp Scaling,0.05,0.0003,391.00,0.0000,0.0015
35,Temp Scaling,0.08,0.0003,391.00,0.0000,0.0015
35,Temp Scaling,0.10,0.0003,391.00,0.0000,0.0015
35,Temp Scaling,0.15,0.0003,391.00,0.0000,0.0015
35,Temp Scaling,0.20,0.0003,391.00,0.0000,0.0015
35,Temp Scaling,0.30,0.0003,391.00,0.0000,0.0015
35,Temp Scaling,0.40,0.0003,391.00,0.0000,0.0015
35,Temp Scaling,0.50,0.0003,391.00,0.0000,0.0015
35,Focal Loss γ=1.0,0.02,0.2944,261753.00,0.9985,0.0000
35,Focal Loss γ=1.0,0.05,0.2944,261753.00,0.9985,0.0000
35,Focal Loss γ=1.0,0.08,0.2944,261753.00,0.9985,0.0000
35,Focal Loss γ=1.0,0.10,0.2944,261753.00,0.9985,0.0000
35,Focal Loss γ=1.0,0.15,0.2944,261753.00,0.9985,0.0000
35,Focal Loss γ=1.0,0.20,0.2944,261753.00,0.9985,0.0000
35,Focal Loss γ=1.0,0.30,0.2964,16829.00,0.9976,0.0014
35,Focal Loss γ=1.0,0.40,0.2944,391.00,0.0000,0.0015
35,Focal Loss γ=1.0,0.50,0.2944,391.00,0.0000,0.0015
35,Focal Loss γ=2.0,0.02,0.0489,261753.00,0.9985,0.0000
35,Focal Loss γ=2.0,0.05,0.0481,168679.00,0.9980,0.0006
35,Focal Loss γ=2.0,0.08,0.0489,391.00,0.0000,0.0015
35,Focal Loss γ=2.0,0.10,0.0489,391.00,0.0000,0.0015
35,Focal Loss γ=2.0,0.15,0.0489,391.00,0.0000,0.0015
35,Focal Loss γ=2.0,0.20,0.0489,391.00,0.0000,0.0015
35,Focal Loss γ=2.0,0.30,0.0489,391.00,0.0000,0.0015
35,Focal Loss γ=2.0,0.40,0.0489,391.00,0.0000,0.0015
35,Focal Loss γ=2.0,0.50,0.0489,391.00,0.0000,0.0015
35,Focal + Temp Scaling,0.02,0.0021,391.00,0.0000,0.0015
35,Focal + Temp Scaling,0.05,0.0021,391.00,0.0000,0.0015
35,Focal + Temp Scaling,0.08,0.0021,391.00,0.0000,0.0015
35,Focal + Temp Scaling,0.10,0.0021,391.00,0.0000,0.0015
35,Focal + Temp Scaling,0.15,0.0021,391.00,0.0000,0.0015
35,Focal + Temp Scaling,0.20,0.0021,391.00,0.0000,0.0015
35,Focal + Temp Scaling,0.30,0.0021,391.00,0.0000,0.0015
35,Focal + Temp Scaling,0.40,0.0021,391.00,0.0000,0.0015
35,Focal + Temp Scaling,0.50,0.0021,391.00,0.0000,0.0015
36,Base (non calibrato),0.02,0.0262,261758.00,0.9985,0.0000
36,Base (non calibrato),0.05,0.0262,386.00,0.0000,0.0015
36,Base (non calibrato),0.08,0.0262,386.00,0.0000,0.0015
36,Base (non calibrato),0.10,0.0262,386.00,0.0000,0.0015
36,Base (non calibrato),0.15,0.0262,386.00,0.0000,0.0015
36,Base (non calibrato),0.20,0.0262,386.00,0.0000,0.0015
36,Base (non calibrato),0.30,0.0262,386.00,0.0000,0.0015
36,Base (non calibrato),0.40,0.0262,386.00,0.0000,0.0015
36,Base (non calibrato),0.50,0.0262,386.00,0.0000,0.0015
36,Temp Scaling,0.02,0.0007,386.00,0.0000,0.0015
36,Temp Scaling,0.05,0.0007,386.00,0.0000,0.0015
36,Temp Scaling,0.08,0.0007,386.00,0.0000,0.0015
36,Temp Scaling,0.10,0.0007,386.00,0.0000,0.0015
36,Temp Scaling,0.15,0.0007,386.00,0.0000,0.0015
36,Temp Scaling,0.20,0.0007,386.00,0.0000,0.0015
36,Temp Scaling,0.30,0.0007,386.00,0.0000,0.0015
36,Temp Scaling,0.40,0.0007,386.00,0.0000,0.0015
36,Temp Scaling,0.50,0.0007,386.00,0.0000,0.0015
36,Focal Loss γ=1.0,0.02,0.2943,261758.00,0.9985,0.0000
36,Focal Loss γ=1.0,0.05,0.2943,261758.00,0.9985,0.0000
36,Focal Loss γ=1.0,0.08,0.2943,261758.00,0.9985,0.0000
36,Focal Loss γ=1.0,0.10,0.2943,261758.00,0.9985,0.0000
36,Focal Loss γ=1.0,0.15,0.2943,261758.00,0.9985,0.0000
36,Focal Loss γ=1.0,0.20,0.2943,261758.00,0.9985,0.0000
36,Focal Loss γ=1.0,0.30,0.2974,24975.00,1.0000,0.0016
36,Focal Loss γ=1.0,0.40,0.2943,386.00,0.0000,0.0015
36,Focal Loss γ=1.0,0.50,0.2943,386.00,0.0000,0.0015
36,Focal Loss γ=2.0,0.02,0.0480,261758.00,0.9985,0.0000
36,Focal Loss γ=2.0,0.05,0.0502,100439.00,0.9980,0.0012
36,Focal Loss γ=2.0,0.08,0.0480,386.00,0.0000,0.0015
36,Focal Loss γ=2.0,0.10,0.0480,386.00,0.0000,0.0015
36,Focal Loss γ=2.0,0.15,0.0480,386.00,0.0000,0.0015
36,Focal Loss γ=2.0,0.20,0.0480,386.00,0.0000,0.0015
36,Focal Loss γ=2.0,0.30,0.0480,386.00,0.0000,0.0015
36,Focal Loss γ=2.0,0.40,0.0480,386.00,0.0000,0.0015
36,Focal Loss γ=2.0,0.50,0.0480,386.00,0.0000,0.0015
36,Focal + Temp Scaling,0.02,0.0023,386.00,0.0000,0.0015
36,Focal + Temp Scaling,0.05,0.0023,386.00,0.0000,0.0015
36,Focal + Temp Scaling,0.08,0.0023,386.00,0.0000,0.0015
36,Focal + Temp Scaling,0.10,0.0023,386.00,0.0000,0.0015
36,Focal + Temp Scaling,0.15,0.0023,386.00,0.0000,0.0015
36,Focal + Temp Scaling,0.20,0.0023,386.00,0.0000,0.0015
36,Focal + Temp Scaling,0.30,0.0023,386.00,0.0000,0.0015
36,Focal + Temp Scaling,0.40,0.0023,386.00,0.0000,0.0015
36,Focal + Temp Scaling,0.50,0.0023,386.00,0.0000,0.0015
37,Base (non calibrato),0.02,0.0202,258686.00,0.9868,0.0000
37,Base (non calibrato),0.05,0.0202,3458.00,0.0000,0.0132
37,Base (non calibrato),0.08,0.0202,3458.00,0.0000,0.0132
37,Base (non calibrato),0.10,0.0202,3458.00,0.0000,0.0132
37,Base (non calibrato),0.15,0.0202,3458.00,0.0000,0.0132
37,Base (non calibrato),0.20,0.0202,3458.00,0.0000,0.0132
37,Base (non calibrato),0.30,0.0202,3458.00,0.0000,0.0132
37,Base (non calibrato),0.40,0.0202,3458.00,0.0000,0.0132
37,Base (non calibrato),0.50,0.0202,3458.00,0.0000,0.0132
37,Temp Scaling,0.02,0.0073,3458.00,0.0000,0.0132
37,Temp Scaling,0.05,0.0073,3458.00,0.0000,0.0132
37,Temp Scaling,0.08,0.0073,3458.00,0.0000,0.0132
37,Temp Scaling,0.10,0.0073,3458.00,0.0000,0.0132
37,Temp Scaling,0.15,0.0073,3458.00,0.0000,0.0132
37,Temp Scaling,0.20,0.0073,3458.00,0.0000,0.0132
37,Temp Scaling,0.30,0.0073,3458.00,0.0000,0.0132
37,Temp Scaling,0.40,0.0073,3458.00,0.0000,0.0132
37,Temp Scaling,0.50,0.0073,3458.00,0.0000,0.0132
37,Focal Loss γ=1.0,0.02,0.2869,258686.00,0.9868,0.0000
37,Focal Loss γ=1.0,0.05,0.2869,258686.00,0.9868,0.0000
37,Focal Loss γ=1.0,0.08,0.2869,258686.00,0.9868,0.0000
37,Focal Loss γ=1.0,0.10,0.2869,258686.00,0.9868,0.0000
37,Focal Loss γ=1.0,0.15,0.2869,258686.00,0.9868,0.0000
37,Focal Loss γ=1.0,0.20,0.2869,258686.00,0.9868,0.0000
37,Focal Loss γ=1.0,0.30,0.2853,92344.00,0.9724,0.0051
37,Focal Loss γ=1.0,0.40,0.2869,3458.00,0.0000,0.0132
37,Focal Loss γ=1.0,0.50,0.2869,3458.00,0.0000,0.0132
37,Focal Loss γ=2.0,0.02,0.0479,258686.00,0.9868,0.0000
37,Focal Loss γ=2.0,0.05,0.0470,233396.00,0.9857,0.0029
37,Focal Loss γ=2.0,0.08,0.0530,17541.00,0.9747,0.0125
37,Focal Loss γ=2.0,0.10,0.0479,3458.00,0.0000,0.0132
37,Focal Loss γ=2.0,0.15,0.0479,3458.00,0.0000,0.0132
37,Focal Loss γ=2.0,0.20,0.0479,3458.00,0.0000,0.0132
37,Focal Loss γ=2.0,0.30,0.0479,3458.00,0.0000,0.0132
37,Focal Loss γ=2.0,0.40,0.0479,3458.00,0.0000,0.0132
37,Focal Loss γ=2.0,0.50,0.0479,3458.00,0.0000,0.0132
37,Focal + Temp Scaling,0.02,0.0062,37594.00,0.9681,0.0102
37,Focal + Temp Scaling,0.05,0.0038,3458.00,0.0000,0.0132
37,Focal + Temp Scaling,0.08,0.0038,3458.00,0.0000,0.0132
37,Focal + Temp Scaling,0.10,0.0038,3458.00,0.0000,0.0132
37,Focal + Temp Scaling,0.15,0.0038,3458.00,0.0000,0.0132
37,Focal + Temp Scaling,0.20,0.0038,3458.00,0.0000,0.0132
37,Focal + Temp Scaling,0.30,0.0038,3458.00,0.0000,0.0132
37,Focal + Temp Scaling,0.40,0.0038,3458.00,0.0000,0.0132
37,Focal + Temp Scaling,0.50,0.0038,3458.00,0.0000,0.0132
38,Base (non calibrato),0.02,0.0375,234670.00,0.8952,0.0000
38,Base (non calibrato),0.05,0.0375,234670.00,0.8952,0.0000
38,Base (non calibrato),0.08,0.0250,200774.00,0.8859,0.0496
38,Base (non calibrato),0.10,0.0365,142260.00,0.8591,0.0485
38,Base (non calibrato),0.15,0.0453,95015.00,0.8201,0.0542
38,Base (non calibrato),0.20,0.0432,80832.00,0.8103,0.0634
38,Base (non calibrato),0.30,0.0375,27474.00,0.0000,0.1048
38,Base (non calibrato),0.40,0.0375,27474.00,0.0000,0.1048
38,Base (non calibrato),0.50,0.0375,27474.00,0.0000,0.1048
38,Temp Scaling,0.02,0.0038,234670.00,0.8952,0.0000
38,Temp Scaling,0.05,0.0060,163490.00,0.8686,0.0416
38,Temp Scaling,0.08,0.0271,119421.00,0.8396,0.0454
38,Temp Scaling,0.10,0.0280,95015.00,0.8201,0.0542
38,Temp Scaling,0.15,0.0291,80832.00,0.8103,0.0634
38,Temp Scaling,0.20,0.0114,62131.00,0.8065,0.0804
38,Temp Scaling,0.30,0.0038,27474.00,0.0000,0.1048
38,Temp Scaling,0.40,0.0038,27474.00,0.0000,0.1048
38,Temp Scaling,0.50,0.0038,27474.00,0.0000,0.1048
38,Focal Loss γ=1.0,0.02,0.2235,234670.00,0.8952,0.0000
38,Focal Loss γ=1.0,0.05,0.2235,234670.00,0.8952,0.0000
38,Focal Loss γ=1.0,0.08,0.2235,234670.00,0.8952,0.0000
38,Focal Loss γ=1.0,0.10,0.2235,234670.00,0.8952,0.0000
38,Focal Loss γ=1.0,0.15,0.2235,234670.00,0.8952,0.0000
38,Focal Loss γ=1.0,0.20,0.2235,234670.00,0.8952,0.0000
38,Focal Loss γ=1.0,0.30,0.2235,234670.00,0.8952,0.0000
38,Focal Loss γ=1.0,0.40,0.2235,27474.00,0.0000,0.1048
38,Focal Loss γ=1.0,0.50,0.2235,27474.00,0.0000,0.1048
38,Focal Loss γ=2.0,0.02,0.0900,234670.00,0.8952,0.0000
38,Focal Loss γ=2.0,0.05,0.0900,234670.00,0.8952,0.0000
38,Focal Loss γ=2.0,0.08,0.0900,234670.00,0.8952,0.0000
38,Focal Loss γ=2.0,0.10,0.0900,234670.00,0.8952,0.0000
38,Focal Loss γ=2.0,0.15,0.0866,142260.00,0.8591,0.0485
38,Focal Loss γ=2.0,0.20,0.1001,95015.00,0.8201,0.0542
38,Focal Loss γ=2.0,0.30,0.0748,38508.00,0.7562,0.0924
38,Focal Loss γ=2.0,0.40,0.0900,27474.00,0.0000,0.1048
38,Focal Loss γ=2.0,0.50,0.0900,27474.00,0.0000,0.1048
38,Focal + Temp Scaling,0.02,0.0196,234670.00,0.8952,0.0000
38,Focal + Temp Scaling,0.05,0.0188,179208.00,0.8772,0.0454
38,Focal + Temp Scaling,0.08,0.0193,142260.00,0.8591,0.0485
38,Focal + Temp Scaling,0.10,0.0362,95015.00,0.8201,0.0542
38,Focal + Temp Scaling,0.15,0.0386,80832.00,0.8103,0.0634
38,Focal + Temp Scaling,0.20,0.0386,80832.00,0.8103,0.0634
38,Focal + Temp Scaling,0.30,0.0196,27474.00,0.0000,0.1048
38,Focal + Temp Scaling,0.40,0.0196,27474.00,0.0000,0.1048
38,Focal + Temp Scaling,0.50,0.0196,27474.00,0.0000,0.1048
39,Base (non calibrato),0.02,0.0144,231267.00,0.8822,0.0000
39,Base (non calibrato),0.05,0.0118,136213.00,0.8285,0.0331
39,Base (non calibrato),0.08,0.0203,84755.00,0.7643,0.0428
39,Base (non calibrato),0.10,0.0203,84755.00,0.7643,0.0428
39,Base (non calibrato),0.15,0.0205,70748.00,0.7478,0.0583
39,Base (non calibrato),0.20,0.0268,53539.00,0.7207,0.0784
39,Base (non calibrato),0.30,0.0144,30877.00,0.0000,0.1178
39,Base (non calibrato),0.40,0.0144,30877.00,0.0000,0.1178
39,Base (non calibrato),0.50,0.0144,30877.00,0.0000,0.1178
39,Temp Scaling,0.02,0.0270,151160.00,0.8399,0.0298
39,Temp Scaling,0.05,0.0398,84755.00,0.7643,0.0428
39,Temp Scaling,0.08,0.0398,84755.00,0.7643,0.0428
39,Temp Scaling,0.10,0.0399,70748.00,0.7478,0.0583
39,Temp Scaling,0.15,0.0411,53539.00,0.7207,0.0784
39,Temp Scaling,0.20,0.0411,53539.00,0.7207,0.0784
39,Temp Scaling,0.30,0.0362,30877.00,0.0000,0.1178
39,Temp Scaling,0.40,0.0362,30877.00,0.0000,0.1178
39,Temp Scaling,0.50,0.0362,30877.00,0.0000,0.1178
39,Focal Loss γ=1.0,0.02,0.2137,231267.00,0.8822,0.0000
39,Focal Loss γ=1.0,0.05,0.2137,231267.00,0.8822,0.0000
39,Focal Loss γ=1.0,0.08,0.2137,231267.00,0.8822,0.0000
39,Focal Loss γ=1.0,0.10,0.2137,231267.00,0.8822,0.0000
39,Focal Loss γ=1.0,0.15,0.2137,231267.00,0.8822,0.0000
39,Focal Loss γ=1.0,0.20,0.2137,231267.00,0.8822,0.0000
39,Focal Loss γ=1.0,0.30,0.2137,231267.00,0.8822,0.0000
39,Focal Loss γ=1.0,0.40,0.2137,30877.00,0.0000,0.1178
39,Focal Loss γ=1.0,0.50,0.2137,30877.00,0.0000,0.1178
39,Focal Loss γ=2.0,0.02,0.0706,231267.00,0.8822,0.0000
39,Focal Loss γ=2.0,0.05,0.0706,231267.00,0.8822,0.0000
39,Focal Loss γ=2.0,0.08,0.0706,231267.00,0.8822,0.0000
39,Focal Loss γ=2.0,0.10,0.0706,231267.00,0.8822,0.0000
39,Focal Loss γ=2.0,0.15,0.0714,117331.00,0.8127,0.0402
39,Focal Loss γ=2.0,0.20,0.0652,84755.00,0.7643,0.0428
39,Focal Loss γ=2.0,0.30,0.0472,53539.00,0.7207,0.0784
39,Focal Loss γ=2.0,0.40,0.0706,30877.00,0.0000,0.1178
39,Focal Loss γ=2.0,0.50,0.0706,30877.00,0.0000,0.1178
39,Focal + Temp Scaling,0.02,0.0071,231267.00,0.8822,0.0000
39,Focal + Temp Scaling,0.05,0.0039,136213.00,0.8285,0.0331
39,Focal + Temp Scaling,0.08,0.0111,84755.00,0.7643,0.0428
39,Focal + Temp Scaling,0.10,0.0111,84755.00,0.7643,0.0428
39,Focal + Temp Scaling,0.15,0.0103,70748.00,0.7478,0.0583
39,Focal + Temp Scaling,0.20,0.0149,53539.00,0.7207,0.0784
39,Focal + Temp Scaling,0.30,0.0071,30877.00,0.0000,0.1178
39,Focal + Temp Scaling,0.40,0.0071,30877.00,0.0000,0.1178
39,Focal + Temp Scaling,0.50,0.0071,30877.00,0.0000,0.1178
4,Base (non calibrato),0.02,0.0306,47258.00,0.9973,0.0000
4,Base (non calibrato),0.05,0.0453,20791.00,0.9939,0.0000
4,Base (non calibrato),0.08,0.0453,20791.00,0.9939,0.0000
4,Base (non calibrato),0.10,0.0195,127.00,0.0000,0.0005
4,Base (non calibrato),0.15,0.0195,127.00,0.0000,0.0005
4,Base (non calibrato),0.20,0.0195,127.00,0.0000,0.0005
4,Base (non calibrato),0.30,0.0195,127.00,0.0000,0.0005
4,Base (non calibrato),0.40,0.0195,127.00,0.0000,0.0005
4,Base (non calibrato),0.50,0.0195,127.00,0.0000,0.0005
4,Temp Scaling,0.02,0.0109,20791.00,0.9939,0.0000
4,Temp Scaling,0.05,0.0023,127.00,0.0000,0.0005
4,Temp Scaling,0.08,0.0023,127.00,0.0000,0.0005
4,Temp Scaling,0.10,0.0023,127.00,0.0000,0.0005
4,Temp Scaling,0.15,0.0023,127.00,0.0000,0.0005
4,Temp Scaling,0.20,0.0023,127.00,0.0000,0.0005
4,Temp Scaling,0.30,0.0023,127.00,0.0000,0.0005
4,Temp Scaling,0.40,0.0023,127.00,0.0000,0.0005
4,Temp Scaling,0.50,0.0023,127.00,0.0000,0.0005
4,Focal Loss γ=1.0,0.02,0.3141,262017.00,0.9995,0.0000
4,Focal Loss γ=1.0,0.05,0.3141,262017.00,0.9995,0.0000
4,Focal Loss γ=1.0,0.08,0.3141,262017.00,0.9995,0.0000
4,Focal Loss γ=1.0,0.10,0.3141,262017.00,0.9995,0.0000
4,Focal Loss γ=1.0,0.15,0.3141,262017.00,0.9995,0.0000
4,Focal Loss γ=1.0,0.20,0.3141,262017.00,0.9995,0.0000
4,Focal Loss γ=1.0,0.30,0.3141,262017.00,0.9995,0.0000
4,Focal Loss γ=1.0,0.40,0.3141,127.00,0.0000,0.0005
4,Focal Loss γ=1.0,0.50,0.3141,127.00,0.0000,0.0005
4,Focal Loss γ=2.0,0.02,0.0610,262017.00,0.9995,0.0000
4,Focal Loss γ=2.0,0.05,0.0610,262017.00,0.9995,0.0000
4,Focal Loss γ=2.0,0.08,0.0810,20791.00,0.9939,0.0000
4,Focal Loss γ=2.0,0.10,0.0810,20791.00,0.9939,0.0000
4,Focal Loss γ=2.0,0.15,0.0610,127.00,0.0000,0.0005
4,Focal Loss γ=2.0,0.20,0.0610,127.00,0.0000,0.0005
4,Focal Loss γ=2.0,0.30,0.0610,127.00,0.0000,0.0005
4,Focal Loss γ=2.0,0.40,0.0610,127.00,0.0000,0.0005
4,Focal Loss γ=2.0,0.50,0.0610,127.00,0.0000,0.0005
4,Focal + Temp Scaling,0.02,0.0142,20791.00,0.9939,0.0000
4,Focal + Temp Scaling,0.05,0.0046,127.00,0.0000,0.0005
4,Focal + Temp Scaling,0.08,0.0046,127.00,0.0000,0.0005
4,Focal + Temp Scaling,0.10,0.0046,127.00,0.0000,0.0005
4,Focal + Temp Scaling,0.15,0.0046,127.00,0.0000,0.0005
4,Focal + Temp Scaling,0.20,0.0046,127.00,0.0000,0.0005
4,Focal + Temp Scaling,0.30,0.0046,127.00,0.0000,0.0005
4,Focal + Temp Scaling,0.40,0.0046,127.00,0.0000,0.0005
4,Focal + Temp Scaling,0.50,0.0046,127.00,0.0000,0.0005
40,Base (non calibrato),0.02,0.0019,246877.00,0.9418,0.0000
40,Base (non calibrato),0.05,0.0036,128526.00,0.9234,0.0391
40,Base (non calibrato),0.08,0.0102,35737.00,0.8814,0.0514
40,Base (non calibrato),0.10,0.0019,15267.00,0.0000,0.0582
40,Base (non calibrato),0.15,0.0019,15267.00,0.0000,0.0582
40,Base (non calibrato),0.20,0.0019,15267.00,0.0000,0.0582
40,Base (non calibrato),0.30,0.0019,15267.00,0.0000,0.0582
40,Base (non calibrato),0.40,0.0019,15267.00,0.0000,0.0582
40,Base (non calibrato),0.50,0.0019,15267.00,0.0000,0.0582
40,Temp Scaling,0.02,0.0345,108526.00,0.9186,0.0411
40,Temp Scaling,0.05,0.0399,35737.00,0.8814,0.0514
40,Temp Scaling,0.08,0.0347,15267.00,0.0000,0.0582
40,Temp Scaling,0.10,0.0347,15267.00,0.0000,0.0582
40,Temp Scaling,0.15,0.0347,15267.00,0.0000,0.0582
40,Temp Scaling,0.20,0.0347,15267.00,0.0000,0.0582
40,Temp Scaling,0.30,0.0347,15267.00,0.0000,0.0582
40,Temp Scaling,0.40,0.0347,15267.00,0.0000,0.0582
40,Temp Scaling,0.50,0.0347,15267.00,0.0000,0.0582
40,Focal Loss γ=1.0,0.02,0.2558,246877.00,0.9418,0.0000
40,Focal Loss γ=1.0,0.05,0.2558,246877.00,0.9418,0.0000
40,Focal Loss γ=1.0,0.08,0.2558,246877.00,0.9418,0.0000
40,Focal Loss γ=1.0,0.10,0.2558,246877.00,0.9418,0.0000
40,Focal Loss γ=1.0,0.15,0.2558,246877.00,0.9418,0.0000
40,Focal Loss γ=1.0,0.20,0.2558,246877.00,0.9418,0.0000
40,Focal Loss γ=1.0,0.30,0.2558,246877.00,0.9418,0.0000
40,Focal Loss γ=1.0,0.40,0.2558,15267.00,0.0000,0.0582
40,Focal Loss γ=1.0,0.50,0.2558,15267.00,0.0000,0.0582
40,Focal Loss γ=2.0,0.02,0.0420,246877.00,0.9418,0.0000
40,Focal Loss γ=2.0,0.05,0.0420,246877.00,0.9418,0.0000
40,Focal Loss γ=2.0,0.08,0.0475,228163.00,0.9387,0.0202
40,Focal Loss γ=2.0,0.10,0.0446,131678.00,0.9210,0.0350
40,Focal Loss γ=2.0,0.15,0.0420,15267.00,0.0000,0.0582
40,Focal Loss γ=2.0,0.20,0.0420,15267.00,0.0000,0.0582
40,Focal Loss γ=2.0,0.30,0.0420,15267.00,0.0000,0.0582
40,Focal Loss γ=2.0,0.40,0.0420,15267.00,0.0000,0.0582
40,Focal Loss γ=2.0,0.50,0.0420,15267.00,0.0000,0.0582
40,Focal + Temp Scaling,0.02,0.0144,184513.00,0.9285,0.0177
40,Focal + Temp Scaling,0.05,0.0326,35737.00,0.8814,0.0514
40,Focal + Temp Scaling,0.08,0.0257,15267.00,0.0000,0.0582
40,Focal + Temp Scaling,0.10,0.0257,15267.00,0.0000,0.0582
40,Focal + Temp Scaling,0.15,0.0257,15267.00,0.0000,0.0582
40,Focal + Temp Scaling,0.20,0.0257,15267.00,0.0000,0.0582
40,Focal + Temp Scaling,0.30,0.0257,15267.00,0.0000,0.0582
40,Focal + Temp Scaling,0.40,0.0257,15267.00,0.0000,0.0582
40,Focal + Temp Scaling,0.50,0.0257,15267.00,0.0000,0.0582
41,Base (non calibrato),0.02,0.0195,258812.00,0.9873,0.0000
41,Base (non calibrato),0.05,0.0192,21171.00,0.9590,0.0104
41,Base (non calibrato),0.08,0.0195,3332.00,0.0000,0.0127
41,Base (non calibrato),0.10,0.0195,3332.00,0.0000,0.0127
41,Base (non calibrato),0.15,0.0195,3332.00,0.0000,0.0127
41,Base (non calibrato),0.20,0.0195,3332.00,0.0000,0.0127
41,Base (non calibrato),0.30,0.0195,3332.00,0.0000,0.0127
41,Base (non calibrato),0.40,0.0195,3332.00,0.0000,0.0127
41,Base (non calibrato),0.50,0.0195,3332.00,0.0000,0.0127
41,Temp Scaling,0.02,0.0141,21171.00,0.9590,0.0104
41,Temp Scaling,0.05,0.0086,3332.00,0.0000,0.0127
41,Temp Scaling,0.08,0.0086,3332.00,0.0000,0.0127
41,Temp Scaling,0.10,0.0086,3332.00,0.0000,0.0127
41,Temp Scaling,0.15,0.0086,3332.00,0.0000,0.0127
41,Temp Scaling,0.20,0.0086,3332.00,0.0000,0.0127
41,Temp Scaling,0.30,0.0086,3332.00,0.0000,0.0127
41,Temp Scaling,0.40,0.0086,3332.00,0.0000,0.0127
41,Temp Scaling,0.50,0.0086,3332.00,0.0000,0.0127
41,Focal Loss γ=1.0,0.02,0.2859,258812.00,0.9873,0.0000
41,Focal Loss γ=1.0,0.05,0.2859,258812.00,0.9873,0.0000
41,Focal Loss γ=1.0,0.08,0.2859,258812.00,0.9873,0.0000
41,Focal Loss γ=1.0,0.10,0.2859,258812.00,0.9873,0.0000
41,Focal Loss γ=1.0,0.15,0.2859,258812.00,0.9873,0.0000
41,Focal Loss γ=1.0,0.20,0.2859,258812.00,0.9873,0.0000
41,Focal Loss γ=1.0,0.30,0.2879,87912.00,0.9754,0.0066
41,Focal Loss γ=1.0,0.40,0.2859,3332.00,0.0000,0.0127
41,Focal Loss γ=1.0,0.50,0.2859,3332.00,0.0000,0.0127
41,Focal Loss γ=2.0,0.02,0.0469,258812.00,0.9873,0.0000
41,Focal Loss γ=2.0,0.05,0.0483,169686.00,0.9837,0.0058
41,Focal Loss γ=2.0,0.08,0.0599,21171.00,0.9590,0.0104
41,Focal Loss γ=2.0,0.10,0.0599,21171.00,0.9590,0.0104
41,Focal Loss γ=2.0,0.15,0.0469,3332.00,0.0000,0.0127
41,Focal Loss γ=2.0,0.20,0.0469,3332.00,0.0000,0.0127
41,Focal Loss γ=2.0,0.30,0.0469,3332.00,0.0000,0.0127
41,Focal Loss γ=2.0,0.40,0.0469,3332.00,0.0000,0.0127
41,Focal Loss γ=2.0,0.50,0.0469,3332.00,0.0000,0.0127
41,Focal + Temp Scaling,0.02,0.0012,21171.00,0.9590,0.0104
41,Focal + Temp Scaling,0.05,0.0036,3332.00,0.0000,0.0127
41,Focal + Temp Scaling,0.08,0.0036,3332.00,0.0000,0.0127
41,Focal + Temp Scaling,0.10,0.0036,3332.00,0.0000,0.0127
41,Focal + Temp Scaling,0.15,0.0036,3332.00,0.0000,0.0127
41,Focal + Temp Scaling,0.20,0.0036,3332.00,0.0000,0.0127
41,Focal + Temp Scaling,0.30,0.0036,3332.00,0.0000,0.0127
41,Focal + Temp Scaling,0.40,0.0036,3332.00,0.0000,0.0127
41,Focal + Temp Scaling,0.50,0.0036,3332.00,0.0000,0.0127
42,Base (non calibrato),0.02,0.0252,259828.00,0.9912,0.0000
42,Base (non calibrato),0.05,0.0271,33190.00,0.9785,0.0071
42,Base (non calibrato),0.08,0.0252,2316.00,0.0000,0.0088
42,Base (non calibrato),0.10,0.0252,2316.00,0.0000,0.0088
42,Base (non calibrato),0.15,0.0252,2316.00,0.0000,0.0088
42,Base (non calibrato),0.20,0.0252,2316.00,0.0000,0.0088
42,Base (non calibrato),0.30,0.0252,2316.00,0.0000,0.0088
42,Base (non calibrato),0.40,0.0252,2316.00,0.0000,0.0088
42,Base (non calibrato),0.50,0.0252,2316.00,0.0000,0.0088
42,Temp Scaling,0.02,0.0034,2316.00,0.0000,0.0088
42,Temp Scaling,0.05,0.0034,2316.00,0.0000,0.0088
42,Temp Scaling,0.08,0.0034,2316.00,0.0000,0.0088
42,Temp Scaling,0.10,0.0034,2316.00,0.0000,0.0088
42,Temp Scaling,0.15,0.0034,2316.00,0.0000,0.0088
42,Temp Scaling,0.20,0.0034,2316.00,0.0000,0.0088
42,Temp Scaling,0.30,0.0034,2316.00,0.0000,0.0088
42,Temp Scaling,0.40,0.0034,2316.00,0.0000,0.0088
42,Temp Scaling,0.50,0.0034,2316.00,0.0000,0.0088
42,Focal Loss γ=1.0,0.02,0.2889,259828.00,0.9912,0.0000
42,Focal Loss γ=1.0,0.05,0.2889,259828.00,0.9912,0.0000
42,Focal Loss γ=1.0,0.08,0.2889,259828.00,0.9912,0.0000
42,Focal Loss γ=1.0,0.10,0.2889,259828.00,0.9912,0.0000
42,Focal Loss γ=1.0,0.15,0.2889,259828.00,0.9912,0.0000
42,Focal Loss γ=1.0,0.20,0.2889,259828.00,0.9912,0.0000
42,Focal Loss γ=1.0,0.30,0.2876,81587.00,0.9812,0.0043
42,Focal Loss γ=1.0,0.40,0.2889,2316.00,0.0000,0.0088
42,Focal Loss γ=1.0,0.50,0.2889,2316.00,0.0000,0.0088
42,Focal Loss γ=2.0,0.02,0.0564,259828.00,0.9912,0.0000
42,Focal Loss γ=2.0,0.05,0.0516,199907.00,0.9893,0.0025
42,Focal Loss γ=2.0,0.08,0.0641,58674.00,0.9783,0.0051
42,Focal Loss γ=2.0,0.10,0.0671,33190.00,0.9785,0.0071
42,Focal Loss γ=2.0,0.15,0.0564,2316.00,0.0000,0.0088
42,Focal Loss γ=2.0,0.20,0.0564,2316.00,0.0000,0.0088
42,Focal Loss γ=2.0,0.30,0.0564,2316.00,0.0000,0.0088
42,Focal Loss γ=2.0,0.40,0.0564,2316.00,0.0000,0.0088
42,Focal Loss γ=2.0,0.50,0.0564,2316.00,0.0000,0.0088
42,Focal + Temp Scaling,0.02,0.0061,58674.00,0.9783,0.0051
42,Focal + Temp Scaling,0.05,0.0029,2316.00,0.0000,0.0088
42,Focal + Temp Scaling,0.08,0.0029,2316.00,0.0000,0.0088
42,Focal + Temp Scaling,0.10,0.0029,2316.00,0.0000,0.0088
42,Focal + Temp Scaling,0.15,0.0029,2316.00,0.0000,0.0088
42,Focal + Temp Scaling,0.20,0.0029,2316.00,0.0000,0.0088
42,Focal + Temp Scaling,0.30,0.0029,2316.00,0.0000,0.0088
42,Focal + Temp Scaling,0.40,0.0029,2316.00,0.0000,0.0088
42,Focal + Temp Scaling,0.50,0.0029,2316.00,0.0000,0.0088
43,Base (non calibrato),0.02,0.0245,259299.00,0.9891,0.0000
43,Base (non calibrato),0.05,0.0215,43050.00,0.9651,0.0061
43,Base (non calibrato),0.08,0.0245,2845.00,0.0000,0.0109
43,Base (non calibrato),0.10,0.0245,2845.00,0.0000,0.0109
43,Base (non calibrato),0.15,0.0245,2845.00,0.0000,0.0109
43,Base (non calibrato),0.20,0.0245,2845.00,0.0000,0.0109
43,Base (non calibrato),0.30,0.0245,2845.00,0.0000,0.0109
43,Base (non calibrato),0.40,0.0245,2845.00,0.0000,0.0109
43,Base (non calibrato),0.50,0.0245,2845.00,0.0000,0.0109
43,Temp Scaling,0.02,0.0111,21415.00,0.9598,0.0084
43,Temp Scaling,0.05,0.0039,2845.00,0.0000,0.0109
43,Temp Scaling,0.08,0.0039,2845.00,0.0000,0.0109
43,Temp Scaling,0.10,0.0039,2845.00,0.0000,0.0109
43,Temp Scaling,0.15,0.0039,2845.00,0.0000,0.0109
43,Temp Scaling,0.20,0.0039,2845.00,0.0000,0.0109
43,Temp Scaling,0.30,0.0039,2845.00,0.0000,0.0109
43,Temp Scaling,0.40,0.0039,2845.00,0.0000,0.0109
43,Temp Scaling,0.50,0.0039,2845.00,0.0000,0.0109
43,Focal Loss γ=1.0,0.02,0.2897,259299.00,0.9891,0.0000
43,Focal Loss γ=1.0,0.05,0.2897,259299.00,0.9891,0.0000
43,Focal Loss γ=1.0,0.08,0.2897,259299.00,0.9891,0.0000
43,Focal Loss γ=1.0,0.10,0.2897,259299.00,0.9891,0.0000
43,Focal Loss γ=1.0,0.15,0.2897,259299.00,0.9891,0.0000
43,Focal Loss γ=1.0,0.20,0.2897,259299.00,0.9891,0.0000
43,Focal Loss γ=1.0,0.30,0.2891,135438.00,0.9889,0.0106
43,Focal Loss γ=1.0,0.40,0.2897,2845.00,0.0000,0.0109
43,Focal Loss γ=1.0,0.50,0.2897,2845.00,0.0000,0.0109
43,Focal Loss γ=2.0,0.02,0.0550,259299.00,0.9891,0.0000
43,Focal Loss γ=2.0,0.05,0.0505,237644.00,0.9886,0.0046
43,Focal Loss γ=2.0,0.08,0.0626,61657.00,0.9708,0.0051
43,Focal Loss γ=2.0,0.10,0.0639,24480.00,0.9698,0.0090
43,Focal Loss γ=2.0,0.15,0.0550,2845.00,0.0000,0.0109
43,Focal Loss γ=2.0,0.20,0.0550,2845.00,0.0000,0.0109
43,Focal Loss γ=2.0,0.30,0.0550,2845.00,0.0000,0.0109
43,Focal Loss γ=2.0,0.40,0.0550,2845.00,0.0000,0.0109
43,Focal Loss γ=2.0,0.50,0.0550,2845.00,0.0000,0.0109
43,Focal + Temp Scaling,0.02,0.0007,84898.00,0.9744,0.0036
43,Focal + Temp Scaling,0.05,0.0016,2845.00,0.0000,0.0109
43,Focal + Temp Scaling,0.08,0.0016,2845.00,0.0000,0.0109
43,Focal + Temp Scaling,0.10,0.0016,2845.00,0.0000,0.0109
43,Focal + Temp Scaling,0.15,0.0016,2845.00,0.0000,0.0109
43,Focal + Temp Scaling,0.20,0.0016,2845.00,0.0000,0.0109
43,Focal + Temp Scaling,0.30,0.0016,2845.00,0.0000,0.0109
43,Focal + Temp Scaling,0.40,0.0016,2845.00,0.0000,0.0109
43,Focal + Temp Scaling,0.50,0.0016,2845.00,0.0000,0.0109
44,Base (non calibrato),0.02,0.0242,260022.00,0.9919,0.0000
44,Base (non calibrato),0.05,0.0245,20982.00,0.9727,0.0065
44,Base (non calibrato),0.08,0.0242,2122.00,0.0000,0.0081
44,Base (non calibrato),0.10,0.0242,2122.00,0.0000,0.0081
44,Base (non calibrato),0.15,0.0242,2122.00,0.0000,0.0081
44,Base (non calibrato),0.20,0.0242,2122.00,0.0000,0.0081
44,Base (non calibrato),0.30,0.0242,2122.00,0.0000,0.0081
44,Base (non calibrato),0.40,0.0242,2122.00,0.0000,0.0081
44,Base (non calibrato),0.50,0.0242,2122.00,0.0000,0.0081
44,Temp Scaling,0.02,0.0033,2122.00,0.0000,0.0081
44,Temp Scaling,0.05,0.0033,2122.00,0.0000,0.0081
44,Temp Scaling,0.08,0.0033,2122.00,0.0000,0.0081
44,Temp Scaling,0.10,0.0033,2122.00,0.0000,0.0081
44,Temp Scaling,0.15,0.0033,2122.00,0.0000,0.0081
44,Temp Scaling,0.20,0.0033,2122.00,0.0000,0.0081
44,Temp Scaling,0.30,0.0033,2122.00,0.0000,0.0081
44,Temp Scaling,0.40,0.0033,2122.00,0.0000,0.0081
44,Temp Scaling,0.50,0.0033,2122.00,0.0000,0.0081
44,Focal Loss γ=1.0,0.02,0.2881,260022.00,0.9919,0.0000
44,Focal Loss γ=1.0,0.05,0.2881,260022.00,0.9919,0.0000
44,Focal Loss γ=1.0,0.08,0.2881,260022.00,0.9919,0.0000
44,Focal Loss γ=1.0,0.10,0.2881,260022.00,0.9919,0.0000
44,Focal Loss γ=1.0,0.15,0.2881,260022.00,0.9919,0.0000
44,Focal Loss γ=1.0,0.20,0.2881,260022.00,0.9919,0.0000
44,Focal Loss γ=1.0,0.30,0.2867,62035.00,0.9821,0.0050
44,Focal Loss γ=1.0,0.40,0.2881,2122.00,0.0000,0.0081
44,Focal Loss γ=1.0,0.50,0.2881,2122.00,0.0000,0.0081
44,Focal Loss γ=2.0,0.02,0.0510,260022.00,0.9919,0.0000
44,Focal Loss γ=2.0,0.05,0.0492,160536.00,0.9902,0.0053
44,Focal Loss γ=2.0,0.08,0.0582,39753.00,0.9781,0.0057
44,Focal Loss γ=2.0,0.10,0.0510,2122.00,0.0000,0.0081
44,Focal Loss γ=2.0,0.15,0.0510,2122.00,0.0000,0.0081
44,Focal Loss γ=2.0,0.20,0.0510,2122.00,0.0000,0.0081
44,Focal Loss γ=2.0,0.30,0.0510,2122.00,0.0000,0.0081
44,Focal Loss γ=2.0,0.40,0.0510,2122.00,0.0000,0.0081
44,Focal Loss γ=2.0,0.50,0.0510,2122.00,0.0000,0.0081
44,Focal + Temp Scaling,0.02,0.0031,39753.00,0.9781,0.0057
44,Focal + Temp Scaling,0.05,0.0009,2122.00,0.0000,0.0081
44,Focal + Temp Scaling,0.08,0.0009,2122.00,0.0000,0.0081
44,Focal + Temp Scaling,0.10,0.0009,2122.00,0.0000,0.0081
44,Focal + Temp Scaling,0.15,0.0009,2122.00,0.0000,0.0081
44,Focal + Temp Scaling,0.20,0.0009,2122.00,0.0000,0.0081
44,Focal + Temp Scaling,0.30,0.0009,2122.00,0.0000,0.0081
44,Focal + Temp Scaling,0.40,0.0009,2122.00,0.0000,0.0081
44,Focal + Temp Scaling,0.50,0.0009,2122.00,0.0000,0.0081
45,Base (non calibrato),0.02,0.0200,259679.00,0.9906,0.0000
45,Base (non calibrato),0.05,0.0200,2465.00,0.0000,0.0094
45,Base (non calibrato),0.08,0.0200,2465.00,0.0000,0.0094
45,Base (non calibrato),0.10,0.0200,2465.00,0.0000,0.0094
45,Base (non calibrato),0.15,0.0200,2465.00,0.0000,0.0094
45,Base (non calibrato),0.20,0.0200,2465.00,0.0000,0.0094
45,Base (non calibrato),0.30,0.0200,2465.00,0.0000,0.0094
45,Base (non calibrato),0.40,0.0200,2465.00,0.0000,0.0094
45,Base (non calibrato),0.50,0.0200,2465.00,0.0000,0.0094
45,Temp Scaling,0.02,0.0064,2465.00,0.0000,0.0094
45,Temp Scaling,0.05,0.0064,2465.00,0.0000,0.0094
45,Temp Scaling,0.08,0.0064,2465.00,0.0000,0.0094
45,Temp Scaling,0.10,0.0064,2465.00,0.0000,0.0094
45,Temp Scaling,0.15,0.0064,2465.00,0.0000,0.0094
45,Temp Scaling,0.20,0.0064,2465.00,0.0000,0.0094
45,Temp Scaling,0.30,0.0064,2465.00,0.0000,0.0094
45,Temp Scaling,0.40,0.0064,2465.00,0.0000,0.0094
45,Temp Scaling,0.50,0.0064,2465.00,0.0000,0.0094
45,Focal Loss γ=1.0,0.02,0.2874,259679.00,0.9906,0.0000
45,Focal Loss γ=1.0,0.05,0.2874,259679.00,0.9906,0.0000
45,Focal Loss γ=1.0,0.08,0.2874,259679.00,0.9906,0.0000
45,Focal Loss γ=1.0,0.10,0.2874,259679.00,0.9906,0.0000
45,Focal Loss γ=1.0,0.15,0.2874,259679.00,0.9906,0.0000
45,Focal Loss γ=1.0,0.20,0.2874,259679.00,0.9906,0.0000
45,Focal Loss γ=1.0,0.30,0.2842,75123.00,0.9728,0.0020
45,Focal Loss γ=1.0,0.40,0.2874,2465.00,0.0000,0.0094
45,Focal Loss γ=1.0,0.50,0.2874,2465.00,0.0000,0.0094
45,Focal Loss γ=2.0,0.02,0.0487,259679.00,0.9906,0.0000
45,Focal Loss γ=2.0,0.05,0.0501,120831.00,0.9822,0.0020
45,Focal Loss γ=2.0,0.08,0.0540,39653.00,0.9627,0.0044
45,Focal Loss γ=2.0,0.10,0.0594,23377.00,0.9674,0.0072
45,Focal Loss γ=2.0,0.15,0.0487,2465.00,0.0000,0.0094
45,Focal Loss γ=2.0,0.20,0.0487,2465.00,0.0000,0.0094
45,Focal Loss γ=2.0,0.30,0.0487,2465.00,0.0000,0.0094
45,Focal Loss γ=2.0,0.40,0.0487,2465.00,0.0000,0.0094
45,Focal Loss γ=2.0,0.50,0.0487,2465.00,0.0000,0.0094
45,Focal + Temp Scaling,0.02,0.0056,39653.00,0.9627,0.0044
45,Focal + Temp Scaling,0.05,0.0018,2465.00,0.0000,0.0094
45,Focal + Temp Scaling,0.08,0.0018,2465.00,0.0000,0.0094
45,Focal + Temp Scaling,0.10,0.0018,2465.00,0.0000,0.0094
45,Focal + Temp Scaling,0.15,0.0018,2465.00,0.0000,0.0094
45,Focal + Temp Scaling,0.20,0.0018,2465.00,0.0000,0.0094
45,Focal + Temp Scaling,0.30,0.0018,2465.00,0.0000,0.0094
45,Focal + Temp Scaling,0.40,0.0018,2465.00,0.0000,0.0094
45,Focal + Temp Scaling,0.50,0.0018,2465.00,0.0000,0.0094
46,Base (non calibrato),0.02,0.0045,252837.00,0.9645,0.0000
46,Base (non calibrato),0.05,0.0045,9307.00,0.0000,0.0355
46,Base (non calibrato),0.08,0.0045,9307.00,0.0000,0.0355
46,Base (non calibrato),0.10,0.0045,9307.00,0.0000,0.0355
46,Base (non calibrato),0.15,0.0045,9307.00,0.0000,0.0355
46,Base (non calibrato),0.20,0.0045,9307.00,0.0000,0.0355
46,Base (non calibrato),0.30,0.0045,9307.00,0.0000,0.0355
46,Base (non calibrato),0.40,0.0045,9307.00,0.0000,0.0355
46,Base (non calibrato),0.50,0.0045,9307.00,0.0000,0.0355
46,Temp Scaling,0.02,0.0314,9307.00,0.0000,0.0355
46,Temp Scaling,0.05,0.0314,9307.00,0.0000,0.0355
46,Temp Scaling,0.08,0.0314,9307.00,0.0000,0.0355
46,Temp Scaling,0.10,0.0314,9307.00,0.0000,0.0355
46,Temp Scaling,0.15,0.0314,9307.00,0.0000,0.0355
46,Temp Scaling,0.20,0.0314,9307.00,0.0000,0.0355
46,Temp Scaling,0.30,0.0314,9307.00,0.0000,0.0355
46,Temp Scaling,0.40,0.0314,9307.00,0.0000,0.0355
46,Temp Scaling,0.50,0.0314,9307.00,0.0000,0.0355
46,Focal Loss γ=1.0,0.02,0.2618,252837.00,0.9645,0.0000
46,Focal Loss γ=1.0,0.05,0.2618,252837.00,0.9645,0.0000
46,Focal Loss γ=1.0,0.08,0.2618,252837.00,0.9645,0.0000
46,Focal Loss γ=1.0,0.10,0.2618,252837.00,0.9645,0.0000
46,Focal Loss γ=1.0,0.15,0.2618,252837.00,0.9645,0.0000
46,Focal Loss γ=1.0,0.20,0.2618,252837.00,0.9645,0.0000
46,Focal Loss γ=1.0,0.30,0.2496,84362.00,0.9043,0.0025
46,Focal Loss γ=1.0,0.40,0.2618,9307.00,0.0000,0.0355
46,Focal Loss γ=1.0,0.50,0.2618,9307.00,0.0000,0.0355
46,Focal Loss γ=2.0,0.02,0.0284,252837.00,0.9645,0.0000
46,Focal Loss γ=2.0,0.05,0.0317,160216.00,0.9462,0.0023
46,Focal Loss γ=2.0,0.08,0.0150,68180.00,0.8852,0.0029
46,Focal Loss γ=2.0,0.10,0.0510,32151.00,0.8372,0.0166
46,Focal Loss γ=2.0,0.15,0.0284,9307.00,0.0000,0.0355
46,Focal Loss γ=2.0,0.20,0.0284,9307.00,0.0000,0.0355
46,Focal Loss γ=2.0,0.30,0.0284,9307.00,0.0000,0.0355
46,Focal Loss γ=2.0,0.40,0.0284,9307.00,0.0000,0.0355
46,Focal Loss γ=2.0,0.50,0.0284,9307.00,0.0000,0.0355
46,Focal + Temp Scaling,0.02,0.0479,50923.00,0.8886,0.0160
46,Focal + Temp Scaling,0.05,0.0259,9307.00,0.0000,0.0355
46,Focal + Temp Scaling,0.08,0.0259,9307.00,0.0000,0.0355
46,Focal + Temp Scaling,0.10,0.0259,9307.00,0.0000,0.0355
46,Focal + Temp Scaling,0.15,0.0259,9307.00,0.0000,0.0355
46,Focal + Temp Scaling,0.20,0.0259,9307.00,0.0000,0.0355
46,Focal + Temp Scaling,0.30,0.0259,9307.00,0.0000,0.0355
46,Focal + Temp Scaling,0.40,0.0259,9307.00,0.0000,0.0355
46,Focal + Temp Scaling,0.50,0.0259,9307.00,0.0000,0.0355
47,Base (non calibrato),0.02,0.0223,258885.00,0.9876,0.0000
47,Base (non calibrato),0.05,0.0179,53602.00,0.9546,0.0036
47,Base (non calibrato),0.08,0.0223,3259.00,0.0000,0.0124
47,Base (non calibrato),0.10,0.0223,3259.00,0.0000,0.0124
47,Base (non calibrato),0.15,0.0223,3259.00,0.0000,0.0124
47,Base (non calibrato),0.20,0.0223,3259.00,0.0000,0.0124
47,Base (non calibrato),0.30,0.0223,3259.00,0.0000,0.0124
47,Base (non calibrato),0.40,0.0223,3259.00,0.0000,0.0124
47,Base (non calibrato),0.50,0.0223,3259.00,0.0000,0.0124
47,Temp Scaling,0.02,0.0083,35032.00,0.9617,0.0085
47,Temp Scaling,0.05,0.0057,3259.00,0.0000,0.0124
47,Temp Scaling,0.08,0.0057,3259.00,0.0000,0.0124
47,Temp Scaling,0.10,0.0057,3259.00,0.0000,0.0124
47,Temp Scaling,0.15,0.0057,3259.00,0.0000,0.0124
47,Temp Scaling,0.20,0.0057,3259.00,0.0000,0.0124
47,Temp Scaling,0.30,0.0057,3259.00,0.0000,0.0124
47,Temp Scaling,0.40,0.0057,3259.00,0.0000,0.0124
47,Temp Scaling,0.50,0.0057,3259.00,0.0000,0.0124
47,Focal Loss γ=1.0,0.02,0.2857,258885.00,0.9876,0.0000
47,Focal Loss γ=1.0,0.05,0.2857,258885.00,0.9876,0.0000
47,Focal Loss γ=1.0,0.08,0.2857,258885.00,0.9876,0.0000
47,Focal Loss γ=1.0,0.10,0.2857,258885.00,0.9876,0.0000
47,Focal Loss γ=1.0,0.15,0.2857,258885.00,0.9876,0.0000
47,Focal Loss γ=1.0,0.20,0.2857,258885.00,0.9876,0.0000
47,Focal Loss γ=1.0,0.30,0.2821,86792.00,0.9642,0.0002
47,Focal Loss γ=1.0,0.40,0.2857,3259.00,0.0000,0.0124
47,Focal Loss γ=1.0,0.50,0.2857,3259.00,0.0000,0.0124
47,Focal Loss γ=2.0,0.02,0.0576,258885.00,0.9876,0.0000
47,Focal Loss γ=2.0,0.05,0.0549,182944.00,0.9825,0.0001
47,Focal Loss γ=2.0,0.08,0.0613,86792.00,0.9642,0.0002
47,Focal Loss γ=2.0,0.10,0.0630,67967.00,0.9625,0.0033
47,Focal Loss γ=2.0,0.15,0.0576,3259.00,0.0000,0.0124
47,Focal Loss γ=2.0,0.20,0.0576,3259.00,0.0000,0.0124
47,Focal Loss γ=2.0,0.30,0.0576,3259.00,0.0000,0.0124
47,Focal Loss γ=2.0,0.40,0.0576,3259.00,0.0000,0.0124
47,Focal Loss γ=2.0,0.50,0.0576,3259.00,0.0000,0.0124
47,Focal + Temp Scaling,0.02,0.0008,86792.00,0.9642,0.0002
47,Focal + Temp Scaling,0.05,0.0015,3259.00,0.0000,0.0124
47,Focal + Temp Scaling,0.08,0.0015,3259.00,0.0000,0.0124
47,Focal + Temp Scaling,0.10,0.0015,3259.00,0.0000,0.0124
47,Focal + Temp Scaling,0.15,0.0015,3259.00,0.0000,0.0124
47,Focal + Temp Scaling,0.20,0.0015,3259.00,0.0000,0.0124
47,Focal + Temp Scaling,0.30,0.0015,3259.00,0.0000,0.0124
47,Focal + Temp Scaling,0.40,0.0015,3259.00,0.0000,0.0124
47,Focal + Temp Scaling,0.50,0.0015,3259.00,0.0000,0.0124
48,Base (non calibrato),0.02,0.0233,259853.00,0.9913,0.0000
48,Base (non calibrato),0.05,0.0236,17197.00,0.9716,0.0075
48,Base (non calibrato),0.08,0.0233,2291.00,0.0000,0.0087
48,Base (non calibrato),0.10,0.0233,2291.00,0.0000,0.0087
48,Base (non calibrato),0.15,0.0233,2291.00,0.0000,0.0087
48,Base (non calibrato),0.20,0.0233,2291.00,0.0000,0.0087
48,Base (non calibrato),0.30,0.0233,2291.00,0.0000,0.0087
48,Base (non calibrato),0.40,0.0233,2291.00,0.0000,0.0087
48,Base (non calibrato),0.50,0.0233,2291.00,0.0000,0.0087
48,Temp Scaling,0.02,0.0039,2291.00,0.0000,0.0087
48,Temp Scaling,0.05,0.0039,2291.00,0.0000,0.0087
48,Temp Scaling,0.08,0.0039,2291.00,0.0000,0.0087
48,Temp Scaling,0.10,0.0039,2291.00,0.0000,0.0087
48,Temp Scaling,0.15,0.0039,2291.00,0.0000,0.0087
48,Temp Scaling,0.20,0.0039,2291.00,0.0000,0.0087
48,Temp Scaling,0.30,0.0039,2291.00,0.0000,0.0087
48,Temp Scaling,0.40,0.0039,2291.00,0.0000,0.0087
48,Temp Scaling,0.50,0.0039,2291.00,0.0000,0.0087
48,Focal Loss γ=1.0,0.02,0.2918,259853.00,0.9913,0.0000
48,Focal Loss γ=1.0,0.05,0.2918,259853.00,0.9913,0.0000
48,Focal Loss γ=1.0,0.08,0.2918,259853.00,0.9913,0.0000
48,Focal Loss γ=1.0,0.10,0.2918,259853.00,0.9913,0.0000
48,Focal Loss γ=1.0,0.15,0.2918,259853.00,0.9913,0.0000
48,Focal Loss γ=1.0,0.20,0.2918,259853.00,0.9913,0.0000
48,Focal Loss γ=1.0,0.30,0.2911,102428.00,0.9799,0.0012
48,Focal Loss γ=1.0,0.40,0.2918,2291.00,0.0000,0.0087
48,Focal Loss γ=1.0,0.50,0.2918,2291.00,0.0000,0.0087
48,Focal Loss γ=2.0,0.02,0.0593,259853.00,0.9913,0.0000
48,Focal Loss γ=2.0,0.05,0.0554,182311.00,0.9882,0.0014
48,Focal Loss γ=2.0,0.08,0.0622,84103.00,0.9773,0.0020
48,Focal Loss γ=2.0,0.10,0.0716,17197.00,0.9716,0.0075
48,Focal Loss γ=2.0,0.15,0.0593,2291.00,0.0000,0.0087
48,Focal Loss γ=2.0,0.20,0.0593,2291.00,0.0000,0.0087
48,Focal Loss γ=2.0,0.30,0.0593,2291.00,0.0000,0.0087
48,Focal Loss γ=2.0,0.40,0.0593,2291.00,0.0000,0.0087
48,Focal Loss γ=2.0,0.50,0.0593,2291.00,0.0000,0.0087
48,Focal + Temp Scaling,0.02,0.0038,62955.00,0.9777,0.0044
48,Focal + Temp Scaling,0.05,0.0027,2291.00,0.0000,0.0087
48,Focal + Temp Scaling,0.08,0.0027,2291.00,0.0000,0.0087
48,Focal + Temp Scaling,0.10,0.0027,2291.00,0.0000,0.0087
48,Focal + Temp Scaling,0.15,0.0027,2291.00,0.0000,0.0087
48,Focal + Temp Scaling,0.20,0.0027,2291.00,0.0000,0.0087
48,Focal + Temp Scaling,0.30,0.0027,2291.00,0.0000,0.0087
48,Focal + Temp Scaling,0.40,0.0027,2291.00,0.0000,0.0087
48,Focal + Temp Scaling,0.50,0.0027,2291.00,0.0000,0.0087
49,Base (non calibrato),0.02,0.0198,259014.00,0.9881,0.0000
49,Base (non calibrato),0.05,0.0198,3130.00,0.0000,0.0119
49,Base (non calibrato),0.08,0.0198,3130.00,0.0000,0.0119
49,Base (non calibrato),0.10,0.0198,3130.00,0.0000,0.0119
49,Base (non calibrato),0.15,0.0198,3130.00,0.0000,0.0119
49,Base (non calibrato),0.20,0.0198,3130.00,0.0000,0.0119
49,Base (non calibrato),0.30,0.0198,3130.00,0.0000,0.0119
49,Base (non calibrato),0.40,0.0198,3130.00,0.0000,0.0119
49,Base (non calibrato),0.50,0.0198,3130.00,0.0000,0.0119
49,Temp Scaling,0.02,0.0071,3130.00,0.0000,0.0119
49,Temp Scaling,0.05,0.0071,3130.00,0.0000,0.0119
49,Temp Scaling,0.08,0.0071,3130.00,0.0000,0.0119
49,Temp Scaling,0.10,0.0071,3130.00,0.0000,0.0119
49,Temp Scaling,0.15,0.0071,3130.00,0.0000,0.0119
49,Temp Scaling,0.20,0.0071,3130.00,0.0000,0.0119
49,Temp Scaling,0.30,0.0071,3130.00,0.0000,0.0119
49,Temp Scaling,0.40,0.0071,3130.00,0.0000,0.0119
49,Temp Scaling,0.50,0.0071,3130.00,0.0000,0.0119
49,Focal Loss γ=1.0,0.02,0.2921,259014.00,0.9881,0.0000
49,Focal Loss γ=1.0,0.05,0.2921,259014.00,0.9881,0.0000
49,Focal Loss γ=1.0,0.08,0.2921,259014.00,0.9881,0.0000
49,Focal Loss γ=1.0,0.10,0.2921,259014.00,0.9881,0.0000
49,Focal Loss γ=1.0,0.15,0.2921,259014.00,0.9881,0.0000
49,Focal Loss γ=1.0,0.20,0.2921,259014.00,0.9881,0.0000
49,Focal Loss γ=1.0,0.30,0.2922,151451.00,0.9822,0.0036
49,Focal Loss γ=1.0,0.40,0.2921,3130.00,0.0000,0.0119
49,Focal Loss γ=1.0,0.50,0.2921,3130.00,0.0000,0.0119
49,Focal Loss γ=2.0,0.02,0.0571,259014.00,0.9881,0.0000
49,Focal Loss γ=2.0,0.05,0.0523,237456.00,0.9870,0.0000
49,Focal Loss γ=2.0,0.08,0.0607,38908.00,0.9549,0.0061
49,Focal Loss γ=2.0,0.10,0.0607,38908.00,0.9549,0.0061
49,Focal Loss γ=2.0,0.15,0.0571,3130.00,0.0000,0.0119
49,Focal Loss γ=2.0,0.20,0.0571,3130.00,0.0000,0.0119
49,Focal Loss γ=2.0,0.30,0.0571,3130.00,0.0000,0.0119
49,Focal Loss γ=2.0,0.40,0.0571,3130.00,0.0000,0.0119
49,Focal Loss γ=2.0,0.50,0.0571,3130.00,0.0000,0.0119
49,Focal + Temp Scaling,0.02,0.0060,39871.00,0.9564,0.0062
49,Focal + Temp Scaling,0.05,0.0009,3130.00,0.0000,0.0119
49,Focal + Temp Scaling,0.08,0.0009,3130.00,0.0000,0.0119
49,Focal + Temp Scaling,0.10,0.0009,3130.00,0.0000,0.0119
49,Focal + Temp Scaling,0.15,0.0009,3130.00,0.0000,0.0119
49,Focal + Temp Scaling,0.20,0.0009,3130.00,0.0000,0.0119
49,Focal + Temp Scaling,0.30,0.0009,3130.00,0.0000,0.0119
49,Focal + Temp Scaling,0.40,0.0009,3130.00,0.0000,0.0119
49,Focal + Temp Scaling,0.50,0.0009,3130.00,0.0000,0.0119
5,Base (non calibrato),0.02,0.0240,52013.00,0.9998,0.0000
5,Base (non calibrato),0.05,0.0170,8.00,0.0000,0.0000
5,Base (non calibrato),0.08,0.0170,8.00,0.0000,0.0000
5,Base (non calibrato),0.10,0.0170,8.00,0.0000,0.0000
5,Base (non calibrato),0.15,0.0170,8.00,0.0000,0.0000
5,Base (non calibrato),0.20,0.0170,8.00,0.0000,0.0000
5,Base (non calibrato),0.30,0.0170,8.00,0.0000,0.0000
5,Base (non calibrato),0.40,0.0170,8.00,0.0000,0.0000
5,Base (non calibrato),0.50,0.0170,8.00,0.0000,0.0000
5,Temp Scaling,0.02,0.0012,8.00,0.0000,0.0000
5,Temp Scaling,0.05,0.0012,8.00,0.0000,0.0000
5,Temp Scaling,0.08,0.0012,8.00,0.0000,0.0000
5,Temp Scaling,0.10,0.0012,8.00,0.0000,0.0000
5,Temp Scaling,0.15,0.0012,8.00,0.0000,0.0000
5,Temp Scaling,0.20,0.0012,8.00,0.0000,0.0000
5,Temp Scaling,0.30,0.0012,8.00,0.0000,0.0000
5,Temp Scaling,0.40,0.0012,8.00,0.0000,0.0000
5,Temp Scaling,0.50,0.0012,8.00,0.0000,0.0000
5,Focal Loss γ=1.0,0.02,0.3147,262136.00,1.0000,0.0000
5,Focal Loss γ=1.0,0.05,0.3147,262136.00,1.0000,0.0000
5,Focal Loss γ=1.0,0.08,0.3147,262136.00,1.0000,0.0000
5,Focal Loss γ=1.0,0.10,0.3147,262136.00,1.0000,0.0000
5,Focal Loss γ=1.0,0.15,0.3147,262136.00,1.0000,0.0000
5,Focal Loss γ=1.0,0.20,0.3147,262136.00,1.0000,0.0000
5,Focal Loss γ=1.0,0.30,0.3147,262136.00,1.0000,0.0000
5,Focal Loss γ=1.0,0.40,0.3147,8.00,0.0000,0.0000
5,Focal Loss γ=1.0,0.50,0.3147,8.00,0.0000,0.0000
5,Focal Loss γ=2.0,0.02,0.0573,262136.00,1.0000,0.0000
5,Focal Loss γ=2.0,0.05,0.0573,262136.00,1.0000,0.0000
5,Focal Loss γ=2.0,0.08,0.0573,8.00,0.0000,0.0000
5,Focal Loss γ=2.0,0.10,0.0573,8.00,0.0000,0.0000
5,Focal Loss γ=2.0,0.15,0.0573,8.00,0.0000,0.0000
5,Focal Loss γ=2.0,0.20,0.0573,8.00,0.0000,0.0000
5,Focal Loss γ=2.0,0.30,0.0573,8.00,0.0000,0.0000
5,Focal Loss γ=2.0,0.40,0.0573,8.00,0.0000,0.0000
5,Focal Loss γ=2.0,0.50,0.0573,8.00,0.0000,0.0000
5,Focal + Temp Scaling,0.02,0.0029,8.00,0.0000,0.0000
5,Focal + Temp Scaling,0.05,0.0029,8.00,0.0000,0.0000
5,Focal + Temp Scaling,0.08,0.0029,8.00,0.0000,0.0000
5,Focal + Temp Scaling,0.10,0.0029,8.00,0.0000,0.0000
5,Focal + Temp Scaling,0.15,0.0029,8.00,0.0000,0.0000
5,Focal + Temp Scaling,0.20,0.0029,8.00,0.0000,0.0000
5,Focal + Temp Scaling,0.30,0.0029,8.00,0.0000,0.0000
5,Focal + Temp Scaling,0.40,0.0029,8.00,0.0000,0.0000
5,Focal + Temp Scaling,0.50,0.0029,8.00,0.0000,0.0000
50,Base (non calibrato),0.02,0.0298,254784.00,0.9719,0.0000
50,Base (non calibrato),0.05,0.0299,118433.00,0.9499,0.0084
50,Base (non calibrato),0.08,0.0144,39098.00,0.8874,0.0124
50,Base (non calibrato),0.10,0.0144,39098.00,0.8874,0.0124
50,Base (non calibrato),0.15,0.0298,7360.00,0.0000,0.0281
50,Base (non calibrato),0.20,0.0298,7360.00,0.0000,0.0281
50,Base (non calibrato),0.30,0.0298,7360.00,0.0000,0.0281
50,Base (non calibrato),0.40,0.0298,7360.00,0.0000,0.0281
50,Base (non calibrato),0.50,0.0298,7360.00,0.0000,0.0281
50,Temp Scaling,0.02,0.0029,89726.00,0.9381,0.0092
50,Temp Scaling,0.05,0.0177,39098.00,0.8874,0.0124
50,Temp Scaling,0.08,0.0015,21581.00,0.9135,0.0240
50,Temp Scaling,0.10,0.0033,7360.00,0.0000,0.0281
50,Temp Scaling,0.15,0.0033,7360.00,0.0000,0.0281
50,Temp Scaling,0.20,0.0033,7360.00,0.0000,0.0281
50,Temp Scaling,0.30,0.0033,7360.00,0.0000,0.0281
50,Temp Scaling,0.40,0.0033,7360.00,0.0000,0.0281
50,Temp Scaling,0.50,0.0033,7360.00,0.0000,0.0281
50,Focal Loss γ=1.0,0.02,0.2873,254784.00,0.9719,0.0000
50,Focal Loss γ=1.0,0.05,0.2873,254784.00,0.9719,0.0000
50,Focal Loss γ=1.0,0.08,0.2873,254784.00,0.9719,0.0000
50,Focal Loss γ=1.0,0.10,0.2873,254784.00,0.9719,0.0000
50,Focal Loss γ=1.0,0.15,0.2873,254784.00,0.9719,0.0000
50,Focal Loss γ=1.0,0.20,0.2873,254784.00,0.9719,0.0000
50,Focal Loss γ=1.0,0.30,0.2896,217396.00,0.9680,0.0047
50,Focal Loss γ=1.0,0.40,0.2873,7360.00,0.0000,0.0281
50,Focal Loss γ=1.0,0.50,0.2873,7360.00,0.0000,0.0281
50,Focal Loss γ=2.0,0.02,0.0694,254784.00,0.9719,0.0000
50,Focal Loss γ=2.0,0.05,0.0694,254784.00,0.9719,0.0000
50,Focal Loss γ=2.0,0.08,0.0674,197778.00,0.9666,0.0094
50,Focal Loss γ=2.0,0.10,0.0593,57501.00,0.9134,0.0105
50,Focal Loss γ=2.0,0.15,0.0723,21581.00,0.9135,0.0240
50,Focal Loss γ=2.0,0.20,0.0694,7360.00,0.0000,0.0281
50,Focal Loss γ=2.0,0.30,0.0694,7360.00,0.0000,0.0281
50,Focal Loss γ=2.0,0.40,0.0694,7360.00,0.0000,0.0281
50,Focal Loss γ=2.0,0.50,0.0694,7360.00,0.0000,0.0281
50,Focal + Temp Scaling,0.02,0.0075,87627.00,0.9358,0.0085
50,Focal + Temp Scaling,0.05,0.0234,39098.00,0.8874,0.0124
50,Focal + Temp Scaling,0.08,0.0079,21581.00,0.9135,0.0240
50,Focal + Temp Scaling,0.10,0.0079,21581.00,0.9135,0.0240
50,Focal + Temp Scaling,0.15,0.0006,7360.00,0.0000,0.0281
50,Focal + Temp Scaling,0.20,0.0006,7360.00,0.0000,0.0281
50,Focal + Temp Scaling,0.30,0.0006,7360.00,0.0000,0.0281
50,Focal + Temp Scaling,0.40,0.0006,7360.00,0.0000,0.0281
50,Focal + Temp Scaling,0.50,0.0006,7360.00,0.0000,0.0281
51,Base (non calibrato),0.02,0.0206,236987.00,0.9040,0.0000
51,Base (non calibrato),0.05,0.0206,236987.00,0.9040,0.0000
51,Base (non calibrato),0.08,0.0186,185636.00,0.8887,0.0392
51,Base (non calibrato),0.10,0.0207,149149.00,0.8734,0.0431
51,Base (non calibrato),0.15,0.0332,65560.00,0.8786,0.0895
51,Base (non calibrato),0.20,0.0206,25157.00,0.0000,0.0960
51,Base (non calibrato),0.30,0.0206,25157.00,0.0000,0.0960
51,Base (non calibrato),0.40,0.0206,25157.00,0.0000,0.0960
51,Base (non calibrato),0.50,0.0206,25157.00,0.0000,0.0960
51,Temp Scaling,0.02,0.0108,236987.00,0.9040,0.0000
51,Temp Scaling,0.05,0.0109,164723.00,0.8796,0.0386
51,Temp Scaling,0.08,0.0217,115382.00,0.8857,0.0812
51,Temp Scaling,0.10,0.0217,115382.00,0.8857,0.0812
51,Temp Scaling,0.15,0.0330,51639.00,0.8965,0.0949
51,Temp Scaling,0.20,0.0108,25157.00,0.0000,0.0960
51,Temp Scaling,0.30,0.0108,25157.00,0.0000,0.0960
51,Temp Scaling,0.40,0.0108,25157.00,0.0000,0.0960
51,Temp Scaling,0.50,0.0108,25157.00,0.0000,0.0960
51,Focal Loss γ=1.0,0.02,0.2354,236987.00,0.9040,0.0000
51,Focal Loss γ=1.0,0.05,0.2354,236987.00,0.9040,0.0000
51,Focal Loss γ=1.0,0.08,0.2354,236987.00,0.9040,0.0000
51,Focal Loss γ=1.0,0.10,0.2354,236987.00,0.9040,0.0000
51,Focal Loss γ=1.0,0.15,0.2354,236987.00,0.9040,0.0000
51,Focal Loss γ=1.0,0.20,0.2354,236987.00,0.9040,0.0000
51,Focal Loss γ=1.0,0.30,0.2354,236987.00,0.9040,0.0000
51,Focal Loss γ=1.0,0.40,0.2354,25157.00,0.0000,0.0960
51,Focal Loss γ=1.0,0.50,0.2354,25157.00,0.0000,0.0960
51,Focal Loss γ=2.0,0.02,0.1120,236987.00,0.9040,0.0000
51,Focal Loss γ=2.0,0.05,0.1120,236987.00,0.9040,0.0000
51,Focal Loss γ=2.0,0.08,0.1120,236987.00,0.9040,0.0000
51,Focal Loss γ=2.0,0.10,0.1120,236987.00,0.9040,0.0000
51,Focal Loss γ=2.0,0.15,0.0990,209275.00,0.8973,0.0445
51,Focal Loss γ=2.0,0.20,0.1137,115382.00,0.8857,0.0812
51,Focal Loss γ=2.0,0.30,0.1120,25157.00,0.0000,0.0960
51,Focal Loss γ=2.0,0.40,0.1120,25157.00,0.0000,0.0960
51,Focal Loss γ=2.0,0.50,0.1120,25157.00,0.0000,0.0960
51,Focal + Temp Scaling,0.02,0.0277,236987.00,0.9040,0.0000
51,Focal + Temp Scaling,0.05,0.0124,209275.00,0.8973,0.0445
51,Focal + Temp Scaling,0.08,0.0193,164723.00,0.8796,0.0386
51,Focal + Temp Scaling,0.10,0.0193,164723.00,0.8796,0.0386
51,Focal + Temp Scaling,0.15,0.0272,115382.00,0.8857,0.0812
51,Focal + Temp Scaling,0.20,0.0277,25157.00,0.0000,0.0960
51,Focal + Temp Scaling,0.30,0.0277,25157.00,0.0000,0.0960
51,Focal + Temp Scaling,0.40,0.0277,25157.00,0.0000,0.0960
51,Focal + Temp Scaling,0.50,0.0277,25157.00,0.0000,0.0960
52,Base (non calibrato),0.02,0.0092,55531.00,0.9793,0.0004
52,Base (non calibrato),0.05,0.0110,1254.00,0.0000,0.0048
52,Base (non calibrato),0.08,0.0110,1254.00,0.0000,0.0048
52,Base (non calibrato),0.10,0.0110,1254.00,0.0000,0.0048
52,Base (non calibrato),0.15,0.0110,1254.00,0.0000,0.0048
52,Base (non calibrato),0.20,0.0110,1254.00,0.0000,0.0048
52,Base (non calibrato),0.30,0.0110,1254.00,0.0000,0.0048
52,Base (non calibrato),0.40,0.0110,1254.00,0.0000,0.0048
52,Base (non calibrato),0.50,0.0110,1254.00,0.0000,0.0048
52,Temp Scaling,0.02,0.0026,1254.00,0.0000,0.0048
52,Temp Scaling,0.05,0.0026,1254.00,0.0000,0.0048
52,Temp Scaling,0.08,0.0026,1254.00,0.0000,0.0048
52,Temp Scaling,0.10,0.0026,1254.00,0.0000,0.0048
52,Temp Scaling,0.15,0.0026,1254.00,0.0000,0.0048
52,Temp Scaling,0.20,0.0026,1254.00,0.0000,0.0048
52,Temp Scaling,0.30,0.0026,1254.00,0.0000,0.0048
52,Temp Scaling,0.40,0.0026,1254.00,0.0000,0.0048
52,Temp Scaling,0.50,0.0026,1254.00,0.0000,0.0048
52,Focal Loss γ=1.0,0.02,0.3151,260890.00,0.9952,0.0000
52,Focal Loss γ=1.0,0.05,0.3151,260890.00,0.9952,0.0000
52,Focal Loss γ=1.0,0.08,0.3151,260890.00,0.9952,0.0000
52,Focal Loss γ=1.0,0.10,0.3151,260890.00,0.9952,0.0000
52,Focal Loss γ=1.0,0.15,0.3151,260890.00,0.9952,0.0000
52,Focal Loss γ=1.0,0.20,0.3151,260890.00,0.9952,0.0000
52,Focal Loss γ=1.0,0.30,0.3151,260890.00,0.9952,0.0000
52,Focal Loss γ=1.0,0.40,0.3151,1254.00,0.0000,0.0048
52,Focal Loss γ=1.0,0.50,0.3151,1254.00,0.0000,0.0048
52,Focal Loss γ=2.0,0.02,0.0671,260890.00,0.9952,0.0000
52,Focal Loss γ=2.0,0.05,0.0671,260890.00,0.9952,0.0000
52,Focal Loss γ=2.0,0.08,0.0703,97370.00,0.9874,0.0000
52,Focal Loss γ=2.0,0.10,0.0734,38244.00,0.9742,0.0011
52,Focal Loss γ=2.0,0.15,0.0671,1254.00,0.0000,0.0048
52,Focal Loss γ=2.0,0.20,0.0671,1254.00,0.0000,0.0048
52,Focal Loss γ=2.0,0.30,0.0671,1254.00,0.0000,0.0048
52,Focal Loss γ=2.0,0.40,0.0671,1254.00,0.0000,0.0048
52,Focal Loss γ=2.0,0.50,0.0671,1254.00,0.0000,0.0048
52,Focal + Temp Scaling,0.02,0.0044,38244.00,0.9742,0.0011
52,Focal + Temp Scaling,0.05,0.0044,1254.00,0.0000,0.0048
52,Focal + Temp Scaling,0.08,0.0044,1254.00,0.0000,0.0048
52,Focal + Temp Scaling,0.10,0.0044,1254.00,0.0000,0.0048
52,Focal + Temp Scaling,0.15,0.0044,1254.00,0.0000,0.0048
52,Focal + Temp Scaling,0.20,0.0044,1254.00,0.0000,0.0048
52,Focal + Temp Scaling,0.30,0.0044,1254.00,0.0000,0.0048
52,Focal + Temp Scaling,0.40,0.0044,1254.00,0.0000,0.0048
52,Focal + Temp Scaling,0.50,0.0044,1254.00,0.0000,0.0048
53,Base (non calibrato),0.02,0.0052,114804.00,0.9415,0.0001
53,Base (non calibrato),0.05,0.0045,75649.00,0.9242,0.0057
53,Base (non calibrato),0.08,0.0027,20177.00,0.9085,0.0231
53,Base (non calibrato),0.10,0.0057,7149.00,0.0000,0.0273
53,Base (non calibrato),0.15,0.0057,7149.00,0.0000,0.0273
53,Base (non calibrato),0.20,0.0057,7149.00,0.0000,0.0273
53,Base (non calibrato),0.30,0.0057,7149.00,0.0000,0.0273
53,Base (non calibrato),0.40,0.0057,7149.00,0.0000,0.0273
53,Base (non calibrato),0.50,0.0057,7149.00,0.0000,0.0273
53,Temp Scaling,0.02,0.0210,75649.00,0.9242,0.0057
53,Temp Scaling,0.05,0.0246,20177.00,0.9085,0.0231
53,Temp Scaling,0.08,0.0162,7149.00,0.0000,0.0273
53,Temp Scaling,0.10,0.0162,7149.00,0.0000,0.0273
53,Temp Scaling,0.15,0.0162,7149.00,0.0000,0.0273
53,Temp Scaling,0.20,0.0162,7149.00,0.0000,0.0273
53,Temp Scaling,0.30,0.0162,7149.00,0.0000,0.0273
53,Temp Scaling,0.40,0.0162,7149.00,0.0000,0.0273
53,Temp Scaling,0.50,0.0162,7149.00,0.0000,0.0273
53,Focal Loss γ=1.0,0.02,0.2922,254995.00,0.9727,0.0000
53,Focal Loss γ=1.0,0.05,0.2922,254995.00,0.9727,0.0000
53,Focal Loss γ=1.0,0.08,0.2922,254995.00,0.9727,0.0000
53,Focal Loss γ=1.0,0.10,0.2922,254995.00,0.9727,0.0000
53,Focal Loss γ=1.0,0.15,0.2922,254995.00,0.9727,0.0000
53,Focal Loss γ=1.0,0.20,0.2922,254995.00,0.9727,0.0000
53,Focal Loss γ=1.0,0.30,0.2922,254995.00,0.9727,0.0000
53,Focal Loss γ=1.0,0.40,0.2922,7149.00,0.0000,0.0273
53,Focal Loss γ=1.0,0.50,0.2922,7149.00,0.0000,0.0273
53,Focal Loss γ=2.0,0.02,0.0539,254995.00,0.9727,0.0000
53,Focal Loss γ=2.0,0.05,0.0539,254995.00,0.9727,0.0000
53,Focal Loss γ=2.0,0.08,0.0555,91420.00,0.9290,0.0011
53,Focal Loss γ=2.0,0.10,0.0526,75649.00,0.9242,0.0057
53,Focal Loss γ=2.0,0.15,0.0418,16859.00,0.8742,0.0221
53,Focal Loss γ=2.0,0.20,0.0539,7149.00,0.0000,0.0273
53,Focal Loss γ=2.0,0.30,0.0539,7149.00,0.0000,0.0273
53,Focal Loss γ=2.0,0.40,0.0539,7149.00,0.0000,0.0273
53,Focal Loss γ=2.0,0.50,0.0539,7149.00,0.0000,0.0273
53,Focal + Temp Scaling,0.02,0.0139,75649.00,0.9242,0.0057
53,Focal + Temp Scaling,0.05,0.0278,29887.00,0.8931,0.0174
53,Focal + Temp Scaling,0.08,0.0097,7149.00,0.0000,0.0273
53,Focal + Temp Scaling,0.10,0.0097,7149.00,0.0000,0.0273
53,Focal + Temp Scaling,0.15,0.0097,7149.00,0.0000,0.0273
53,Focal + Temp Scaling,0.20,0.0097,7149.00,0.0000,0.0273
53,Focal + Temp Scaling,0.30,0.0097,7149.00,0.0000,0.0273
53,Focal + Temp Scaling,0.40,0.0097,7149.00,0.0000,0.0273
53,Focal + Temp Scaling,0.50,0.0097,7149.00,0.0000,0.0273
54,Base (non calibrato),0.02,0.0034,109387.00,0.8880,0.0001
54,Base (non calibrato),0.05,0.0174,93187.00,0.8765,0.0050
54,Base (non calibrato),0.08,0.0211,50435.00,0.8328,0.0222
54,Base (non calibrato),0.10,0.0211,50435.00,0.8328,0.0222
54,Base (non calibrato),0.15,0.0025,13803.00,0.0000,0.0527
54,Base (non calibrato),0.20,0.0025,13803.00,0.0000,0.0527
54,Base (non calibrato),0.30,0.0025,13803.00,0.0000,0.0527
54,Base (non calibrato),0.40,0.0025,13803.00,0.0000,0.0527
54,Base (non calibrato),0.50,0.0025,13803.00,0.0000,0.0527
54,Temp Scaling,0.02,0.0340,79748.00,0.8632,0.0081
54,Temp Scaling,0.05,0.0396,50435.00,0.8328,0.0222
54,Temp Scaling,0.08,0.0396,50435.00,0.8328,0.0222
54,Temp Scaling,0.10,0.0333,42148.00,0.8502,0.0349
54,Temp Scaling,0.15,0.0253,13803.00,0.0000,0.0527
54,Temp Scaling,0.20,0.0253,13803.00,0.0000,0.0527
54,Temp Scaling,0.30,0.0253,13803.00,0.0000,0.0527
54,Temp Scaling,0.40,0.0253,13803.00,0.0000,0.0527
54,Temp Scaling,0.50,0.0253,13803.00,0.0000,0.0527
54,Focal Loss γ=1.0,0.02,0.2681,248341.00,0.9473,0.0000
54,Focal Loss γ=1.0,0.05,0.2681,248341.00,0.9473,0.0000
54,Focal Loss γ=1.0,0.08,0.2681,248341.00,0.9473,0.0000
54,Focal Loss γ=1.0,0.10,0.2681,248341.00,0.9473,0.0000
54,Focal Loss γ=1.0,0.15,0.2681,248341.00,0.9473,0.0000
54,Focal Loss γ=1.0,0.20,0.2681,248341.00,0.9473,0.0000
54,Focal Loss γ=1.0,0.30,0.2681,248341.00,0.9473,0.0000
54,Focal Loss γ=1.0,0.40,0.2681,13803.00,0.0000,0.0527
54,Focal Loss γ=1.0,0.50,0.2681,13803.00,0.0000,0.0527
54,Focal Loss γ=2.0,0.02,0.0495,248341.00,0.9473,0.0000
54,Focal Loss γ=2.0,0.05,0.0495,248341.00,0.9473,0.0000
54,Focal Loss γ=2.0,0.08,0.0490,109387.00,0.8880,0.0001
54,Focal Loss γ=2.0,0.10,0.0478,93187.00,0.8765,0.0050
54,Focal Loss γ=2.0,0.15,0.0447,50435.00,0.8328,0.0222
54,Focal Loss γ=2.0,0.20,0.0522,42148.00,0.8502,0.0349
54,Focal Loss γ=2.0,0.30,0.0495,13803.00,0.0000,0.0527
54,Focal Loss γ=2.0,0.40,0.0495,13803.00,0.0000,0.0527
54,Focal Loss γ=2.0,0.50,0.0495,13803.00,0.0000,0.0527
54,Focal + Temp Scaling,0.02,0.0104,109387.00,0.8880,0.0001
54,Focal + Temp Scaling,0.05,0.0131,64334.00,0.8486,0.0149
54,Focal + Temp Scaling,0.08,0.0121,50435.00,0.8328,0.0222
54,Focal + Temp Scaling,0.10,0.0121,50435.00,0.8328,0.0222
54,Focal + Temp Scaling,0.15,0.0088,42148.00,0.8502,0.0349
54,Focal + Temp Scaling,0.20,0.0096,13803.00,0.0000,0.0527
54,Focal + Temp Scaling,0.30,0.0096,13803.00,0.0000,0.0527
54,Focal + Temp Scaling,0.40,0.0096,13803.00,0.0000,0.0527
54,Focal + Temp Scaling,0.50,0.0096,13803.00,0.0000,0.0527
55,Base (non calibrato),0.02,0.0066,119252.00,0.8768,0.0000
55,Base (non calibrato),0.05,0.0059,101022.00,0.8605,0.0031
55,Base (non calibrato),0.08,0.0059,101022.00,0.8605,0.0031
55,Base (non calibrato),0.10,0.0059,101022.00,0.8605,0.0031
55,Base (non calibrato),0.15,0.0195,57757.00,0.8754,0.0479
55,Base (non calibrato),0.20,0.0056,16753.00,0.0000,0.0639
55,Base (non calibrato),0.30,0.0056,16753.00,0.0000,0.0639
55,Base (non calibrato),0.40,0.0056,16753.00,0.0000,0.0639
55,Base (non calibrato),0.50,0.0056,16753.00,0.0000,0.0639
55,Temp Scaling,0.02,0.0152,101022.00,0.8605,0.0031
55,Temp Scaling,0.05,0.0152,101022.00,0.8605,0.0031
55,Temp Scaling,0.08,0.0152,101022.00,0.8605,0.0031
55,Temp Scaling,0.10,0.0146,57757.00,0.8754,0.0479
55,Temp Scaling,0.15,0.0137,16753.00,0.0000,0.0639
55,Temp Scaling,0.20,0.0137,16753.00,0.0000,0.0639
55,Temp Scaling,0.30,0.0137,16753.00,0.0000,0.0639
55,Temp Scaling,0.40,0.0137,16753.00,0.0000,0.0639
55,Temp Scaling,0.50,0.0137,16753.00,0.0000,0.0639
55,Focal Loss γ=1.0,0.02,0.2573,245391.00,0.9361,0.0000
55,Focal Loss γ=1.0,0.05,0.2573,245391.00,0.9361,0.0000
55,Focal Loss γ=1.0,0.08,0.2573,245391.00,0.9361,0.0000
55,Focal Loss γ=1.0,0.10,0.2573,245391.00,0.9361,0.0000
55,Focal Loss γ=1.0,0.15,0.2573,245391.00,0.9361,0.0000
55,Focal Loss γ=1.0,0.20,0.2573,245391.00,0.9361,0.0000
55,Focal Loss γ=1.0,0.30,0.2573,245391.00,0.9361,0.0000
55,Focal Loss γ=1.0,0.40,0.2573,16753.00,0.0000,0.0639
55,Focal Loss γ=1.0,0.50,0.2573,16753.00,0.0000,0.0639
55,Focal Loss γ=2.0,0.02,0.0548,245391.00,0.9361,0.0000
55,Focal Loss γ=2.0,0.05,0.0548,245391.00,0.9361,0.0000
55,Focal Loss γ=2.0,0.08,0.0545,101022.00,0.8605,0.0031
55,Focal Loss γ=2.0,0.10,0.0545,101022.00,0.8605,0.0031
55,Focal Loss γ=2.0,0.15,0.0545,101022.00,0.8605,0.0031
55,Focal Loss γ=2.0,0.20,0.0645,57757.00,0.8754,0.0479
55,Focal Loss γ=2.0,0.30,0.0548,16753.00,0.0000,0.0639
55,Focal Loss γ=2.0,0.40,0.0548,16753.00,0.0000,0.0639
55,Focal Loss γ=2.0,0.50,0.0548,16753.00,0.0000,0.0639
55,Focal + Temp Scaling,0.02,0.0018,101022.00,0.8605,0.0031
55,Focal + Temp Scaling,0.05,0.0018,101022.00,0.8605,0.0031
55,Focal + Temp Scaling,0.08,0.0018,101022.00,0.8605,0.0031
55,Focal + Temp Scaling,0.10,0.0018,101022.00,0.8605,0.0031
55,Focal + Temp Scaling,0.15,0.0248,36804.00,0.8334,0.0506
55,Focal + Temp Scaling,0.20,0.0006,16753.00,0.0000,0.0639
55,Focal + Temp Scaling,0.30,0.0006,16753.00,0.0000,0.0639
55,Focal + Temp Scaling,0.40,0.0006,16753.00,0.0000,0.0639
55,Focal + Temp Scaling,0.50,0.0006,16753.00,0.0000,0.0639
56,Base (non calibrato),0.02,0.0133,105661.00,0.8992,0.0000
56,Base (non calibrato),0.05,0.0133,105661.00,0.8992,0.0000
56,Base (non calibrato),0.08,0.0186,69965.00,0.8700,0.0089
56,Base (non calibrato),0.10,0.0086,34388.00,0.8058,0.0208
56,Base (non calibrato),0.15,0.0086,34388.00,0.8058,0.0208
56,Base (non calibrato),0.20,0.0314,22860.00,0.7456,0.0256
56,Base (non calibrato),0.30,0.0132,11847.00,0.0000,0.0452
56,Base (non calibrato),0.40,0.0132,11847.00,0.0000,0.0452
56,Base (non calibrato),0.50,0.0132,11847.00,0.0000,0.0452
56,Temp Scaling,0.02,0.0072,105661.00,0.8992,0.0000
56,Temp Scaling,0.05,0.0062,69965.00,0.8700,0.0089
56,Temp Scaling,0.08,0.0113,34388.00,0.8058,0.0208
56,Temp Scaling,0.10,0.0113,34388.00,0.8058,0.0208
56,Temp Scaling,0.15,0.0288,22860.00,0.7456,0.0256
56,Temp Scaling,0.20,0.0064,11847.00,0.0000,0.0452
56,Temp Scaling,0.30,0.0064,11847.00,0.0000,0.0452
56,Temp Scaling,0.40,0.0064,11847.00,0.0000,0.0452
56,Temp Scaling,0.50,0.0064,11847.00,0.0000,0.0452
56,Focal Loss γ=1.0,0.02,0.2756,250297.00,0.9548,0.0000
56,Focal Loss γ=1.0,0.05,0.2756,250297.00,0.9548,0.0000
56,Focal Loss γ=1.0,0.08,0.2756,250297.00,0.9548,0.0000
56,Focal Loss γ=1.0,0.10,0.2756,250297.00,0.9548,0.0000
56,Focal Loss γ=1.0,0.15,0.2756,250297.00,0.9548,0.0000
56,Focal Loss γ=1.0,0.20,0.2756,250297.00,0.9548,0.0000
56,Focal Loss γ=1.0,0.30,0.2756,250297.00,0.9548,0.0000
56,Focal Loss γ=1.0,0.40,0.2756,11847.00,0.0000,0.0452
56,Focal Loss γ=1.0,0.50,0.2756,11847.00,0.0000,0.0452
56,Focal Loss γ=2.0,0.02,0.0620,250297.00,0.9548,0.0000
56,Focal Loss γ=2.0,0.05,0.0620,250297.00,0.9548,0.0000
56,Focal Loss γ=2.0,0.08,0.0623,105661.00,0.8992,0.0000
56,Focal Loss γ=2.0,0.10,0.0623,105661.00,0.8992,0.0000
56,Focal Loss γ=2.0,0.15,0.0585,34388.00,0.8058,0.0208
56,Focal Loss γ=2.0,0.20,0.0585,34388.00,0.8058,0.0208
56,Focal Loss γ=2.0,0.30,0.0620,11847.00,0.0000,0.0452
56,Focal Loss γ=2.0,0.40,0.0620,11847.00,0.0000,0.0452
56,Focal Loss γ=2.0,0.50,0.0620,11847.00,0.0000,0.0452
56,Focal + Temp Scaling,0.02,0.0062,105661.00,0.8992,0.0000
56,Focal + Temp Scaling,0.05,0.0099,69965.00,0.8700,0.0089
56,Focal + Temp Scaling,0.08,0.0130,34388.00,0.8058,0.0208
56,Focal + Temp Scaling,0.10,0.0130,34388.00,0.8058,0.0208
56,Focal + Temp Scaling,0.15,0.0130,34388.00,0.8058,0.0208
56,Focal + Temp Scaling,0.20,0.0072,22860.00,0.7456,0.0256
56,Focal + Temp Scaling,0.30,0.0058,11847.00,0.0000,0.0452
56,Focal + Temp Scaling,0.40,0.0058,11847.00,0.0000,0.0452
56,Focal + Temp Scaling,0.50,0.0058,11847.00,0.0000,0.0452
57,Base (non calibrato),0.02,0.0173,101920.00,0.9535,0.0000
57,Base (non calibrato),0.05,0.0182,80954.00,0.9499,0.0042
57,Base (non calibrato),0.08,0.0143,15213.00,0.9027,0.0150
57,Base (non calibrato),0.10,0.0143,15213.00,0.9027,0.0150
57,Base (non calibrato),0.15,0.0164,4976.00,0.0000,0.0190
57,Base (non calibrato),0.20,0.0164,4976.00,0.0000,0.0190
57,Base (non calibrato),0.30,0.0164,4976.00,0.0000,0.0190
57,Base (non calibrato),0.40,0.0164,4976.00,0.0000,0.0190
57,Base (non calibrato),0.50,0.0164,4976.00,0.0000,0.0190
57,Temp Scaling,0.02,0.0048,80954.00,0.9499,0.0042
57,Temp Scaling,0.05,0.0075,15213.00,0.9027,0.0150
57,Temp Scaling,0.08,0.0075,15213.00,0.9027,0.0150
57,Temp Scaling,0.10,0.0038,4976.00,0.0000,0.0190
57,Temp Scaling,0.15,0.0038,4976.00,0.0000,0.0190
57,Temp Scaling,0.20,0.0038,4976.00,0.0000,0.0190
57,Temp Scaling,0.30,0.0038,4976.00,0.0000,0.0190
57,Temp Scaling,0.40,0.0038,4976.00,0.0000,0.0190
57,Temp Scaling,0.50,0.0038,4976.00,0.0000,0.0190
57,Focal Loss γ=1.0,0.02,0.3014,257168.00,0.9810,0.0000
57,Focal Loss γ=1.0,0.05,0.3014,257168.00,0.9810,0.0000
57,Focal Loss γ=1.0,0.08,0.3014,257168.00,0.9810,0.0000
57,Focal Loss γ=1.0,0.10,0.3014,257168.00,0.9810,0.0000
57,Focal Loss γ=1.0,0.15,0.3014,257168.00,0.9810,0.0000
57,Focal Loss γ=1.0,0.20,0.3014,257168.00,0.9810,0.0000
57,Focal Loss γ=1.0,0.30,0.3014,257168.00,0.9810,0.0000
57,Focal Loss γ=1.0,0.40,0.3014,4976.00,0.0000,0.0190
57,Focal Loss γ=1.0,0.50,0.3014,4976.00,0.0000,0.0190
57,Focal Loss γ=2.0,0.02,0.0647,257168.00,0.9810,0.0000
57,Focal Loss γ=2.0,0.05,0.0647,257168.00,0.9810,0.0000
57,Focal Loss γ=2.0,0.08,0.0663,101920.00,0.9535,0.0000
57,Focal Loss γ=2.0,0.10,0.0663,101920.00,0.9535,0.0000
57,Focal Loss γ=2.0,0.15,0.0746,15213.00,0.9027,0.0150
57,Focal Loss γ=2.0,0.20,0.0647,4976.00,0.0000,0.0190
57,Focal Loss γ=2.0,0.30,0.0647,4976.00,0.0000,0.0190
57,Focal Loss γ=2.0,0.40,0.0647,4976.00,0.0000,0.0190
57,Focal Loss γ=2.0,0.50,0.0647,4976.00,0.0000,0.0190
57,Focal + Temp Scaling,0.02,0.0053,101920.00,0.9535,0.0000
57,Focal + Temp Scaling,0.05,0.0166,29172.00,0.9319,0.0131
57,Focal + Temp Scaling,0.08,0.0178,15213.00,0.9027,0.0150
57,Focal + Temp Scaling,0.10,0.0178,15213.00,0.9027,0.0150
57,Focal + Temp Scaling,0.15,0.0048,4976.00,0.0000,0.0190
57,Focal + Temp Scaling,0.20,0.0048,4976.00,0.0000,0.0190
57,Focal + Temp Scaling,0.30,0.0048,4976.00,0.0000,0.0190
57,Focal + Temp Scaling,0.40,0.0048,4976.00,0.0000,0.0190
57,Focal + Temp Scaling,0.50,0.0048,4976.00,0.0000,0.0190
58,Base (non calibrato),0.02,0.0204,91589.00,0.9818,0.0000
58,Base (non calibrato),0.05,0.0287,34024.00,0.9813,0.0047
58,Base (non calibrato),0.08,0.0182,1701.00,0.0000,0.0065
58,Base (non calibrato),0.10,0.0182,1701.00,0.0000,0.0065
58,Base (non calibrato),0.15,0.0182,1701.00,0.0000,0.0065
58,Base (non calibrato),0.20,0.0182,1701.00,0.0000,0.0065
58,Base (non calibrato),0.30,0.0182,1701.00,0.0000,0.0065
58,Base (non calibrato),0.40,0.0182,1701.00,0.0000,0.0065
58,Base (non calibrato),0.50,0.0182,1701.00,0.0000,0.0065
58,Temp Scaling,0.02,0.0025,1701.00,0.0000,0.0065
58,Temp Scaling,0.05,0.0025,1701.00,0.0000,0.0065
58,Temp Scaling,0.08,0.0025,1701.00,0.0000,0.0065
58,Temp Scaling,0.10,0.0025,1701.00,0.0000,0.0065
58,Temp Scaling,0.15,0.0025,1701.00,0.0000,0.0065
58,Temp Scaling,0.20,0.0025,1701.00,0.0000,0.0065
58,Temp Scaling,0.30,0.0025,1701.00,0.0000,0.0065
58,Temp Scaling,0.40,0.0025,1701.00,0.0000,0.0065
58,Temp Scaling,0.50,0.0025,1701.00,0.0000,0.0065
58,Focal Loss γ=1.0,0.02,0.3104,260443.00,0.9935,0.0000
58,Focal Loss γ=1.0,0.05,0.3104,260443.00,0.9935,0.0000
58,Focal Loss γ=1.0,0.08,0.3104,260443.00,0.9935,0.0000
58,Focal Loss γ=1.0,0.10,0.3104,260443.00,0.9935,0.0000
58,Focal Loss γ=1.0,0.15,0.3104,260443.00,0.9935,0.0000
58,Focal Loss γ=1.0,0.20,0.3104,260443.00,0.9935,0.0000
58,Focal Loss γ=1.0,0.30,0.3104,260443.00,0.9935,0.0000
58,Focal Loss γ=1.0,0.40,0.3104,1701.00,0.0000,0.0065
58,Focal Loss γ=1.0,0.50,0.3104,1701.00,0.0000,0.0065
58,Focal Loss γ=2.0,0.02,0.0670,260443.00,0.9935,0.0000
58,Focal Loss γ=2.0,0.05,0.0670,260443.00,0.9935,0.0000
58,Focal Loss γ=2.0,0.08,0.0676,72598.00,0.9801,0.0012
58,Focal Loss γ=2.0,0.10,0.0676,72598.00,0.9801,0.0012
58,Focal Loss γ=2.0,0.15,0.0670,1701.00,0.0000,0.0065
58,Focal Loss γ=2.0,0.20,0.0670,1701.00,0.0000,0.0065
58,Focal Loss γ=2.0,0.30,0.0670,1701.00,0.0000,0.0065
58,Focal Loss γ=2.0,0.40,0.0670,1701.00,0.0000,0.0065
58,Focal Loss γ=2.0,0.50,0.0670,1701.00,0.0000,0.0065
58,Focal + Temp Scaling,0.02,0.0018,64059.00,0.9783,0.0015
58,Focal + Temp Scaling,0.05,0.0040,1701.00,0.0000,0.0065
58,Focal + Temp Scaling,0.08,0.0040,1701.00,0.0000,0.0065
58,Focal + Temp Scaling,0.10,0.0040,1701.00,0.0000,0.0065
58,Focal + Temp Scaling,0.15,0.0040,1701.00,0.0000,0.0065
58,Focal + Temp Scaling,0.20,0.0040,1701.00,0.0000,0.0065
58,Focal + Temp Scaling,0.30,0.0040,1701.00,0.0000,0.0065
58,Focal + Temp Scaling,0.40,0.0040,1701.00,0.0000,0.0065
58,Focal + Temp Scaling,0.50,0.0040,1701.00,0.0000,0.0065
59,Base (non calibrato),0.02,0.0167,109216.00,0.9798,0.0000
59,Base (non calibrato),0.05,0.0204,42291.00,0.9815,0.0067
59,Base (non calibrato),0.08,0.0162,2256.00,0.0000,0.0086
59,Base (non calibrato),0.10,0.0162,2256.00,0.0000,0.0086
59,Base (non calibrato),0.15,0.0162,2256.00,0.0000,0.0086
59,Base (non calibrato),0.20,0.0162,2256.00,0.0000,0.0086
59,Base (non calibrato),0.30,0.0162,2256.00,0.0000,0.0086
59,Base (non calibrato),0.40,0.0162,2256.00,0.0000,0.0086
59,Base (non calibrato),0.50,0.0162,2256.00,0.0000,0.0086
59,Temp Scaling,0.02,0.0048,19420.00,0.9852,0.0082
59,Temp Scaling,0.05,0.0043,2256.00,0.0000,0.0086
59,Temp Scaling,0.08,0.0043,2256.00,0.0000,0.0086
59,Temp Scaling,0.10,0.0043,2256.00,0.0000,0.0086
59,Temp Scaling,0.15,0.0043,2256.00,0.0000,0.0086
59,Temp Scaling,0.20,0.0043,2256.00,0.0000,0.0086
59,Temp Scaling,0.30,0.0043,2256.00,0.0000,0.0086
59,Temp Scaling,0.40,0.0043,2256.00,0.0000,0.0086
59,Temp Scaling,0.50,0.0043,2256.00,0.0000,0.0086
59,Focal Loss γ=1.0,0.02,0.3107,259888.00,0.9914,0.0000
59,Focal Loss γ=1.0,0.05,0.3107,259888.00,0.9914,0.0000
59,Focal Loss γ=1.0,0.08,0.3107,259888.00,0.9914,0.0000
59,Focal Loss γ=1.0,0.10,0.3107,259888.00,0.9914,0.0000
59,Focal Loss γ=1.0,0.15,0.3107,259888.00,0.9914,0.0000
59,Focal Loss γ=1.0,0.20,0.3107,259888.00,0.9914,0.0000
59,Focal Loss γ=1.0,0.30,0.3107,259888.00,0.9914,0.0000
59,Focal Loss γ=1.0,0.40,0.3107,2256.00,0.0000,0.0086
59,Focal Loss γ=1.0,0.50,0.3107,2256.00,0.0000,0.0086
59,Focal Loss γ=2.0,0.02,0.0673,259888.00,0.9914,0.0000
59,Focal Loss γ=2.0,0.05,0.0673,259888.00,0.9914,0.0000
59,Focal Loss γ=2.0,0.08,0.0724,87125.00,0.9802,0.0029
59,Focal Loss γ=2.0,0.10,0.0762,42291.00,0.9815,0.0067
59,Focal Loss γ=2.0,0.15,0.0673,2256.00,0.0000,0.0086
59,Focal Loss γ=2.0,0.20,0.0673,2256.00,0.0000,0.0086
59,Focal Loss γ=2.0,0.30,0.0673,2256.00,0.0000,0.0086
59,Focal Loss γ=2.0,0.40,0.0673,2256.00,0.0000,0.0086
59,Focal Loss γ=2.0,0.50,0.0673,2256.00,0.0000,0.0086
59,Focal + Temp Scaling,0.02,0.0081,42291.00,0.9815,0.0067
59,Focal + Temp Scaling,0.05,0.0244,19420.00,0.9852,0.0082
59,Focal + Temp Scaling,0.08,0.0040,2256.00,0.0000,0.0086
59,Focal + Temp Scaling,0.10,0.0040,2256.00,0.0000,0.0086
59,Focal + Temp Scaling,0.15,0.0040,2256.00,0.0000,0.0086
59,Focal + Temp Scaling,0.20,0.0040,2256.00,0.0000,0.0086
59,Focal + Temp Scaling,0.30,0.0040,2256.00,0.0000,0.0086
59,Focal + Temp Scaling,0.40,0.0040,2256.00,0.0000,0.0086
59,Focal + Temp Scaling,0.50,0.0040,2256.00,0.0000,0.0086
6,Base (non calibrato),0.02,0.0300,75349.00,0.9974,0.0000
6,Base (non calibrato),0.05,0.0331,25267.00,0.9938,0.0002
6,Base (non calibrato),0.08,0.0229,196.00,0.0000,0.0007
6,Base (non calibrato),0.10,0.0229,196.00,0.0000,0.0007
6,Base (non calibrato),0.15,0.0229,196.00,0.0000,0.0007
6,Base (non calibrato),0.20,0.0229,196.00,0.0000,0.0007
6,Base (non calibrato),0.30,0.0229,196.00,0.0000,0.0007
6,Base (non calibrato),0.40,0.0229,196.00,0.0000,0.0007
6,Base (non calibrato),0.50,0.0229,196.00,0.0000,0.0007
6,Temp Scaling,0.02,0.0005,196.00,0.0000,0.0007
6,Temp Scaling,0.05,0.0005,196.00,0.0000,0.0007
6,Temp Scaling,0.08,0.0005,196.00,0.0000,0.0007
6,Temp Scaling,0.10,0.0005,196.00,0.0000,0.0007
6,Temp Scaling,0.15,0.0005,196.00,0.0000,0.0007
6,Temp Scaling,0.20,0.0005,196.00,0.0000,0.0007
6,Temp Scaling,0.30,0.0005,196.00,0.0000,0.0007
6,Temp Scaling,0.40,0.0005,196.00,0.0000,0.0007
6,Temp Scaling,0.50,0.0005,196.00,0.0000,0.0007
6,Focal Loss γ=1.0,0.02,0.3156,261948.00,0.9993,0.0000
6,Focal Loss γ=1.0,0.05,0.3156,261948.00,0.9993,0.0000
6,Focal Loss γ=1.0,0.08,0.3156,261948.00,0.9993,0.0000
6,Focal Loss γ=1.0,0.10,0.3156,261948.00,0.9993,0.0000
6,Focal Loss γ=1.0,0.15,0.3156,261948.00,0.9993,0.0000
6,Focal Loss γ=1.0,0.20,0.3156,261948.00,0.9993,0.0000
6,Focal Loss γ=1.0,0.30,0.3156,261948.00,0.9993,0.0000
6,Focal Loss γ=1.0,0.40,0.3156,196.00,0.0000,0.0007
6,Focal Loss γ=1.0,0.50,0.3156,196.00,0.0000,0.0007
6,Focal Loss γ=2.0,0.02,0.0621,261948.00,0.9993,0.0000
6,Focal Loss γ=2.0,0.05,0.0621,261948.00,0.9993,0.0000
6,Focal Loss γ=2.0,0.08,0.0714,51715.00,0.9970,0.0002
6,Focal Loss γ=2.0,0.10,0.0621,196.00,0.0000,0.0007
6,Focal Loss γ=2.0,0.15,0.0621,196.00,0.0000,0.0007
6,Focal Loss γ=2.0,0.20,0.0621,196.00,0.0000,0.0007
6,Focal Loss γ=2.0,0.30,0.0621,196.00,0.0000,0.0007
6,Focal Loss γ=2.0,0.40,0.0621,196.00,0.0000,0.0007
6,Focal Loss γ=2.0,0.50,0.0621,196.00,0.0000,0.0007
6,Focal + Temp Scaling,0.02,0.0039,196.00,0.0000,0.0007
6,Focal + Temp Scaling,0.05,0.0039,196.00,0.0000,0.0007
6,Focal + Temp Scaling,0.08,0.0039,196.00,0.0000,0.0007
6,Focal + Temp Scaling,0.10,0.0039,196.00,0.0000,0.0007
6,Focal + Temp Scaling,0.15,0.0039,196.00,0.0000,0.0007
6,Focal + Temp Scaling,0.20,0.0039,196.00,0.0000,0.0007
6,Focal + Temp Scaling,0.30,0.0039,196.00,0.0000,0.0007
6,Focal + Temp Scaling,0.40,0.0039,196.00,0.0000,0.0007
6,Focal + Temp Scaling,0.50,0.0039,196.00,0.0000,0.0007
60,Base (non calibrato),0.02,0.0211,114109.00,0.9900,0.0000
60,Base (non calibrato),0.05,0.0311,34391.00,0.9842,0.0027
60,Base (non calibrato),0.08,0.0202,1156.00,0.0000,0.0044
60,Base (non calibrato),0.10,0.0202,1156.00,0.0000,0.0044
60,Base (non calibrato),0.15,0.0202,1156.00,0.0000,0.0044
60,Base (non calibrato),0.20,0.0202,1156.00,0.0000,0.0044
60,Base (non calibrato),0.30,0.0202,1156.00,0.0000,0.0044
60,Base (non calibrato),0.40,0.0202,1156.00,0.0000,0.0044
60,Base (non calibrato),0.50,0.0202,1156.00,0.0000,0.0044
60,Temp Scaling,0.02,0.0066,17474.00,0.9780,0.0032
60,Temp Scaling,0.05,0.0003,1156.00,0.0000,0.0044
60,Temp Scaling,0.08,0.0003,1156.00,0.0000,0.0044
60,Temp Scaling,0.10,0.0003,1156.00,0.0000,0.0044
60,Temp Scaling,0.15,0.0003,1156.00,0.0000,0.0044
60,Temp Scaling,0.20,0.0003,1156.00,0.0000,0.0044
60,Temp Scaling,0.30,0.0003,1156.00,0.0000,0.0044
60,Temp Scaling,0.40,0.0003,1156.00,0.0000,0.0044
60,Temp Scaling,0.50,0.0003,1156.00,0.0000,0.0044
60,Focal Loss γ=1.0,0.02,0.3137,260988.00,0.9956,0.0000
60,Focal Loss γ=1.0,0.05,0.3137,260988.00,0.9956,0.0000
60,Focal Loss γ=1.0,0.08,0.3137,260988.00,0.9956,0.0000
60,Focal Loss γ=1.0,0.10,0.3137,260988.00,0.9956,0.0000
60,Focal Loss γ=1.0,0.15,0.3137,260988.00,0.9956,0.0000
60,Focal Loss γ=1.0,0.20,0.3137,260988.00,0.9956,0.0000
60,Focal Loss γ=1.0,0.30,0.3137,260988.00,0.9956,0.0000
60,Focal Loss γ=1.0,0.40,0.3137,1156.00,0.0000,0.0044
60,Focal Loss γ=1.0,0.50,0.3137,1156.00,0.0000,0.0044
60,Focal Loss γ=2.0,0.02,0.0734,260988.00,0.9956,0.0000
60,Focal Loss γ=2.0,0.05,0.0734,260988.00,0.9956,0.0000
60,Focal Loss γ=2.0,0.08,0.0756,114109.00,0.9900,0.0000
60,Focal Loss γ=2.0,0.10,0.0834,50510.00,0.9893,0.0029
60,Focal Loss γ=2.0,0.15,0.0734,1156.00,0.0000,0.0044
60,Focal Loss γ=2.0,0.20,0.0734,1156.00,0.0000,0.0044
60,Focal Loss γ=2.0,0.30,0.0734,1156.00,0.0000,0.0044
60,Focal Loss γ=2.0,0.40,0.0734,1156.00,0.0000,0.0044
60,Focal Loss γ=2.0,0.50,0.0734,1156.00,0.0000,0.0044
60,Focal + Temp Scaling,0.02,0.0130,50510.00,0.9893,0.0029
60,Focal + Temp Scaling,0.05,0.0282,17474.00,0.9780,0.0032
60,Focal + Temp Scaling,0.08,0.0085,1156.00,0.0000,0.0044
60,Focal + Temp Scaling,0.10,0.0085,1156.00,0.0000,0.0044
60,Focal + Temp Scaling,0.15,0.0085,1156.00,0.0000,0.0044
60,Focal + Temp Scaling,0.20,0.0085,1156.00,0.0000,0.0044
60,Focal + Temp Scaling,0.30,0.0085,1156.00,0.0000,0.0044
60,Focal + Temp Scaling,0.40,0.0085,1156.00,0.0000,0.0044
60,Focal + Temp Scaling,0.50,0.0085,1156.00,0.0000,0.0044
61,Base (non calibrato),0.02,0.0195,99767.00,0.9874,0.0000
61,Base (non calibrato),0.05,0.0226,39725.00,0.9830,0.0027
61,Base (non calibrato),0.08,0.0182,1273.00,0.0000,0.0049
61,Base (non calibrato),0.10,0.0182,1273.00,0.0000,0.0049
61,Base (non calibrato),0.15,0.0182,1273.00,0.0000,0.0049
61,Base (non calibrato),0.20,0.0182,1273.00,0.0000,0.0049
61,Base (non calibrato),0.30,0.0182,1273.00,0.0000,0.0049
61,Base (non calibrato),0.40,0.0182,1273.00,0.0000,0.0049
61,Base (non calibrato),0.50,0.0182,1273.00,0.0000,0.0049
61,Temp Scaling,0.02,0.0017,1273.00,0.0000,0.0049
61,Temp Scaling,0.05,0.0017,1273.00,0.0000,0.0049
61,Temp Scaling,0.08,0.0017,1273.00,0.0000,0.0049
61,Temp Scaling,0.10,0.0017,1273.00,0.0000,0.0049
61,Temp Scaling,0.15,0.0017,1273.00,0.0000,0.0049
61,Temp Scaling,0.20,0.0017,1273.00,0.0000,0.0049
61,Temp Scaling,0.30,0.0017,1273.00,0.0000,0.0049
61,Temp Scaling,0.40,0.0017,1273.00,0.0000,0.0049
61,Temp Scaling,0.50,0.0017,1273.00,0.0000,0.0049
61,Focal Loss γ=1.0,0.02,0.3136,260871.00,0.9951,0.0000
61,Focal Loss γ=1.0,0.05,0.3136,260871.00,0.9951,0.0000
61,Focal Loss γ=1.0,0.08,0.3136,260871.00,0.9951,0.0000
61,Focal Loss γ=1.0,0.10,0.3136,260871.00,0.9951,0.0000
61,Focal Loss γ=1.0,0.15,0.3136,260871.00,0.9951,0.0000
61,Focal Loss γ=1.0,0.20,0.3136,260871.00,0.9951,0.0000
61,Focal Loss γ=1.0,0.30,0.3136,260871.00,0.9951,0.0000
61,Focal Loss γ=1.0,0.40,0.3136,1273.00,0.0000,0.0049
61,Focal Loss γ=1.0,0.50,0.3136,1273.00,0.0000,0.0049
61,Focal Loss γ=2.0,0.02,0.0659,260871.00,0.9951,0.0000
61,Focal Loss γ=2.0,0.05,0.0659,260871.00,0.9951,0.0000
61,Focal Loss γ=2.0,0.08,0.0709,70231.00,0.9839,0.0007
61,Focal Loss γ=2.0,0.10,0.0732,39725.00,0.9830,0.0027
61,Focal Loss γ=2.0,0.15,0.0659,1273.00,0.0000,0.0049
61,Focal Loss γ=2.0,0.20,0.0659,1273.00,0.0000,0.0049
61,Focal Loss γ=2.0,0.30,0.0659,1273.00,0.0000,0.0049
61,Focal Loss γ=2.0,0.40,0.0659,1273.00,0.0000,0.0049
61,Focal Loss γ=2.0,0.50,0.0659,1273.00,0.0000,0.0049
61,Focal + Temp Scaling,0.02,0.0066,39725.00,0.9830,0.0027
61,Focal + Temp Scaling,0.05,0.0043,1273.00,0.0000,0.0049
61,Focal + Temp Scaling,0.08,0.0043,1273.00,0.0000,0.0049
61,Focal + Temp Scaling,0.10,0.0043,1273.00,0.0000,0.0049
61,Focal + Temp Scaling,0.15,0.0043,1273.00,0.0000,0.0049
61,Focal + Temp Scaling,0.20,0.0043,1273.00,0.0000,0.0049
61,Focal + Temp Scaling,0.30,0.0043,1273.00,0.0000,0.0049
61,Focal + Temp Scaling,0.40,0.0043,1273.00,0.0000,0.0049
61,Focal + Temp Scaling,0.50,0.0043,1273.00,0.0000,0.0049
62,Base (non calibrato),0.02,0.0230,81090.00,0.9947,0.0000
62,Base (non calibrato),0.05,0.0196,436.00,0.0000,0.0017
62,Base (non calibrato),0.08,0.0196,436.00,0.0000,0.0017
62,Base (non calibrato),0.10,0.0196,436.00,0.0000,0.0017
62,Base (non calibrato),0.15,0.0196,436.00,0.0000,0.0017
62,Base (non calibrato),0.20,0.0196,436.00,0.0000,0.0017
62,Base (non calibrato),0.30,0.0196,436.00,0.0000,0.0017
62,Base (non calibrato),0.40,0.0196,436.00,0.0000,0.0017
62,Base (non calibrato),0.50,0.0196,436.00,0.0000,0.0017
62,Temp Scaling,0.02,0.0003,436.00,0.0000,0.0017
62,Temp Scaling,0.05,0.0003,436.00,0.0000,0.0017
62,Temp Scaling,0.08,0.0003,436.00,0.0000,0.0017
62,Temp Scaling,0.10,0.0003,436.00,0.0000,0.0017
62,Temp Scaling,0.15,0.0003,436.00,0.0000,0.0017
62,Temp Scaling,0.20,0.0003,436.00,0.0000,0.0017
62,Temp Scaling,0.30,0.0003,436.00,0.0000,0.0017
62,Temp Scaling,0.40,0.0003,436.00,0.0000,0.0017
62,Temp Scaling,0.50,0.0003,436.00,0.0000,0.0017
62,Focal Loss γ=1.0,0.02,0.3150,261708.00,0.9983,0.0000
62,Focal Loss γ=1.0,0.05,0.3150,261708.00,0.9983,0.0000
62,Focal Loss γ=1.0,0.08,0.3150,261708.00,0.9983,0.0000
62,Focal Loss γ=1.0,0.10,0.3150,261708.00,0.9983,0.0000
62,Focal Loss γ=1.0,0.15,0.3150,261708.00,0.9983,0.0000
62,Focal Loss γ=1.0,0.20,0.3150,261708.00,0.9983,0.0000
62,Focal Loss γ=1.0,0.30,0.3150,261708.00,0.9983,0.0000
62,Focal Loss γ=1.0,0.40,0.3150,436.00,0.0000,0.0017
62,Focal Loss γ=1.0,0.50,0.3150,436.00,0.0000,0.0017
62,Focal Loss γ=2.0,0.02,0.0635,261708.00,0.9983,0.0000
62,Focal Loss γ=2.0,0.05,0.0635,261708.00,0.9983,0.0000
62,Focal Loss γ=2.0,0.08,0.0704,18119.00,0.9843,0.0006
62,Focal Loss γ=2.0,0.10,0.0635,436.00,0.0000,0.0017
62,Focal Loss γ=2.0,0.15,0.0635,436.00,0.0000,0.0017
62,Focal Loss γ=2.0,0.20,0.0635,436.00,0.0000,0.0017
62,Focal Loss γ=2.0,0.30,0.0635,436.00,0.0000,0.0017
62,Focal Loss γ=2.0,0.40,0.0635,436.00,0.0000,0.0017
62,Focal Loss γ=2.0,0.50,0.0635,436.00,0.0000,0.0017
62,Focal + Temp Scaling,0.02,0.0050,18119.00,0.9843,0.0006
62,Focal + Temp Scaling,0.05,0.0042,436.00,0.0000,0.0017
62,Focal + Temp Scaling,0.08,0.0042,436.00,0.0000,0.0017
62,Focal + Temp Scaling,0.10,0.0042,436.00,0.0000,0.0017
62,Focal + Temp Scaling,0.15,0.0042,436.00,0.0000,0.0017
62,Focal + Temp Scaling,0.20,0.0042,436.00,0.0000,0.0017
62,Focal + Temp Scaling,0.30,0.0042,436.00,0.0000,0.0017
62,Focal + Temp Scaling,0.40,0.0042,436.00,0.0000,0.0017
62,Focal + Temp Scaling,0.50,0.0042,436.00,0.0000,0.0017
63,Base (non calibrato),0.02,0.0289,67509.00,0.8468,0.0002
63,Base (non calibrato),0.05,0.0400,50910.00,0.8087,0.0013
63,Base (non calibrato),0.08,0.0400,50910.00,0.8087,0.0013
63,Base (non calibrato),0.10,0.0400,50910.00,0.8087,0.0013
63,Base (non calibrato),0.15,0.0496,24935.00,0.7480,0.0245
63,Base (non calibrato),0.20,0.0057,12238.00,0.0000,0.0467
63,Base (non calibrato),0.30,0.0057,12238.00,0.0000,0.0467
63,Base (non calibrato),0.40,0.0057,12238.00,0.0000,0.0467
63,Base (non calibrato),0.50,0.0057,12238.00,0.0000,0.0467
63,Temp Scaling,0.02,0.0447,50910.00,0.8087,0.0013
63,Temp Scaling,0.05,0.0447,50910.00,0.8087,0.0013
63,Temp Scaling,0.08,0.0612,38675.00,0.8026,0.0166
63,Temp Scaling,0.10,0.0651,24935.00,0.7480,0.0245
63,Temp Scaling,0.15,0.0209,12238.00,0.0000,0.0467
63,Temp Scaling,0.20,0.0209,12238.00,0.0000,0.0467
63,Temp Scaling,0.30,0.0209,12238.00,0.0000,0.0467
63,Temp Scaling,0.40,0.0209,12238.00,0.0000,0.0467
63,Temp Scaling,0.50,0.0209,12238.00,0.0000,0.0467
63,Focal Loss γ=1.0,0.02,0.2732,249906.00,0.9533,0.0000
63,Focal Loss γ=1.0,0.05,0.2732,249906.00,0.9533,0.0000
63,Focal Loss γ=1.0,0.08,0.2732,249906.00,0.9533,0.0000
63,Focal Loss γ=1.0,0.10,0.2732,249906.00,0.9533,0.0000
63,Focal Loss γ=1.0,0.15,0.2732,249906.00,0.9533,0.0000
63,Focal Loss γ=1.0,0.20,0.2732,249906.00,0.9533,0.0000
63,Focal Loss γ=1.0,0.30,0.2732,249906.00,0.9533,0.0000
63,Focal Loss γ=1.0,0.40,0.2732,12238.00,0.0000,0.0467
63,Focal Loss γ=1.0,0.50,0.2732,12238.00,0.0000,0.0467
63,Focal Loss γ=2.0,0.02,0.0472,249906.00,0.9533,0.0000
63,Focal Loss γ=2.0,0.05,0.0472,249906.00,0.9533,0.0000
63,Focal Loss γ=2.0,0.08,0.0403,67509.00,0.8468,0.0002
63,Focal Loss γ=2.0,0.10,0.0403,67509.00,0.8468,0.0002
63,Focal Loss γ=2.0,0.15,0.0322,50910.00,0.8087,0.0013
63,Focal Loss γ=2.0,0.20,0.0345,24935.00,0.7480,0.0245
63,Focal Loss γ=2.0,0.30,0.0472,12238.00,0.0000,0.0467
63,Focal Loss γ=2.0,0.40,0.0472,12238.00,0.0000,0.0467
63,Focal Loss γ=2.0,0.50,0.0472,12238.00,0.0000,0.0467
63,Focal + Temp Scaling,0.02,0.0230,67509.00,0.8468,0.0002
63,Focal + Temp Scaling,0.05,0.0330,50910.00,0.8087,0.0013
63,Focal + Temp Scaling,0.08,0.0330,50910.00,0.8087,0.0013
63,Focal + Temp Scaling,0.10,0.0389,37170.00,0.7798,0.0112
63,Focal + Temp Scaling,0.15,0.0421,24935.00,0.7480,0.0245
63,Focal + Temp Scaling,0.20,0.0115,12238.00,0.0000,0.0467
63,Focal + Temp Scaling,0.30,0.0115,12238.00,0.0000,0.0467
63,Focal + Temp Scaling,0.40,0.0115,12238.00,0.0000,0.0467
63,Focal + Temp Scaling,0.50,0.0115,12238.00,0.0000,0.0467
64,Base (non calibrato),0.02,0.0072,79518.00,0.8046,0.0001
64,Base (non calibrato),0.05,0.0072,79518.00,0.8046,0.0001
64,Base (non calibrato),0.08,0.0072,79518.00,0.8046,0.0001
64,Base (non calibrato),0.10,0.0072,79518.00,0.8046,0.0001
64,Base (non calibrato),0.15,0.0207,55234.00,0.7596,0.0140
64,Base (non calibrato),0.20,0.0251,35214.00,0.6868,0.0274
64,Base (non calibrato),0.30,0.0140,26572.00,0.6748,0.0522
64,Base (non calibrato),0.40,0.0065,19330.00,0.0000,0.0737
64,Base (non calibrato),0.50,0.0065,19330.00,0.0000,0.0737
64,Temp Scaling,0.02,0.0112,79518.00,0.8046,0.0001
64,Temp Scaling,0.05,0.0112,79518.00,0.8046,0.0001
64,Temp Scaling,0.08,0.0168,67900.00,0.7893,0.0092
64,Temp Scaling,0.10,0.0088,55234.00,0.7596,0.0140
64,Temp Scaling,0.15,0.0088,55234.00,0.7596,0.0140
64,Temp Scaling,0.20,0.0193,26572.00,0.6748,0.0522
64,Temp Scaling,0.30,0.0084,19330.00,0.0000,0.0737
64,Temp Scaling,0.40,0.0084,19330.00,0.0000,0.0737
64,Temp Scaling,0.50,0.0084,19330.00,0.0000,0.0737
64,Focal Loss γ=1.0,0.02,0.2495,242814.00,0.9263,0.0000
64,Focal Loss γ=1.0,0.05,0.2495,242814.00,0.9263,0.0000
64,Focal Loss γ=1.0,0.08,0.2495,242814.00,0.9263,0.0000
64,Focal Loss γ=1.0,0.10,0.2495,242814.00,0.9263,0.0000
64,Focal Loss γ=1.0,0.15,0.2495,242814.00,0.9263,0.0000
64,Focal Loss γ=1.0,0.20,0.2495,242814.00,0.9263,0.0000
64,Focal Loss γ=1.0,0.30,0.2495,242814.00,0.9263,0.0000
64,Focal Loss γ=1.0,0.40,0.2495,19330.00,0.0000,0.0737
64,Focal Loss γ=1.0,0.50,0.2495,19330.00,0.0000,0.0737
64,Focal Loss γ=2.0,0.02,0.0703,242814.00,0.9263,0.0000
64,Focal Loss γ=2.0,0.05,0.0703,242814.00,0.9263,0.0000
64,Focal Loss γ=2.0,0.08,0.0735,79518.00,0.8046,0.0001
64,Focal Loss γ=2.0,0.10,0.0735,79518.00,0.8046,0.0001
64,Focal Loss γ=2.0,0.15,0.0735,79518.00,0.8046,0.0001
64,Focal Loss γ=2.0,0.20,0.0767,67900.00,0.7893,0.0092
64,Focal Loss γ=2.0,0.30,0.0650,35214.00,0.6868,0.0274
64,Focal Loss γ=2.0,0.40,0.0703,19330.00,0.0000,0.0737
64,Focal Loss γ=2.0,0.50,0.0703,19330.00,0.0000,0.0737
64,Focal + Temp Scaling,0.02,0.0153,79518.00,0.8046,0.0001
64,Focal + Temp Scaling,0.05,0.0153,79518.00,0.8046,0.0001
64,Focal + Temp Scaling,0.08,0.0153,79518.00,0.8046,0.0001
64,Focal + Temp Scaling,0.10,0.0153,79518.00,0.8046,0.0001
64,Focal + Temp Scaling,0.15,0.0226,55234.00,0.7596,0.0140
64,Focal + Temp Scaling,0.20,0.0226,55234.00,0.7596,0.0140
64,Focal + Temp Scaling,0.30,0.0225,26572.00,0.6748,0.0522
64,Focal + Temp Scaling,0.40,0.0123,19330.00,0.0000,0.0737
64,Focal + Temp Scaling,0.50,0.0123,19330.00,0.0000,0.0737
7,Base (non calibrato),0.02,0.0217,230283.00,0.9996,0.0000
7,Base (non calibrato),0.05,0.0269,82.00,0.0000,0.0003
7,Base (non calibrato),0.08,0.0269,82.00,0.0000,0.0003
7,Base (non calibrato),0.10,0.0269,82.00,0.0000,0.0003
7,Base (non calibrato),0.15,0.0269,82.00,0.0000,0.0003
7,Base (non calibrato),0.20,0.0269,82.00,0.0000,0.0003
7,Base (non calibrato),0.30,0.0269,82.00,0.0000,0.0003
7,Base (non calibrato),0.40,0.0269,82.00,0.0000,0.0003
7,Base (non calibrato),0.50,0.0269,82.00,0.0000,0.0003
7,Temp Scaling,0.02,0.0009,82.00,0.0000,0.0003
7,Temp Scaling,0.05,0.0009,82.00,0.0000,0.0003
7,Temp Scaling,0.08,0.0009,82.00,0.0000,0.0003
7,Temp Scaling,0.10,0.0009,82.00,0.0000,0.0003
7,Temp Scaling,0.15,0.0009,82.00,0.0000,0.0003
7,Temp Scaling,0.20,0.0009,82.00,0.0000,0.0003
7,Temp Scaling,0.30,0.0009,82.00,0.0000,0.0003
7,Temp Scaling,0.40,0.0009,82.00,0.0000,0.0003
7,Temp Scaling,0.50,0.0009,82.00,0.0000,0.0003
7,Focal Loss γ=1.0,0.02,0.3080,262062.00,0.9997,0.0000
7,Focal Loss γ=1.0,0.05,0.3080,262062.00,0.9997,0.0000
7,Focal Loss γ=1.0,0.08,0.3080,262062.00,0.9997,0.0000
7,Focal Loss γ=1.0,0.10,0.3080,262062.00,0.9997,0.0000
7,Focal Loss γ=1.0,0.15,0.3080,262062.00,0.9997,0.0000
7,Focal Loss γ=1.0,0.20,0.3080,262062.00,0.9997,0.0000
7,Focal Loss γ=1.0,0.30,0.3080,262062.00,0.9997,0.0000
7,Focal Loss γ=1.0,0.40,0.3080,82.00,0.0000,0.0003
7,Focal Loss γ=1.0,0.50,0.3080,82.00,0.0000,0.0003
7,Focal Loss γ=2.0,0.02,0.0613,262062.00,0.9997,0.0000
7,Focal Loss γ=2.0,0.05,0.0613,262062.00,0.9997,0.0000
7,Focal Loss γ=2.0,0.08,0.0613,82.00,0.0000,0.0003
7,Focal Loss γ=2.0,0.10,0.0613,82.00,0.0000,0.0003
7,Focal Loss γ=2.0,0.15,0.0613,82.00,0.0000,0.0003
7,Focal Loss γ=2.0,0.20,0.0613,82.00,0.0000,0.0003
7,Focal Loss γ=2.0,0.30,0.0613,82.00,0.0000,0.0003
7,Focal Loss γ=2.0,0.40,0.0613,82.00,0.0000,0.0003
7,Focal Loss γ=2.0,0.50,0.0613,82.00,0.0000,0.0003
7,Focal + Temp Scaling,0.02,0.0037,82.00,0.0000,0.0003
7,Focal + Temp Scaling,0.05,0.0037,82.00,0.0000,0.0003
7,Focal + Temp Scaling,0.08,0.0037,82.00,0.0000,0.0003
7,Focal + Temp Scaling,0.10,0.0037,82.00,0.0000,0.0003
7,Focal + Temp Scaling,0.15,0.0037,82.00,0.0000,0.0003
7,Focal + Temp Scaling,0.20,0.0037,82.00,0.0000,0.0003
7,Focal + Temp Scaling,0.30,0.0037,82.00,0.0000,0.0003
7,Focal + Temp Scaling,0.40,0.0037,82.00,0.0000,0.0003
7,Focal + Temp Scaling,0.50,0.0037,82.00,0.0000,0.0003
8,Base (non calibrato),0.02,0.0214,243042.00,1.0000,0.0000
8,Base (non calibrato),0.05,0.0257,0.00,0.0000,0.0000
8,Base (non calibrato),0.08,0.0257,0.00,0.0000,0.0000
8,Base (non calibrato),0.10,0.0257,0.00,0.0000,0.0000
8,Base (non calibrato),0.15,0.0257,0.00,0.0000,0.0000
8,Base (non calibrato),0.20,0.0257,0.00,0.0000,0.0000
8,Base (non calibrato),0.30,0.0257,0.00,0.0000,0.0000
8,Base (non calibrato),0.40,0.0257,0.00,0.0000,0.0000
8,Base (non calibrato),0.50,0.0257,0.00,0.0000,0.0000
8,Temp Scaling,0.02,0.0010,0.00,0.0000,0.0000
8,Temp Scaling,0.05,0.0010,0.00,0.0000,0.0000
8,Temp Scaling,0.08,0.0010,0.00,0.0000,0.0000
8,Temp Scaling,0.10,0.0010,0.00,0.0000,0.0000
8,Temp Scaling,0.15,0.0010,0.00,0.0000,0.0000
8,Temp Scaling,0.20,0.0010,0.00,0.0000,0.0000
8,Temp Scaling,0.30,0.0010,0.00,0.0000,0.0000
8,Temp Scaling,0.40,0.0010,0.00,0.0000,0.0000
8,Temp Scaling,0.50,0.0010,0.00,0.0000,0.0000
8,Focal Loss γ=1.0,0.02,0.3063,262144.00,1.0000,0.0000
8,Focal Loss γ=1.0,0.05,0.3063,262144.00,1.0000,0.0000
8,Focal Loss γ=1.0,0.08,0.3063,262144.00,1.0000,0.0000
8,Focal Loss γ=1.0,0.10,0.3063,262144.00,1.0000,0.0000
8,Focal Loss γ=1.0,0.15,0.3063,262144.00,1.0000,0.0000
8,Focal Loss γ=1.0,0.20,0.3063,262144.00,1.0000,0.0000
8,Focal Loss γ=1.0,0.30,0.3063,262144.00,1.0000,0.0000
8,Focal Loss γ=1.0,0.40,0.3063,0.00,0.0000,0.0000
8,Focal Loss γ=1.0,0.50,0.3063,0.00,0.0000,0.0000
8,Focal Loss γ=2.0,0.02,0.0574,262144.00,1.0000,0.0000
8,Focal Loss γ=2.0,0.05,0.0541,222953.00,1.0000,0.0000
8,Focal Loss γ=2.0,0.08,0.0574,0.00,0.0000,0.0000
8,Focal Loss γ=2.0,0.10,0.0574,0.00,0.0000,0.0000
8,Focal Loss γ=2.0,0.15,0.0574,0.00,0.0000,0.0000
8,Focal Loss γ=2.0,0.20,0.0574,0.00,0.0000,0.0000
8,Focal Loss γ=2.0,0.30,0.0574,0.00,0.0000,0.0000
8,Focal Loss γ=2.0,0.40,0.0574,0.00,0.0000,0.0000
8,Focal Loss γ=2.0,0.50,0.0574,0.00,0.0000,0.0000
8,Focal + Temp Scaling,0.02,0.0034,0.00,0.0000,0.0000
8,Focal + Temp Scaling,0.05,0.0034,0.00,0.0000,0.0000
8,Focal + Temp Scaling,0.08,0.0034,0.00,0.0000,0.0000
8,Focal + Temp Scaling,0.10,0.0034,0.00,0.0000,0.0000
8,Focal + Temp Scaling,0.15,0.0034,0.00,0.0000,0.0000
8,Focal + Temp Scaling,0.20,0.0034,0.00,0.0000,0.0000
8,Focal + Temp Scaling,0.30,0.0034,0.00,0.0000,0.0000
8,Focal + Temp Scaling,0.40,0.0034,0.00,0.0000,0.0000
8,Focal + Temp Scaling,0.50,0.0034,0.00,0.0000,0.0000
9,Base (non calibrato),0.02,0.0251,261527.00,0.9976,0.0000
9,Base (non calibrato),0.05,0.0251,617.00,0.0000,0.0024
9,Base (non calibrato),0.08,0.0251,617.00,0.0000,0.0024
9,Base (non calibrato),0.10,0.0251,617.00,0.0000,0.0024
9,Base (non calibrato),0.15,0.0251,617.00,0.0000,0.0024
9,Base (non calibrato),0.20,0.0251,617.00,0.0000,0.0024
9,Base (non calibrato),0.30,0.0251,617.00,0.0000,0.0024
9,Base (non calibrato),0.40,0.0251,617.00,0.0000,0.0024
9,Base (non calibrato),0.50,0.0251,617.00,0.0000,0.0024
9,Temp Scaling,0.02,0.0003,617.00,0.0000,0.0024
9,Temp Scaling,0.05,0.0003,617.00,0.0000,0.0024
9,Temp Scaling,0.08,0.0003,617.00,0.0000,0.0024
9,Temp Scaling,0.10,0.0003,617.00,0.0000,0.0024
9,Temp Scaling,0.15,0.0003,617.00,0.0000,0.0024
9,Temp Scaling,0.20,0.0003,617.00,0.0000,0.0024
9,Temp Scaling,0.30,0.0003,617.00,0.0000,0.0024
9,Temp Scaling,0.40,0.0003,617.00,0.0000,0.0024
9,Temp Scaling,0.50,0.0003,617.00,0.0000,0.0024
9,Focal Loss γ=1.0,0.02,0.3036,261527.00,0.9976,0.0000
9,Focal Loss γ=1.0,0.05,0.3036,261527.00,0.9976,0.0000
9,Focal Loss γ=1.0,0.08,0.3036,261527.00,0.9976,0.0000
9,Focal Loss γ=1.0,0.10,0.3036,261527.00,0.9976,0.0000
9,Focal Loss γ=1.0,0.15,0.3036,261527.00,0.9976,0.0000
9,Focal Loss γ=1.0,0.20,0.3036,261527.00,0.9976,0.0000
9,Focal Loss γ=1.0,0.30,0.3036,261527.00,0.9976,0.0000
9,Focal Loss γ=1.0,0.40,0.3036,617.00,0.0000,0.0024
9,Focal Loss γ=1.0,0.50,0.3036,617.00,0.0000,0.0024
9,Focal Loss γ=2.0,0.02,0.0600,261527.00,0.9976,0.0000
9,Focal Loss γ=2.0,0.05,0.0600,261527.00,0.9976,0.0000
9,Focal Loss γ=2.0,0.08,0.0680,22545.00,0.9945,0.0021
9,Focal Loss γ=2.0,0.10,0.0600,617.00,0.0000,0.0024
9,Focal Loss γ=2.0,0.15,0.0600,617.00,0.0000,0.0024
9,Focal Loss γ=2.0,0.20,0.0600,617.00,0.0000,0.0024
9,Focal Loss γ=2.0,0.30,0.0600,617.00,0.0000,0.0024
9,Focal Loss γ=2.0,0.40,0.0600,617.00,0.0000,0.0024
9,Focal Loss γ=2.0,0.50,0.0600,617.00,0.0000,0.0024
9,Focal + Temp Scaling,0.02,0.0036,617.00,0.0000,0.0024
9,Focal + Temp Scaling,0.05,0.0036,617.00,0.0000,0.0024
9,Focal + Temp Scaling,0.08,0.0036,617.00,0.0000,0.0024
9,Focal + Temp Scaling,0.10,0.0036,617.00,0.0000,0.0024
9,Focal + Temp Scaling,0.15,0.0036,617.00,0.0000,0.0024
9,Focal + Temp Scaling,0.20,0.0036,617.00,0.0000,0.0024
9,Focal + Temp Scaling,0.30,0.0036,617.00,0.0000,0.0024
9,Focal + Temp Scaling,0.40,0.0036,617.00,0.0000,0.0024
9,Focal + Temp Scaling,0.50,0.0036,617.00,0.0000,0.0024
