Image,Model,Threshold,ECE,AQ_Spatial_Absolute,Over_spraying,Under_spraying,ECE_Merged,AQ_Spatial_Absolute_Merged,Over_spraying_Merged,Under_spraying_Merged
0,Base (non calibrato),0.02,0.0123,0.00,0.0000,0.0000,0.0123,0.00,0.0000,0.0000
0,Base (non calibrato),0.05,0.0123,0.00,0.0000,0.0000,0.0123,0.00,0.0000,0.0000
0,Base (non calibrato),0.08,0.0123,0.00,0.0000,0.0000,0.0123,0.00,0.0000,0.0000
0,Base (non calibrato),0.10,0.0123,0.00,0.0000,0.0000,0.0123,0.00,0.0000,0.0000
0,Base (non calibrato),0.15,0.0123,0.00,0.0000,0.0000,0.0123,0.00,0.0000,0.0000
0,Base (non calibrato),0.20,0.0123,0.00,0.0000,0.0000,0.0123,0.00,0.0000,0.0000
0,Base (non calibrato),0.30,0.0123,0.00,0.0000,0.0000,0.0123,0.00,0.0000,0.0000
0,Base (non calibrato),0.40,0.0123,0.00,0.0000,0.0000,0.0123,0.00,0.0000,0.0000
0,Base (non calibrato),0.50,0.0123,0.00,0.0000,0.0000,0.0123,0.00,0.0000,0.0000
0,Temp Scaling,0.02,0.0001,0.00,0.0000,0.0000,0.0001,0.00,0.0000,0.0000
0,Temp Scaling,0.05,0.0001,0.00,0.0000,0.0000,0.0001,0.00,0.0000,0.0000
0,Temp Scaling,0.08,0.0001,0.00,0.0000,0.0000,0.0001,0.00,0.0000,0.0000
0,Temp Scaling,0.10,0.0001,0.00,0.0000,0.0000,0.0001,0.00,0.0000,0.0000
0,Temp Scaling,0.15,0.0001,0.00,0.0000,0.0000,0.0001,0.00,0.0000,0.0000
0,Temp Scaling,0.20,0.0001,0.00,0.0000,0.0000,0.0001,0.00,0.0000,0.0000
0,Temp Scaling,0.30,0.0001,0.00,0.0000,0.0000,0.0001,0.00,0.0000,0.0000
0,Temp Scaling,0.40,0.0001,0.00,0.0000,0.0000,0.0001,0.00,0.0000,0.0000
0,Temp Scaling,0.50,0.0001,0.00,0.0000,0.0000,0.0001,0.00,0.0000,0.0000
0,Matrix Scaling,0.02,0.0032,0.00,0.0000,0.0000,0.0032,0.00,0.0000,0.0000
0,Matrix Scaling,0.05,0.0032,0.00,0.0000,0.0000,0.0032,0.00,0.0000,0.0000
0,Matrix Scaling,0.08,0.0032,0.00,0.0000,0.0000,0.0032,0.00,0.0000,0.0000
0,Matrix Scaling,0.10,0.0032,0.00,0.0000,0.0000,0.0032,0.00,0.0000,0.0000
0,Matrix Scaling,0.15,0.0032,0.00,0.0000,0.0000,0.0032,0.00,0.0000,0.0000
0,Matrix Scaling,0.20,0.0032,0.00,0.0000,0.0000,0.0032,0.00,0.0000,0.0000
0,Matrix Scaling,0.30,0.0032,0.00,0.0000,0.0000,0.0032,0.00,0.0000,0.0000
0,Matrix Scaling,0.40,0.0032,0.00,0.0000,0.0000,0.0032,0.00,0.0000,0.0000
0,Matrix Scaling,0.50,0.0032,0.00,0.0000,0.0000,0.0032,0.00,0.0000,0.0000
0,Focal Loss γ=1.0,0.02,0.3131,262144.00,1.0000,0.0000,0.3131,262144.00,1.0000,0.0000
0,Focal Loss γ=1.0,0.05,0.3131,262144.00,1.0000,0.0000,0.3131,262144.00,1.0000,0.0000
0,Focal Loss γ=1.0,0.08,0.3131,262144.00,1.0000,0.0000,0.3131,262144.00,1.0000,0.0000
0,Focal Loss γ=1.0,0.10,0.3131,262144.00,1.0000,0.0000,0.3131,262144.00,1.0000,0.0000
0,Focal Loss γ=1.0,0.15,0.3131,262144.00,1.0000,0.0000,0.3131,262144.00,1.0000,0.0000
0,Focal Loss γ=1.0,0.20,0.3131,262144.00,1.0000,0.0000,0.3131,262144.00,1.0000,0.0000
0,Focal Loss γ=1.0,0.30,0.3131,262144.00,1.0000,0.0000,0.3131,262144.00,1.0000,0.0000
0,Focal Loss γ=1.0,0.40,0.3131,0.00,0.0000,0.0000,0.3131,0.00,0.0000,0.0000
0,Focal Loss γ=1.0,0.50,0.3131,0.00,0.0000,0.0000,0.3131,0.00,0.0000,0.0000
0,Focal Loss γ=2.0,0.02,0.0568,262144.00,1.0000,0.0000,0.0567,262144.00,1.0000,0.0000
0,Focal Loss γ=2.0,0.05,0.0568,262144.00,1.0000,0.0000,0.0567,262144.00,1.0000,0.0000
0,Focal Loss γ=2.0,0.08,0.0568,0.00,0.0000,0.0000,0.0567,0.00,0.0000,0.0000
0,Focal Loss γ=2.0,0.10,0.0568,0.00,0.0000,0.0000,0.0567,0.00,0.0000,0.0000
0,Focal Loss γ=2.0,0.15,0.0568,0.00,0.0000,0.0000,0.0567,0.00,0.0000,0.0000
0,Focal Loss γ=2.0,0.20,0.0568,0.00,0.0000,0.0000,0.0567,0.00,0.0000,0.0000
0,Focal Loss γ=2.0,0.30,0.0568,0.00,0.0000,0.0000,0.0567,0.00,0.0000,0.0000
0,Focal Loss γ=2.0,0.40,0.0568,0.00,0.0000,0.0000,0.0567,0.00,0.0000,0.0000
0,Focal Loss γ=2.0,0.50,0.0568,0.00,0.0000,0.0000,0.0567,0.00,0.0000,0.0000
0,Focal + Temp Scaling,0.02,0.0024,0.00,0.0000,0.0000,0.0024,0.00,0.0000,0.0000
0,Focal + Temp Scaling,0.05,0.0024,0.00,0.0000,0.0000,0.0024,0.00,0.0000,0.0000
0,Focal + Temp Scaling,0.08,0.0024,0.00,0.0000,0.0000,0.0024,0.00,0.0000,0.0000
0,Focal + Temp Scaling,0.10,0.0024,0.00,0.0000,0.0000,0.0024,0.00,0.0000,0.0000
0,Focal + Temp Scaling,0.15,0.0024,0.00,0.0000,0.0000,0.0024,0.00,0.0000,0.0000
0,Focal + Temp Scaling,0.20,0.0024,0.00,0.0000,0.0000,0.0024,0.00,0.0000,0.0000
0,Focal + Temp Scaling,0.30,0.0024,0.00,0.0000,0.0000,0.0024,0.00,0.0000,0.0000
0,Focal + Temp Scaling,0.40,0.0024,0.00,0.0000,0.0000,0.0024,0.00,0.0000,0.0000
0,Focal + Temp Scaling,0.50,0.0024,0.00,0.0000,0.0000,0.0024,0.00,0.0000,0.0000
0,Focal + Matrix Scaling,0.02,0.0079,0.00,0.0000,0.0000,0.0079,0.00,0.0000,0.0000
0,Focal + Matrix Scaling,0.05,0.0079,0.00,0.0000,0.0000,0.0079,0.00,0.0000,0.0000
0,Focal + Matrix Scaling,0.08,0.0079,0.00,0.0000,0.0000,0.0079,0.00,0.0000,0.0000
0,Focal + Matrix Scaling,0.10,0.0079,0.00,0.0000,0.0000,0.0079,0.00,0.0000,0.0000
0,Focal + Matrix Scaling,0.15,0.0079,0.00,0.0000,0.0000,0.0079,0.00,0.0000,0.0000
0,Focal + Matrix Scaling,0.20,0.0079,0.00,0.0000,0.0000,0.0079,0.00,0.0000,0.0000
0,Focal + Matrix Scaling,0.30,0.0079,0.00,0.0000,0.0000,0.0079,0.00,0.0000,0.0000
0,Focal + Matrix Scaling,0.40,0.0079,0.00,0.0000,0.0000,0.0079,0.00,0.0000,0.0000
0,Focal + Matrix Scaling,0.50,0.0079,0.00,0.0000,0.0000,0.0079,0.00,0.0000,0.0000
1,Base (non calibrato),0.02,0.0123,0.00,0.0000,0.0000,0.0123,0.00,0.0000,0.0000
1,Base (non calibrato),0.05,0.0123,0.00,0.0000,0.0000,0.0123,0.00,0.0000,0.0000
1,Base (non calibrato),0.08,0.0123,0.00,0.0000,0.0000,0.0123,0.00,0.0000,0.0000
1,Base (non calibrato),0.10,0.0123,0.00,0.0000,0.0000,0.0123,0.00,0.0000,0.0000
1,Base (non calibrato),0.15,0.0123,0.00,0.0000,0.0000,0.0123,0.00,0.0000,0.0000
1,Base (non calibrato),0.20,0.0123,0.00,0.0000,0.0000,0.0123,0.00,0.0000,0.0000
1,Base (non calibrato),0.30,0.0123,0.00,0.0000,0.0000,0.0123,0.00,0.0000,0.0000
1,Base (non calibrato),0.40,0.0123,0.00,0.0000,0.0000,0.0123,0.00,0.0000,0.0000
1,Base (non calibrato),0.50,0.0123,0.00,0.0000,0.0000,0.0123,0.00,0.0000,0.0000
1,Temp Scaling,0.02,0.0001,0.00,0.0000,0.0000,0.0001,0.00,0.0000,0.0000
1,Temp Scaling,0.05,0.0001,0.00,0.0000,0.0000,0.0001,0.00,0.0000,0.0000
1,Temp Scaling,0.08,0.0001,0.00,0.0000,0.0000,0.0001,0.00,0.0000,0.0000
1,Temp Scaling,0.10,0.0001,0.00,0.0000,0.0000,0.0001,0.00,0.0000,0.0000
1,Temp Scaling,0.15,0.0001,0.00,0.0000,0.0000,0.0001,0.00,0.0000,0.0000
1,Temp Scaling,0.20,0.0001,0.00,0.0000,0.0000,0.0001,0.00,0.0000,0.0000
1,Temp Scaling,0.30,0.0001,0.00,0.0000,0.0000,0.0001,0.00,0.0000,0.0000
1,Temp Scaling,0.40,0.0001,0.00,0.0000,0.0000,0.0001,0.00,0.0000,0.0000
1,Temp Scaling,0.50,0.0001,0.00,0.0000,0.0000,0.0001,0.00,0.0000,0.0000
1,Matrix Scaling,0.02,0.0032,0.00,0.0000,0.0000,0.0032,0.00,0.0000,0.0000
1,Matrix Scaling,0.05,0.0032,0.00,0.0000,0.0000,0.0032,0.00,0.0000,0.0000
1,Matrix Scaling,0.08,0.0032,0.00,0.0000,0.0000,0.0032,0.00,0.0000,0.0000
1,Matrix Scaling,0.10,0.0032,0.00,0.0000,0.0000,0.0032,0.00,0.0000,0.0000
1,Matrix Scaling,0.15,0.0032,0.00,0.0000,0.0000,0.0032,0.00,0.0000,0.0000
1,Matrix Scaling,0.20,0.0032,0.00,0.0000,0.0000,0.0032,0.00,0.0000,0.0000
1,Matrix Scaling,0.30,0.0032,0.00,0.0000,0.0000,0.0032,0.00,0.0000,0.0000
1,Matrix Scaling,0.40,0.0032,0.00,0.0000,0.0000,0.0032,0.00,0.0000,0.0000
1,Matrix Scaling,0.50,0.0032,0.00,0.0000,0.0000,0.0032,0.00,0.0000,0.0000
1,Focal Loss γ=1.0,0.02,0.3131,262144.00,1.0000,0.0000,0.3131,262144.00,1.0000,0.0000
1,Focal Loss γ=1.0,0.05,0.3131,262144.00,1.0000,0.0000,0.3131,262144.00,1.0000,0.0000
1,Focal Loss γ=1.0,0.08,0.3131,262144.00,1.0000,0.0000,0.3131,262144.00,1.0000,0.0000
1,Focal Loss γ=1.0,0.10,0.3131,262144.00,1.0000,0.0000,0.3131,262144.00,1.0000,0.0000
1,Focal Loss γ=1.0,0.15,0.3131,262144.00,1.0000,0.0000,0.3131,262144.00,1.0000,0.0000
1,Focal Loss γ=1.0,0.20,0.3131,262144.00,1.0000,0.0000,0.3131,262144.00,1.0000,0.0000
1,Focal Loss γ=1.0,0.30,0.3131,262144.00,1.0000,0.0000,0.3131,262144.00,1.0000,0.0000
1,Focal Loss γ=1.0,0.40,0.3131,0.00,0.0000,0.0000,0.3131,0.00,0.0000,0.0000
1,Focal Loss γ=1.0,0.50,0.3131,0.00,0.0000,0.0000,0.3131,0.00,0.0000,0.0000
1,Focal Loss γ=2.0,0.02,0.0568,262144.00,1.0000,0.0000,0.0567,262144.00,1.0000,0.0000
1,Focal Loss γ=2.0,0.05,0.0568,262144.00,1.0000,0.0000,0.0567,262144.00,1.0000,0.0000
1,Focal Loss γ=2.0,0.08,0.0568,0.00,0.0000,0.0000,0.0567,0.00,0.0000,0.0000
1,Focal Loss γ=2.0,0.10,0.0568,0.00,0.0000,0.0000,0.0567,0.00,0.0000,0.0000
1,Focal Loss γ=2.0,0.15,0.0568,0.00,0.0000,0.0000,0.0567,0.00,0.0000,0.0000
1,Focal Loss γ=2.0,0.20,0.0568,0.00,0.0000,0.0000,0.0567,0.00,0.0000,0.0000
1,Focal Loss γ=2.0,0.30,0.0568,0.00,0.0000,0.0000,0.0567,0.00,0.0000,0.0000
1,Focal Loss γ=2.0,0.40,0.0568,0.00,0.0000,0.0000,0.0567,0.00,0.0000,0.0000
1,Focal Loss γ=2.0,0.50,0.0568,0.00,0.0000,0.0000,0.0567,0.00,0.0000,0.0000
1,Focal + Temp Scaling,0.02,0.0024,0.00,0.0000,0.0000,0.0024,0.00,0.0000,0.0000
1,Focal + Temp Scaling,0.05,0.0024,0.00,0.0000,0.0000,0.0024,0.00,0.0000,0.0000
1,Focal + Temp Scaling,0.08,0.0024,0.00,0.0000,0.0000,0.0024,0.00,0.0000,0.0000
1,Focal + Temp Scaling,0.10,0.0024,0.00,0.0000,0.0000,0.0024,0.00,0.0000,0.0000
1,Focal + Temp Scaling,0.15,0.0024,0.00,0.0000,0.0000,0.0024,0.00,0.0000,0.0000
1,Focal + Temp Scaling,0.20,0.0024,0.00,0.0000,0.0000,0.0024,0.00,0.0000,0.0000
1,Focal + Temp Scaling,0.30,0.0024,0.00,0.0000,0.0000,0.0024,0.00,0.0000,0.0000
1,Focal + Temp Scaling,0.40,0.0024,0.00,0.0000,0.0000,0.0024,0.00,0.0000,0.0000
1,Focal + Temp Scaling,0.50,0.0024,0.00,0.0000,0.0000,0.0024,0.00,0.0000,0.0000
1,Focal + Matrix Scaling,0.02,0.0079,0.00,0.0000,0.0000,0.0079,0.00,0.0000,0.0000
1,Focal + Matrix Scaling,0.05,0.0079,0.00,0.0000,0.0000,0.0079,0.00,0.0000,0.0000
1,Focal + Matrix Scaling,0.08,0.0079,0.00,0.0000,0.0000,0.0079,0.00,0.0000,0.0000
1,Focal + Matrix Scaling,0.10,0.0079,0.00,0.0000,0.0000,0.0079,0.00,0.0000,0.0000
1,Focal + Matrix Scaling,0.15,0.0079,0.00,0.0000,0.0000,0.0079,0.00,0.0000,0.0000
1,Focal + Matrix Scaling,0.20,0.0079,0.00,0.0000,0.0000,0.0079,0.00,0.0000,0.0000
1,Focal + Matrix Scaling,0.30,0.0079,0.00,0.0000,0.0000,0.0079,0.00,0.0000,0.0000
1,Focal + Matrix Scaling,0.40,0.0079,0.00,0.0000,0.0000,0.0079,0.00,0.0000,0.0000
1,Focal + Matrix Scaling,0.50,0.0079,0.00,0.0000,0.0000,0.0079,0.00,0.0000,0.0000
10,Base (non calibrato),0.02,0.0235,260960.00,1.0000,0.0000,0.0236,260960.00,1.0000,0.0000
10,Base (non calibrato),0.05,0.0235,1184.00,0.0000,1.0000,0.0236,1184.00,0.0000,1.0000
10,Base (non calibrato),0.08,0.0235,1184.00,0.0000,1.0000,0.0236,1184.00,0.0000,1.0000
10,Base (non calibrato),0.10,0.0235,1184.00,0.0000,1.0000,0.0236,1184.00,0.0000,1.0000
10,Base (non calibrato),0.15,0.0235,1184.00,0.0000,1.0000,0.0236,1184.00,0.0000,1.0000
10,Base (non calibrato),0.20,0.0235,1184.00,0.0000,1.0000,0.0236,1184.00,0.0000,1.0000
10,Base (non calibrato),0.30,0.0235,1184.00,0.0000,1.0000,0.0236,1184.00,0.0000,1.0000
10,Base (non calibrato),0.40,0.0235,1184.00,0.0000,1.0000,0.0236,1184.00,0.0000,1.0000
10,Base (non calibrato),0.50,0.0235,1184.00,0.0000,1.0000,0.0236,1184.00,0.0000,1.0000
10,Temp Scaling,0.02,0.0009,1184.00,0.0000,1.0000,0.0014,1184.00,0.0000,1.0000
10,Temp Scaling,0.05,0.0009,1184.00,0.0000,1.0000,0.0014,1184.00,0.0000,1.0000
10,Temp Scaling,0.08,0.0009,1184.00,0.0000,1.0000,0.0014,1184.00,0.0000,1.0000
10,Temp Scaling,0.10,0.0009,1184.00,0.0000,1.0000,0.0014,1184.00,0.0000,1.0000
10,Temp Scaling,0.15,0.0009,1184.00,0.0000,1.0000,0.0014,1184.00,0.0000,1.0000
10,Temp Scaling,0.20,0.0009,1184.00,0.0000,1.0000,0.0014,1184.00,0.0000,1.0000
10,Temp Scaling,0.30,0.0009,1184.00,0.0000,1.0000,0.0014,1184.00,0.0000,1.0000
10,Temp Scaling,0.40,0.0009,1184.00,0.0000,1.0000,0.0014,1184.00,0.0000,1.0000
10,Temp Scaling,0.50,0.0009,1184.00,0.0000,1.0000,0.0014,1184.00,0.0000,1.0000
10,Matrix Scaling,0.02,0.0088,64893.00,0.2484,0.0617,0.0094,64893.00,0.2484,0.0617
10,Matrix Scaling,0.05,0.0088,1184.00,0.0000,1.0000,0.0092,1184.00,0.0000,1.0000
10,Matrix Scaling,0.08,0.0088,1184.00,0.0000,1.0000,0.0092,1184.00,0.0000,1.0000
10,Matrix Scaling,0.10,0.0088,1184.00,0.0000,1.0000,0.0092,1184.00,0.0000,1.0000
10,Matrix Scaling,0.15,0.0088,1184.00,0.0000,1.0000,0.0092,1184.00,0.0000,1.0000
10,Matrix Scaling,0.20,0.0088,1184.00,0.0000,1.0000,0.0092,1184.00,0.0000,1.0000
10,Matrix Scaling,0.30,0.0088,1184.00,0.0000,1.0000,0.0092,1184.00,0.0000,1.0000
10,Matrix Scaling,0.40,0.0088,1184.00,0.0000,1.0000,0.0092,1184.00,0.0000,1.0000
10,Matrix Scaling,0.50,0.0088,1184.00,0.0000,1.0000,0.0092,1184.00,0.0000,1.0000
10,Focal Loss γ=1.0,0.02,0.3037,260960.00,1.0000,0.0000,0.3024,260960.00,1.0000,0.0000
10,Focal Loss γ=1.0,0.05,0.3037,260960.00,1.0000,0.0000,0.3024,260960.00,1.0000,0.0000
10,Focal Loss γ=1.0,0.08,0.3037,260960.00,1.0000,0.0000,0.3024,260960.00,1.0000,0.0000
10,Focal Loss γ=1.0,0.10,0.3037,260960.00,1.0000,0.0000,0.3024,260960.00,1.0000,0.0000
10,Focal Loss γ=1.0,0.15,0.3037,260960.00,1.0000,0.0000,0.3024,260960.00,1.0000,0.0000
10,Focal Loss γ=1.0,0.20,0.3037,260960.00,1.0000,0.0000,0.3024,260960.00,1.0000,0.0000
10,Focal Loss γ=1.0,0.30,0.3037,260960.00,1.0000,0.0000,0.3024,260960.00,1.0000,0.0000
10,Focal Loss γ=1.0,0.40,0.3037,1184.00,0.0000,1.0000,0.3024,1184.00,0.0000,1.0000
10,Focal Loss γ=1.0,0.50,0.3037,1184.00,0.0000,1.0000,0.3024,1184.00,0.0000,1.0000
10,Focal Loss γ=2.0,0.02,0.0523,260960.00,1.0000,0.0000,0.0537,260960.00,1.0000,0.0000
10,Focal Loss γ=2.0,0.05,0.0523,178980.00,0.6856,0.0617,0.0514,178980.00,0.6856,0.0617
10,Focal Loss γ=2.0,0.08,0.0523,34634.00,0.1310,0.3843,0.0573,34634.00,0.1310,0.3843
10,Focal Loss γ=2.0,0.10,0.0523,1184.00,0.0000,1.0000,0.0537,1184.00,0.0000,1.0000
10,Focal Loss γ=2.0,0.15,0.0523,1184.00,0.0000,1.0000,0.0537,1184.00,0.0000,1.0000
10,Focal Loss γ=2.0,0.20,0.0523,1184.00,0.0000,1.0000,0.0537,1184.00,0.0000,1.0000
10,Focal Loss γ=2.0,0.30,0.0523,1184.00,0.0000,1.0000,0.0537,1184.00,0.0000,1.0000
10,Focal Loss γ=2.0,0.40,0.0523,1184.00,0.0000,1.0000,0.0537,1184.00,0.0000,1.0000
10,Focal Loss γ=2.0,0.50,0.0523,1184.00,0.0000,1.0000,0.0537,1184.00,0.0000,1.0000
10,Focal + Temp Scaling,0.02,0.0024,34634.00,0.1310,0.3843,0.0037,34634.00,0.1310,0.3843
10,Focal + Temp Scaling,0.05,0.0024,1184.00,0.0000,1.0000,0.0027,1184.00,0.0000,1.0000
10,Focal + Temp Scaling,0.08,0.0024,1184.00,0.0000,1.0000,0.0027,1184.00,0.0000,1.0000
10,Focal + Temp Scaling,0.10,0.0024,1184.00,0.0000,1.0000,0.0027,1184.00,0.0000,1.0000
10,Focal + Temp Scaling,0.15,0.0024,1184.00,0.0000,1.0000,0.0027,1184.00,0.0000,1.0000
10,Focal + Temp Scaling,0.20,0.0024,1184.00,0.0000,1.0000,0.0027,1184.00,0.0000,1.0000
10,Focal + Temp Scaling,0.30,0.0024,1184.00,0.0000,1.0000,0.0027,1184.00,0.0000,1.0000
10,Focal + Temp Scaling,0.40,0.0024,1184.00,0.0000,1.0000,0.0027,1184.00,0.0000,1.0000
10,Focal + Temp Scaling,0.50,0.0024,1184.00,0.0000,1.0000,0.0027,1184.00,0.0000,1.0000
10,Focal + Matrix Scaling,0.02,0.0076,64893.00,0.2484,0.0617,0.0088,64893.00,0.2484,0.0617
10,Focal + Matrix Scaling,0.05,0.0076,1184.00,0.0000,1.0000,0.0082,1184.00,0.0000,1.0000
10,Focal + Matrix Scaling,0.08,0.0076,1184.00,0.0000,1.0000,0.0082,1184.00,0.0000,1.0000
10,Focal + Matrix Scaling,0.10,0.0076,1184.00,0.0000,1.0000,0.0082,1184.00,0.0000,1.0000
10,Focal + Matrix Scaling,0.15,0.0076,1184.00,0.0000,1.0000,0.0082,1184.00,0.0000,1.0000
10,Focal + Matrix Scaling,0.20,0.0076,1184.00,0.0000,1.0000,0.0082,1184.00,0.0000,1.0000
10,Focal + Matrix Scaling,0.30,0.0076,1184.00,0.0000,1.0000,0.0082,1184.00,0.0000,1.0000
10,Focal + Matrix Scaling,0.40,0.0076,1184.00,0.0000,1.0000,0.0082,1184.00,0.0000,1.0000
10,Focal + Matrix Scaling,0.50,0.0076,1184.00,0.0000,1.0000,0.0082,1184.00,0.0000,1.0000
11,Base (non calibrato),0.02,0.0267,216669.00,0.8421,0.0000,0.0232,216669.00,0.8421,0.0000
11,Base (non calibrato),0.05,0.0267,51291.00,0.1960,0.1800,0.0283,51291.00,0.1960,0.1800
11,Base (non calibrato),0.08,0.0267,26110.00,0.0949,0.3480,0.0212,26110.00,0.0949,0.3480
11,Base (non calibrato),0.10,0.0267,26110.00,0.0949,0.3480,0.0212,26110.00,0.0949,0.3480
11,Base (non calibrato),0.15,0.0267,4839.00,0.0000,1.0000,0.0268,4839.00,0.0000,1.0000
11,Base (non calibrato),0.20,0.0267,4839.00,0.0000,1.0000,0.0268,4839.00,0.0000,1.0000
11,Base (non calibrato),0.30,0.0267,4839.00,0.0000,1.0000,0.0268,4839.00,0.0000,1.0000
11,Base (non calibrato),0.40,0.0267,4839.00,0.0000,1.0000,0.0268,4839.00,0.0000,1.0000
11,Base (non calibrato),0.50,0.0267,4839.00,0.0000,1.0000,0.0268,4839.00,0.0000,1.0000
11,Temp Scaling,0.02,0.0019,51291.00,0.1960,0.1800,0.0012,51291.00,0.1960,0.1800
11,Temp Scaling,0.05,0.0019,26110.00,0.0949,0.3480,0.0058,26110.00,0.0949,0.3480
11,Temp Scaling,0.08,0.0019,26110.00,0.0949,0.3480,0.0058,26110.00,0.0949,0.3480
11,Temp Scaling,0.10,0.0019,26110.00,0.0949,0.3480,0.0058,26110.00,0.0949,0.3480
11,Temp Scaling,0.15,0.0019,4839.00,0.0000,1.0000,0.0002,4839.00,0.0000,1.0000
11,Temp Scaling,0.20,0.0019,4839.00,0.0000,1.0000,0.0002,4839.00,0.0000,1.0000
11,Temp Scaling,0.30,0.0019,4839.00,0.0000,1.0000,0.0002,4839.00,0.0000,1.0000
11,Temp Scaling,0.40,0.0019,4839.00,0.0000,1.0000,0.0002,4839.00,0.0000,1.0000
11,Temp Scaling,0.50,0.0019,4839.00,0.0000,1.0000,0.0002,4839.00,0.0000,1.0000
11,Matrix Scaling,0.02,0.0078,101598.00,0.3938,0.0548,0.0076,101598.00,0.3938,0.0548
11,Matrix Scaling,0.05,0.0078,51291.00,0.1960,0.1800,0.0048,51291.00,0.1960,0.1800
11,Matrix Scaling,0.08,0.0078,26110.00,0.0949,0.3480,0.0048,26110.00,0.0949,0.3480
11,Matrix Scaling,0.10,0.0078,4839.00,0.0000,1.0000,0.0078,4839.00,0.0000,1.0000
11,Matrix Scaling,0.15,0.0078,4839.00,0.0000,1.0000,0.0078,4839.00,0.0000,1.0000
11,Matrix Scaling,0.20,0.0078,4839.00,0.0000,1.0000,0.0078,4839.00,0.0000,1.0000
11,Matrix Scaling,0.30,0.0078,4839.00,0.0000,1.0000,0.0078,4839.00,0.0000,1.0000
11,Matrix Scaling,0.40,0.0078,4839.00,0.0000,1.0000,0.0078,4839.00,0.0000,1.0000
11,Matrix Scaling,0.50,0.0078,4839.00,0.0000,1.0000,0.0078,4839.00,0.0000,1.0000
11,Focal Loss γ=1.0,0.02,0.2986,257305.00,1.0000,0.0000,0.2959,257305.00,1.0000,0.0000
11,Focal Loss γ=1.0,0.05,0.2986,257305.00,1.0000,0.0000,0.2959,257305.00,1.0000,0.0000
11,Focal Loss γ=1.0,0.08,0.2986,257305.00,1.0000,0.0000,0.2959,257305.00,1.0000,0.0000
11,Focal Loss γ=1.0,0.10,0.2986,257305.00,1.0000,0.0000,0.2959,257305.00,1.0000,0.0000
11,Focal Loss γ=1.0,0.15,0.2986,257305.00,1.0000,0.0000,0.2959,257305.00,1.0000,0.0000
11,Focal Loss γ=1.0,0.20,0.2986,257305.00,1.0000,0.0000,0.2959,257305.00,1.0000,0.0000
11,Focal Loss γ=1.0,0.30,0.2986,257305.00,1.0000,0.0000,0.2959,257305.00,1.0000,0.0000
11,Focal Loss γ=1.0,0.40,0.2986,4839.00,0.0000,1.0000,0.2959,4839.00,0.0000,1.0000
11,Focal Loss γ=1.0,0.50,0.2986,4839.00,0.0000,1.0000,0.2959,4839.00,0.0000,1.0000
11,Focal Loss γ=2.0,0.02,0.0668,257305.00,1.0000,0.0000,0.0675,257305.00,1.0000,0.0000
11,Focal Loss γ=2.0,0.05,0.0668,257305.00,1.0000,0.0000,0.0675,257305.00,1.0000,0.0000
11,Focal Loss γ=2.0,0.08,0.0668,70746.00,0.2733,0.0897,0.0720,70746.00,0.2733,0.0897
11,Focal Loss γ=2.0,0.10,0.0668,51291.00,0.1960,0.1800,0.0745,51291.00,0.1960,0.1800
11,Focal Loss γ=2.0,0.15,0.0668,26110.00,0.0949,0.3480,0.0722,26110.00,0.0949,0.3480
11,Focal Loss γ=2.0,0.20,0.0668,4839.00,0.0000,1.0000,0.0675,4839.00,0.0000,1.0000
11,Focal Loss γ=2.0,0.30,0.0668,4839.00,0.0000,1.0000,0.0675,4839.00,0.0000,1.0000
11,Focal Loss γ=2.0,0.40,0.0668,4839.00,0.0000,1.0000,0.0675,4839.00,0.0000,1.0000
11,Focal Loss γ=2.0,0.50,0.0668,4839.00,0.0000,1.0000,0.0675,4839.00,0.0000,1.0000
11,Focal + Temp Scaling,0.02,0.0078,70746.00,0.2733,0.0897,0.0129,70746.00,0.2733,0.0897
11,Focal + Temp Scaling,0.05,0.0078,51291.00,0.1960,0.1800,0.0157,51291.00,0.1960,0.1800
11,Focal + Temp Scaling,0.08,0.0078,26110.00,0.0949,0.3480,0.0150,26110.00,0.0949,0.3480
11,Focal + Temp Scaling,0.10,0.0078,26110.00,0.0949,0.3480,0.0150,26110.00,0.0949,0.3480
11,Focal + Temp Scaling,0.15,0.0078,4839.00,0.0000,1.0000,0.0087,4839.00,0.0000,1.0000
11,Focal + Temp Scaling,0.20,0.0078,4839.00,0.0000,1.0000,0.0087,4839.00,0.0000,1.0000
11,Focal + Temp Scaling,0.30,0.0078,4839.00,0.0000,1.0000,0.0087,4839.00,0.0000,1.0000
11,Focal + Temp Scaling,0.40,0.0078,4839.00,0.0000,1.0000,0.0087,4839.00,0.0000,1.0000
11,Focal + Temp Scaling,0.50,0.0078,4839.00,0.0000,1.0000,0.0087,4839.00,0.0000,1.0000
11,Focal + Matrix Scaling,0.02,0.0057,101598.00,0.3938,0.0548,0.0043,101598.00,0.3938,0.0548
11,Focal + Matrix Scaling,0.05,0.0057,26110.00,0.0949,0.3480,0.0134,26110.00,0.0949,0.3480
11,Focal + Matrix Scaling,0.08,0.0057,4839.00,0.0000,1.0000,0.0052,4839.00,0.0000,1.0000
11,Focal + Matrix Scaling,0.10,0.0057,4839.00,0.0000,1.0000,0.0052,4839.00,0.0000,1.0000
11,Focal + Matrix Scaling,0.15,0.0057,4839.00,0.0000,1.0000,0.0052,4839.00,0.0000,1.0000
11,Focal + Matrix Scaling,0.20,0.0057,4839.00,0.0000,1.0000,0.0052,4839.00,0.0000,1.0000
11,Focal + Matrix Scaling,0.30,0.0057,4839.00,0.0000,1.0000,0.0052,4839.00,0.0000,1.0000
11,Focal + Matrix Scaling,0.40,0.0057,4839.00,0.0000,1.0000,0.0052,4839.00,0.0000,1.0000
11,Focal + Matrix Scaling,0.50,0.0057,4839.00,0.0000,1.0000,0.0052,4839.00,0.0000,1.0000
12,Base (non calibrato),0.02,0.0267,96873.00,0.3948,0.0007,0.0302,96873.00,0.3948,0.0007
12,Base (non calibrato),0.05,0.0267,88460.00,0.3595,0.0166,0.0319,88460.00,0.3595,0.0166
12,Base (non calibrato),0.08,0.0267,88460.00,0.3595,0.0166,0.0319,88460.00,0.3595,0.0166
12,Base (non calibrato),0.10,0.0267,88460.00,0.3595,0.0166,0.0319,88460.00,0.3595,0.0166
12,Base (non calibrato),0.15,0.0267,32581.00,0.1166,0.2360,0.0347,32581.00,0.1166,0.2360
12,Base (non calibrato),0.20,0.0267,32581.00,0.1166,0.2360,0.0347,32581.00,0.1166,0.2360
12,Base (non calibrato),0.30,0.0267,32581.00,0.1166,0.2360,0.0347,32581.00,0.1166,0.2360
12,Base (non calibrato),0.40,0.0267,16832.00,0.0000,1.0000,0.0277,16832.00,0.0000,1.0000
12,Base (non calibrato),0.50,0.0267,16832.00,0.0000,1.0000,0.0277,16832.00,0.0000,1.0000
12,Temp Scaling,0.02,0.0137,88460.00,0.3595,0.0166,0.0202,88460.00,0.3595,0.0166
12,Temp Scaling,0.05,0.0137,88460.00,0.3595,0.0166,0.0202,88460.00,0.3595,0.0166
12,Temp Scaling,0.08,0.0137,62066.00,0.2468,0.0908,0.0227,62066.00,0.2468,0.0908
12,Temp Scaling,0.10,0.0137,48455.00,0.1865,0.1610,0.0286,48455.00,0.1865,0.1610
12,Temp Scaling,0.15,0.0137,32581.00,0.1166,0.2360,0.0337,32581.00,0.1166,0.2360
12,Temp Scaling,0.20,0.0137,32581.00,0.1166,0.2360,0.0337,32581.00,0.1166,0.2360
12,Temp Scaling,0.30,0.0137,32581.00,0.1166,0.2360,0.0337,32581.00,0.1166,0.2360
12,Temp Scaling,0.40,0.0137,23222.00,0.0469,0.6957,0.0555,23222.00,0.0469,0.6957
12,Temp Scaling,0.50,0.0137,16832.00,0.0000,1.0000,0.0152,16832.00,0.0000,1.0000
12,Matrix Scaling,0.02,0.0045,88460.00,0.3595,0.0166,0.0019,88460.00,0.3595,0.0166
12,Matrix Scaling,0.05,0.0045,88460.00,0.3595,0.0166,0.0019,88460.00,0.3595,0.0166
12,Matrix Scaling,0.08,0.0045,46192.00,0.1769,0.1658,0.0083,46192.00,0.1769,0.1658
12,Matrix Scaling,0.10,0.0045,32581.00,0.1166,0.2360,0.0086,32581.00,0.1166,0.2360
12,Matrix Scaling,0.15,0.0045,32581.00,0.1166,0.2360,0.0086,32581.00,0.1166,0.2360
12,Matrix Scaling,0.20,0.0045,32581.00,0.1166,0.2360,0.0086,32581.00,0.1166,0.2360
12,Matrix Scaling,0.30,0.0045,23222.00,0.0469,0.6957,0.0047,23222.00,0.0469,0.6957
12,Matrix Scaling,0.40,0.0045,16832.00,0.0000,1.0000,0.0019,16832.00,0.0000,1.0000
12,Matrix Scaling,0.50,0.0045,16832.00,0.0000,1.0000,0.0019,16832.00,0.0000,1.0000
12,Focal Loss γ=1.0,0.02,0.2638,245312.00,1.0000,0.0000,0.2596,245312.00,1.0000,0.0000
12,Focal Loss γ=1.0,0.05,0.2638,245312.00,1.0000,0.0000,0.2596,245312.00,1.0000,0.0000
12,Focal Loss γ=1.0,0.08,0.2638,245312.00,1.0000,0.0000,0.2596,245312.00,1.0000,0.0000
12,Focal Loss γ=1.0,0.10,0.2638,245312.00,1.0000,0.0000,0.2596,245312.00,1.0000,0.0000
12,Focal Loss γ=1.0,0.15,0.2638,245312.00,1.0000,0.0000,0.2596,245312.00,1.0000,0.0000
12,Focal Loss γ=1.0,0.20,0.2638,245312.00,1.0000,0.0000,0.2596,245312.00,1.0000,0.0000
12,Focal Loss γ=1.0,0.30,0.2638,245312.00,1.0000,0.0000,0.2596,245312.00,1.0000,0.0000
12,Focal Loss γ=1.0,0.40,0.2638,16832.00,0.0000,1.0000,0.2596,16832.00,0.0000,1.0000
12,Focal Loss γ=1.0,0.50,0.2638,16832.00,0.0000,1.0000,0.2596,16832.00,0.0000,1.0000
12,Focal Loss γ=2.0,0.02,0.0749,245312.00,1.0000,0.0000,0.0733,245312.00,1.0000,0.0000
12,Focal Loss γ=2.0,0.05,0.0749,245312.00,1.0000,0.0000,0.0733,245312.00,1.0000,0.0000
12,Focal Loss γ=2.0,0.08,0.0749,96873.00,0.3948,0.0007,0.0755,96873.00,0.3948,0.0007
12,Focal Loss γ=2.0,0.10,0.0749,96873.00,0.3948,0.0007,0.0755,96873.00,0.3948,0.0007
12,Focal Loss γ=2.0,0.15,0.0749,88460.00,0.3595,0.0166,0.0762,88460.00,0.3595,0.0166
12,Focal Loss γ=2.0,0.20,0.0749,32581.00,0.1166,0.2360,0.0698,32581.00,0.1166,0.2360
12,Focal Loss γ=2.0,0.30,0.0749,32581.00,0.1166,0.2360,0.0698,32581.00,0.1166,0.2360
12,Focal Loss γ=2.0,0.40,0.0749,23222.00,0.0469,0.6957,0.1038,23222.00,0.0469,0.6957
12,Focal Loss γ=2.0,0.50,0.0749,16832.00,0.0000,1.0000,0.0733,16832.00,0.0000,1.0000
12,Focal + Temp Scaling,0.02,0.0209,96873.00,0.3948,0.0007,0.0239,96873.00,0.3948,0.0007
12,Focal + Temp Scaling,0.05,0.0209,88460.00,0.3595,0.0166,0.0255,88460.00,0.3595,0.0166
12,Focal + Temp Scaling,0.08,0.0209,88460.00,0.3595,0.0166,0.0255,88460.00,0.3595,0.0166
12,Focal + Temp Scaling,0.10,0.0209,48455.00,0.1865,0.1610,0.0346,48455.00,0.1865,0.1610
12,Focal + Temp Scaling,0.15,0.0209,32581.00,0.1166,0.2360,0.0360,32581.00,0.1166,0.2360
12,Focal + Temp Scaling,0.20,0.0209,32581.00,0.1166,0.2360,0.0360,32581.00,0.1166,0.2360
12,Focal + Temp Scaling,0.30,0.0209,32581.00,0.1166,0.2360,0.0360,32581.00,0.1166,0.2360
12,Focal + Temp Scaling,0.40,0.0209,23222.00,0.0469,0.6957,0.0701,23222.00,0.0469,0.6957
12,Focal + Temp Scaling,0.50,0.0209,16832.00,0.0000,1.0000,0.0211,16832.00,0.0000,1.0000
12,Focal + Matrix Scaling,0.02,0.0208,96873.00,0.3948,0.0007,0.0255,96873.00,0.3948,0.0007
12,Focal + Matrix Scaling,0.05,0.0208,62066.00,0.2468,0.0908,0.0295,62066.00,0.2468,0.0908
12,Focal + Matrix Scaling,0.08,0.0208,32581.00,0.1166,0.2360,0.0614,32581.00,0.1166,0.2360
12,Focal + Matrix Scaling,0.10,0.0208,32581.00,0.1166,0.2360,0.0614,32581.00,0.1166,0.2360
12,Focal + Matrix Scaling,0.15,0.0208,32581.00,0.1166,0.2360,0.0614,32581.00,0.1166,0.2360
12,Focal + Matrix Scaling,0.20,0.0208,23222.00,0.0469,0.6957,0.0555,23222.00,0.0469,0.6957
12,Focal + Matrix Scaling,0.30,0.0208,16832.00,0.0000,1.0000,0.0140,16832.00,0.0000,1.0000
12,Focal + Matrix Scaling,0.40,0.0208,16832.00,0.0000,1.0000,0.0140,16832.00,0.0000,1.0000
12,Focal + Matrix Scaling,0.50,0.0208,16832.00,0.0000,1.0000,0.0140,16832.00,0.0000,1.0000
13,Base (non calibrato),0.02,0.0109,53924.00,0.2063,0.1559,0.0099,53924.00,0.2063,0.1559
13,Base (non calibrato),0.05,0.0109,22571.00,0.0835,0.3071,0.0063,22571.00,0.0835,0.3071
13,Base (non calibrato),0.08,0.0109,22571.00,0.0835,0.3071,0.0063,22571.00,0.0835,0.3071
13,Base (non calibrato),0.10,0.0109,3022.00,0.0000,1.0000,0.0106,3022.00,0.0000,1.0000
13,Base (non calibrato),0.15,0.0109,3022.00,0.0000,1.0000,0.0106,3022.00,0.0000,1.0000
13,Base (non calibrato),0.20,0.0109,3022.00,0.0000,1.0000,0.0106,3022.00,0.0000,1.0000
13,Base (non calibrato),0.30,0.0109,3022.00,0.0000,1.0000,0.0106,3022.00,0.0000,1.0000
13,Base (non calibrato),0.40,0.0109,3022.00,0.0000,1.0000,0.0106,3022.00,0.0000,1.0000
13,Base (non calibrato),0.50,0.0109,3022.00,0.0000,1.0000,0.0106,3022.00,0.0000,1.0000
13,Temp Scaling,0.02,0.0028,22571.00,0.0835,0.3071,0.0082,22571.00,0.0835,0.3071
13,Temp Scaling,0.05,0.0028,22571.00,0.0835,0.3071,0.0082,22571.00,0.0835,0.3071
13,Temp Scaling,0.08,0.0028,3022.00,0.0000,1.0000,0.0030,3022.00,0.0000,1.0000
13,Temp Scaling,0.10,0.0028,3022.00,0.0000,1.0000,0.0030,3022.00,0.0000,1.0000
13,Temp Scaling,0.15,0.0028,3022.00,0.0000,1.0000,0.0030,3022.00,0.0000,1.0000
13,Temp Scaling,0.20,0.0028,3022.00,0.0000,1.0000,0.0030,3022.00,0.0000,1.0000
13,Temp Scaling,0.30,0.0028,3022.00,0.0000,1.0000,0.0030,3022.00,0.0000,1.0000
13,Temp Scaling,0.40,0.0028,3022.00,0.0000,1.0000,0.0030,3022.00,0.0000,1.0000
13,Temp Scaling,0.50,0.0028,3022.00,0.0000,1.0000,0.0030,3022.00,0.0000,1.0000
13,Matrix Scaling,0.02,0.0009,22571.00,0.0835,0.3071,0.0130,22571.00,0.0835,0.3071
13,Matrix Scaling,0.05,0.0009,22571.00,0.0835,0.3071,0.0130,22571.00,0.0835,0.3071
13,Matrix Scaling,0.08,0.0009,3022.00,0.0000,1.0000,0.0016,3022.00,0.0000,1.0000
13,Matrix Scaling,0.10,0.0009,3022.00,0.0000,1.0000,0.0016,3022.00,0.0000,1.0000
13,Matrix Scaling,0.15,0.0009,3022.00,0.0000,1.0000,0.0016,3022.00,0.0000,1.0000
13,Matrix Scaling,0.20,0.0009,3022.00,0.0000,1.0000,0.0016,3022.00,0.0000,1.0000
13,Matrix Scaling,0.30,0.0009,3022.00,0.0000,1.0000,0.0016,3022.00,0.0000,1.0000
13,Matrix Scaling,0.40,0.0009,3022.00,0.0000,1.0000,0.0016,3022.00,0.0000,1.0000
13,Matrix Scaling,0.50,0.0009,3022.00,0.0000,1.0000,0.0016,3022.00,0.0000,1.0000
13,Focal Loss γ=1.0,0.02,0.3124,259122.00,1.0000,0.0000,0.3101,259122.00,1.0000,0.0000
13,Focal Loss γ=1.0,0.05,0.3124,259122.00,1.0000,0.0000,0.3101,259122.00,1.0000,0.0000
13,Focal Loss γ=1.0,0.08,0.3124,259122.00,1.0000,0.0000,0.3101,259122.00,1.0000,0.0000
13,Focal Loss γ=1.0,0.10,0.3124,259122.00,1.0000,0.0000,0.3101,259122.00,1.0000,0.0000
13,Focal Loss γ=1.0,0.15,0.3124,259122.00,1.0000,0.0000,0.3101,259122.00,1.0000,0.0000
13,Focal Loss γ=1.0,0.20,0.3124,259122.00,1.0000,0.0000,0.3101,259122.00,1.0000,0.0000
13,Focal Loss γ=1.0,0.30,0.3124,259122.00,1.0000,0.0000,0.3101,259122.00,1.0000,0.0000
13,Focal Loss γ=1.0,0.40,0.3124,3022.00,0.0000,1.0000,0.3101,3022.00,0.0000,1.0000
13,Focal Loss γ=1.0,0.50,0.3124,3022.00,0.0000,1.0000,0.3101,3022.00,0.0000,1.0000
13,Focal Loss γ=2.0,0.02,0.0644,259122.00,1.0000,0.0000,0.0634,259122.00,1.0000,0.0000
13,Focal Loss γ=2.0,0.05,0.0644,259122.00,1.0000,0.0000,0.0634,259122.00,1.0000,0.0000
13,Focal Loss γ=2.0,0.08,0.0644,96682.00,0.3730,0.0089,0.0662,96682.00,0.3730,0.0089
13,Focal Loss γ=2.0,0.10,0.0644,33208.00,0.1252,0.2574,0.0648,33208.00,0.1252,0.2574
13,Focal Loss γ=2.0,0.15,0.0644,3022.00,0.0000,1.0000,0.0634,3022.00,0.0000,1.0000
13,Focal Loss γ=2.0,0.20,0.0644,3022.00,0.0000,1.0000,0.0634,3022.00,0.0000,1.0000
13,Focal Loss γ=2.0,0.30,0.0644,3022.00,0.0000,1.0000,0.0634,3022.00,0.0000,1.0000
13,Focal Loss γ=2.0,0.40,0.0644,3022.00,0.0000,1.0000,0.0634,3022.00,0.0000,1.0000
13,Focal Loss γ=2.0,0.50,0.0644,3022.00,0.0000,1.0000,0.0634,3022.00,0.0000,1.0000
13,Focal + Temp Scaling,0.02,0.0021,53924.00,0.2063,0.1559,0.0013,53924.00,0.2063,0.1559
13,Focal + Temp Scaling,0.05,0.0021,22571.00,0.0835,0.3071,0.0038,22571.00,0.0835,0.3071
13,Focal + Temp Scaling,0.08,0.0021,3022.00,0.0000,1.0000,0.0016,3022.00,0.0000,1.0000
13,Focal + Temp Scaling,0.10,0.0021,3022.00,0.0000,1.0000,0.0016,3022.00,0.0000,1.0000
13,Focal + Temp Scaling,0.15,0.0021,3022.00,0.0000,1.0000,0.0016,3022.00,0.0000,1.0000
13,Focal + Temp Scaling,0.20,0.0021,3022.00,0.0000,1.0000,0.0016,3022.00,0.0000,1.0000
13,Focal + Temp Scaling,0.30,0.0021,3022.00,0.0000,1.0000,0.0016,3022.00,0.0000,1.0000
13,Focal + Temp Scaling,0.40,0.0021,3022.00,0.0000,1.0000,0.0016,3022.00,0.0000,1.0000
13,Focal + Temp Scaling,0.50,0.0021,3022.00,0.0000,1.0000,0.0016,3022.00,0.0000,1.0000
13,Focal + Matrix Scaling,0.02,0.0033,33208.00,0.1252,0.2574,0.0116,33208.00,0.1252,0.2574
13,Focal + Matrix Scaling,0.05,0.0033,3022.00,0.0000,1.0000,0.0017,3022.00,0.0000,1.0000
13,Focal + Matrix Scaling,0.08,0.0033,3022.00,0.0000,1.0000,0.0017,3022.00,0.0000,1.0000
13,Focal + Matrix Scaling,0.10,0.0033,3022.00,0.0000,1.0000,0.0017,3022.00,0.0000,1.0000
13,Focal + Matrix Scaling,0.15,0.0033,3022.00,0.0000,1.0000,0.0017,3022.00,0.0000,1.0000
13,Focal + Matrix Scaling,0.20,0.0033,3022.00,0.0000,1.0000,0.0017,3022.00,0.0000,1.0000
13,Focal + Matrix Scaling,0.30,0.0033,3022.00,0.0000,1.0000,0.0017,3022.00,0.0000,1.0000
13,Focal + Matrix Scaling,0.40,0.0033,3022.00,0.0000,1.0000,0.0017,3022.00,0.0000,1.0000
13,Focal + Matrix Scaling,0.50,0.0033,3022.00,0.0000,1.0000,0.0017,3022.00,0.0000,1.0000
14,Base (non calibrato),0.02,0.0252,241499.00,0.9320,0.0000,0.0202,241499.00,0.9320,0.0000
14,Base (non calibrato),0.05,0.0252,33075.00,0.1195,0.6987,0.0266,33075.00,0.1195,0.6987
14,Base (non calibrato),0.08,0.0252,3014.00,0.0000,1.0000,0.0255,3014.00,0.0000,1.0000
14,Base (non calibrato),0.10,0.0252,3014.00,0.0000,1.0000,0.0255,3014.00,0.0000,1.0000
14,Base (non calibrato),0.15,0.0252,3014.00,0.0000,1.0000,0.0255,3014.00,0.0000,1.0000
14,Base (non calibrato),0.20,0.0252,3014.00,0.0000,1.0000,0.0255,3014.00,0.0000,1.0000
14,Base (non calibrato),0.30,0.0252,3014.00,0.0000,1.0000,0.0255,3014.00,0.0000,1.0000
14,Base (non calibrato),0.40,0.0252,3014.00,0.0000,1.0000,0.0255,3014.00,0.0000,1.0000
14,Base (non calibrato),0.50,0.0252,3014.00,0.0000,1.0000,0.0255,3014.00,0.0000,1.0000
14,Temp Scaling,0.02,0.0036,13733.00,0.0428,0.8772,0.0027,13733.00,0.0428,0.8772
14,Temp Scaling,0.05,0.0036,3014.00,0.0000,1.0000,0.0040,3014.00,0.0000,1.0000
14,Temp Scaling,0.08,0.0036,3014.00,0.0000,1.0000,0.0040,3014.00,0.0000,1.0000
14,Temp Scaling,0.10,0.0036,3014.00,0.0000,1.0000,0.0040,3014.00,0.0000,1.0000
14,Temp Scaling,0.15,0.0036,3014.00,0.0000,1.0000,0.0040,3014.00,0.0000,1.0000
14,Temp Scaling,0.20,0.0036,3014.00,0.0000,1.0000,0.0040,3014.00,0.0000,1.0000
14,Temp Scaling,0.30,0.0036,3014.00,0.0000,1.0000,0.0040,3014.00,0.0000,1.0000
14,Temp Scaling,0.40,0.0036,3014.00,0.0000,1.0000,0.0040,3014.00,0.0000,1.0000
14,Temp Scaling,0.50,0.0036,3014.00,0.0000,1.0000,0.0040,3014.00,0.0000,1.0000
14,Matrix Scaling,0.02,0.0093,152563.00,0.5856,0.2741,0.0080,152563.00,0.5856,0.2741
14,Matrix Scaling,0.05,0.0093,3014.00,0.0000,1.0000,0.0102,3014.00,0.0000,1.0000
14,Matrix Scaling,0.08,0.0093,3014.00,0.0000,1.0000,0.0102,3014.00,0.0000,1.0000
14,Matrix Scaling,0.10,0.0093,3014.00,0.0000,1.0000,0.0102,3014.00,0.0000,1.0000
14,Matrix Scaling,0.15,0.0093,3014.00,0.0000,1.0000,0.0102,3014.00,0.0000,1.0000
14,Matrix Scaling,0.20,0.0093,3014.00,0.0000,1.0000,0.0102,3014.00,0.0000,1.0000
14,Matrix Scaling,0.30,0.0093,3014.00,0.0000,1.0000,0.0102,3014.00,0.0000,1.0000
14,Matrix Scaling,0.40,0.0093,3014.00,0.0000,1.0000,0.0102,3014.00,0.0000,1.0000
14,Matrix Scaling,0.50,0.0093,3014.00,0.0000,1.0000,0.0102,3014.00,0.0000,1.0000
14,Focal Loss γ=1.0,0.02,0.3025,259130.00,1.0000,0.0000,0.3017,259130.00,1.0000,0.0000
14,Focal Loss γ=1.0,0.05,0.3025,259130.00,1.0000,0.0000,0.3017,259130.00,1.0000,0.0000
14,Focal Loss γ=1.0,0.08,0.3025,259130.00,1.0000,0.0000,0.3017,259130.00,1.0000,0.0000
14,Focal Loss γ=1.0,0.10,0.3025,259130.00,1.0000,0.0000,0.3017,259130.00,1.0000,0.0000
14,Focal Loss γ=1.0,0.15,0.3025,259130.00,1.0000,0.0000,0.3017,259130.00,1.0000,0.0000
14,Focal Loss γ=1.0,0.20,0.3025,259130.00,1.0000,0.0000,0.3017,259130.00,1.0000,0.0000
14,Focal Loss γ=1.0,0.30,0.3025,259130.00,1.0000,0.0000,0.3017,259130.00,1.0000,0.0000
14,Focal Loss γ=1.0,0.40,0.3025,3014.00,0.0000,1.0000,0.3017,3014.00,0.0000,1.0000
14,Focal Loss γ=1.0,0.50,0.3025,3014.00,0.0000,1.0000,0.3017,3014.00,0.0000,1.0000
14,Focal Loss γ=2.0,0.02,0.0681,259130.00,1.0000,0.0000,0.0694,259130.00,1.0000,0.0000
14,Focal Loss γ=2.0,0.05,0.0681,259130.00,1.0000,0.0000,0.0694,259130.00,1.0000,0.0000
14,Focal Loss γ=2.0,0.08,0.0681,125245.00,0.4798,0.2999,0.0655,125245.00,0.4798,0.2999
14,Focal Loss γ=2.0,0.10,0.0681,40278.00,0.1472,0.7090,0.0768,40278.00,0.1472,0.7090
14,Focal Loss γ=2.0,0.15,0.0681,3014.00,0.0000,1.0000,0.0694,3014.00,0.0000,1.0000
14,Focal Loss γ=2.0,0.20,0.0681,3014.00,0.0000,1.0000,0.0694,3014.00,0.0000,1.0000
14,Focal Loss γ=2.0,0.30,0.0681,3014.00,0.0000,1.0000,0.0694,3014.00,0.0000,1.0000
14,Focal Loss γ=2.0,0.40,0.0681,3014.00,0.0000,1.0000,0.0694,3014.00,0.0000,1.0000
14,Focal Loss γ=2.0,0.50,0.0681,3014.00,0.0000,1.0000,0.0694,3014.00,0.0000,1.0000
14,Focal + Temp Scaling,0.02,0.0042,86869.00,0.3302,0.4353,0.0054,86869.00,0.3302,0.4353
14,Focal + Temp Scaling,0.05,0.0042,3014.00,0.0000,1.0000,0.0046,3014.00,0.0000,1.0000
14,Focal + Temp Scaling,0.08,0.0042,3014.00,0.0000,1.0000,0.0046,3014.00,0.0000,1.0000
14,Focal + Temp Scaling,0.10,0.0042,3014.00,0.0000,1.0000,0.0046,3014.00,0.0000,1.0000
14,Focal + Temp Scaling,0.15,0.0042,3014.00,0.0000,1.0000,0.0046,3014.00,0.0000,1.0000
14,Focal + Temp Scaling,0.20,0.0042,3014.00,0.0000,1.0000,0.0046,3014.00,0.0000,1.0000
14,Focal + Temp Scaling,0.30,0.0042,3014.00,0.0000,1.0000,0.0046,3014.00,0.0000,1.0000
14,Focal + Temp Scaling,0.40,0.0042,3014.00,0.0000,1.0000,0.0046,3014.00,0.0000,1.0000
14,Focal + Temp Scaling,0.50,0.0042,3014.00,0.0000,1.0000,0.0046,3014.00,0.0000,1.0000
14,Focal + Matrix Scaling,0.02,0.0106,173623.00,0.6684,0.1433,0.0095,173623.00,0.6684,0.1433
14,Focal + Matrix Scaling,0.05,0.0106,3014.00,0.0000,1.0000,0.0124,3014.00,0.0000,1.0000
14,Focal + Matrix Scaling,0.08,0.0106,3014.00,0.0000,1.0000,0.0124,3014.00,0.0000,1.0000
14,Focal + Matrix Scaling,0.10,0.0106,3014.00,0.0000,1.0000,0.0124,3014.00,0.0000,1.0000
14,Focal + Matrix Scaling,0.15,0.0106,3014.00,0.0000,1.0000,0.0124,3014.00,0.0000,1.0000
14,Focal + Matrix Scaling,0.20,0.0106,3014.00,0.0000,1.0000,0.0124,3014.00,0.0000,1.0000
14,Focal + Matrix Scaling,0.30,0.0106,3014.00,0.0000,1.0000,0.0124,3014.00,0.0000,1.0000
14,Focal + Matrix Scaling,0.40,0.0106,3014.00,0.0000,1.0000,0.0124,3014.00,0.0000,1.0000
14,Focal + Matrix Scaling,0.50,0.0106,3014.00,0.0000,1.0000,0.0124,3014.00,0.0000,1.0000
15,Base (non calibrato),0.02,0.0277,259973.00,1.0000,0.0000,0.0277,259973.00,1.0000,0.0000
15,Base (non calibrato),0.05,0.0277,2171.00,0.0000,1.0000,0.0277,2171.00,0.0000,1.0000
15,Base (non calibrato),0.08,0.0277,2171.00,0.0000,1.0000,0.0277,2171.00,0.0000,1.0000
15,Base (non calibrato),0.10,0.0277,2171.00,0.0000,1.0000,0.0277,2171.00,0.0000,1.0000
15,Base (non calibrato),0.15,0.0277,2171.00,0.0000,1.0000,0.0277,2171.00,0.0000,1.0000
15,Base (non calibrato),0.20,0.0277,2171.00,0.0000,1.0000,0.0277,2171.00,0.0000,1.0000
15,Base (non calibrato),0.30,0.0277,2171.00,0.0000,1.0000,0.0277,2171.00,0.0000,1.0000
15,Base (non calibrato),0.40,0.0277,2171.00,0.0000,1.0000,0.0277,2171.00,0.0000,1.0000
15,Base (non calibrato),0.50,0.0277,2171.00,0.0000,1.0000,0.0277,2171.00,0.0000,1.0000
15,Temp Scaling,0.02,0.0032,2171.00,0.0000,1.0000,0.0035,2171.00,0.0000,1.0000
15,Temp Scaling,0.05,0.0032,2171.00,0.0000,1.0000,0.0035,2171.00,0.0000,1.0000
15,Temp Scaling,0.08,0.0032,2171.00,0.0000,1.0000,0.0035,2171.00,0.0000,1.0000
15,Temp Scaling,0.10,0.0032,2171.00,0.0000,1.0000,0.0035,2171.00,0.0000,1.0000
15,Temp Scaling,0.15,0.0032,2171.00,0.0000,1.0000,0.0035,2171.00,0.0000,1.0000
15,Temp Scaling,0.20,0.0032,2171.00,0.0000,1.0000,0.0035,2171.00,0.0000,1.0000
15,Temp Scaling,0.30,0.0032,2171.00,0.0000,1.0000,0.0035,2171.00,0.0000,1.0000
15,Temp Scaling,0.40,0.0032,2171.00,0.0000,1.0000,0.0035,2171.00,0.0000,1.0000
15,Temp Scaling,0.50,0.0032,2171.00,0.0000,1.0000,0.0035,2171.00,0.0000,1.0000
15,Matrix Scaling,0.02,0.0187,240392.00,0.9247,0.0009,0.0188,240392.00,0.9247,0.0009
15,Matrix Scaling,0.05,0.0187,2171.00,0.0000,1.0000,0.0188,2171.00,0.0000,1.0000
15,Matrix Scaling,0.08,0.0187,2171.00,0.0000,1.0000,0.0188,2171.00,0.0000,1.0000
15,Matrix Scaling,0.10,0.0187,2171.00,0.0000,1.0000,0.0188,2171.00,0.0000,1.0000
15,Matrix Scaling,0.15,0.0187,2171.00,0.0000,1.0000,0.0188,2171.00,0.0000,1.0000
15,Matrix Scaling,0.20,0.0187,2171.00,0.0000,1.0000,0.0188,2171.00,0.0000,1.0000
15,Matrix Scaling,0.30,0.0187,2171.00,0.0000,1.0000,0.0188,2171.00,0.0000,1.0000
15,Matrix Scaling,0.40,0.0187,2171.00,0.0000,1.0000,0.0188,2171.00,0.0000,1.0000
15,Matrix Scaling,0.50,0.0187,2171.00,0.0000,1.0000,0.0188,2171.00,0.0000,1.0000
15,Focal Loss γ=1.0,0.02,0.2930,259973.00,1.0000,0.0000,0.2931,259973.00,1.0000,0.0000
15,Focal Loss γ=1.0,0.05,0.2930,259973.00,1.0000,0.0000,0.2931,259973.00,1.0000,0.0000
15,Focal Loss γ=1.0,0.08,0.2930,259973.00,1.0000,0.0000,0.2931,259973.00,1.0000,0.0000
15,Focal Loss γ=1.0,0.10,0.2930,259973.00,1.0000,0.0000,0.2931,259973.00,1.0000,0.0000
15,Focal Loss γ=1.0,0.15,0.2930,259973.00,1.0000,0.0000,0.2931,259973.00,1.0000,0.0000
15,Focal Loss γ=1.0,0.20,0.2930,259973.00,1.0000,0.0000,0.2931,259973.00,1.0000,0.0000
15,Focal Loss γ=1.0,0.30,0.2930,144692.00,0.5535,0.3630,0.2929,144692.00,0.5535,0.3630
15,Focal Loss γ=1.0,0.40,0.2930,2171.00,0.0000,1.0000,0.2931,2171.00,0.0000,1.0000
15,Focal Loss γ=1.0,0.50,0.2930,2171.00,0.0000,1.0000,0.2931,2171.00,0.0000,1.0000
15,Focal Loss γ=2.0,0.02,0.0592,259973.00,1.0000,0.0000,0.0592,259973.00,1.0000,0.0000
15,Focal Loss γ=2.0,0.05,0.0592,259973.00,1.0000,0.0000,0.0592,259973.00,1.0000,0.0000
15,Focal Loss γ=2.0,0.08,0.0592,22617.00,0.0802,0.8111,0.0625,22617.00,0.0802,0.8111
15,Focal Loss γ=2.0,0.10,0.0592,2171.00,0.0000,1.0000,0.0592,2171.00,0.0000,1.0000
15,Focal Loss γ=2.0,0.15,0.0592,2171.00,0.0000,1.0000,0.0592,2171.00,0.0000,1.0000
15,Focal Loss γ=2.0,0.20,0.0592,2171.00,0.0000,1.0000,0.0592,2171.00,0.0000,1.0000
15,Focal Loss γ=2.0,0.30,0.0592,2171.00,0.0000,1.0000,0.0592,2171.00,0.0000,1.0000
15,Focal Loss γ=2.0,0.40,0.0592,2171.00,0.0000,1.0000,0.0592,2171.00,0.0000,1.0000
15,Focal Loss γ=2.0,0.50,0.0592,2171.00,0.0000,1.0000,0.0592,2171.00,0.0000,1.0000
15,Focal + Temp Scaling,0.02,0.0012,22617.00,0.0802,0.8111,0.0032,22617.00,0.0802,0.8111
15,Focal + Temp Scaling,0.05,0.0012,2171.00,0.0000,1.0000,0.0010,2171.00,0.0000,1.0000
15,Focal + Temp Scaling,0.08,0.0012,2171.00,0.0000,1.0000,0.0010,2171.00,0.0000,1.0000
15,Focal + Temp Scaling,0.10,0.0012,2171.00,0.0000,1.0000,0.0010,2171.00,0.0000,1.0000
15,Focal + Temp Scaling,0.15,0.0012,2171.00,0.0000,1.0000,0.0010,2171.00,0.0000,1.0000
15,Focal + Temp Scaling,0.20,0.0012,2171.00,0.0000,1.0000,0.0010,2171.00,0.0000,1.0000
15,Focal + Temp Scaling,0.30,0.0012,2171.00,0.0000,1.0000,0.0010,2171.00,0.0000,1.0000
15,Focal + Temp Scaling,0.40,0.0012,2171.00,0.0000,1.0000,0.0010,2171.00,0.0000,1.0000
15,Focal + Temp Scaling,0.50,0.0012,2171.00,0.0000,1.0000,0.0010,2171.00,0.0000,1.0000
15,Focal + Matrix Scaling,0.02,0.0184,231703.00,0.8911,0.0240,0.0183,231703.00,0.8911,0.0240
15,Focal + Matrix Scaling,0.05,0.0184,2171.00,0.0000,1.0000,0.0185,2171.00,0.0000,1.0000
15,Focal + Matrix Scaling,0.08,0.0184,2171.00,0.0000,1.0000,0.0185,2171.00,0.0000,1.0000
15,Focal + Matrix Scaling,0.10,0.0184,2171.00,0.0000,1.0000,0.0185,2171.00,0.0000,1.0000
15,Focal + Matrix Scaling,0.15,0.0184,2171.00,0.0000,1.0000,0.0185,2171.00,0.0000,1.0000
15,Focal + Matrix Scaling,0.20,0.0184,2171.00,0.0000,1.0000,0.0185,2171.00,0.0000,1.0000
15,Focal + Matrix Scaling,0.30,0.0184,2171.00,0.0000,1.0000,0.0185,2171.00,0.0000,1.0000
15,Focal + Matrix Scaling,0.40,0.0184,2171.00,0.0000,1.0000,0.0185,2171.00,0.0000,1.0000
15,Focal + Matrix Scaling,0.50,0.0184,2171.00,0.0000,1.0000,0.0185,2171.00,0.0000,1.0000
16,Base (non calibrato),0.02,0.0265,258800.00,1.0000,0.0000,0.0253,258800.00,1.0000,0.0000
16,Base (non calibrato),0.05,0.0265,24762.00,0.0883,0.5676,0.0176,24762.00,0.0883,0.5676
16,Base (non calibrato),0.08,0.0265,3344.00,0.0000,1.0000,0.0253,3344.00,0.0000,1.0000
16,Base (non calibrato),0.10,0.0265,3344.00,0.0000,1.0000,0.0253,3344.00,0.0000,1.0000
16,Base (non calibrato),0.15,0.0265,3344.00,0.0000,1.0000,0.0253,3344.00,0.0000,1.0000
16,Base (non calibrato),0.20,0.0265,3344.00,0.0000,1.0000,0.0253,3344.00,0.0000,1.0000
16,Base (non calibrato),0.30,0.0265,3344.00,0.0000,1.0000,0.0253,3344.00,0.0000,1.0000
16,Base (non calibrato),0.40,0.0265,3344.00,0.0000,1.0000,0.0253,3344.00,0.0000,1.0000
16,Base (non calibrato),0.50,0.0265,3344.00,0.0000,1.0000,0.0253,3344.00,0.0000,1.0000
16,Temp Scaling,0.02,0.0042,24762.00,0.0883,0.5676,0.0140,24762.00,0.0883,0.5676
16,Temp Scaling,0.05,0.0042,3344.00,0.0000,1.0000,0.0051,3344.00,0.0000,1.0000
16,Temp Scaling,0.08,0.0042,3344.00,0.0000,1.0000,0.0051,3344.00,0.0000,1.0000
16,Temp Scaling,0.10,0.0042,3344.00,0.0000,1.0000,0.0051,3344.00,0.0000,1.0000
16,Temp Scaling,0.15,0.0042,3344.00,0.0000,1.0000,0.0051,3344.00,0.0000,1.0000
16,Temp Scaling,0.20,0.0042,3344.00,0.0000,1.0000,0.0051,3344.00,0.0000,1.0000
16,Temp Scaling,0.30,0.0042,3344.00,0.0000,1.0000,0.0051,3344.00,0.0000,1.0000
16,Temp Scaling,0.40,0.0042,3344.00,0.0000,1.0000,0.0051,3344.00,0.0000,1.0000
16,Temp Scaling,0.50,0.0042,3344.00,0.0000,1.0000,0.0051,3344.00,0.0000,1.0000
16,Matrix Scaling,0.02,0.0181,216958.00,0.8382,0.0123,0.0175,216958.00,0.8382,0.0123
16,Matrix Scaling,0.05,0.0181,24762.00,0.0883,0.5676,0.0073,24762.00,0.0883,0.5676
16,Matrix Scaling,0.08,0.0181,3344.00,0.0000,1.0000,0.0167,3344.00,0.0000,1.0000
16,Matrix Scaling,0.10,0.0181,3344.00,0.0000,1.0000,0.0167,3344.00,0.0000,1.0000
16,Matrix Scaling,0.15,0.0181,3344.00,0.0000,1.0000,0.0167,3344.00,0.0000,1.0000
16,Matrix Scaling,0.20,0.0181,3344.00,0.0000,1.0000,0.0167,3344.00,0.0000,1.0000
16,Matrix Scaling,0.30,0.0181,3344.00,0.0000,1.0000,0.0167,3344.00,0.0000,1.0000
16,Matrix Scaling,0.40,0.0181,3344.00,0.0000,1.0000,0.0167,3344.00,0.0000,1.0000
16,Matrix Scaling,0.50,0.0181,3344.00,0.0000,1.0000,0.0167,3344.00,0.0000,1.0000
16,Focal Loss γ=1.0,0.02,0.2859,258800.00,1.0000,0.0000,0.2843,258800.00,1.0000,0.0000
16,Focal Loss γ=1.0,0.05,0.2859,258800.00,1.0000,0.0000,0.2843,258800.00,1.0000,0.0000
16,Focal Loss γ=1.0,0.08,0.2859,258800.00,1.0000,0.0000,0.2843,258800.00,1.0000,0.0000
16,Focal Loss γ=1.0,0.10,0.2859,258800.00,1.0000,0.0000,0.2843,258800.00,1.0000,0.0000
16,Focal Loss γ=1.0,0.15,0.2859,258800.00,1.0000,0.0000,0.2843,258800.00,1.0000,0.0000
16,Focal Loss γ=1.0,0.20,0.2859,258800.00,1.0000,0.0000,0.2843,258800.00,1.0000,0.0000
16,Focal Loss γ=1.0,0.30,0.2859,61479.00,0.2250,0.9686,0.2898,61479.00,0.2250,0.9686
16,Focal Loss γ=1.0,0.40,0.2859,3344.00,0.0000,1.0000,0.2843,3344.00,0.0000,1.0000
16,Focal Loss γ=1.0,0.50,0.2859,3344.00,0.0000,1.0000,0.2843,3344.00,0.0000,1.0000
16,Focal Loss γ=2.0,0.02,0.0540,258800.00,1.0000,0.0000,0.0531,258800.00,1.0000,0.0000
16,Focal Loss γ=2.0,0.05,0.0540,258800.00,1.0000,0.0000,0.0531,258800.00,1.0000,0.0000
16,Focal Loss γ=2.0,0.08,0.0540,49512.00,0.1874,0.2999,0.0524,49512.00,0.1874,0.2999
16,Focal Loss γ=2.0,0.10,0.0540,24762.00,0.0883,0.5676,0.0518,24762.00,0.0883,0.5676
16,Focal Loss γ=2.0,0.15,0.0540,3344.00,0.0000,1.0000,0.0531,3344.00,0.0000,1.0000
16,Focal Loss γ=2.0,0.20,0.0540,3344.00,0.0000,1.0000,0.0531,3344.00,0.0000,1.0000
16,Focal Loss γ=2.0,0.30,0.0540,3344.00,0.0000,1.0000,0.0531,3344.00,0.0000,1.0000
16,Focal Loss γ=2.0,0.40,0.0540,3344.00,0.0000,1.0000,0.0531,3344.00,0.0000,1.0000
16,Focal Loss γ=2.0,0.50,0.0540,3344.00,0.0000,1.0000,0.0531,3344.00,0.0000,1.0000
16,Focal + Temp Scaling,0.02,0.0010,49512.00,0.1874,0.2999,0.0019,49512.00,0.1874,0.2999
16,Focal + Temp Scaling,0.05,0.0010,24762.00,0.0883,0.5676,0.0022,24762.00,0.0883,0.5676
16,Focal + Temp Scaling,0.08,0.0010,3344.00,0.0000,1.0000,0.0004,3344.00,0.0000,1.0000
16,Focal + Temp Scaling,0.10,0.0010,3344.00,0.0000,1.0000,0.0004,3344.00,0.0000,1.0000
16,Focal + Temp Scaling,0.15,0.0010,3344.00,0.0000,1.0000,0.0004,3344.00,0.0000,1.0000
16,Focal + Temp Scaling,0.20,0.0010,3344.00,0.0000,1.0000,0.0004,3344.00,0.0000,1.0000
16,Focal + Temp Scaling,0.30,0.0010,3344.00,0.0000,1.0000,0.0004,3344.00,0.0000,1.0000
16,Focal + Temp Scaling,0.40,0.0010,3344.00,0.0000,1.0000,0.0004,3344.00,0.0000,1.0000
16,Focal + Temp Scaling,0.50,0.0010,3344.00,0.0000,1.0000,0.0004,3344.00,0.0000,1.0000
16,Focal + Matrix Scaling,0.02,0.0157,151402.00,0.5843,0.0556,0.0149,151402.00,0.5843,0.0556
16,Focal + Matrix Scaling,0.05,0.0157,24762.00,0.0883,0.5676,0.0072,24762.00,0.0883,0.5676
16,Focal + Matrix Scaling,0.08,0.0157,3344.00,0.0000,1.0000,0.0144,3344.00,0.0000,1.0000
16,Focal + Matrix Scaling,0.10,0.0157,3344.00,0.0000,1.0000,0.0144,3344.00,0.0000,1.0000
16,Focal + Matrix Scaling,0.15,0.0157,3344.00,0.0000,1.0000,0.0144,3344.00,0.0000,1.0000
16,Focal + Matrix Scaling,0.20,0.0157,3344.00,0.0000,1.0000,0.0144,3344.00,0.0000,1.0000
16,Focal + Matrix Scaling,0.30,0.0157,3344.00,0.0000,1.0000,0.0144,3344.00,0.0000,1.0000
16,Focal + Matrix Scaling,0.40,0.0157,3344.00,0.0000,1.0000,0.0144,3344.00,0.0000,1.0000
16,Focal + Matrix Scaling,0.50,0.0157,3344.00,0.0000,1.0000,0.0144,3344.00,0.0000,1.0000
17,Base (non calibrato),0.02,0.0294,257908.00,1.0000,0.0000,0.0293,257908.00,1.0000,0.0000
17,Base (non calibrato),0.05,0.0294,23334.00,0.0859,0.2762,0.0215,23334.00,0.0859,0.2762
17,Base (non calibrato),0.08,0.0294,23334.00,0.0859,0.2762,0.0215,23334.00,0.0859,0.2762
17,Base (non calibrato),0.10,0.0294,23334.00,0.0859,0.2762,0.0215,23334.00,0.0859,0.2762
17,Base (non calibrato),0.15,0.0294,4236.00,0.0000,1.0000,0.0293,4236.00,0.0000,1.0000
17,Base (non calibrato),0.20,0.0294,4236.00,0.0000,1.0000,0.0293,4236.00,0.0000,1.0000
17,Base (non calibrato),0.30,0.0294,4236.00,0.0000,1.0000,0.0293,4236.00,0.0000,1.0000
17,Base (non calibrato),0.40,0.0294,4236.00,0.0000,1.0000,0.0293,4236.00,0.0000,1.0000
17,Base (non calibrato),0.50,0.0294,4236.00,0.0000,1.0000,0.0293,4236.00,0.0000,1.0000
17,Temp Scaling,0.02,0.0012,23334.00,0.0859,0.2762,0.0045,23334.00,0.0859,0.2762
17,Temp Scaling,0.05,0.0012,23334.00,0.0859,0.2762,0.0045,23334.00,0.0859,0.2762
17,Temp Scaling,0.08,0.0012,23334.00,0.0859,0.2762,0.0045,23334.00,0.0859,0.2762
17,Temp Scaling,0.10,0.0012,23334.00,0.0859,0.2762,0.0045,23334.00,0.0859,0.2762
17,Temp Scaling,0.15,0.0012,4236.00,0.0000,1.0000,0.0003,4236.00,0.0000,1.0000
17,Temp Scaling,0.20,0.0012,4236.00,0.0000,1.0000,0.0003,4236.00,0.0000,1.0000
17,Temp Scaling,0.30,0.0012,4236.00,0.0000,1.0000,0.0003,4236.00,0.0000,1.0000
17,Temp Scaling,0.40,0.0012,4236.00,0.0000,1.0000,0.0003,4236.00,0.0000,1.0000
17,Temp Scaling,0.50,0.0012,4236.00,0.0000,1.0000,0.0003,4236.00,0.0000,1.0000
17,Matrix Scaling,0.02,0.0206,257908.00,1.0000,0.0000,0.0191,257908.00,1.0000,0.0000
17,Matrix Scaling,0.05,0.0206,23334.00,0.0859,0.2762,0.0145,23334.00,0.0859,0.2762
17,Matrix Scaling,0.08,0.0206,23334.00,0.0859,0.2762,0.0145,23334.00,0.0859,0.2762
17,Matrix Scaling,0.10,0.0206,23334.00,0.0859,0.2762,0.0145,23334.00,0.0859,0.2762
17,Matrix Scaling,0.15,0.0206,4236.00,0.0000,1.0000,0.0191,4236.00,0.0000,1.0000
17,Matrix Scaling,0.20,0.0206,4236.00,0.0000,1.0000,0.0191,4236.00,0.0000,1.0000
17,Matrix Scaling,0.30,0.0206,4236.00,0.0000,1.0000,0.0191,4236.00,0.0000,1.0000
17,Matrix Scaling,0.40,0.0206,4236.00,0.0000,1.0000,0.0191,4236.00,0.0000,1.0000
17,Matrix Scaling,0.50,0.0206,4236.00,0.0000,1.0000,0.0191,4236.00,0.0000,1.0000
17,Focal Loss γ=1.0,0.02,0.2858,257908.00,1.0000,0.0000,0.2855,257908.00,1.0000,0.0000
17,Focal Loss γ=1.0,0.05,0.2858,257908.00,1.0000,0.0000,0.2855,257908.00,1.0000,0.0000
17,Focal Loss γ=1.0,0.08,0.2858,257908.00,1.0000,0.0000,0.2855,257908.00,1.0000,0.0000
17,Focal Loss γ=1.0,0.10,0.2858,257908.00,1.0000,0.0000,0.2855,257908.00,1.0000,0.0000
17,Focal Loss γ=1.0,0.15,0.2858,257908.00,1.0000,0.0000,0.2855,257908.00,1.0000,0.0000
17,Focal Loss γ=1.0,0.20,0.2858,257908.00,1.0000,0.0000,0.2855,257908.00,1.0000,0.0000
17,Focal Loss γ=1.0,0.30,0.2858,144875.00,0.5616,0.0078,0.2868,144875.00,0.5616,0.0078
17,Focal Loss γ=1.0,0.40,0.2858,4236.00,0.0000,1.0000,0.2855,4236.00,0.0000,1.0000
17,Focal Loss γ=1.0,0.50,0.2858,4236.00,0.0000,1.0000,0.2855,4236.00,0.0000,1.0000
17,Focal Loss γ=2.0,0.02,0.0539,257908.00,1.0000,0.0000,0.0541,257908.00,1.0000,0.0000
17,Focal Loss γ=2.0,0.05,0.0539,219888.00,0.8525,0.0042,0.0516,219888.00,0.8525,0.0042
17,Focal Loss γ=2.0,0.08,0.0539,23334.00,0.0859,0.2762,0.0424,23334.00,0.0859,0.2762
17,Focal Loss γ=2.0,0.10,0.0539,23334.00,0.0859,0.2762,0.0424,23334.00,0.0859,0.2762
17,Focal Loss γ=2.0,0.15,0.0539,4236.00,0.0000,1.0000,0.0541,4236.00,0.0000,1.0000
17,Focal Loss γ=2.0,0.20,0.0539,4236.00,0.0000,1.0000,0.0541,4236.00,0.0000,1.0000
17,Focal Loss γ=2.0,0.30,0.0539,4236.00,0.0000,1.0000,0.0541,4236.00,0.0000,1.0000
17,Focal Loss γ=2.0,0.40,0.0539,4236.00,0.0000,1.0000,0.0541,4236.00,0.0000,1.0000
17,Focal Loss γ=2.0,0.50,0.0539,4236.00,0.0000,1.0000,0.0541,4236.00,0.0000,1.0000
17,Focal + Temp Scaling,0.02,0.0046,45313.00,0.1728,0.1789,0.0003,45313.00,0.1728,0.1789
17,Focal + Temp Scaling,0.05,0.0046,23334.00,0.0859,0.2762,0.0082,23334.00,0.0859,0.2762
17,Focal + Temp Scaling,0.08,0.0046,23334.00,0.0859,0.2762,0.0082,23334.00,0.0859,0.2762
17,Focal + Temp Scaling,0.10,0.0046,23334.00,0.0859,0.2762,0.0082,23334.00,0.0859,0.2762
17,Focal + Temp Scaling,0.15,0.0046,4236.00,0.0000,1.0000,0.0022,4236.00,0.0000,1.0000
17,Focal + Temp Scaling,0.20,0.0046,4236.00,0.0000,1.0000,0.0022,4236.00,0.0000,1.0000
17,Focal + Temp Scaling,0.30,0.0046,4236.00,0.0000,1.0000,0.0022,4236.00,0.0000,1.0000
17,Focal + Temp Scaling,0.40,0.0046,4236.00,0.0000,1.0000,0.0022,4236.00,0.0000,1.0000
17,Focal + Temp Scaling,0.50,0.0046,4236.00,0.0000,1.0000,0.0022,4236.00,0.0000,1.0000
17,Focal + Matrix Scaling,0.02,0.0131,140938.00,0.5462,0.0184,0.0132,140938.00,0.5462,0.0184
17,Focal + Matrix Scaling,0.05,0.0131,23334.00,0.0859,0.2762,0.0127,23334.00,0.0859,0.2762
17,Focal + Matrix Scaling,0.08,0.0131,4236.00,0.0000,1.0000,0.0128,4236.00,0.0000,1.0000
17,Focal + Matrix Scaling,0.10,0.0131,4236.00,0.0000,1.0000,0.0128,4236.00,0.0000,1.0000
17,Focal + Matrix Scaling,0.15,0.0131,4236.00,0.0000,1.0000,0.0128,4236.00,0.0000,1.0000
17,Focal + Matrix Scaling,0.20,0.0131,4236.00,0.0000,1.0000,0.0128,4236.00,0.0000,1.0000
17,Focal + Matrix Scaling,0.30,0.0131,4236.00,0.0000,1.0000,0.0128,4236.00,0.0000,1.0000
17,Focal + Matrix Scaling,0.40,0.0131,4236.00,0.0000,1.0000,0.0128,4236.00,0.0000,1.0000
17,Focal + Matrix Scaling,0.50,0.0131,4236.00,0.0000,1.0000,0.0128,4236.00,0.0000,1.0000
18,Base (non calibrato),0.02,0.0253,261650.00,1.0000,0.0000,0.0257,261650.00,1.0000,0.0000
18,Base (non calibrato),0.05,0.0253,494.00,0.0000,1.0000,0.0257,494.00,0.0000,1.0000
18,Base (non calibrato),0.08,0.0253,494.00,0.0000,1.0000,0.0257,494.00,0.0000,1.0000
18,Base (non calibrato),0.10,0.0253,494.00,0.0000,1.0000,0.0257,494.00,0.0000,1.0000
18,Base (non calibrato),0.15,0.0253,494.00,0.0000,1.0000,0.0257,494.00,0.0000,1.0000
18,Base (non calibrato),0.20,0.0253,494.00,0.0000,1.0000,0.0257,494.00,0.0000,1.0000
18,Base (non calibrato),0.30,0.0253,494.00,0.0000,1.0000,0.0257,494.00,0.0000,1.0000
18,Base (non calibrato),0.40,0.0253,494.00,0.0000,1.0000,0.0257,494.00,0.0000,1.0000
18,Base (non calibrato),0.50,0.0253,494.00,0.0000,1.0000,0.0257,494.00,0.0000,1.0000
18,Temp Scaling,0.02,0.0005,494.00,0.0000,1.0000,0.0001,494.00,0.0000,1.0000
18,Temp Scaling,0.05,0.0005,494.00,0.0000,1.0000,0.0001,494.00,0.0000,1.0000
18,Temp Scaling,0.08,0.0005,494.00,0.0000,1.0000,0.0001,494.00,0.0000,1.0000
18,Temp Scaling,0.10,0.0005,494.00,0.0000,1.0000,0.0001,494.00,0.0000,1.0000
18,Temp Scaling,0.15,0.0005,494.00,0.0000,1.0000,0.0001,494.00,0.0000,1.0000
18,Temp Scaling,0.20,0.0005,494.00,0.0000,1.0000,0.0001,494.00,0.0000,1.0000
18,Temp Scaling,0.30,0.0005,494.00,0.0000,1.0000,0.0001,494.00,0.0000,1.0000
18,Temp Scaling,0.40,0.0005,494.00,0.0000,1.0000,0.0001,494.00,0.0000,1.0000
18,Temp Scaling,0.50,0.0005,494.00,0.0000,1.0000,0.0001,494.00,0.0000,1.0000
18,Matrix Scaling,0.02,0.0182,143614.00,0.5487,0.0769,0.0178,143614.00,0.5487,0.0769
18,Matrix Scaling,0.05,0.0182,494.00,0.0000,1.0000,0.0185,494.00,0.0000,1.0000
18,Matrix Scaling,0.08,0.0182,494.00,0.0000,1.0000,0.0185,494.00,0.0000,1.0000
18,Matrix Scaling,0.10,0.0182,494.00,0.0000,1.0000,0.0185,494.00,0.0000,1.0000
18,Matrix Scaling,0.15,0.0182,494.00,0.0000,1.0000,0.0185,494.00,0.0000,1.0000
18,Matrix Scaling,0.20,0.0182,494.00,0.0000,1.0000,0.0185,494.00,0.0000,1.0000
18,Matrix Scaling,0.30,0.0182,494.00,0.0000,1.0000,0.0185,494.00,0.0000,1.0000
18,Matrix Scaling,0.40,0.0182,494.00,0.0000,1.0000,0.0185,494.00,0.0000,1.0000
18,Matrix Scaling,0.50,0.0182,494.00,0.0000,1.0000,0.0185,494.00,0.0000,1.0000
18,Focal Loss γ=1.0,0.02,0.2915,261650.00,1.0000,0.0000,0.2919,261650.00,1.0000,0.0000
18,Focal Loss γ=1.0,0.05,0.2915,261650.00,1.0000,0.0000,0.2919,261650.00,1.0000,0.0000
18,Focal Loss γ=1.0,0.08,0.2915,261650.00,1.0000,0.0000,0.2919,261650.00,1.0000,0.0000
18,Focal Loss γ=1.0,0.10,0.2915,261650.00,1.0000,0.0000,0.2919,261650.00,1.0000,0.0000
18,Focal Loss γ=1.0,0.15,0.2915,261650.00,1.0000,0.0000,0.2919,261650.00,1.0000,0.0000
18,Focal Loss γ=1.0,0.20,0.2915,261650.00,1.0000,0.0000,0.2919,261650.00,1.0000,0.0000
18,Focal Loss γ=1.0,0.30,0.2915,494.00,0.0000,1.0000,0.2919,494.00,0.0000,1.0000
18,Focal Loss γ=1.0,0.40,0.2915,494.00,0.0000,1.0000,0.2919,494.00,0.0000,1.0000
18,Focal Loss γ=1.0,0.50,0.2915,494.00,0.0000,1.0000,0.2919,494.00,0.0000,1.0000
18,Focal Loss γ=2.0,0.02,0.0457,261650.00,1.0000,0.0000,0.0463,261650.00,1.0000,0.0000
18,Focal Loss γ=2.0,0.05,0.0457,76616.00,0.2925,0.1700,0.0498,76616.00,0.2925,0.1700
18,Focal Loss γ=2.0,0.08,0.0457,494.00,0.0000,1.0000,0.0463,494.00,0.0000,1.0000
18,Focal Loss γ=2.0,0.10,0.0457,494.00,0.0000,1.0000,0.0463,494.00,0.0000,1.0000
18,Focal Loss γ=2.0,0.15,0.0457,494.00,0.0000,1.0000,0.0463,494.00,0.0000,1.0000
18,Focal Loss γ=2.0,0.20,0.0457,494.00,0.0000,1.0000,0.0463,494.00,0.0000,1.0000
18,Focal Loss γ=2.0,0.30,0.0457,494.00,0.0000,1.0000,0.0463,494.00,0.0000,1.0000
18,Focal Loss γ=2.0,0.40,0.0457,494.00,0.0000,1.0000,0.0463,494.00,0.0000,1.0000
18,Focal Loss γ=2.0,0.50,0.0457,494.00,0.0000,1.0000,0.0463,494.00,0.0000,1.0000
18,Focal + Temp Scaling,0.02,0.0009,494.00,0.0000,1.0000,0.0013,494.00,0.0000,1.0000
18,Focal + Temp Scaling,0.05,0.0009,494.00,0.0000,1.0000,0.0013,494.00,0.0000,1.0000
18,Focal + Temp Scaling,0.08,0.0009,494.00,0.0000,1.0000,0.0013,494.00,0.0000,1.0000
18,Focal + Temp Scaling,0.10,0.0009,494.00,0.0000,1.0000,0.0013,494.00,0.0000,1.0000
18,Focal + Temp Scaling,0.15,0.0009,494.00,0.0000,1.0000,0.0013,494.00,0.0000,1.0000
18,Focal + Temp Scaling,0.20,0.0009,494.00,0.0000,1.0000,0.0013,494.00,0.0000,1.0000
18,Focal + Temp Scaling,0.30,0.0009,494.00,0.0000,1.0000,0.0013,494.00,0.0000,1.0000
18,Focal + Temp Scaling,0.40,0.0009,494.00,0.0000,1.0000,0.0013,494.00,0.0000,1.0000
18,Focal + Temp Scaling,0.50,0.0009,494.00,0.0000,1.0000,0.0013,494.00,0.0000,1.0000
18,Focal + Matrix Scaling,0.02,0.0147,76837.00,0.2931,0.2794,0.0157,76837.00,0.2931,0.2794
18,Focal + Matrix Scaling,0.05,0.0147,494.00,0.0000,1.0000,0.0150,494.00,0.0000,1.0000
18,Focal + Matrix Scaling,0.08,0.0147,494.00,0.0000,1.0000,0.0150,494.00,0.0000,1.0000
18,Focal + Matrix Scaling,0.10,0.0147,494.00,0.0000,1.0000,0.0150,494.00,0.0000,1.0000
18,Focal + Matrix Scaling,0.15,0.0147,494.00,0.0000,1.0000,0.0150,494.00,0.0000,1.0000
18,Focal + Matrix Scaling,0.20,0.0147,494.00,0.0000,1.0000,0.0150,494.00,0.0000,1.0000
18,Focal + Matrix Scaling,0.30,0.0147,494.00,0.0000,1.0000,0.0150,494.00,0.0000,1.0000
18,Focal + Matrix Scaling,0.40,0.0147,494.00,0.0000,1.0000,0.0150,494.00,0.0000,1.0000
18,Focal + Matrix Scaling,0.50,0.0147,494.00,0.0000,1.0000,0.0150,494.00,0.0000,1.0000
19,Base (non calibrato),0.02,0.0252,261649.00,1.0000,0.0000,0.0252,261649.00,1.0000,0.0000
19,Base (non calibrato),0.05,0.0252,495.00,0.0000,1.0000,0.0252,495.00,0.0000,1.0000
19,Base (non calibrato),0.08,0.0252,495.00,0.0000,1.0000,0.0252,495.00,0.0000,1.0000
19,Base (non calibrato),0.10,0.0252,495.00,0.0000,1.0000,0.0252,495.00,0.0000,1.0000
19,Base (non calibrato),0.15,0.0252,495.00,0.0000,1.0000,0.0252,495.00,0.0000,1.0000
19,Base (non calibrato),0.20,0.0252,495.00,0.0000,1.0000,0.0252,495.00,0.0000,1.0000
19,Base (non calibrato),0.30,0.0252,495.00,0.0000,1.0000,0.0252,495.00,0.0000,1.0000
19,Base (non calibrato),0.40,0.0252,495.00,0.0000,1.0000,0.0252,495.00,0.0000,1.0000
19,Base (non calibrato),0.50,0.0252,495.00,0.0000,1.0000,0.0252,495.00,0.0000,1.0000
19,Temp Scaling,0.02,0.0001,495.00,0.0000,1.0000,0.0002,495.00,0.0000,1.0000
19,Temp Scaling,0.05,0.0001,495.00,0.0000,1.0000,0.0002,495.00,0.0000,1.0000
19,Temp Scaling,0.08,0.0001,495.00,0.0000,1.0000,0.0002,495.00,0.0000,1.0000
19,Temp Scaling,0.10,0.0001,495.00,0.0000,1.0000,0.0002,495.00,0.0000,1.0000
19,Temp Scaling,0.15,0.0001,495.00,0.0000,1.0000,0.0002,495.00,0.0000,1.0000
19,Temp Scaling,0.20,0.0001,495.00,0.0000,1.0000,0.0002,495.00,0.0000,1.0000
19,Temp Scaling,0.30,0.0001,495.00,0.0000,1.0000,0.0002,495.00,0.0000,1.0000
19,Temp Scaling,0.40,0.0001,495.00,0.0000,1.0000,0.0002,495.00,0.0000,1.0000
19,Temp Scaling,0.50,0.0001,495.00,0.0000,1.0000,0.0002,495.00,0.0000,1.0000
19,Matrix Scaling,0.02,0.0163,42733.00,0.1621,0.6404,0.0190,42733.00,0.1621,0.6404
19,Matrix Scaling,0.05,0.0163,495.00,0.0000,1.0000,0.0163,495.00,0.0000,1.0000
19,Matrix Scaling,0.08,0.0163,495.00,0.0000,1.0000,0.0163,495.00,0.0000,1.0000
19,Matrix Scaling,0.10,0.0163,495.00,0.0000,1.0000,0.0163,495.00,0.0000,1.0000
19,Matrix Scaling,0.15,0.0163,495.00,0.0000,1.0000,0.0163,495.00,0.0000,1.0000
19,Matrix Scaling,0.20,0.0163,495.00,0.0000,1.0000,0.0163,495.00,0.0000,1.0000
19,Matrix Scaling,0.30,0.0163,495.00,0.0000,1.0000,0.0163,495.00,0.0000,1.0000
19,Matrix Scaling,0.40,0.0163,495.00,0.0000,1.0000,0.0163,495.00,0.0000,1.0000
19,Matrix Scaling,0.50,0.0163,495.00,0.0000,1.0000,0.0163,495.00,0.0000,1.0000
19,Focal Loss γ=1.0,0.02,0.2924,261649.00,1.0000,0.0000,0.2921,261649.00,1.0000,0.0000
19,Focal Loss γ=1.0,0.05,0.2924,261649.00,1.0000,0.0000,0.2921,261649.00,1.0000,0.0000
19,Focal Loss γ=1.0,0.08,0.2924,261649.00,1.0000,0.0000,0.2921,261649.00,1.0000,0.0000
19,Focal Loss γ=1.0,0.10,0.2924,261649.00,1.0000,0.0000,0.2921,261649.00,1.0000,0.0000
19,Focal Loss γ=1.0,0.15,0.2924,261649.00,1.0000,0.0000,0.2921,261649.00,1.0000,0.0000
19,Focal Loss γ=1.0,0.20,0.2924,261649.00,1.0000,0.0000,0.2921,261649.00,1.0000,0.0000
19,Focal Loss γ=1.0,0.30,0.2924,16428.00,0.0609,1.0000,0.2962,16428.00,0.0609,1.0000
19,Focal Loss γ=1.0,0.40,0.2924,495.00,0.0000,1.0000,0.2921,495.00,0.0000,1.0000
19,Focal Loss γ=1.0,0.50,0.2924,495.00,0.0000,1.0000,0.2921,495.00,0.0000,1.0000
19,Focal Loss γ=2.0,0.02,0.0472,261649.00,1.0000,0.0000,0.0472,261649.00,1.0000,0.0000
19,Focal Loss γ=2.0,0.05,0.0472,76851.00,0.2925,0.6404,0.0511,76851.00,0.2925,0.6404
19,Focal Loss γ=2.0,0.08,0.0472,495.00,0.0000,1.0000,0.0472,495.00,0.0000,1.0000
19,Focal Loss γ=2.0,0.10,0.0472,495.00,0.0000,1.0000,0.0472,495.00,0.0000,1.0000
19,Focal Loss γ=2.0,0.15,0.0472,495.00,0.0000,1.0000,0.0472,495.00,0.0000,1.0000
19,Focal Loss γ=2.0,0.20,0.0472,495.00,0.0000,1.0000,0.0472,495.00,0.0000,1.0000
19,Focal Loss γ=2.0,0.30,0.0472,495.00,0.0000,1.0000,0.0472,495.00,0.0000,1.0000
19,Focal Loss γ=2.0,0.40,0.0472,495.00,0.0000,1.0000,0.0472,495.00,0.0000,1.0000
19,Focal Loss γ=2.0,0.50,0.0472,495.00,0.0000,1.0000,0.0472,495.00,0.0000,1.0000
19,Focal + Temp Scaling,0.02,0.0016,495.00,0.0000,1.0000,0.0015,495.00,0.0000,1.0000
19,Focal + Temp Scaling,0.05,0.0016,495.00,0.0000,1.0000,0.0015,495.00,0.0000,1.0000
19,Focal + Temp Scaling,0.08,0.0016,495.00,0.0000,1.0000,0.0015,495.00,0.0000,1.0000
19,Focal + Temp Scaling,0.10,0.0016,495.00,0.0000,1.0000,0.0015,495.00,0.0000,1.0000
19,Focal + Temp Scaling,0.15,0.0016,495.00,0.0000,1.0000,0.0015,495.00,0.0000,1.0000
19,Focal + Temp Scaling,0.20,0.0016,495.00,0.0000,1.0000,0.0015,495.00,0.0000,1.0000
19,Focal + Temp Scaling,0.30,0.0016,495.00,0.0000,1.0000,0.0015,495.00,0.0000,1.0000
19,Focal + Temp Scaling,0.40,0.0016,495.00,0.0000,1.0000,0.0015,495.00,0.0000,1.0000
19,Focal + Temp Scaling,0.50,0.0016,495.00,0.0000,1.0000,0.0015,495.00,0.0000,1.0000
19,Focal + Matrix Scaling,0.02,0.0135,42733.00,0.1621,0.6404,0.0172,42733.00,0.1621,0.6404
19,Focal + Matrix Scaling,0.05,0.0135,495.00,0.0000,1.0000,0.0135,495.00,0.0000,1.0000
19,Focal + Matrix Scaling,0.08,0.0135,495.00,0.0000,1.0000,0.0135,495.00,0.0000,1.0000
19,Focal + Matrix Scaling,0.10,0.0135,495.00,0.0000,1.0000,0.0135,495.00,0.0000,1.0000
19,Focal + Matrix Scaling,0.15,0.0135,495.00,0.0000,1.0000,0.0135,495.00,0.0000,1.0000
19,Focal + Matrix Scaling,0.20,0.0135,495.00,0.0000,1.0000,0.0135,495.00,0.0000,1.0000
19,Focal + Matrix Scaling,0.30,0.0135,495.00,0.0000,1.0000,0.0135,495.00,0.0000,1.0000
19,Focal + Matrix Scaling,0.40,0.0135,495.00,0.0000,1.0000,0.0135,495.00,0.0000,1.0000
19,Focal + Matrix Scaling,0.50,0.0135,495.00,0.0000,1.0000,0.0135,495.00,0.0000,1.0000
2,Base (non calibrato),0.02,0.0138,25675.00,0.0980,0.0000,0.0221,25675.00,0.0980,0.0000
2,Base (non calibrato),0.05,0.0138,27.00,0.0000,1.0000,0.0144,27.00,0.0000,1.0000
2,Base (non calibrato),0.08,0.0138,27.00,0.0000,1.0000,0.0144,27.00,0.0000,1.0000
2,Base (non calibrato),0.10,0.0138,27.00,0.0000,1.0000,0.0144,27.00,0.0000,1.0000
2,Base (non calibrato),0.15,0.0138,27.00,0.0000,1.0000,0.0144,27.00,0.0000,1.0000
2,Base (non calibrato),0.20,0.0138,27.00,0.0000,1.0000,0.0144,27.00,0.0000,1.0000
2,Base (non calibrato),0.30,0.0138,27.00,0.0000,1.0000,0.0144,27.00,0.0000,1.0000
2,Base (non calibrato),0.40,0.0138,27.00,0.0000,1.0000,0.0144,27.00,0.0000,1.0000
2,Base (non calibrato),0.50,0.0138,27.00,0.0000,1.0000,0.0144,27.00,0.0000,1.0000
2,Temp Scaling,0.02,0.0006,27.00,0.0000,1.0000,0.0008,27.00,0.0000,1.0000
2,Temp Scaling,0.05,0.0006,27.00,0.0000,1.0000,0.0008,27.00,0.0000,1.0000
2,Temp Scaling,0.08,0.0006,27.00,0.0000,1.0000,0.0008,27.00,0.0000,1.0000
2,Temp Scaling,0.10,0.0006,27.00,0.0000,1.0000,0.0008,27.00,0.0000,1.0000
2,Temp Scaling,0.15,0.0006,27.00,0.0000,1.0000,0.0008,27.00,0.0000,1.0000
2,Temp Scaling,0.20,0.0006,27.00,0.0000,1.0000,0.0008,27.00,0.0000,1.0000
2,Temp Scaling,0.30,0.0006,27.00,0.0000,1.0000,0.0008,27.00,0.0000,1.0000
2,Temp Scaling,0.40,0.0006,27.00,0.0000,1.0000,0.0008,27.00,0.0000,1.0000
2,Temp Scaling,0.50,0.0006,27.00,0.0000,1.0000,0.0008,27.00,0.0000,1.0000
2,Matrix Scaling,0.02,0.0044,25675.00,0.0980,0.0000,0.0113,25675.00,0.0980,0.0000
2,Matrix Scaling,0.05,0.0044,27.00,0.0000,1.0000,0.0049,27.00,0.0000,1.0000
2,Matrix Scaling,0.08,0.0044,27.00,0.0000,1.0000,0.0049,27.00,0.0000,1.0000
2,Matrix Scaling,0.10,0.0044,27.00,0.0000,1.0000,0.0049,27.00,0.0000,1.0000
2,Matrix Scaling,0.15,0.0044,27.00,0.0000,1.0000,0.0049,27.00,0.0000,1.0000
2,Matrix Scaling,0.20,0.0044,27.00,0.0000,1.0000,0.0049,27.00,0.0000,1.0000
2,Matrix Scaling,0.30,0.0044,27.00,0.0000,1.0000,0.0049,27.00,0.0000,1.0000
2,Matrix Scaling,0.40,0.0044,27.00,0.0000,1.0000,0.0049,27.00,0.0000,1.0000
2,Matrix Scaling,0.50,0.0044,27.00,0.0000,1.0000,0.0049,27.00,0.0000,1.0000
2,Focal Loss γ=1.0,0.02,0.3137,262117.00,1.0000,0.0000,0.3138,262117.00,1.0000,0.0000
2,Focal Loss γ=1.0,0.05,0.3137,262117.00,1.0000,0.0000,0.3138,262117.00,1.0000,0.0000
2,Focal Loss γ=1.0,0.08,0.3137,262117.00,1.0000,0.0000,0.3138,262117.00,1.0000,0.0000
2,Focal Loss γ=1.0,0.10,0.3137,262117.00,1.0000,0.0000,0.3138,262117.00,1.0000,0.0000
2,Focal Loss γ=1.0,0.15,0.3137,262117.00,1.0000,0.0000,0.3138,262117.00,1.0000,0.0000
2,Focal Loss γ=1.0,0.20,0.3137,262117.00,1.0000,0.0000,0.3138,262117.00,1.0000,0.0000
2,Focal Loss γ=1.0,0.30,0.3137,262117.00,1.0000,0.0000,0.3138,262117.00,1.0000,0.0000
2,Focal Loss γ=1.0,0.40,0.3137,27.00,0.0000,1.0000,0.3138,27.00,0.0000,1.0000
2,Focal Loss γ=1.0,0.50,0.3137,27.00,0.0000,1.0000,0.3138,27.00,0.0000,1.0000
2,Focal Loss γ=2.0,0.02,0.0569,262117.00,1.0000,0.0000,0.0571,262117.00,1.0000,0.0000
2,Focal Loss γ=2.0,0.05,0.0569,262117.00,1.0000,0.0000,0.0571,262117.00,1.0000,0.0000
2,Focal Loss γ=2.0,0.08,0.0569,27.00,0.0000,1.0000,0.0571,27.00,0.0000,1.0000
2,Focal Loss γ=2.0,0.10,0.0569,27.00,0.0000,1.0000,0.0571,27.00,0.0000,1.0000
2,Focal Loss γ=2.0,0.15,0.0569,27.00,0.0000,1.0000,0.0571,27.00,0.0000,1.0000
2,Focal Loss γ=2.0,0.20,0.0569,27.00,0.0000,1.0000,0.0571,27.00,0.0000,1.0000
2,Focal Loss γ=2.0,0.30,0.0569,27.00,0.0000,1.0000,0.0571,27.00,0.0000,1.0000
2,Focal Loss γ=2.0,0.40,0.0569,27.00,0.0000,1.0000,0.0571,27.00,0.0000,1.0000
2,Focal Loss γ=2.0,0.50,0.0569,27.00,0.0000,1.0000,0.0571,27.00,0.0000,1.0000
2,Focal + Temp Scaling,0.02,0.0026,27.00,0.0000,1.0000,0.0027,27.00,0.0000,1.0000
2,Focal + Temp Scaling,0.05,0.0026,27.00,0.0000,1.0000,0.0027,27.00,0.0000,1.0000
2,Focal + Temp Scaling,0.08,0.0026,27.00,0.0000,1.0000,0.0027,27.00,0.0000,1.0000
2,Focal + Temp Scaling,0.10,0.0026,27.00,0.0000,1.0000,0.0027,27.00,0.0000,1.0000
2,Focal + Temp Scaling,0.15,0.0026,27.00,0.0000,1.0000,0.0027,27.00,0.0000,1.0000
2,Focal + Temp Scaling,0.20,0.0026,27.00,0.0000,1.0000,0.0027,27.00,0.0000,1.0000
2,Focal + Temp Scaling,0.30,0.0026,27.00,0.0000,1.0000,0.0027,27.00,0.0000,1.0000
2,Focal + Temp Scaling,0.40,0.0026,27.00,0.0000,1.0000,0.0027,27.00,0.0000,1.0000
2,Focal + Temp Scaling,0.50,0.0026,27.00,0.0000,1.0000,0.0027,27.00,0.0000,1.0000
2,Focal + Matrix Scaling,0.02,0.0084,27.00,0.0000,1.0000,0.0087,27.00,0.0000,1.0000
2,Focal + Matrix Scaling,0.05,0.0084,27.00,0.0000,1.0000,0.0087,27.00,0.0000,1.0000
2,Focal + Matrix Scaling,0.08,0.0084,27.00,0.0000,1.0000,0.0087,27.00,0.0000,1.0000
2,Focal + Matrix Scaling,0.10,0.0084,27.00,0.0000,1.0000,0.0087,27.00,0.0000,1.0000
2,Focal + Matrix Scaling,0.15,0.0084,27.00,0.0000,1.0000,0.0087,27.00,0.0000,1.0000
2,Focal + Matrix Scaling,0.20,0.0084,27.00,0.0000,1.0000,0.0087,27.00,0.0000,1.0000
2,Focal + Matrix Scaling,0.30,0.0084,27.00,0.0000,1.0000,0.0087,27.00,0.0000,1.0000
2,Focal + Matrix Scaling,0.40,0.0084,27.00,0.0000,1.0000,0.0087,27.00,0.0000,1.0000
2,Focal + Matrix Scaling,0.50,0.0084,27.00,0.0000,1.0000,0.0087,27.00,0.0000,1.0000
20,Base (non calibrato),0.02,0.0252,260962.00,1.0000,0.0000,0.0247,260962.00,1.0000,0.0000
20,Base (non calibrato),0.05,0.0252,1182.00,0.0000,1.0000,0.0247,1182.00,0.0000,1.0000
20,Base (non calibrato),0.08,0.0252,1182.00,0.0000,1.0000,0.0247,1182.00,0.0000,1.0000
20,Base (non calibrato),0.10,0.0252,1182.00,0.0000,1.0000,0.0247,1182.00,0.0000,1.0000
20,Base (non calibrato),0.15,0.0252,1182.00,0.0000,1.0000,0.0247,1182.00,0.0000,1.0000
20,Base (non calibrato),0.20,0.0252,1182.00,0.0000,1.0000,0.0247,1182.00,0.0000,1.0000
20,Base (non calibrato),0.30,0.0252,1182.00,0.0000,1.0000,0.0247,1182.00,0.0000,1.0000
20,Base (non calibrato),0.40,0.0252,1182.00,0.0000,1.0000,0.0247,1182.00,0.0000,1.0000
20,Base (non calibrato),0.50,0.0252,1182.00,0.0000,1.0000,0.0247,1182.00,0.0000,1.0000
20,Temp Scaling,0.02,0.0014,1182.00,0.0000,1.0000,0.0021,1182.00,0.0000,1.0000
20,Temp Scaling,0.05,0.0014,1182.00,0.0000,1.0000,0.0021,1182.00,0.0000,1.0000
20,Temp Scaling,0.08,0.0014,1182.00,0.0000,1.0000,0.0021,1182.00,0.0000,1.0000
20,Temp Scaling,0.10,0.0014,1182.00,0.0000,1.0000,0.0021,1182.00,0.0000,1.0000
20,Temp Scaling,0.15,0.0014,1182.00,0.0000,1.0000,0.0021,1182.00,0.0000,1.0000
20,Temp Scaling,0.20,0.0014,1182.00,0.0000,1.0000,0.0021,1182.00,0.0000,1.0000
20,Temp Scaling,0.30,0.0014,1182.00,0.0000,1.0000,0.0021,1182.00,0.0000,1.0000
20,Temp Scaling,0.40,0.0014,1182.00,0.0000,1.0000,0.0021,1182.00,0.0000,1.0000
20,Temp Scaling,0.50,0.0014,1182.00,0.0000,1.0000,0.0021,1182.00,0.0000,1.0000
20,Matrix Scaling,0.02,0.0162,72775.00,0.2778,0.2428,0.0166,72775.00,0.2778,0.2428
20,Matrix Scaling,0.05,0.0162,1182.00,0.0000,1.0000,0.0159,1182.00,0.0000,1.0000
20,Matrix Scaling,0.08,0.0162,1182.00,0.0000,1.0000,0.0159,1182.00,0.0000,1.0000
20,Matrix Scaling,0.10,0.0162,1182.00,0.0000,1.0000,0.0159,1182.00,0.0000,1.0000
20,Matrix Scaling,0.15,0.0162,1182.00,0.0000,1.0000,0.0159,1182.00,0.0000,1.0000
20,Matrix Scaling,0.20,0.0162,1182.00,0.0000,1.0000,0.0159,1182.00,0.0000,1.0000
20,Matrix Scaling,0.30,0.0162,1182.00,0.0000,1.0000,0.0159,1182.00,0.0000,1.0000
20,Matrix Scaling,0.40,0.0162,1182.00,0.0000,1.0000,0.0159,1182.00,0.0000,1.0000
20,Matrix Scaling,0.50,0.0162,1182.00,0.0000,1.0000,0.0159,1182.00,0.0000,1.0000
20,Focal Loss γ=1.0,0.02,0.2914,260962.00,1.0000,0.0000,0.2909,260962.00,1.0000,0.0000
20,Focal Loss γ=1.0,0.05,0.2914,260962.00,1.0000,0.0000,0.2909,260962.00,1.0000,0.0000
20,Focal Loss γ=1.0,0.08,0.2914,260962.00,1.0000,0.0000,0.2909,260962.00,1.0000,0.0000
20,Focal Loss γ=1.0,0.10,0.2914,260962.00,1.0000,0.0000,0.2909,260962.00,1.0000,0.0000
20,Focal Loss γ=1.0,0.15,0.2914,260962.00,1.0000,0.0000,0.2909,260962.00,1.0000,0.0000
20,Focal Loss γ=1.0,0.20,0.2914,260962.00,1.0000,0.0000,0.2909,260962.00,1.0000,0.0000
20,Focal Loss γ=1.0,0.30,0.2914,23658.00,0.0872,0.7707,0.2897,23658.00,0.0872,0.7707
20,Focal Loss γ=1.0,0.40,0.2914,1182.00,0.0000,1.0000,0.2909,1182.00,0.0000,1.0000
20,Focal Loss γ=1.0,0.50,0.2914,1182.00,0.0000,1.0000,0.2909,1182.00,0.0000,1.0000
20,Focal Loss γ=2.0,0.02,0.0453,260962.00,1.0000,0.0000,0.0453,260962.00,1.0000,0.0000
20,Focal Loss γ=2.0,0.05,0.0453,104714.00,0.4009,0.0804,0.0467,104714.00,0.4009,0.0804
20,Focal Loss γ=2.0,0.08,0.0453,1182.00,0.0000,1.0000,0.0453,1182.00,0.0000,1.0000
20,Focal Loss γ=2.0,0.10,0.0453,1182.00,0.0000,1.0000,0.0453,1182.00,0.0000,1.0000
20,Focal Loss γ=2.0,0.15,0.0453,1182.00,0.0000,1.0000,0.0453,1182.00,0.0000,1.0000
20,Focal Loss γ=2.0,0.20,0.0453,1182.00,0.0000,1.0000,0.0453,1182.00,0.0000,1.0000
20,Focal Loss γ=2.0,0.30,0.0453,1182.00,0.0000,1.0000,0.0453,1182.00,0.0000,1.0000
20,Focal Loss γ=2.0,0.40,0.0453,1182.00,0.0000,1.0000,0.0453,1182.00,0.0000,1.0000
20,Focal Loss γ=2.0,0.50,0.0453,1182.00,0.0000,1.0000,0.0453,1182.00,0.0000,1.0000
20,Focal + Temp Scaling,0.02,0.0001,1182.00,0.0000,1.0000,0.0007,1182.00,0.0000,1.0000
20,Focal + Temp Scaling,0.05,0.0001,1182.00,0.0000,1.0000,0.0007,1182.00,0.0000,1.0000
20,Focal + Temp Scaling,0.08,0.0001,1182.00,0.0000,1.0000,0.0007,1182.00,0.0000,1.0000
20,Focal + Temp Scaling,0.10,0.0001,1182.00,0.0000,1.0000,0.0007,1182.00,0.0000,1.0000
20,Focal + Temp Scaling,0.15,0.0001,1182.00,0.0000,1.0000,0.0007,1182.00,0.0000,1.0000
20,Focal + Temp Scaling,0.20,0.0001,1182.00,0.0000,1.0000,0.0007,1182.00,0.0000,1.0000
20,Focal + Temp Scaling,0.30,0.0001,1182.00,0.0000,1.0000,0.0007,1182.00,0.0000,1.0000
20,Focal + Temp Scaling,0.40,0.0001,1182.00,0.0000,1.0000,0.0007,1182.00,0.0000,1.0000
20,Focal + Temp Scaling,0.50,0.0001,1182.00,0.0000,1.0000,0.0007,1182.00,0.0000,1.0000
20,Focal + Matrix Scaling,0.02,0.0124,72775.00,0.2778,0.2428,0.0126,72775.00,0.2778,0.2428
20,Focal + Matrix Scaling,0.05,0.0124,1182.00,0.0000,1.0000,0.0124,1182.00,0.0000,1.0000
20,Focal + Matrix Scaling,0.08,0.0124,1182.00,0.0000,1.0000,0.0124,1182.00,0.0000,1.0000
20,Focal + Matrix Scaling,0.10,0.0124,1182.00,0.0000,1.0000,0.0124,1182.00,0.0000,1.0000
20,Focal + Matrix Scaling,0.15,0.0124,1182.00,0.0000,1.0000,0.0124,1182.00,0.0000,1.0000
20,Focal + Matrix Scaling,0.20,0.0124,1182.00,0.0000,1.0000,0.0124,1182.00,0.0000,1.0000
20,Focal + Matrix Scaling,0.30,0.0124,1182.00,0.0000,1.0000,0.0124,1182.00,0.0000,1.0000
20,Focal + Matrix Scaling,0.40,0.0124,1182.00,0.0000,1.0000,0.0124,1182.00,0.0000,1.0000
20,Focal + Matrix Scaling,0.50,0.0124,1182.00,0.0000,1.0000,0.0124,1182.00,0.0000,1.0000
21,Base (non calibrato),0.02,0.0255,261668.00,1.0000,0.0000,0.0256,261668.00,1.0000,0.0000
21,Base (non calibrato),0.05,0.0255,476.00,0.0000,1.0000,0.0256,476.00,0.0000,1.0000
21,Base (non calibrato),0.08,0.0255,476.00,0.0000,1.0000,0.0256,476.00,0.0000,1.0000
21,Base (non calibrato),0.10,0.0255,476.00,0.0000,1.0000,0.0256,476.00,0.0000,1.0000
21,Base (non calibrato),0.15,0.0255,476.00,0.0000,1.0000,0.0256,476.00,0.0000,1.0000
21,Base (non calibrato),0.20,0.0255,476.00,0.0000,1.0000,0.0256,476.00,0.0000,1.0000
21,Base (non calibrato),0.30,0.0255,476.00,0.0000,1.0000,0.0256,476.00,0.0000,1.0000
21,Base (non calibrato),0.40,0.0255,476.00,0.0000,1.0000,0.0256,476.00,0.0000,1.0000
21,Base (non calibrato),0.50,0.0255,476.00,0.0000,1.0000,0.0256,476.00,0.0000,1.0000
21,Temp Scaling,0.02,0.0002,476.00,0.0000,1.0000,0.0001,476.00,0.0000,1.0000
21,Temp Scaling,0.05,0.0002,476.00,0.0000,1.0000,0.0001,476.00,0.0000,1.0000
21,Temp Scaling,0.08,0.0002,476.00,0.0000,1.0000,0.0001,476.00,0.0000,1.0000
21,Temp Scaling,0.10,0.0002,476.00,0.0000,1.0000,0.0001,476.00,0.0000,1.0000
21,Temp Scaling,0.15,0.0002,476.00,0.0000,1.0000,0.0001,476.00,0.0000,1.0000
21,Temp Scaling,0.20,0.0002,476.00,0.0000,1.0000,0.0001,476.00,0.0000,1.0000
21,Temp Scaling,0.30,0.0002,476.00,0.0000,1.0000,0.0001,476.00,0.0000,1.0000
21,Temp Scaling,0.40,0.0002,476.00,0.0000,1.0000,0.0001,476.00,0.0000,1.0000
21,Temp Scaling,0.50,0.0002,476.00,0.0000,1.0000,0.0001,476.00,0.0000,1.0000
21,Matrix Scaling,0.02,0.0168,70328.00,0.2687,0.0168,0.0171,70328.00,0.2687,0.0168
21,Matrix Scaling,0.05,0.0168,476.00,0.0000,1.0000,0.0169,476.00,0.0000,1.0000
21,Matrix Scaling,0.08,0.0168,476.00,0.0000,1.0000,0.0169,476.00,0.0000,1.0000
21,Matrix Scaling,0.10,0.0168,476.00,0.0000,1.0000,0.0169,476.00,0.0000,1.0000
21,Matrix Scaling,0.15,0.0168,476.00,0.0000,1.0000,0.0169,476.00,0.0000,1.0000
21,Matrix Scaling,0.20,0.0168,476.00,0.0000,1.0000,0.0169,476.00,0.0000,1.0000
21,Matrix Scaling,0.30,0.0168,476.00,0.0000,1.0000,0.0169,476.00,0.0000,1.0000
21,Matrix Scaling,0.40,0.0168,476.00,0.0000,1.0000,0.0169,476.00,0.0000,1.0000
21,Matrix Scaling,0.50,0.0168,476.00,0.0000,1.0000,0.0169,476.00,0.0000,1.0000
21,Focal Loss γ=1.0,0.02,0.2942,261668.00,1.0000,0.0000,0.2941,261668.00,1.0000,0.0000
21,Focal Loss γ=1.0,0.05,0.2942,261668.00,1.0000,0.0000,0.2941,261668.00,1.0000,0.0000
21,Focal Loss γ=1.0,0.08,0.2942,261668.00,1.0000,0.0000,0.2941,261668.00,1.0000,0.0000
21,Focal Loss γ=1.0,0.10,0.2942,261668.00,1.0000,0.0000,0.2941,261668.00,1.0000,0.0000
21,Focal Loss γ=1.0,0.15,0.2942,261668.00,1.0000,0.0000,0.2941,261668.00,1.0000,0.0000
21,Focal Loss γ=1.0,0.20,0.2942,261668.00,1.0000,0.0000,0.2941,261668.00,1.0000,0.0000
21,Focal Loss γ=1.0,0.30,0.2942,22807.00,0.0853,1.0000,0.2971,22807.00,0.0853,1.0000
21,Focal Loss γ=1.0,0.40,0.2942,476.00,0.0000,1.0000,0.2941,476.00,0.0000,1.0000
21,Focal Loss γ=1.0,0.50,0.2942,476.00,0.0000,1.0000,0.2941,476.00,0.0000,1.0000
21,Focal Loss γ=2.0,0.02,0.0471,261668.00,1.0000,0.0000,0.0473,261668.00,1.0000,0.0000
21,Focal Loss γ=2.0,0.05,0.0471,90990.00,0.3477,0.0084,0.0480,90990.00,0.3477,0.0084
21,Focal Loss γ=2.0,0.08,0.0471,476.00,0.0000,1.0000,0.0473,476.00,0.0000,1.0000
21,Focal Loss γ=2.0,0.10,0.0471,476.00,0.0000,1.0000,0.0473,476.00,0.0000,1.0000
21,Focal Loss γ=2.0,0.15,0.0471,476.00,0.0000,1.0000,0.0473,476.00,0.0000,1.0000
21,Focal Loss γ=2.0,0.20,0.0471,476.00,0.0000,1.0000,0.0473,476.00,0.0000,1.0000
21,Focal Loss γ=2.0,0.30,0.0471,476.00,0.0000,1.0000,0.0473,476.00,0.0000,1.0000
21,Focal Loss γ=2.0,0.40,0.0471,476.00,0.0000,1.0000,0.0473,476.00,0.0000,1.0000
21,Focal Loss γ=2.0,0.50,0.0471,476.00,0.0000,1.0000,0.0473,476.00,0.0000,1.0000
21,Focal + Temp Scaling,0.02,0.0017,476.00,0.0000,1.0000,0.0015,476.00,0.0000,1.0000
21,Focal + Temp Scaling,0.05,0.0017,476.00,0.0000,1.0000,0.0015,476.00,0.0000,1.0000
21,Focal + Temp Scaling,0.08,0.0017,476.00,0.0000,1.0000,0.0015,476.00,0.0000,1.0000
21,Focal + Temp Scaling,0.10,0.0017,476.00,0.0000,1.0000,0.0015,476.00,0.0000,1.0000
21,Focal + Temp Scaling,0.15,0.0017,476.00,0.0000,1.0000,0.0015,476.00,0.0000,1.0000
21,Focal + Temp Scaling,0.20,0.0017,476.00,0.0000,1.0000,0.0015,476.00,0.0000,1.0000
21,Focal + Temp Scaling,0.30,0.0017,476.00,0.0000,1.0000,0.0015,476.00,0.0000,1.0000
21,Focal + Temp Scaling,0.40,0.0017,476.00,0.0000,1.0000,0.0015,476.00,0.0000,1.0000
21,Focal + Temp Scaling,0.50,0.0017,476.00,0.0000,1.0000,0.0015,476.00,0.0000,1.0000
21,Focal + Matrix Scaling,0.02,0.0141,45082.00,0.1718,0.2542,0.0145,45082.00,0.1718,0.2542
21,Focal + Matrix Scaling,0.05,0.0141,476.00,0.0000,1.0000,0.0142,476.00,0.0000,1.0000
21,Focal + Matrix Scaling,0.08,0.0141,476.00,0.0000,1.0000,0.0142,476.00,0.0000,1.0000
21,Focal + Matrix Scaling,0.10,0.0141,476.00,0.0000,1.0000,0.0142,476.00,0.0000,1.0000
21,Focal + Matrix Scaling,0.15,0.0141,476.00,0.0000,1.0000,0.0142,476.00,0.0000,1.0000
21,Focal + Matrix Scaling,0.20,0.0141,476.00,0.0000,1.0000,0.0142,476.00,0.0000,1.0000
21,Focal + Matrix Scaling,0.30,0.0141,476.00,0.0000,1.0000,0.0142,476.00,0.0000,1.0000
21,Focal + Matrix Scaling,0.40,0.0141,476.00,0.0000,1.0000,0.0142,476.00,0.0000,1.0000
21,Focal + Matrix Scaling,0.50,0.0141,476.00,0.0000,1.0000,0.0142,476.00,0.0000,1.0000
22,Base (non calibrato),0.02,0.0270,261468.00,1.0000,0.0000,0.0270,261468.00,1.0000,0.0000
22,Base (non calibrato),0.05,0.0270,676.00,0.0000,1.0000,0.0270,676.00,0.0000,1.0000
22,Base (non calibrato),0.08,0.0270,676.00,0.0000,1.0000,0.0270,676.00,0.0000,1.0000
22,Base (non calibrato),0.10,0.0270,676.00,0.0000,1.0000,0.0270,676.00,0.0000,1.0000
22,Base (non calibrato),0.15,0.0270,676.00,0.0000,1.0000,0.0270,676.00,0.0000,1.0000
22,Base (non calibrato),0.20,0.0270,676.00,0.0000,1.0000,0.0270,676.00,0.0000,1.0000
22,Base (non calibrato),0.30,0.0270,676.00,0.0000,1.0000,0.0270,676.00,0.0000,1.0000
22,Base (non calibrato),0.40,0.0270,676.00,0.0000,1.0000,0.0270,676.00,0.0000,1.0000
22,Base (non calibrato),0.50,0.0270,676.00,0.0000,1.0000,0.0270,676.00,0.0000,1.0000
22,Temp Scaling,0.02,0.0001,676.00,0.0000,1.0000,0.0001,676.00,0.0000,1.0000
22,Temp Scaling,0.05,0.0001,676.00,0.0000,1.0000,0.0001,676.00,0.0000,1.0000
22,Temp Scaling,0.08,0.0001,676.00,0.0000,1.0000,0.0001,676.00,0.0000,1.0000
22,Temp Scaling,0.10,0.0001,676.00,0.0000,1.0000,0.0001,676.00,0.0000,1.0000
22,Temp Scaling,0.15,0.0001,676.00,0.0000,1.0000,0.0001,676.00,0.0000,1.0000
22,Temp Scaling,0.20,0.0001,676.00,0.0000,1.0000,0.0001,676.00,0.0000,1.0000
22,Temp Scaling,0.30,0.0001,676.00,0.0000,1.0000,0.0001,676.00,0.0000,1.0000
22,Temp Scaling,0.40,0.0001,676.00,0.0000,1.0000,0.0001,676.00,0.0000,1.0000
22,Temp Scaling,0.50,0.0001,676.00,0.0000,1.0000,0.0001,676.00,0.0000,1.0000
22,Matrix Scaling,0.02,0.0191,101362.00,0.3872,0.1716,0.0193,101362.00,0.3872,0.1716
22,Matrix Scaling,0.05,0.0191,676.00,0.0000,1.0000,0.0189,676.00,0.0000,1.0000
22,Matrix Scaling,0.08,0.0191,676.00,0.0000,1.0000,0.0189,676.00,0.0000,1.0000
22,Matrix Scaling,0.10,0.0191,676.00,0.0000,1.0000,0.0189,676.00,0.0000,1.0000
22,Matrix Scaling,0.15,0.0191,676.00,0.0000,1.0000,0.0189,676.00,0.0000,1.0000
22,Matrix Scaling,0.20,0.0191,676.00,0.0000,1.0000,0.0189,676.00,0.0000,1.0000
22,Matrix Scaling,0.30,0.0191,676.00,0.0000,1.0000,0.0189,676.00,0.0000,1.0000
22,Matrix Scaling,0.40,0.0191,676.00,0.0000,1.0000,0.0189,676.00,0.0000,1.0000
22,Matrix Scaling,0.50,0.0191,676.00,0.0000,1.0000,0.0189,676.00,0.0000,1.0000
22,Focal Loss γ=1.0,0.02,0.2921,261468.00,1.0000,0.0000,0.2920,261468.00,1.0000,0.0000
22,Focal Loss γ=1.0,0.05,0.2921,261468.00,1.0000,0.0000,0.2920,261468.00,1.0000,0.0000
22,Focal Loss γ=1.0,0.08,0.2921,261468.00,1.0000,0.0000,0.2920,261468.00,1.0000,0.0000
22,Focal Loss γ=1.0,0.10,0.2921,261468.00,1.0000,0.0000,0.2920,261468.00,1.0000,0.0000
22,Focal Loss γ=1.0,0.15,0.2921,261468.00,1.0000,0.0000,0.2920,261468.00,1.0000,0.0000
22,Focal Loss γ=1.0,0.20,0.2921,261468.00,1.0000,0.0000,0.2920,261468.00,1.0000,0.0000
22,Focal Loss γ=1.0,0.30,0.2921,676.00,0.0000,1.0000,0.2920,676.00,0.0000,1.0000
22,Focal Loss γ=1.0,0.40,0.2921,676.00,0.0000,1.0000,0.2920,676.00,0.0000,1.0000
22,Focal Loss γ=1.0,0.50,0.2921,676.00,0.0000,1.0000,0.2920,676.00,0.0000,1.0000
22,Focal Loss γ=2.0,0.02,0.0489,261468.00,1.0000,0.0000,0.0490,261468.00,1.0000,0.0000
22,Focal Loss γ=2.0,0.05,0.0489,153906.00,0.5884,0.0962,0.0496,153906.00,0.5884,0.0962
22,Focal Loss γ=2.0,0.08,0.0489,676.00,0.0000,1.0000,0.0490,676.00,0.0000,1.0000
22,Focal Loss γ=2.0,0.10,0.0489,676.00,0.0000,1.0000,0.0490,676.00,0.0000,1.0000
22,Focal Loss γ=2.0,0.15,0.0489,676.00,0.0000,1.0000,0.0490,676.00,0.0000,1.0000
22,Focal Loss γ=2.0,0.20,0.0489,676.00,0.0000,1.0000,0.0490,676.00,0.0000,1.0000
22,Focal Loss γ=2.0,0.30,0.0489,676.00,0.0000,1.0000,0.0490,676.00,0.0000,1.0000
22,Focal Loss γ=2.0,0.40,0.0489,676.00,0.0000,1.0000,0.0490,676.00,0.0000,1.0000
22,Focal Loss γ=2.0,0.50,0.0489,676.00,0.0000,1.0000,0.0490,676.00,0.0000,1.0000
22,Focal + Temp Scaling,0.02,0.0015,676.00,0.0000,1.0000,0.0016,676.00,0.0000,1.0000
22,Focal + Temp Scaling,0.05,0.0015,676.00,0.0000,1.0000,0.0016,676.00,0.0000,1.0000
22,Focal + Temp Scaling,0.08,0.0015,676.00,0.0000,1.0000,0.0016,676.00,0.0000,1.0000
22,Focal + Temp Scaling,0.10,0.0015,676.00,0.0000,1.0000,0.0016,676.00,0.0000,1.0000
22,Focal + Temp Scaling,0.15,0.0015,676.00,0.0000,1.0000,0.0016,676.00,0.0000,1.0000
22,Focal + Temp Scaling,0.20,0.0015,676.00,0.0000,1.0000,0.0016,676.00,0.0000,1.0000
22,Focal + Temp Scaling,0.30,0.0015,676.00,0.0000,1.0000,0.0016,676.00,0.0000,1.0000
22,Focal + Temp Scaling,0.40,0.0015,676.00,0.0000,1.0000,0.0016,676.00,0.0000,1.0000
22,Focal + Temp Scaling,0.50,0.0015,676.00,0.0000,1.0000,0.0016,676.00,0.0000,1.0000
22,Focal + Matrix Scaling,0.02,0.0158,78377.00,0.2993,0.1716,0.0165,78377.00,0.2993,0.1716
22,Focal + Matrix Scaling,0.05,0.0158,676.00,0.0000,1.0000,0.0156,676.00,0.0000,1.0000
22,Focal + Matrix Scaling,0.08,0.0158,676.00,0.0000,1.0000,0.0156,676.00,0.0000,1.0000
22,Focal + Matrix Scaling,0.10,0.0158,676.00,0.0000,1.0000,0.0156,676.00,0.0000,1.0000
22,Focal + Matrix Scaling,0.15,0.0158,676.00,0.0000,1.0000,0.0156,676.00,0.0000,1.0000
22,Focal + Matrix Scaling,0.20,0.0158,676.00,0.0000,1.0000,0.0156,676.00,0.0000,1.0000
22,Focal + Matrix Scaling,0.30,0.0158,676.00,0.0000,1.0000,0.0156,676.00,0.0000,1.0000
22,Focal + Matrix Scaling,0.40,0.0158,676.00,0.0000,1.0000,0.0156,676.00,0.0000,1.0000
22,Focal + Matrix Scaling,0.50,0.0158,676.00,0.0000,1.0000,0.0156,676.00,0.0000,1.0000
23,Base (non calibrato),0.02,0.0273,261890.00,1.0000,0.0000,0.0272,261890.00,1.0000,0.0000
23,Base (non calibrato),0.05,0.0273,254.00,0.0000,1.0000,0.0272,254.00,0.0000,1.0000
23,Base (non calibrato),0.08,0.0273,254.00,0.0000,1.0000,0.0272,254.00,0.0000,1.0000
23,Base (non calibrato),0.10,0.0273,254.00,0.0000,1.0000,0.0272,254.00,0.0000,1.0000
23,Base (non calibrato),0.15,0.0273,254.00,0.0000,1.0000,0.0272,254.00,0.0000,1.0000
23,Base (non calibrato),0.20,0.0273,254.00,0.0000,1.0000,0.0272,254.00,0.0000,1.0000
23,Base (non calibrato),0.30,0.0273,254.00,0.0000,1.0000,0.0272,254.00,0.0000,1.0000
23,Base (non calibrato),0.40,0.0273,254.00,0.0000,1.0000,0.0272,254.00,0.0000,1.0000
23,Base (non calibrato),0.50,0.0273,254.00,0.0000,1.0000,0.0272,254.00,0.0000,1.0000
23,Temp Scaling,0.02,0.0010,254.00,0.0000,1.0000,0.0010,254.00,0.0000,1.0000
23,Temp Scaling,0.05,0.0010,254.00,0.0000,1.0000,0.0010,254.00,0.0000,1.0000
23,Temp Scaling,0.08,0.0010,254.00,0.0000,1.0000,0.0010,254.00,0.0000,1.0000
23,Temp Scaling,0.10,0.0010,254.00,0.0000,1.0000,0.0010,254.00,0.0000,1.0000
23,Temp Scaling,0.15,0.0010,254.00,0.0000,1.0000,0.0010,254.00,0.0000,1.0000
23,Temp Scaling,0.20,0.0010,254.00,0.0000,1.0000,0.0010,254.00,0.0000,1.0000
23,Temp Scaling,0.30,0.0010,254.00,0.0000,1.0000,0.0010,254.00,0.0000,1.0000
23,Temp Scaling,0.40,0.0010,254.00,0.0000,1.0000,0.0010,254.00,0.0000,1.0000
23,Temp Scaling,0.50,0.0010,254.00,0.0000,1.0000,0.0010,254.00,0.0000,1.0000
23,Matrix Scaling,0.02,0.0185,114388.00,0.4362,0.6417,0.0194,114388.00,0.4362,0.6417
23,Matrix Scaling,0.05,0.0185,254.00,0.0000,1.0000,0.0184,254.00,0.0000,1.0000
23,Matrix Scaling,0.08,0.0185,254.00,0.0000,1.0000,0.0184,254.00,0.0000,1.0000
23,Matrix Scaling,0.10,0.0185,254.00,0.0000,1.0000,0.0184,254.00,0.0000,1.0000
23,Matrix Scaling,0.15,0.0185,254.00,0.0000,1.0000,0.0184,254.00,0.0000,1.0000
23,Matrix Scaling,0.20,0.0185,254.00,0.0000,1.0000,0.0184,254.00,0.0000,1.0000
23,Matrix Scaling,0.30,0.0185,254.00,0.0000,1.0000,0.0184,254.00,0.0000,1.0000
23,Matrix Scaling,0.40,0.0185,254.00,0.0000,1.0000,0.0184,254.00,0.0000,1.0000
23,Matrix Scaling,0.50,0.0185,254.00,0.0000,1.0000,0.0184,254.00,0.0000,1.0000
23,Focal Loss γ=1.0,0.02,0.2960,261890.00,1.0000,0.0000,0.2958,261890.00,1.0000,0.0000
23,Focal Loss γ=1.0,0.05,0.2960,261890.00,1.0000,0.0000,0.2958,261890.00,1.0000,0.0000
23,Focal Loss γ=1.0,0.08,0.2960,261890.00,1.0000,0.0000,0.2958,261890.00,1.0000,0.0000
23,Focal Loss γ=1.0,0.10,0.2960,261890.00,1.0000,0.0000,0.2958,261890.00,1.0000,0.0000
23,Focal Loss γ=1.0,0.15,0.2960,261890.00,1.0000,0.0000,0.2958,261890.00,1.0000,0.0000
23,Focal Loss γ=1.0,0.20,0.2960,261890.00,1.0000,0.0000,0.2958,261890.00,1.0000,0.0000
23,Focal Loss γ=1.0,0.30,0.2960,43092.00,0.1637,0.8740,0.2983,43092.00,0.1637,0.8740
23,Focal Loss γ=1.0,0.40,0.2960,254.00,0.0000,1.0000,0.2958,254.00,0.0000,1.0000
23,Focal Loss γ=1.0,0.50,0.2960,254.00,0.0000,1.0000,0.2958,254.00,0.0000,1.0000
23,Focal Loss γ=2.0,0.02,0.0494,261890.00,1.0000,0.0000,0.0495,261890.00,1.0000,0.0000
23,Focal Loss γ=2.0,0.05,0.0494,119652.00,0.4567,0.2205,0.0507,119652.00,0.4567,0.2205
23,Focal Loss γ=2.0,0.08,0.0494,254.00,0.0000,1.0000,0.0495,254.00,0.0000,1.0000
23,Focal Loss γ=2.0,0.10,0.0494,254.00,0.0000,1.0000,0.0495,254.00,0.0000,1.0000
23,Focal Loss γ=2.0,0.15,0.0494,254.00,0.0000,1.0000,0.0495,254.00,0.0000,1.0000
23,Focal Loss γ=2.0,0.20,0.0494,254.00,0.0000,1.0000,0.0495,254.00,0.0000,1.0000
23,Focal Loss γ=2.0,0.30,0.0494,254.00,0.0000,1.0000,0.0495,254.00,0.0000,1.0000
23,Focal Loss γ=2.0,0.40,0.0494,254.00,0.0000,1.0000,0.0495,254.00,0.0000,1.0000
23,Focal Loss γ=2.0,0.50,0.0494,254.00,0.0000,1.0000,0.0495,254.00,0.0000,1.0000
23,Focal + Temp Scaling,0.02,0.0027,254.00,0.0000,1.0000,0.0027,254.00,0.0000,1.0000
23,Focal + Temp Scaling,0.05,0.0027,254.00,0.0000,1.0000,0.0027,254.00,0.0000,1.0000
23,Focal + Temp Scaling,0.08,0.0027,254.00,0.0000,1.0000,0.0027,254.00,0.0000,1.0000
23,Focal + Temp Scaling,0.10,0.0027,254.00,0.0000,1.0000,0.0027,254.00,0.0000,1.0000
23,Focal + Temp Scaling,0.15,0.0027,254.00,0.0000,1.0000,0.0027,254.00,0.0000,1.0000
23,Focal + Temp Scaling,0.20,0.0027,254.00,0.0000,1.0000,0.0027,254.00,0.0000,1.0000
23,Focal + Temp Scaling,0.30,0.0027,254.00,0.0000,1.0000,0.0027,254.00,0.0000,1.0000
23,Focal + Temp Scaling,0.40,0.0027,254.00,0.0000,1.0000,0.0027,254.00,0.0000,1.0000
23,Focal + Temp Scaling,0.50,0.0027,254.00,0.0000,1.0000,0.0027,254.00,0.0000,1.0000
23,Focal + Matrix Scaling,0.02,0.0155,22624.00,0.0854,1.0000,0.0176,22624.00,0.0854,1.0000
23,Focal + Matrix Scaling,0.05,0.0155,254.00,0.0000,1.0000,0.0154,254.00,0.0000,1.0000
23,Focal + Matrix Scaling,0.08,0.0155,254.00,0.0000,1.0000,0.0154,254.00,0.0000,1.0000
23,Focal + Matrix Scaling,0.10,0.0155,254.00,0.0000,1.0000,0.0154,254.00,0.0000,1.0000
23,Focal + Matrix Scaling,0.15,0.0155,254.00,0.0000,1.0000,0.0154,254.00,0.0000,1.0000
23,Focal + Matrix Scaling,0.20,0.0155,254.00,0.0000,1.0000,0.0154,254.00,0.0000,1.0000
23,Focal + Matrix Scaling,0.30,0.0155,254.00,0.0000,1.0000,0.0154,254.00,0.0000,1.0000
23,Focal + Matrix Scaling,0.40,0.0155,254.00,0.0000,1.0000,0.0154,254.00,0.0000,1.0000
23,Focal + Matrix Scaling,0.50,0.0155,254.00,0.0000,1.0000,0.0154,254.00,0.0000,1.0000
24,Base (non calibrato),0.02,0.0235,260752.00,1.0000,0.0000,0.0233,260752.00,1.0000,0.0000
24,Base (non calibrato),0.05,0.0235,1392.00,0.0000,1.0000,0.0233,1392.00,0.0000,1.0000
24,Base (non calibrato),0.08,0.0235,1392.00,0.0000,1.0000,0.0233,1392.00,0.0000,1.0000
24,Base (non calibrato),0.10,0.0235,1392.00,0.0000,1.0000,0.0233,1392.00,0.0000,1.0000
24,Base (non calibrato),0.15,0.0235,1392.00,0.0000,1.0000,0.0233,1392.00,0.0000,1.0000
24,Base (non calibrato),0.20,0.0235,1392.00,0.0000,1.0000,0.0233,1392.00,0.0000,1.0000
24,Base (non calibrato),0.30,0.0235,1392.00,0.0000,1.0000,0.0233,1392.00,0.0000,1.0000
24,Base (non calibrato),0.40,0.0235,1392.00,0.0000,1.0000,0.0233,1392.00,0.0000,1.0000
24,Base (non calibrato),0.50,0.0235,1392.00,0.0000,1.0000,0.0233,1392.00,0.0000,1.0000
24,Temp Scaling,0.02,0.0020,1392.00,0.0000,1.0000,0.0022,1392.00,0.0000,1.0000
24,Temp Scaling,0.05,0.0020,1392.00,0.0000,1.0000,0.0022,1392.00,0.0000,1.0000
24,Temp Scaling,0.08,0.0020,1392.00,0.0000,1.0000,0.0022,1392.00,0.0000,1.0000
24,Temp Scaling,0.10,0.0020,1392.00,0.0000,1.0000,0.0022,1392.00,0.0000,1.0000
24,Temp Scaling,0.15,0.0020,1392.00,0.0000,1.0000,0.0022,1392.00,0.0000,1.0000
24,Temp Scaling,0.20,0.0020,1392.00,0.0000,1.0000,0.0022,1392.00,0.0000,1.0000
24,Temp Scaling,0.30,0.0020,1392.00,0.0000,1.0000,0.0022,1392.00,0.0000,1.0000
24,Temp Scaling,0.40,0.0020,1392.00,0.0000,1.0000,0.0022,1392.00,0.0000,1.0000
24,Temp Scaling,0.50,0.0020,1392.00,0.0000,1.0000,0.0022,1392.00,0.0000,1.0000
24,Matrix Scaling,0.02,0.0132,73795.00,0.2796,0.6422,0.0154,73795.00,0.2796,0.6422
24,Matrix Scaling,0.05,0.0132,1392.00,0.0000,1.0000,0.0130,1392.00,0.0000,1.0000
24,Matrix Scaling,0.08,0.0132,1392.00,0.0000,1.0000,0.0130,1392.00,0.0000,1.0000
24,Matrix Scaling,0.10,0.0132,1392.00,0.0000,1.0000,0.0130,1392.00,0.0000,1.0000
24,Matrix Scaling,0.15,0.0132,1392.00,0.0000,1.0000,0.0130,1392.00,0.0000,1.0000
24,Matrix Scaling,0.20,0.0132,1392.00,0.0000,1.0000,0.0130,1392.00,0.0000,1.0000
24,Matrix Scaling,0.30,0.0132,1392.00,0.0000,1.0000,0.0130,1392.00,0.0000,1.0000
24,Matrix Scaling,0.40,0.0132,1392.00,0.0000,1.0000,0.0130,1392.00,0.0000,1.0000
24,Matrix Scaling,0.50,0.0132,1392.00,0.0000,1.0000,0.0130,1392.00,0.0000,1.0000
24,Focal Loss γ=1.0,0.02,0.2909,260752.00,1.0000,0.0000,0.2909,260752.00,1.0000,0.0000
24,Focal Loss γ=1.0,0.05,0.2909,260752.00,1.0000,0.0000,0.2909,260752.00,1.0000,0.0000
24,Focal Loss γ=1.0,0.08,0.2909,260752.00,1.0000,0.0000,0.2909,260752.00,1.0000,0.0000
24,Focal Loss γ=1.0,0.10,0.2909,260752.00,1.0000,0.0000,0.2909,260752.00,1.0000,0.0000
24,Focal Loss γ=1.0,0.15,0.2909,260752.00,1.0000,0.0000,0.2909,260752.00,1.0000,0.0000
24,Focal Loss γ=1.0,0.20,0.2909,260752.00,1.0000,0.0000,0.2909,260752.00,1.0000,0.0000
24,Focal Loss γ=1.0,0.30,0.2909,26776.00,0.0984,0.8032,0.2943,26776.00,0.0984,0.8032
24,Focal Loss γ=1.0,0.40,0.2909,1392.00,0.0000,1.0000,0.2909,1392.00,0.0000,1.0000
24,Focal Loss γ=1.0,0.50,0.2909,1392.00,0.0000,1.0000,0.2909,1392.00,0.0000,1.0000
24,Focal Loss γ=2.0,0.02,0.0508,260752.00,1.0000,0.0000,0.0515,260752.00,1.0000,0.0000
24,Focal Loss γ=2.0,0.05,0.0508,166860.00,0.6399,0.0000,0.0504,166860.00,0.6399,0.0000
24,Focal Loss γ=2.0,0.08,0.0508,1392.00,0.0000,1.0000,0.0515,1392.00,0.0000,1.0000
24,Focal Loss γ=2.0,0.10,0.0508,1392.00,0.0000,1.0000,0.0515,1392.00,0.0000,1.0000
24,Focal Loss γ=2.0,0.15,0.0508,1392.00,0.0000,1.0000,0.0515,1392.00,0.0000,1.0000
24,Focal Loss γ=2.0,0.20,0.0508,1392.00,0.0000,1.0000,0.0515,1392.00,0.0000,1.0000
24,Focal Loss γ=2.0,0.30,0.0508,1392.00,0.0000,1.0000,0.0515,1392.00,0.0000,1.0000
24,Focal Loss γ=2.0,0.40,0.0508,1392.00,0.0000,1.0000,0.0515,1392.00,0.0000,1.0000
24,Focal Loss γ=2.0,0.50,0.0508,1392.00,0.0000,1.0000,0.0515,1392.00,0.0000,1.0000
24,Focal + Temp Scaling,0.02,0.0016,1392.00,0.0000,1.0000,0.0016,1392.00,0.0000,1.0000
24,Focal + Temp Scaling,0.05,0.0016,1392.00,0.0000,1.0000,0.0016,1392.00,0.0000,1.0000
24,Focal + Temp Scaling,0.08,0.0016,1392.00,0.0000,1.0000,0.0016,1392.00,0.0000,1.0000
24,Focal + Temp Scaling,0.10,0.0016,1392.00,0.0000,1.0000,0.0016,1392.00,0.0000,1.0000
24,Focal + Temp Scaling,0.15,0.0016,1392.00,0.0000,1.0000,0.0016,1392.00,0.0000,1.0000
24,Focal + Temp Scaling,0.20,0.0016,1392.00,0.0000,1.0000,0.0016,1392.00,0.0000,1.0000
24,Focal + Temp Scaling,0.30,0.0016,1392.00,0.0000,1.0000,0.0016,1392.00,0.0000,1.0000
24,Focal + Temp Scaling,0.40,0.0016,1392.00,0.0000,1.0000,0.0016,1392.00,0.0000,1.0000
24,Focal + Temp Scaling,0.50,0.0016,1392.00,0.0000,1.0000,0.0016,1392.00,0.0000,1.0000
24,Focal + Matrix Scaling,0.02,0.0122,77017.00,0.2925,0.5295,0.0135,77017.00,0.2925,0.5295
24,Focal + Matrix Scaling,0.05,0.0122,1392.00,0.0000,1.0000,0.0123,1392.00,0.0000,1.0000
24,Focal + Matrix Scaling,0.08,0.0122,1392.00,0.0000,1.0000,0.0123,1392.00,0.0000,1.0000
24,Focal + Matrix Scaling,0.10,0.0122,1392.00,0.0000,1.0000,0.0123,1392.00,0.0000,1.0000
24,Focal + Matrix Scaling,0.15,0.0122,1392.00,0.0000,1.0000,0.0123,1392.00,0.0000,1.0000
24,Focal + Matrix Scaling,0.20,0.0122,1392.00,0.0000,1.0000,0.0123,1392.00,0.0000,1.0000
24,Focal + Matrix Scaling,0.30,0.0122,1392.00,0.0000,1.0000,0.0123,1392.00,0.0000,1.0000
24,Focal + Matrix Scaling,0.40,0.0122,1392.00,0.0000,1.0000,0.0123,1392.00,0.0000,1.0000
24,Focal + Matrix Scaling,0.50,0.0122,1392.00,0.0000,1.0000,0.0123,1392.00,0.0000,1.0000
25,Base (non calibrato),0.02,0.0648,246511.00,1.0000,0.0000,0.0650,246511.00,1.0000,0.0000
25,Base (non calibrato),0.05,0.0648,246511.00,1.0000,0.0000,0.0650,246511.00,1.0000,0.0000
25,Base (non calibrato),0.08,0.0648,180565.00,0.7283,0.0657,0.0567,180565.00,0.7283,0.0657
25,Base (non calibrato),0.10,0.0648,127166.00,0.5030,0.2035,0.0602,127166.00,0.5030,0.2035
25,Base (non calibrato),0.15,0.0648,44916.00,0.1431,0.6169,0.1026,44916.00,0.1431,0.6169
25,Base (non calibrato),0.20,0.0648,44916.00,0.1431,0.6169,0.1026,44916.00,0.1431,0.6169
25,Base (non calibrato),0.30,0.0648,15633.00,0.0000,1.0000,0.0650,15633.00,0.0000,1.0000
25,Base (non calibrato),0.40,0.0648,15633.00,0.0000,1.0000,0.0650,15633.00,0.0000,1.0000
25,Base (non calibrato),0.50,0.0648,15633.00,0.0000,1.0000,0.0650,15633.00,0.0000,1.0000
25,Temp Scaling,0.02,0.0267,234373.00,0.9508,0.0001,0.0188,234373.00,0.9508,0.0001
25,Temp Scaling,0.05,0.0267,127166.00,0.5030,0.2035,0.0208,127166.00,0.5030,0.2035
25,Temp Scaling,0.08,0.0267,110103.00,0.4289,0.2799,0.0556,110103.00,0.4289,0.2799
25,Temp Scaling,0.10,0.0267,85427.00,0.3227,0.3758,0.0589,85427.00,0.3227,0.3758
25,Temp Scaling,0.15,0.0267,44916.00,0.1431,0.6169,0.0751,44916.00,0.1431,0.6169
25,Temp Scaling,0.20,0.0267,44916.00,0.1431,0.6169,0.0751,44916.00,0.1431,0.6169
25,Temp Scaling,0.30,0.0267,15633.00,0.0000,1.0000,0.0277,15633.00,0.0000,1.0000
25,Temp Scaling,0.40,0.0267,15633.00,0.0000,1.0000,0.0277,15633.00,0.0000,1.0000
25,Temp Scaling,0.50,0.0267,15633.00,0.0000,1.0000,0.0277,15633.00,0.0000,1.0000
25,Matrix Scaling,0.02,0.0211,246511.00,1.0000,0.0000,0.0208,246511.00,1.0000,0.0000
25,Matrix Scaling,0.05,0.0211,165241.00,0.6648,0.0869,0.0144,165241.00,0.6648,0.0869
25,Matrix Scaling,0.08,0.0211,85427.00,0.3227,0.3758,0.0369,85427.00,0.3227,0.3758
25,Matrix Scaling,0.10,0.0211,44916.00,0.1431,0.6169,0.0465,44916.00,0.1431,0.6169
25,Matrix Scaling,0.15,0.0211,44916.00,0.1431,0.6169,0.0465,44916.00,0.1431,0.6169
25,Matrix Scaling,0.20,0.0211,32998.00,0.0886,0.7141,0.0372,32998.00,0.0886,0.7141
25,Matrix Scaling,0.30,0.0211,15633.00,0.0000,1.0000,0.0208,15633.00,0.0000,1.0000
25,Matrix Scaling,0.40,0.0211,15633.00,0.0000,1.0000,0.0208,15633.00,0.0000,1.0000
25,Matrix Scaling,0.50,0.0211,15633.00,0.0000,1.0000,0.0208,15633.00,0.0000,1.0000
25,Focal Loss γ=1.0,0.02,0.2729,246511.00,1.0000,0.0000,0.2679,246511.00,1.0000,0.0000
25,Focal Loss γ=1.0,0.05,0.2729,246511.00,1.0000,0.0000,0.2679,246511.00,1.0000,0.0000
25,Focal Loss γ=1.0,0.08,0.2729,246511.00,1.0000,0.0000,0.2679,246511.00,1.0000,0.0000
25,Focal Loss γ=1.0,0.10,0.2729,246511.00,1.0000,0.0000,0.2679,246511.00,1.0000,0.0000
25,Focal Loss γ=1.0,0.15,0.2729,246511.00,1.0000,0.0000,0.2679,246511.00,1.0000,0.0000
25,Focal Loss γ=1.0,0.20,0.2729,246511.00,1.0000,0.0000,0.2679,246511.00,1.0000,0.0000
25,Focal Loss γ=1.0,0.30,0.2729,246511.00,1.0000,0.0000,0.2679,246511.00,1.0000,0.0000
25,Focal Loss γ=1.0,0.40,0.2729,15633.00,0.0000,1.0000,0.2679,15633.00,0.0000,1.0000
25,Focal Loss γ=1.0,0.50,0.2729,15633.00,0.0000,1.0000,0.2679,15633.00,0.0000,1.0000
25,Focal Loss γ=2.0,0.02,0.1018,246511.00,1.0000,0.0000,0.1023,246511.00,1.0000,0.0000
25,Focal Loss γ=2.0,0.05,0.1018,246511.00,1.0000,0.0000,0.1023,246511.00,1.0000,0.0000
25,Focal Loss γ=2.0,0.08,0.1018,246511.00,1.0000,0.0000,0.1023,246511.00,1.0000,0.0000
25,Focal Loss γ=2.0,0.10,0.1018,209336.00,0.8471,0.0329,0.0890,209336.00,0.8471,0.0329
25,Focal Loss γ=2.0,0.15,0.1018,110103.00,0.4289,0.2799,0.1253,110103.00,0.4289,0.2799
25,Focal Loss γ=2.0,0.20,0.1018,44916.00,0.1431,0.6169,0.1341,44916.00,0.1431,0.6169
25,Focal Loss γ=2.0,0.30,0.1018,32998.00,0.0886,0.7141,0.1170,32998.00,0.0886,0.7141
25,Focal Loss γ=2.0,0.40,0.1018,15633.00,0.0000,1.0000,0.1023,15633.00,0.0000,1.0000
25,Focal Loss γ=2.0,0.50,0.1018,15633.00,0.0000,1.0000,0.1023,15633.00,0.0000,1.0000
25,Focal + Temp Scaling,0.02,0.0337,214260.00,0.8681,0.0175,0.0206,214260.00,0.8681,0.0175
25,Focal + Temp Scaling,0.05,0.0337,146200.00,0.5852,0.1241,0.0208,146200.00,0.5852,0.1241
25,Focal + Temp Scaling,0.08,0.0337,110103.00,0.4289,0.2799,0.0646,110103.00,0.4289,0.2799
25,Focal + Temp Scaling,0.10,0.0337,110103.00,0.4289,0.2799,0.0646,110103.00,0.4289,0.2799
25,Focal + Temp Scaling,0.15,0.0337,44916.00,0.1431,0.6169,0.0826,44916.00,0.1431,0.6169
25,Focal + Temp Scaling,0.20,0.0337,44916.00,0.1431,0.6169,0.0826,44916.00,0.1431,0.6169
25,Focal + Temp Scaling,0.30,0.0337,15633.00,0.0000,1.0000,0.0353,15633.00,0.0000,1.0000
25,Focal + Temp Scaling,0.40,0.0337,15633.00,0.0000,1.0000,0.0353,15633.00,0.0000,1.0000
25,Focal + Temp Scaling,0.50,0.0337,15633.00,0.0000,1.0000,0.0353,15633.00,0.0000,1.0000
25,Focal + Matrix Scaling,0.02,0.0023,180565.00,0.7283,0.0657,0.0006,180565.00,0.7283,0.0657
25,Focal + Matrix Scaling,0.05,0.0023,85427.00,0.3227,0.3758,0.0116,85427.00,0.3227,0.3758
25,Focal + Matrix Scaling,0.08,0.0023,44916.00,0.1431,0.6169,0.0019,44916.00,0.1431,0.6169
25,Focal + Matrix Scaling,0.10,0.0023,44916.00,0.1431,0.6169,0.0019,44916.00,0.1431,0.6169
25,Focal + Matrix Scaling,0.15,0.0023,32998.00,0.0886,0.7141,0.0103,32998.00,0.0886,0.7141
25,Focal + Matrix Scaling,0.20,0.0023,15633.00,0.0000,1.0000,0.0037,15633.00,0.0000,1.0000
25,Focal + Matrix Scaling,0.30,0.0023,15633.00,0.0000,1.0000,0.0037,15633.00,0.0000,1.0000
25,Focal + Matrix Scaling,0.40,0.0023,15633.00,0.0000,1.0000,0.0037,15633.00,0.0000,1.0000
25,Focal + Matrix Scaling,0.50,0.0023,15633.00,0.0000,1.0000,0.0037,15633.00,0.0000,1.0000
26,Base (non calibrato),0.02,0.0107,251258.00,1.0000,0.0000,0.0108,251258.00,1.0000,0.0000
26,Base (non calibrato),0.05,0.0107,69079.00,0.2561,0.4348,0.0129,69079.00,0.2561,0.4348
26,Base (non calibrato),0.08,0.0107,45062.00,0.1573,0.5084,0.0085,45062.00,0.1573,0.5084
26,Base (non calibrato),0.10,0.0107,45062.00,0.1573,0.5084,0.0085,45062.00,0.1573,0.5084
26,Base (non calibrato),0.15,0.0107,10886.00,0.0000,1.0000,0.0108,10886.00,0.0000,1.0000
26,Base (non calibrato),0.20,0.0107,10886.00,0.0000,1.0000,0.0108,10886.00,0.0000,1.0000
26,Base (non calibrato),0.30,0.0107,10886.00,0.0000,1.0000,0.0108,10886.00,0.0000,1.0000
26,Base (non calibrato),0.40,0.0107,10886.00,0.0000,1.0000,0.0108,10886.00,0.0000,1.0000
26,Base (non calibrato),0.50,0.0107,10886.00,0.0000,1.0000,0.0108,10886.00,0.0000,1.0000
26,Temp Scaling,0.02,0.0112,114933.00,0.4445,0.2981,0.0092,114933.00,0.4445,0.2981
26,Temp Scaling,0.05,0.0112,45062.00,0.1573,0.5084,0.0129,45062.00,0.1573,0.5084
26,Temp Scaling,0.08,0.0112,45062.00,0.1573,0.5084,0.0129,45062.00,0.1573,0.5084
26,Temp Scaling,0.10,0.0112,28131.00,0.0824,0.6833,0.0153,28131.00,0.0824,0.6833
26,Temp Scaling,0.15,0.0112,10886.00,0.0000,1.0000,0.0110,10886.00,0.0000,1.0000
26,Temp Scaling,0.20,0.0112,10886.00,0.0000,1.0000,0.0110,10886.00,0.0000,1.0000
26,Temp Scaling,0.30,0.0112,10886.00,0.0000,1.0000,0.0110,10886.00,0.0000,1.0000
26,Temp Scaling,0.40,0.0112,10886.00,0.0000,1.0000,0.0110,10886.00,0.0000,1.0000
26,Temp Scaling,0.50,0.0112,10886.00,0.0000,1.0000,0.0110,10886.00,0.0000,1.0000
26,Matrix Scaling,0.02,0.0136,114933.00,0.4445,0.2981,0.0133,114933.00,0.4445,0.2981
26,Matrix Scaling,0.05,0.0136,45062.00,0.1573,0.5084,0.0214,45062.00,0.1573,0.5084
26,Matrix Scaling,0.08,0.0136,28131.00,0.0824,0.6833,0.0266,28131.00,0.0824,0.6833
26,Matrix Scaling,0.10,0.0136,28131.00,0.0824,0.6833,0.0266,28131.00,0.0824,0.6833
26,Matrix Scaling,0.15,0.0136,10886.00,0.0000,1.0000,0.0134,10886.00,0.0000,1.0000
26,Matrix Scaling,0.20,0.0136,10886.00,0.0000,1.0000,0.0134,10886.00,0.0000,1.0000
26,Matrix Scaling,0.30,0.0136,10886.00,0.0000,1.0000,0.0134,10886.00,0.0000,1.0000
26,Matrix Scaling,0.40,0.0136,10886.00,0.0000,1.0000,0.0134,10886.00,0.0000,1.0000
26,Matrix Scaling,0.50,0.0136,10886.00,0.0000,1.0000,0.0134,10886.00,0.0000,1.0000
26,Focal Loss γ=1.0,0.02,0.2878,251258.00,1.0000,0.0000,0.2882,251258.00,1.0000,0.0000
26,Focal Loss γ=1.0,0.05,0.2878,251258.00,1.0000,0.0000,0.2882,251258.00,1.0000,0.0000
26,Focal Loss γ=1.0,0.08,0.2878,251258.00,1.0000,0.0000,0.2882,251258.00,1.0000,0.0000
26,Focal Loss γ=1.0,0.10,0.2878,251258.00,1.0000,0.0000,0.2882,251258.00,1.0000,0.0000
26,Focal Loss γ=1.0,0.15,0.2878,251258.00,1.0000,0.0000,0.2882,251258.00,1.0000,0.0000
26,Focal Loss γ=1.0,0.20,0.2878,251258.00,1.0000,0.0000,0.2882,251258.00,1.0000,0.0000
26,Focal Loss γ=1.0,0.30,0.2878,251258.00,1.0000,0.0000,0.2882,251258.00,1.0000,0.0000
26,Focal Loss γ=1.0,0.40,0.2878,10886.00,0.0000,1.0000,0.2882,10886.00,0.0000,1.0000
26,Focal Loss γ=1.0,0.50,0.2878,10886.00,0.0000,1.0000,0.2882,10886.00,0.0000,1.0000
26,Focal Loss γ=2.0,0.02,0.0868,251258.00,1.0000,0.0000,0.0866,251258.00,1.0000,0.0000
26,Focal Loss γ=2.0,0.05,0.0868,251258.00,1.0000,0.0000,0.0866,251258.00,1.0000,0.0000
26,Focal Loss γ=2.0,0.08,0.0868,251258.00,1.0000,0.0000,0.0866,251258.00,1.0000,0.0000
26,Focal Loss γ=2.0,0.10,0.0868,231756.00,0.9213,0.0248,0.0839,231756.00,0.9213,0.0248
26,Focal Loss γ=2.0,0.15,0.0868,45062.00,0.1573,0.5084,0.0862,45062.00,0.1573,0.5084
26,Focal Loss γ=2.0,0.20,0.0868,28131.00,0.0824,0.6833,0.0801,28131.00,0.0824,0.6833
26,Focal Loss γ=2.0,0.30,0.0868,10886.00,0.0000,1.0000,0.0866,10886.00,0.0000,1.0000
26,Focal Loss γ=2.0,0.40,0.0868,10886.00,0.0000,1.0000,0.0866,10886.00,0.0000,1.0000
26,Focal Loss γ=2.0,0.50,0.0868,10886.00,0.0000,1.0000,0.0866,10886.00,0.0000,1.0000
26,Focal + Temp Scaling,0.02,0.0074,211405.00,0.8393,0.0481,0.0069,211405.00,0.8393,0.0481
26,Focal + Temp Scaling,0.05,0.0074,69079.00,0.2561,0.4348,0.0124,69079.00,0.2561,0.4348
26,Focal + Temp Scaling,0.08,0.0074,45062.00,0.1573,0.5084,0.0100,45062.00,0.1573,0.5084
26,Focal + Temp Scaling,0.10,0.0074,45062.00,0.1573,0.5084,0.0100,45062.00,0.1573,0.5084
26,Focal + Temp Scaling,0.15,0.0074,10886.00,0.0000,1.0000,0.0073,10886.00,0.0000,1.0000
26,Focal + Temp Scaling,0.20,0.0074,10886.00,0.0000,1.0000,0.0073,10886.00,0.0000,1.0000
26,Focal + Temp Scaling,0.30,0.0074,10886.00,0.0000,1.0000,0.0073,10886.00,0.0000,1.0000
26,Focal + Temp Scaling,0.40,0.0074,10886.00,0.0000,1.0000,0.0073,10886.00,0.0000,1.0000
26,Focal + Temp Scaling,0.50,0.0074,10886.00,0.0000,1.0000,0.0073,10886.00,0.0000,1.0000
26,Focal + Matrix Scaling,0.02,0.0116,133572.00,0.5214,0.2349,0.0110,133572.00,0.5214,0.2349
26,Focal + Matrix Scaling,0.05,0.0116,45062.00,0.1573,0.5084,0.0256,45062.00,0.1573,0.5084
26,Focal + Matrix Scaling,0.08,0.0116,28131.00,0.0824,0.6833,0.0330,28131.00,0.0824,0.6833
26,Focal + Matrix Scaling,0.10,0.0116,10886.00,0.0000,1.0000,0.0114,10886.00,0.0000,1.0000
26,Focal + Matrix Scaling,0.15,0.0116,10886.00,0.0000,1.0000,0.0114,10886.00,0.0000,1.0000
26,Focal + Matrix Scaling,0.20,0.0116,10886.00,0.0000,1.0000,0.0114,10886.00,0.0000,1.0000
26,Focal + Matrix Scaling,0.30,0.0116,10886.00,0.0000,1.0000,0.0114,10886.00,0.0000,1.0000
26,Focal + Matrix Scaling,0.40,0.0116,10886.00,0.0000,1.0000,0.0114,10886.00,0.0000,1.0000
26,Focal + Matrix Scaling,0.50,0.0116,10886.00,0.0000,1.0000,0.0114,10886.00,0.0000,1.0000
27,Base (non calibrato),0.02,0.0206,257418.00,1.0000,0.0000,0.0199,257418.00,1.0000,0.0000
27,Base (non calibrato),0.05,0.0206,15943.00,0.0448,0.9340,0.0227,15943.00,0.0448,0.9340
27,Base (non calibrato),0.08,0.0206,4726.00,0.0000,1.0000,0.0199,4726.00,0.0000,1.0000
27,Base (non calibrato),0.10,0.0206,4726.00,0.0000,1.0000,0.0199,4726.00,0.0000,1.0000
27,Base (non calibrato),0.15,0.0206,4726.00,0.0000,1.0000,0.0199,4726.00,0.0000,1.0000
27,Base (non calibrato),0.20,0.0206,4726.00,0.0000,1.0000,0.0199,4726.00,0.0000,1.0000
27,Base (non calibrato),0.30,0.0206,4726.00,0.0000,1.0000,0.0199,4726.00,0.0000,1.0000
27,Base (non calibrato),0.40,0.0206,4726.00,0.0000,1.0000,0.0199,4726.00,0.0000,1.0000
27,Base (non calibrato),0.50,0.0206,4726.00,0.0000,1.0000,0.0199,4726.00,0.0000,1.0000
27,Temp Scaling,0.02,0.0077,32263.00,0.1118,0.7391,0.0136,32263.00,0.1118,0.7391
27,Temp Scaling,0.05,0.0077,4726.00,0.0000,1.0000,0.0081,4726.00,0.0000,1.0000
27,Temp Scaling,0.08,0.0077,4726.00,0.0000,1.0000,0.0081,4726.00,0.0000,1.0000
27,Temp Scaling,0.10,0.0077,4726.00,0.0000,1.0000,0.0081,4726.00,0.0000,1.0000
27,Temp Scaling,0.15,0.0077,4726.00,0.0000,1.0000,0.0081,4726.00,0.0000,1.0000
27,Temp Scaling,0.20,0.0077,4726.00,0.0000,1.0000,0.0081,4726.00,0.0000,1.0000
27,Temp Scaling,0.30,0.0077,4726.00,0.0000,1.0000,0.0081,4726.00,0.0000,1.0000
27,Temp Scaling,0.40,0.0077,4726.00,0.0000,1.0000,0.0081,4726.00,0.0000,1.0000
27,Temp Scaling,0.50,0.0077,4726.00,0.0000,1.0000,0.0081,4726.00,0.0000,1.0000
27,Matrix Scaling,0.02,0.0022,125961.00,0.4828,0.3555,0.0018,125961.00,0.4828,0.3555
27,Matrix Scaling,0.05,0.0022,4726.00,0.0000,1.0000,0.0020,4726.00,0.0000,1.0000
27,Matrix Scaling,0.08,0.0022,4726.00,0.0000,1.0000,0.0020,4726.00,0.0000,1.0000
27,Matrix Scaling,0.10,0.0022,4726.00,0.0000,1.0000,0.0020,4726.00,0.0000,1.0000
27,Matrix Scaling,0.15,0.0022,4726.00,0.0000,1.0000,0.0020,4726.00,0.0000,1.0000
27,Matrix Scaling,0.20,0.0022,4726.00,0.0000,1.0000,0.0020,4726.00,0.0000,1.0000
27,Matrix Scaling,0.30,0.0022,4726.00,0.0000,1.0000,0.0020,4726.00,0.0000,1.0000
27,Matrix Scaling,0.40,0.0022,4726.00,0.0000,1.0000,0.0020,4726.00,0.0000,1.0000
27,Matrix Scaling,0.50,0.0022,4726.00,0.0000,1.0000,0.0020,4726.00,0.0000,1.0000
27,Focal Loss γ=1.0,0.02,0.2929,257418.00,1.0000,0.0000,0.2917,257418.00,1.0000,0.0000
27,Focal Loss γ=1.0,0.05,0.2929,257418.00,1.0000,0.0000,0.2917,257418.00,1.0000,0.0000
27,Focal Loss γ=1.0,0.08,0.2929,257418.00,1.0000,0.0000,0.2917,257418.00,1.0000,0.0000
27,Focal Loss γ=1.0,0.10,0.2929,257418.00,1.0000,0.0000,0.2917,257418.00,1.0000,0.0000
27,Focal Loss γ=1.0,0.15,0.2929,257418.00,1.0000,0.0000,0.2917,257418.00,1.0000,0.0000
27,Focal Loss γ=1.0,0.20,0.2929,257418.00,1.0000,0.0000,0.2917,257418.00,1.0000,0.0000
27,Focal Loss γ=1.0,0.30,0.2929,192016.00,0.7452,0.0375,0.2930,192016.00,0.7452,0.0375
27,Focal Loss γ=1.0,0.40,0.2929,4726.00,0.0000,1.0000,0.2917,4726.00,0.0000,1.0000
27,Focal Loss γ=1.0,0.50,0.2929,4726.00,0.0000,1.0000,0.2917,4726.00,0.0000,1.0000
27,Focal Loss γ=2.0,0.02,0.0578,257418.00,1.0000,0.0000,0.0585,257418.00,1.0000,0.0000
27,Focal Loss γ=2.0,0.05,0.0578,257418.00,1.0000,0.0000,0.0585,257418.00,1.0000,0.0000
27,Focal Loss γ=2.0,0.08,0.0578,61071.00,0.2258,0.6257,0.0582,61071.00,0.2258,0.6257
27,Focal Loss γ=2.0,0.10,0.0578,36872.00,0.1294,0.7516,0.0628,36872.00,0.1294,0.7516
27,Focal Loss γ=2.0,0.15,0.0578,4726.00,0.0000,1.0000,0.0585,4726.00,0.0000,1.0000
27,Focal Loss γ=2.0,0.20,0.0578,4726.00,0.0000,1.0000,0.0585,4726.00,0.0000,1.0000
27,Focal Loss γ=2.0,0.30,0.0578,4726.00,0.0000,1.0000,0.0585,4726.00,0.0000,1.0000
27,Focal Loss γ=2.0,0.40,0.0578,4726.00,0.0000,1.0000,0.0585,4726.00,0.0000,1.0000
27,Focal Loss γ=2.0,0.50,0.0578,4726.00,0.0000,1.0000,0.0585,4726.00,0.0000,1.0000
27,Focal + Temp Scaling,0.02,0.0016,77391.00,0.2927,0.4308,0.0027,77391.00,0.2927,0.4308
27,Focal + Temp Scaling,0.05,0.0016,4726.00,0.0000,1.0000,0.0012,4726.00,0.0000,1.0000
27,Focal + Temp Scaling,0.08,0.0016,4726.00,0.0000,1.0000,0.0012,4726.00,0.0000,1.0000
27,Focal + Temp Scaling,0.10,0.0016,4726.00,0.0000,1.0000,0.0012,4726.00,0.0000,1.0000
27,Focal + Temp Scaling,0.15,0.0016,4726.00,0.0000,1.0000,0.0012,4726.00,0.0000,1.0000
27,Focal + Temp Scaling,0.20,0.0016,4726.00,0.0000,1.0000,0.0012,4726.00,0.0000,1.0000
27,Focal + Temp Scaling,0.30,0.0016,4726.00,0.0000,1.0000,0.0012,4726.00,0.0000,1.0000
27,Focal + Temp Scaling,0.40,0.0016,4726.00,0.0000,1.0000,0.0012,4726.00,0.0000,1.0000
27,Focal + Temp Scaling,0.50,0.0016,4726.00,0.0000,1.0000,0.0012,4726.00,0.0000,1.0000
27,Focal + Matrix Scaling,0.02,0.0011,140635.00,0.5355,0.5923,0.0010,140635.00,0.5355,0.5923
27,Focal + Matrix Scaling,0.05,0.0011,4726.00,0.0000,1.0000,0.0016,4726.00,0.0000,1.0000
27,Focal + Matrix Scaling,0.08,0.0011,4726.00,0.0000,1.0000,0.0016,4726.00,0.0000,1.0000
27,Focal + Matrix Scaling,0.10,0.0011,4726.00,0.0000,1.0000,0.0016,4726.00,0.0000,1.0000
27,Focal + Matrix Scaling,0.15,0.0011,4726.00,0.0000,1.0000,0.0016,4726.00,0.0000,1.0000
27,Focal + Matrix Scaling,0.20,0.0011,4726.00,0.0000,1.0000,0.0016,4726.00,0.0000,1.0000
27,Focal + Matrix Scaling,0.30,0.0011,4726.00,0.0000,1.0000,0.0016,4726.00,0.0000,1.0000
27,Focal + Matrix Scaling,0.40,0.0011,4726.00,0.0000,1.0000,0.0016,4726.00,0.0000,1.0000
27,Focal + Matrix Scaling,0.50,0.0011,4726.00,0.0000,1.0000,0.0016,4726.00,0.0000,1.0000
28,Base (non calibrato),0.02,0.0181,257916.00,1.0000,0.0000,0.0185,257916.00,1.0000,0.0000
28,Base (non calibrato),0.05,0.0181,4228.00,0.0000,1.0000,0.0185,4228.00,0.0000,1.0000
28,Base (non calibrato),0.08,0.0181,4228.00,0.0000,1.0000,0.0185,4228.00,0.0000,1.0000
28,Base (non calibrato),0.10,0.0181,4228.00,0.0000,1.0000,0.0185,4228.00,0.0000,1.0000
28,Base (non calibrato),0.15,0.0181,4228.00,0.0000,1.0000,0.0185,4228.00,0.0000,1.0000
28,Base (non calibrato),0.20,0.0181,4228.00,0.0000,1.0000,0.0185,4228.00,0.0000,1.0000
28,Base (non calibrato),0.30,0.0181,4228.00,0.0000,1.0000,0.0185,4228.00,0.0000,1.0000
28,Base (non calibrato),0.40,0.0181,4228.00,0.0000,1.0000,0.0185,4228.00,0.0000,1.0000
28,Base (non calibrato),0.50,0.0181,4228.00,0.0000,1.0000,0.0185,4228.00,0.0000,1.0000
28,Temp Scaling,0.02,0.0100,4228.00,0.0000,1.0000,0.0097,4228.00,0.0000,1.0000
28,Temp Scaling,0.05,0.0100,4228.00,0.0000,1.0000,0.0097,4228.00,0.0000,1.0000
28,Temp Scaling,0.08,0.0100,4228.00,0.0000,1.0000,0.0097,4228.00,0.0000,1.0000
28,Temp Scaling,0.10,0.0100,4228.00,0.0000,1.0000,0.0097,4228.00,0.0000,1.0000
28,Temp Scaling,0.15,0.0100,4228.00,0.0000,1.0000,0.0097,4228.00,0.0000,1.0000
28,Temp Scaling,0.20,0.0100,4228.00,0.0000,1.0000,0.0097,4228.00,0.0000,1.0000
28,Temp Scaling,0.30,0.0100,4228.00,0.0000,1.0000,0.0097,4228.00,0.0000,1.0000
28,Temp Scaling,0.40,0.0100,4228.00,0.0000,1.0000,0.0097,4228.00,0.0000,1.0000
28,Temp Scaling,0.50,0.0100,4228.00,0.0000,1.0000,0.0097,4228.00,0.0000,1.0000
28,Matrix Scaling,0.02,0.0070,192939.00,0.7471,0.0584,0.0107,192939.00,0.7471,0.0584
28,Matrix Scaling,0.05,0.0070,4228.00,0.0000,1.0000,0.0075,4228.00,0.0000,1.0000
28,Matrix Scaling,0.08,0.0070,4228.00,0.0000,1.0000,0.0075,4228.00,0.0000,1.0000
28,Matrix Scaling,0.10,0.0070,4228.00,0.0000,1.0000,0.0075,4228.00,0.0000,1.0000
28,Matrix Scaling,0.15,0.0070,4228.00,0.0000,1.0000,0.0075,4228.00,0.0000,1.0000
28,Matrix Scaling,0.20,0.0070,4228.00,0.0000,1.0000,0.0075,4228.00,0.0000,1.0000
28,Matrix Scaling,0.30,0.0070,4228.00,0.0000,1.0000,0.0075,4228.00,0.0000,1.0000
28,Matrix Scaling,0.40,0.0070,4228.00,0.0000,1.0000,0.0075,4228.00,0.0000,1.0000
28,Matrix Scaling,0.50,0.0070,4228.00,0.0000,1.0000,0.0075,4228.00,0.0000,1.0000
28,Focal Loss γ=1.0,0.02,0.2804,257916.00,1.0000,0.0000,0.2807,257916.00,1.0000,0.0000
28,Focal Loss γ=1.0,0.05,0.2804,257916.00,1.0000,0.0000,0.2807,257916.00,1.0000,0.0000
28,Focal Loss γ=1.0,0.08,0.2804,257916.00,1.0000,0.0000,0.2807,257916.00,1.0000,0.0000
28,Focal Loss γ=1.0,0.10,0.2804,257916.00,1.0000,0.0000,0.2807,257916.00,1.0000,0.0000
28,Focal Loss γ=1.0,0.15,0.2804,257916.00,1.0000,0.0000,0.2807,257916.00,1.0000,0.0000
28,Focal Loss γ=1.0,0.20,0.2804,257916.00,1.0000,0.0000,0.2807,257916.00,1.0000,0.0000
28,Focal Loss γ=1.0,0.30,0.2804,24456.00,0.0834,0.6989,0.2650,24456.00,0.0834,0.6989
28,Focal Loss γ=1.0,0.40,0.2804,4228.00,0.0000,1.0000,0.2807,4228.00,0.0000,1.0000
28,Focal Loss γ=1.0,0.50,0.2804,4228.00,0.0000,1.0000,0.2807,4228.00,0.0000,1.0000
28,Focal Loss γ=2.0,0.02,0.0458,257916.00,1.0000,0.0000,0.0463,257916.00,1.0000,0.0000
28,Focal Loss γ=2.0,0.05,0.0458,216193.00,0.8381,0.0092,0.0457,216193.00,0.8381,0.0092
28,Focal Loss γ=2.0,0.08,0.0458,24456.00,0.0834,0.6989,0.0435,24456.00,0.0834,0.6989
28,Focal Loss γ=2.0,0.10,0.0458,4228.00,0.0000,1.0000,0.0463,4228.00,0.0000,1.0000
28,Focal Loss γ=2.0,0.15,0.0458,4228.00,0.0000,1.0000,0.0463,4228.00,0.0000,1.0000
28,Focal Loss γ=2.0,0.20,0.0458,4228.00,0.0000,1.0000,0.0463,4228.00,0.0000,1.0000
28,Focal Loss γ=2.0,0.30,0.0458,4228.00,0.0000,1.0000,0.0463,4228.00,0.0000,1.0000
28,Focal Loss γ=2.0,0.40,0.0458,4228.00,0.0000,1.0000,0.0463,4228.00,0.0000,1.0000
28,Focal Loss γ=2.0,0.50,0.0458,4228.00,0.0000,1.0000,0.0463,4228.00,0.0000,1.0000
28,Focal + Temp Scaling,0.02,0.0057,54296.00,0.2005,0.6128,0.0070,54296.00,0.2005,0.6128
28,Focal + Temp Scaling,0.05,0.0057,4228.00,0.0000,1.0000,0.0053,4228.00,0.0000,1.0000
28,Focal + Temp Scaling,0.08,0.0057,4228.00,0.0000,1.0000,0.0053,4228.00,0.0000,1.0000
28,Focal + Temp Scaling,0.10,0.0057,4228.00,0.0000,1.0000,0.0053,4228.00,0.0000,1.0000
28,Focal + Temp Scaling,0.15,0.0057,4228.00,0.0000,1.0000,0.0053,4228.00,0.0000,1.0000
28,Focal + Temp Scaling,0.20,0.0057,4228.00,0.0000,1.0000,0.0053,4228.00,0.0000,1.0000
28,Focal + Temp Scaling,0.30,0.0057,4228.00,0.0000,1.0000,0.0053,4228.00,0.0000,1.0000
28,Focal + Temp Scaling,0.40,0.0057,4228.00,0.0000,1.0000,0.0053,4228.00,0.0000,1.0000
28,Focal + Temp Scaling,0.50,0.0057,4228.00,0.0000,1.0000,0.0053,4228.00,0.0000,1.0000
28,Focal + Matrix Scaling,0.02,0.0051,132168.00,0.5056,0.4184,0.0057,132168.00,0.5056,0.4184
28,Focal + Matrix Scaling,0.05,0.0051,4228.00,0.0000,1.0000,0.0057,4228.00,0.0000,1.0000
28,Focal + Matrix Scaling,0.08,0.0051,4228.00,0.0000,1.0000,0.0057,4228.00,0.0000,1.0000
28,Focal + Matrix Scaling,0.10,0.0051,4228.00,0.0000,1.0000,0.0057,4228.00,0.0000,1.0000
28,Focal + Matrix Scaling,0.15,0.0051,4228.00,0.0000,1.0000,0.0057,4228.00,0.0000,1.0000
28,Focal + Matrix Scaling,0.20,0.0051,4228.00,0.0000,1.0000,0.0057,4228.00,0.0000,1.0000
28,Focal + Matrix Scaling,0.30,0.0051,4228.00,0.0000,1.0000,0.0057,4228.00,0.0000,1.0000
28,Focal + Matrix Scaling,0.40,0.0051,4228.00,0.0000,1.0000,0.0057,4228.00,0.0000,1.0000
28,Focal + Matrix Scaling,0.50,0.0051,4228.00,0.0000,1.0000,0.0057,4228.00,0.0000,1.0000
29,Base (non calibrato),0.02,0.0215,259869.00,1.0000,0.0000,0.0219,259869.00,1.0000,0.0000
29,Base (non calibrato),0.05,0.0215,2275.00,0.0000,1.0000,0.0219,2275.00,0.0000,1.0000
29,Base (non calibrato),0.08,0.0215,2275.00,0.0000,1.0000,0.0219,2275.00,0.0000,1.0000
29,Base (non calibrato),0.10,0.0215,2275.00,0.0000,1.0000,0.0219,2275.00,0.0000,1.0000
29,Base (non calibrato),0.15,0.0215,2275.00,0.0000,1.0000,0.0219,2275.00,0.0000,1.0000
29,Base (non calibrato),0.20,0.0215,2275.00,0.0000,1.0000,0.0219,2275.00,0.0000,1.0000
29,Base (non calibrato),0.30,0.0215,2275.00,0.0000,1.0000,0.0219,2275.00,0.0000,1.0000
29,Base (non calibrato),0.40,0.0215,2275.00,0.0000,1.0000,0.0219,2275.00,0.0000,1.0000
29,Base (non calibrato),0.50,0.0215,2275.00,0.0000,1.0000,0.0219,2275.00,0.0000,1.0000
29,Temp Scaling,0.02,0.0054,2275.00,0.0000,1.0000,0.0052,2275.00,0.0000,1.0000
29,Temp Scaling,0.05,0.0054,2275.00,0.0000,1.0000,0.0052,2275.00,0.0000,1.0000
29,Temp Scaling,0.08,0.0054,2275.00,0.0000,1.0000,0.0052,2275.00,0.0000,1.0000
29,Temp Scaling,0.10,0.0054,2275.00,0.0000,1.0000,0.0052,2275.00,0.0000,1.0000
29,Temp Scaling,0.15,0.0054,2275.00,0.0000,1.0000,0.0052,2275.00,0.0000,1.0000
29,Temp Scaling,0.20,0.0054,2275.00,0.0000,1.0000,0.0052,2275.00,0.0000,1.0000
29,Temp Scaling,0.30,0.0054,2275.00,0.0000,1.0000,0.0052,2275.00,0.0000,1.0000
29,Temp Scaling,0.40,0.0054,2275.00,0.0000,1.0000,0.0052,2275.00,0.0000,1.0000
29,Temp Scaling,0.50,0.0054,2275.00,0.0000,1.0000,0.0052,2275.00,0.0000,1.0000
29,Matrix Scaling,0.02,0.0134,158589.00,0.6079,0.2756,0.0136,158589.00,0.6079,0.2756
29,Matrix Scaling,0.05,0.0134,2275.00,0.0000,1.0000,0.0139,2275.00,0.0000,1.0000
29,Matrix Scaling,0.08,0.0134,2275.00,0.0000,1.0000,0.0139,2275.00,0.0000,1.0000
29,Matrix Scaling,0.10,0.0134,2275.00,0.0000,1.0000,0.0139,2275.00,0.0000,1.0000
29,Matrix Scaling,0.15,0.0134,2275.00,0.0000,1.0000,0.0139,2275.00,0.0000,1.0000
29,Matrix Scaling,0.20,0.0134,2275.00,0.0000,1.0000,0.0139,2275.00,0.0000,1.0000
29,Matrix Scaling,0.30,0.0134,2275.00,0.0000,1.0000,0.0139,2275.00,0.0000,1.0000
29,Matrix Scaling,0.40,0.0134,2275.00,0.0000,1.0000,0.0139,2275.00,0.0000,1.0000
29,Matrix Scaling,0.50,0.0134,2275.00,0.0000,1.0000,0.0139,2275.00,0.0000,1.0000
29,Focal Loss γ=1.0,0.02,0.2835,259869.00,1.0000,0.0000,0.2839,259869.00,1.0000,0.0000
29,Focal Loss γ=1.0,0.05,0.2835,259869.00,1.0000,0.0000,0.2839,259869.00,1.0000,0.0000
29,Focal Loss γ=1.0,0.08,0.2835,259869.00,1.0000,0.0000,0.2839,259869.00,1.0000,0.0000
29,Focal Loss γ=1.0,0.10,0.2835,259869.00,1.0000,0.0000,0.2839,259869.00,1.0000,0.0000
29,Focal Loss γ=1.0,0.15,0.2835,259869.00,1.0000,0.0000,0.2839,259869.00,1.0000,0.0000
29,Focal Loss γ=1.0,0.20,0.2835,259869.00,1.0000,0.0000,0.2839,259869.00,1.0000,0.0000
29,Focal Loss γ=1.0,0.30,0.2835,2275.00,0.0000,1.0000,0.2839,2275.00,0.0000,1.0000
29,Focal Loss γ=1.0,0.40,0.2835,2275.00,0.0000,1.0000,0.2839,2275.00,0.0000,1.0000
29,Focal Loss γ=1.0,0.50,0.2835,2275.00,0.0000,1.0000,0.2839,2275.00,0.0000,1.0000
29,Focal Loss γ=2.0,0.02,0.0427,259869.00,1.0000,0.0000,0.0433,259869.00,1.0000,0.0000
29,Focal Loss γ=2.0,0.05,0.0427,119669.00,0.4570,0.4035,0.0437,119669.00,0.4570,0.4035
29,Focal Loss γ=2.0,0.08,0.0427,2275.00,0.0000,1.0000,0.0433,2275.00,0.0000,1.0000
29,Focal Loss γ=2.0,0.10,0.0427,2275.00,0.0000,1.0000,0.0433,2275.00,0.0000,1.0000
29,Focal Loss γ=2.0,0.15,0.0427,2275.00,0.0000,1.0000,0.0433,2275.00,0.0000,1.0000
29,Focal Loss γ=2.0,0.20,0.0427,2275.00,0.0000,1.0000,0.0433,2275.00,0.0000,1.0000
29,Focal Loss γ=2.0,0.30,0.0427,2275.00,0.0000,1.0000,0.0433,2275.00,0.0000,1.0000
29,Focal Loss γ=2.0,0.40,0.0427,2275.00,0.0000,1.0000,0.0433,2275.00,0.0000,1.0000
29,Focal Loss γ=2.0,0.50,0.0427,2275.00,0.0000,1.0000,0.0433,2275.00,0.0000,1.0000
29,Focal + Temp Scaling,0.02,0.0035,2275.00,0.0000,1.0000,0.0033,2275.00,0.0000,1.0000
29,Focal + Temp Scaling,0.05,0.0035,2275.00,0.0000,1.0000,0.0033,2275.00,0.0000,1.0000
29,Focal + Temp Scaling,0.08,0.0035,2275.00,0.0000,1.0000,0.0033,2275.00,0.0000,1.0000
29,Focal + Temp Scaling,0.10,0.0035,2275.00,0.0000,1.0000,0.0033,2275.00,0.0000,1.0000
29,Focal + Temp Scaling,0.15,0.0035,2275.00,0.0000,1.0000,0.0033,2275.00,0.0000,1.0000
29,Focal + Temp Scaling,0.20,0.0035,2275.00,0.0000,1.0000,0.0033,2275.00,0.0000,1.0000
29,Focal + Temp Scaling,0.30,0.0035,2275.00,0.0000,1.0000,0.0033,2275.00,0.0000,1.0000
29,Focal + Temp Scaling,0.40,0.0035,2275.00,0.0000,1.0000,0.0033,2275.00,0.0000,1.0000
29,Focal + Temp Scaling,0.50,0.0035,2275.00,0.0000,1.0000,0.0033,2275.00,0.0000,1.0000
29,Focal + Matrix Scaling,0.02,0.0101,75421.00,0.2857,0.5178,0.0115,75421.00,0.2857,0.5178
29,Focal + Matrix Scaling,0.05,0.0101,2275.00,0.0000,1.0000,0.0107,2275.00,0.0000,1.0000
29,Focal + Matrix Scaling,0.08,0.0101,2275.00,0.0000,1.0000,0.0107,2275.00,0.0000,1.0000
29,Focal + Matrix Scaling,0.10,0.0101,2275.00,0.0000,1.0000,0.0107,2275.00,0.0000,1.0000
29,Focal + Matrix Scaling,0.15,0.0101,2275.00,0.0000,1.0000,0.0107,2275.00,0.0000,1.0000
29,Focal + Matrix Scaling,0.20,0.0101,2275.00,0.0000,1.0000,0.0107,2275.00,0.0000,1.0000
29,Focal + Matrix Scaling,0.30,0.0101,2275.00,0.0000,1.0000,0.0107,2275.00,0.0000,1.0000
29,Focal + Matrix Scaling,0.40,0.0101,2275.00,0.0000,1.0000,0.0107,2275.00,0.0000,1.0000
29,Focal + Matrix Scaling,0.50,0.0101,2275.00,0.0000,1.0000,0.0107,2275.00,0.0000,1.0000
3,Base (non calibrato),0.02,0.0168,22587.00,0.0862,0.0000,0.0391,22587.00,0.0862,0.0000
3,Base (non calibrato),0.05,0.0168,22587.00,0.0862,0.0000,0.0391,22587.00,0.0862,0.0000
3,Base (non calibrato),0.08,0.0168,217.00,0.0000,1.0000,0.0178,217.00,0.0000,1.0000
3,Base (non calibrato),0.10,0.0168,217.00,0.0000,1.0000,0.0178,217.00,0.0000,1.0000
3,Base (non calibrato),0.15,0.0168,217.00,0.0000,1.0000,0.0178,217.00,0.0000,1.0000
3,Base (non calibrato),0.20,0.0168,217.00,0.0000,1.0000,0.0178,217.00,0.0000,1.0000
3,Base (non calibrato),0.30,0.0168,217.00,0.0000,1.0000,0.0178,217.00,0.0000,1.0000
3,Base (non calibrato),0.40,0.0168,217.00,0.0000,1.0000,0.0178,217.00,0.0000,1.0000
3,Base (non calibrato),0.50,0.0168,217.00,0.0000,1.0000,0.0178,217.00,0.0000,1.0000
3,Temp Scaling,0.02,0.0011,22587.00,0.0862,0.0000,0.0072,22587.00,0.0862,0.0000
3,Temp Scaling,0.05,0.0011,217.00,0.0000,1.0000,0.0014,217.00,0.0000,1.0000
3,Temp Scaling,0.08,0.0011,217.00,0.0000,1.0000,0.0014,217.00,0.0000,1.0000
3,Temp Scaling,0.10,0.0011,217.00,0.0000,1.0000,0.0014,217.00,0.0000,1.0000
3,Temp Scaling,0.15,0.0011,217.00,0.0000,1.0000,0.0014,217.00,0.0000,1.0000
3,Temp Scaling,0.20,0.0011,217.00,0.0000,1.0000,0.0014,217.00,0.0000,1.0000
3,Temp Scaling,0.30,0.0011,217.00,0.0000,1.0000,0.0014,217.00,0.0000,1.0000
3,Temp Scaling,0.40,0.0011,217.00,0.0000,1.0000,0.0014,217.00,0.0000,1.0000
3,Temp Scaling,0.50,0.0011,217.00,0.0000,1.0000,0.0014,217.00,0.0000,1.0000
3,Matrix Scaling,0.02,0.0061,22587.00,0.0862,0.0000,0.0217,22587.00,0.0862,0.0000
3,Matrix Scaling,0.05,0.0061,217.00,0.0000,1.0000,0.0068,217.00,0.0000,1.0000
3,Matrix Scaling,0.08,0.0061,217.00,0.0000,1.0000,0.0068,217.00,0.0000,1.0000
3,Matrix Scaling,0.10,0.0061,217.00,0.0000,1.0000,0.0068,217.00,0.0000,1.0000
3,Matrix Scaling,0.15,0.0061,217.00,0.0000,1.0000,0.0068,217.00,0.0000,1.0000
3,Matrix Scaling,0.20,0.0061,217.00,0.0000,1.0000,0.0068,217.00,0.0000,1.0000
3,Matrix Scaling,0.30,0.0061,217.00,0.0000,1.0000,0.0068,217.00,0.0000,1.0000
3,Matrix Scaling,0.40,0.0061,217.00,0.0000,1.0000,0.0068,217.00,0.0000,1.0000
3,Matrix Scaling,0.50,0.0061,217.00,0.0000,1.0000,0.0068,217.00,0.0000,1.0000
3,Focal Loss γ=1.0,0.02,0.3141,261927.00,1.0000,0.0000,0.3139,261927.00,1.0000,0.0000
3,Focal Loss γ=1.0,0.05,0.3141,261927.00,1.0000,0.0000,0.3139,261927.00,1.0000,0.0000
3,Focal Loss γ=1.0,0.08,0.3141,261927.00,1.0000,0.0000,0.3139,261927.00,1.0000,0.0000
3,Focal Loss γ=1.0,0.10,0.3141,261927.00,1.0000,0.0000,0.3139,261927.00,1.0000,0.0000
3,Focal Loss γ=1.0,0.15,0.3141,261927.00,1.0000,0.0000,0.3139,261927.00,1.0000,0.0000
3,Focal Loss γ=1.0,0.20,0.3141,261927.00,1.0000,0.0000,0.3139,261927.00,1.0000,0.0000
3,Focal Loss γ=1.0,0.30,0.3141,261927.00,1.0000,0.0000,0.3139,261927.00,1.0000,0.0000
3,Focal Loss γ=1.0,0.40,0.3141,217.00,0.0000,1.0000,0.3139,217.00,0.0000,1.0000
3,Focal Loss γ=1.0,0.50,0.3141,217.00,0.0000,1.0000,0.3139,217.00,0.0000,1.0000
3,Focal Loss γ=2.0,0.02,0.0587,261927.00,1.0000,0.0000,0.0594,261927.00,1.0000,0.0000
3,Focal Loss γ=2.0,0.05,0.0587,261927.00,1.0000,0.0000,0.0594,261927.00,1.0000,0.0000
3,Focal Loss γ=2.0,0.08,0.0587,22587.00,0.0862,0.0000,0.0741,22587.00,0.0862,0.0000
3,Focal Loss γ=2.0,0.10,0.0587,22587.00,0.0862,0.0000,0.0741,22587.00,0.0862,0.0000
3,Focal Loss γ=2.0,0.15,0.0587,217.00,0.0000,1.0000,0.0594,217.00,0.0000,1.0000
3,Focal Loss γ=2.0,0.20,0.0587,217.00,0.0000,1.0000,0.0594,217.00,0.0000,1.0000
3,Focal Loss γ=2.0,0.30,0.0587,217.00,0.0000,1.0000,0.0594,217.00,0.0000,1.0000
3,Focal Loss γ=2.0,0.40,0.0587,217.00,0.0000,1.0000,0.0594,217.00,0.0000,1.0000
3,Focal Loss γ=2.0,0.50,0.0587,217.00,0.0000,1.0000,0.0594,217.00,0.0000,1.0000
3,Focal + Temp Scaling,0.02,0.0033,22587.00,0.0862,0.0000,0.0090,22587.00,0.0862,0.0000
3,Focal + Temp Scaling,0.05,0.0033,217.00,0.0000,1.0000,0.0035,217.00,0.0000,1.0000
3,Focal + Temp Scaling,0.08,0.0033,217.00,0.0000,1.0000,0.0035,217.00,0.0000,1.0000
3,Focal + Temp Scaling,0.10,0.0033,217.00,0.0000,1.0000,0.0035,217.00,0.0000,1.0000
3,Focal + Temp Scaling,0.15,0.0033,217.00,0.0000,1.0000,0.0035,217.00,0.0000,1.0000
3,Focal + Temp Scaling,0.20,0.0033,217.00,0.0000,1.0000,0.0035,217.00,0.0000,1.0000
3,Focal + Temp Scaling,0.30,0.0033,217.00,0.0000,1.0000,0.0035,217.00,0.0000,1.0000
3,Focal + Temp Scaling,0.40,0.0033,217.00,0.0000,1.0000,0.0035,217.00,0.0000,1.0000
3,Focal + Temp Scaling,0.50,0.0033,217.00,0.0000,1.0000,0.0035,217.00,0.0000,1.0000
3,Focal + Matrix Scaling,0.02,0.0094,22587.00,0.0862,0.0000,0.0192,22587.00,0.0862,0.0000
3,Focal + Matrix Scaling,0.05,0.0094,217.00,0.0000,1.0000,0.0098,217.00,0.0000,1.0000
3,Focal + Matrix Scaling,0.08,0.0094,217.00,0.0000,1.0000,0.0098,217.00,0.0000,1.0000
3,Focal + Matrix Scaling,0.10,0.0094,217.00,0.0000,1.0000,0.0098,217.00,0.0000,1.0000
3,Focal + Matrix Scaling,0.15,0.0094,217.00,0.0000,1.0000,0.0098,217.00,0.0000,1.0000
3,Focal + Matrix Scaling,0.20,0.0094,217.00,0.0000,1.0000,0.0098,217.00,0.0000,1.0000
3,Focal + Matrix Scaling,0.30,0.0094,217.00,0.0000,1.0000,0.0098,217.00,0.0000,1.0000
3,Focal + Matrix Scaling,0.40,0.0094,217.00,0.0000,1.0000,0.0098,217.00,0.0000,1.0000
3,Focal + Matrix Scaling,0.50,0.0094,217.00,0.0000,1.0000,0.0098,217.00,0.0000,1.0000
30,Base (non calibrato),0.02,0.0228,259526.00,1.0000,0.0000,0.0217,259526.00,1.0000,0.0000
30,Base (non calibrato),0.05,0.0228,2618.00,0.0000,1.0000,0.0217,2618.00,0.0000,1.0000
30,Base (non calibrato),0.08,0.0228,2618.00,0.0000,1.0000,0.0217,2618.00,0.0000,1.0000
30,Base (non calibrato),0.10,0.0228,2618.00,0.0000,1.0000,0.0217,2618.00,0.0000,1.0000
30,Base (non calibrato),0.15,0.0228,2618.00,0.0000,1.0000,0.0217,2618.00,0.0000,1.0000
30,Base (non calibrato),0.20,0.0228,2618.00,0.0000,1.0000,0.0217,2618.00,0.0000,1.0000
30,Base (non calibrato),0.30,0.0228,2618.00,0.0000,1.0000,0.0217,2618.00,0.0000,1.0000
30,Base (non calibrato),0.40,0.0228,2618.00,0.0000,1.0000,0.0217,2618.00,0.0000,1.0000
30,Base (non calibrato),0.50,0.0228,2618.00,0.0000,1.0000,0.0217,2618.00,0.0000,1.0000
30,Temp Scaling,0.02,0.0053,2618.00,0.0000,1.0000,0.0066,2618.00,0.0000,1.0000
30,Temp Scaling,0.05,0.0053,2618.00,0.0000,1.0000,0.0066,2618.00,0.0000,1.0000
30,Temp Scaling,0.08,0.0053,2618.00,0.0000,1.0000,0.0066,2618.00,0.0000,1.0000
30,Temp Scaling,0.10,0.0053,2618.00,0.0000,1.0000,0.0066,2618.00,0.0000,1.0000
30,Temp Scaling,0.15,0.0053,2618.00,0.0000,1.0000,0.0066,2618.00,0.0000,1.0000
30,Temp Scaling,0.20,0.0053,2618.00,0.0000,1.0000,0.0066,2618.00,0.0000,1.0000
30,Temp Scaling,0.30,0.0053,2618.00,0.0000,1.0000,0.0066,2618.00,0.0000,1.0000
30,Temp Scaling,0.40,0.0053,2618.00,0.0000,1.0000,0.0066,2618.00,0.0000,1.0000
30,Temp Scaling,0.50,0.0053,2618.00,0.0000,1.0000,0.0066,2618.00,0.0000,1.0000
30,Matrix Scaling,0.02,0.0134,170847.00,0.6575,0.0760,0.0140,170847.00,0.6575,0.0760
30,Matrix Scaling,0.05,0.0134,2618.00,0.0000,1.0000,0.0124,2618.00,0.0000,1.0000
30,Matrix Scaling,0.08,0.0134,2618.00,0.0000,1.0000,0.0124,2618.00,0.0000,1.0000
30,Matrix Scaling,0.10,0.0134,2618.00,0.0000,1.0000,0.0124,2618.00,0.0000,1.0000
30,Matrix Scaling,0.15,0.0134,2618.00,0.0000,1.0000,0.0124,2618.00,0.0000,1.0000
30,Matrix Scaling,0.20,0.0134,2618.00,0.0000,1.0000,0.0124,2618.00,0.0000,1.0000
30,Matrix Scaling,0.30,0.0134,2618.00,0.0000,1.0000,0.0124,2618.00,0.0000,1.0000
30,Matrix Scaling,0.40,0.0134,2618.00,0.0000,1.0000,0.0124,2618.00,0.0000,1.0000
30,Matrix Scaling,0.50,0.0134,2618.00,0.0000,1.0000,0.0124,2618.00,0.0000,1.0000
30,Focal Loss γ=1.0,0.02,0.2867,259526.00,1.0000,0.0000,0.2851,259526.00,1.0000,0.0000
30,Focal Loss γ=1.0,0.05,0.2867,259526.00,1.0000,0.0000,0.2851,259526.00,1.0000,0.0000
30,Focal Loss γ=1.0,0.08,0.2867,259526.00,1.0000,0.0000,0.2851,259526.00,1.0000,0.0000
30,Focal Loss γ=1.0,0.10,0.2867,259526.00,1.0000,0.0000,0.2851,259526.00,1.0000,0.0000
30,Focal Loss γ=1.0,0.15,0.2867,259526.00,1.0000,0.0000,0.2851,259526.00,1.0000,0.0000
30,Focal Loss γ=1.0,0.20,0.2867,259526.00,1.0000,0.0000,0.2851,259526.00,1.0000,0.0000
30,Focal Loss γ=1.0,0.30,0.2867,2618.00,0.0000,1.0000,0.2851,2618.00,0.0000,1.0000
30,Focal Loss γ=1.0,0.40,0.2867,2618.00,0.0000,1.0000,0.2851,2618.00,0.0000,1.0000
30,Focal Loss γ=1.0,0.50,0.2867,2618.00,0.0000,1.0000,0.2851,2618.00,0.0000,1.0000
30,Focal Loss γ=2.0,0.02,0.0432,259526.00,1.0000,0.0000,0.0421,259526.00,1.0000,0.0000
30,Focal Loss γ=2.0,0.05,0.0432,167701.00,0.6450,0.1161,0.0418,167701.00,0.6450,0.1161
30,Focal Loss γ=2.0,0.08,0.0432,2618.00,0.0000,1.0000,0.0421,2618.00,0.0000,1.0000
30,Focal Loss γ=2.0,0.10,0.0432,2618.00,0.0000,1.0000,0.0421,2618.00,0.0000,1.0000
30,Focal Loss γ=2.0,0.15,0.0432,2618.00,0.0000,1.0000,0.0421,2618.00,0.0000,1.0000
30,Focal Loss γ=2.0,0.20,0.0432,2618.00,0.0000,1.0000,0.0421,2618.00,0.0000,1.0000
30,Focal Loss γ=2.0,0.30,0.0432,2618.00,0.0000,1.0000,0.0421,2618.00,0.0000,1.0000
30,Focal Loss γ=2.0,0.40,0.0432,2618.00,0.0000,1.0000,0.0421,2618.00,0.0000,1.0000
30,Focal Loss γ=2.0,0.50,0.0432,2618.00,0.0000,1.0000,0.0421,2618.00,0.0000,1.0000
30,Focal + Temp Scaling,0.02,0.0037,2618.00,0.0000,1.0000,0.0049,2618.00,0.0000,1.0000
30,Focal + Temp Scaling,0.05,0.0037,2618.00,0.0000,1.0000,0.0049,2618.00,0.0000,1.0000
30,Focal + Temp Scaling,0.08,0.0037,2618.00,0.0000,1.0000,0.0049,2618.00,0.0000,1.0000
30,Focal + Temp Scaling,0.10,0.0037,2618.00,0.0000,1.0000,0.0049,2618.00,0.0000,1.0000
30,Focal + Temp Scaling,0.15,0.0037,2618.00,0.0000,1.0000,0.0049,2618.00,0.0000,1.0000
30,Focal + Temp Scaling,0.20,0.0037,2618.00,0.0000,1.0000,0.0049,2618.00,0.0000,1.0000
30,Focal + Temp Scaling,0.30,0.0037,2618.00,0.0000,1.0000,0.0049,2618.00,0.0000,1.0000
30,Focal + Temp Scaling,0.40,0.0037,2618.00,0.0000,1.0000,0.0049,2618.00,0.0000,1.0000
30,Focal + Temp Scaling,0.50,0.0037,2618.00,0.0000,1.0000,0.0049,2618.00,0.0000,1.0000
30,Focal + Matrix Scaling,0.02,0.0092,72345.00,0.2761,0.2613,0.0076,72345.00,0.2761,0.2613
30,Focal + Matrix Scaling,0.05,0.0092,2618.00,0.0000,1.0000,0.0081,2618.00,0.0000,1.0000
30,Focal + Matrix Scaling,0.08,0.0092,2618.00,0.0000,1.0000,0.0081,2618.00,0.0000,1.0000
30,Focal + Matrix Scaling,0.10,0.0092,2618.00,0.0000,1.0000,0.0081,2618.00,0.0000,1.0000
30,Focal + Matrix Scaling,0.15,0.0092,2618.00,0.0000,1.0000,0.0081,2618.00,0.0000,1.0000
30,Focal + Matrix Scaling,0.20,0.0092,2618.00,0.0000,1.0000,0.0081,2618.00,0.0000,1.0000
30,Focal + Matrix Scaling,0.30,0.0092,2618.00,0.0000,1.0000,0.0081,2618.00,0.0000,1.0000
30,Focal + Matrix Scaling,0.40,0.0092,2618.00,0.0000,1.0000,0.0081,2618.00,0.0000,1.0000
30,Focal + Matrix Scaling,0.50,0.0092,2618.00,0.0000,1.0000,0.0081,2618.00,0.0000,1.0000
31,Base (non calibrato),0.02,0.0237,261513.00,1.0000,0.0000,0.0236,261513.00,1.0000,0.0000
31,Base (non calibrato),0.05,0.0237,631.00,0.0000,1.0000,0.0236,631.00,0.0000,1.0000
31,Base (non calibrato),0.08,0.0237,631.00,0.0000,1.0000,0.0236,631.00,0.0000,1.0000
31,Base (non calibrato),0.10,0.0237,631.00,0.0000,1.0000,0.0236,631.00,0.0000,1.0000
31,Base (non calibrato),0.15,0.0237,631.00,0.0000,1.0000,0.0236,631.00,0.0000,1.0000
31,Base (non calibrato),0.20,0.0237,631.00,0.0000,1.0000,0.0236,631.00,0.0000,1.0000
31,Base (non calibrato),0.30,0.0237,631.00,0.0000,1.0000,0.0236,631.00,0.0000,1.0000
31,Base (non calibrato),0.40,0.0237,631.00,0.0000,1.0000,0.0236,631.00,0.0000,1.0000
31,Base (non calibrato),0.50,0.0237,631.00,0.0000,1.0000,0.0236,631.00,0.0000,1.0000
31,Temp Scaling,0.02,0.0009,631.00,0.0000,1.0000,0.0009,631.00,0.0000,1.0000
31,Temp Scaling,0.05,0.0009,631.00,0.0000,1.0000,0.0009,631.00,0.0000,1.0000
31,Temp Scaling,0.08,0.0009,631.00,0.0000,1.0000,0.0009,631.00,0.0000,1.0000
31,Temp Scaling,0.10,0.0009,631.00,0.0000,1.0000,0.0009,631.00,0.0000,1.0000
31,Temp Scaling,0.15,0.0009,631.00,0.0000,1.0000,0.0009,631.00,0.0000,1.0000
31,Temp Scaling,0.20,0.0009,631.00,0.0000,1.0000,0.0009,631.00,0.0000,1.0000
31,Temp Scaling,0.30,0.0009,631.00,0.0000,1.0000,0.0009,631.00,0.0000,1.0000
31,Temp Scaling,0.40,0.0009,631.00,0.0000,1.0000,0.0009,631.00,0.0000,1.0000
31,Temp Scaling,0.50,0.0009,631.00,0.0000,1.0000,0.0009,631.00,0.0000,1.0000
31,Matrix Scaling,0.02,0.0152,15861.00,0.0587,0.8082,0.0147,15861.00,0.0587,0.8082
31,Matrix Scaling,0.05,0.0152,631.00,0.0000,1.0000,0.0151,631.00,0.0000,1.0000
31,Matrix Scaling,0.08,0.0152,631.00,0.0000,1.0000,0.0151,631.00,0.0000,1.0000
31,Matrix Scaling,0.10,0.0152,631.00,0.0000,1.0000,0.0151,631.00,0.0000,1.0000
31,Matrix Scaling,0.15,0.0152,631.00,0.0000,1.0000,0.0151,631.00,0.0000,1.0000
31,Matrix Scaling,0.20,0.0152,631.00,0.0000,1.0000,0.0151,631.00,0.0000,1.0000
31,Matrix Scaling,0.30,0.0152,631.00,0.0000,1.0000,0.0151,631.00,0.0000,1.0000
31,Matrix Scaling,0.40,0.0152,631.00,0.0000,1.0000,0.0151,631.00,0.0000,1.0000
31,Matrix Scaling,0.50,0.0152,631.00,0.0000,1.0000,0.0151,631.00,0.0000,1.0000
31,Focal Loss γ=1.0,0.02,0.2909,261513.00,1.0000,0.0000,0.2910,261513.00,1.0000,0.0000
31,Focal Loss γ=1.0,0.05,0.2909,261513.00,1.0000,0.0000,0.2910,261513.00,1.0000,0.0000
31,Focal Loss γ=1.0,0.08,0.2909,261513.00,1.0000,0.0000,0.2910,261513.00,1.0000,0.0000
31,Focal Loss γ=1.0,0.10,0.2909,261513.00,1.0000,0.0000,0.2910,261513.00,1.0000,0.0000
31,Focal Loss γ=1.0,0.15,0.2909,261513.00,1.0000,0.0000,0.2910,261513.00,1.0000,0.0000
31,Focal Loss γ=1.0,0.20,0.2909,261513.00,1.0000,0.0000,0.2910,261513.00,1.0000,0.0000
31,Focal Loss γ=1.0,0.30,0.2909,631.00,0.0000,1.0000,0.2910,631.00,0.0000,1.0000
31,Focal Loss γ=1.0,0.40,0.2909,631.00,0.0000,1.0000,0.2910,631.00,0.0000,1.0000
31,Focal Loss γ=1.0,0.50,0.2909,631.00,0.0000,1.0000,0.2910,631.00,0.0000,1.0000
31,Focal Loss γ=2.0,0.02,0.0445,261513.00,1.0000,0.0000,0.0444,261513.00,1.0000,0.0000
31,Focal Loss γ=2.0,0.05,0.0445,63270.00,0.2401,0.7702,0.0469,63270.00,0.2401,0.7702
31,Focal Loss γ=2.0,0.08,0.0445,631.00,0.0000,1.0000,0.0444,631.00,0.0000,1.0000
31,Focal Loss γ=2.0,0.10,0.0445,631.00,0.0000,1.0000,0.0444,631.00,0.0000,1.0000
31,Focal Loss γ=2.0,0.15,0.0445,631.00,0.0000,1.0000,0.0444,631.00,0.0000,1.0000
31,Focal Loss γ=2.0,0.20,0.0445,631.00,0.0000,1.0000,0.0444,631.00,0.0000,1.0000
31,Focal Loss γ=2.0,0.30,0.0445,631.00,0.0000,1.0000,0.0444,631.00,0.0000,1.0000
31,Focal Loss γ=2.0,0.40,0.0445,631.00,0.0000,1.0000,0.0444,631.00,0.0000,1.0000
31,Focal Loss γ=2.0,0.50,0.0445,631.00,0.0000,1.0000,0.0444,631.00,0.0000,1.0000
31,Focal + Temp Scaling,0.02,0.0006,631.00,0.0000,1.0000,0.0006,631.00,0.0000,1.0000
31,Focal + Temp Scaling,0.05,0.0006,631.00,0.0000,1.0000,0.0006,631.00,0.0000,1.0000
31,Focal + Temp Scaling,0.08,0.0006,631.00,0.0000,1.0000,0.0006,631.00,0.0000,1.0000
31,Focal + Temp Scaling,0.10,0.0006,631.00,0.0000,1.0000,0.0006,631.00,0.0000,1.0000
31,Focal + Temp Scaling,0.15,0.0006,631.00,0.0000,1.0000,0.0006,631.00,0.0000,1.0000
31,Focal + Temp Scaling,0.20,0.0006,631.00,0.0000,1.0000,0.0006,631.00,0.0000,1.0000
31,Focal + Temp Scaling,0.30,0.0006,631.00,0.0000,1.0000,0.0006,631.00,0.0000,1.0000
31,Focal + Temp Scaling,0.40,0.0006,631.00,0.0000,1.0000,0.0006,631.00,0.0000,1.0000
31,Focal + Temp Scaling,0.50,0.0006,631.00,0.0000,1.0000,0.0006,631.00,0.0000,1.0000
31,Focal + Matrix Scaling,0.02,0.0121,631.00,0.0000,1.0000,0.0121,631.00,0.0000,1.0000
31,Focal + Matrix Scaling,0.05,0.0121,631.00,0.0000,1.0000,0.0121,631.00,0.0000,1.0000
31,Focal + Matrix Scaling,0.08,0.0121,631.00,0.0000,1.0000,0.0121,631.00,0.0000,1.0000
31,Focal + Matrix Scaling,0.10,0.0121,631.00,0.0000,1.0000,0.0121,631.00,0.0000,1.0000
31,Focal + Matrix Scaling,0.15,0.0121,631.00,0.0000,1.0000,0.0121,631.00,0.0000,1.0000
31,Focal + Matrix Scaling,0.20,0.0121,631.00,0.0000,1.0000,0.0121,631.00,0.0000,1.0000
31,Focal + Matrix Scaling,0.30,0.0121,631.00,0.0000,1.0000,0.0121,631.00,0.0000,1.0000
31,Focal + Matrix Scaling,0.40,0.0121,631.00,0.0000,1.0000,0.0121,631.00,0.0000,1.0000
31,Focal + Matrix Scaling,0.50,0.0121,631.00,0.0000,1.0000,0.0121,631.00,0.0000,1.0000
32,Base (non calibrato),0.02,0.0241,261376.00,1.0000,0.0000,0.0242,261376.00,1.0000,0.0000
32,Base (non calibrato),0.05,0.0241,768.00,0.0000,1.0000,0.0242,768.00,0.0000,1.0000
32,Base (non calibrato),0.08,0.0241,768.00,0.0000,1.0000,0.0242,768.00,0.0000,1.0000
32,Base (non calibrato),0.10,0.0241,768.00,0.0000,1.0000,0.0242,768.00,0.0000,1.0000
32,Base (non calibrato),0.15,0.0241,768.00,0.0000,1.0000,0.0242,768.00,0.0000,1.0000
32,Base (non calibrato),0.20,0.0241,768.00,0.0000,1.0000,0.0242,768.00,0.0000,1.0000
32,Base (non calibrato),0.30,0.0241,768.00,0.0000,1.0000,0.0242,768.00,0.0000,1.0000
32,Base (non calibrato),0.40,0.0241,768.00,0.0000,1.0000,0.0242,768.00,0.0000,1.0000
32,Base (non calibrato),0.50,0.0241,768.00,0.0000,1.0000,0.0242,768.00,0.0000,1.0000
32,Temp Scaling,0.02,0.0010,768.00,0.0000,1.0000,0.0011,768.00,0.0000,1.0000
32,Temp Scaling,0.05,0.0010,768.00,0.0000,1.0000,0.0011,768.00,0.0000,1.0000
32,Temp Scaling,0.08,0.0010,768.00,0.0000,1.0000,0.0011,768.00,0.0000,1.0000
32,Temp Scaling,0.10,0.0010,768.00,0.0000,1.0000,0.0011,768.00,0.0000,1.0000
32,Temp Scaling,0.15,0.0010,768.00,0.0000,1.0000,0.0011,768.00,0.0000,1.0000
32,Temp Scaling,0.20,0.0010,768.00,0.0000,1.0000,0.0011,768.00,0.0000,1.0000
32,Temp Scaling,0.30,0.0010,768.00,0.0000,1.0000,0.0011,768.00,0.0000,1.0000
32,Temp Scaling,0.40,0.0010,768.00,0.0000,1.0000,0.0011,768.00,0.0000,1.0000
32,Temp Scaling,0.50,0.0010,768.00,0.0000,1.0000,0.0011,768.00,0.0000,1.0000
32,Matrix Scaling,0.02,0.0149,39358.00,0.1478,0.9505,0.0186,39358.00,0.1478,0.9505
32,Matrix Scaling,0.05,0.0149,768.00,0.0000,1.0000,0.0152,768.00,0.0000,1.0000
32,Matrix Scaling,0.08,0.0149,768.00,0.0000,1.0000,0.0152,768.00,0.0000,1.0000
32,Matrix Scaling,0.10,0.0149,768.00,0.0000,1.0000,0.0152,768.00,0.0000,1.0000
32,Matrix Scaling,0.15,0.0149,768.00,0.0000,1.0000,0.0152,768.00,0.0000,1.0000
32,Matrix Scaling,0.20,0.0149,768.00,0.0000,1.0000,0.0152,768.00,0.0000,1.0000
32,Matrix Scaling,0.30,0.0149,768.00,0.0000,1.0000,0.0152,768.00,0.0000,1.0000
32,Matrix Scaling,0.40,0.0149,768.00,0.0000,1.0000,0.0152,768.00,0.0000,1.0000
32,Matrix Scaling,0.50,0.0149,768.00,0.0000,1.0000,0.0152,768.00,0.0000,1.0000
32,Focal Loss γ=1.0,0.02,0.2905,261376.00,1.0000,0.0000,0.2908,261376.00,1.0000,0.0000
32,Focal Loss γ=1.0,0.05,0.2905,261376.00,1.0000,0.0000,0.2908,261376.00,1.0000,0.0000
32,Focal Loss γ=1.0,0.08,0.2905,261376.00,1.0000,0.0000,0.2908,261376.00,1.0000,0.0000
32,Focal Loss γ=1.0,0.10,0.2905,261376.00,1.0000,0.0000,0.2908,261376.00,1.0000,0.0000
32,Focal Loss γ=1.0,0.15,0.2905,261376.00,1.0000,0.0000,0.2908,261376.00,1.0000,0.0000
32,Focal Loss γ=1.0,0.20,0.2905,261376.00,1.0000,0.0000,0.2908,261376.00,1.0000,0.0000
32,Focal Loss γ=1.0,0.30,0.2905,768.00,0.0000,1.0000,0.2908,768.00,0.0000,1.0000
32,Focal Loss γ=1.0,0.40,0.2905,768.00,0.0000,1.0000,0.2908,768.00,0.0000,1.0000
32,Focal Loss γ=1.0,0.50,0.2905,768.00,0.0000,1.0000,0.2908,768.00,0.0000,1.0000
32,Focal Loss γ=2.0,0.02,0.0458,261376.00,1.0000,0.0000,0.0455,261376.00,1.0000,0.0000
32,Focal Loss γ=2.0,0.05,0.0458,53079.00,0.2007,0.7956,0.0498,53079.00,0.2007,0.7956
32,Focal Loss γ=2.0,0.08,0.0458,768.00,0.0000,1.0000,0.0455,768.00,0.0000,1.0000
32,Focal Loss γ=2.0,0.10,0.0458,768.00,0.0000,1.0000,0.0455,768.00,0.0000,1.0000
32,Focal Loss γ=2.0,0.15,0.0458,768.00,0.0000,1.0000,0.0455,768.00,0.0000,1.0000
32,Focal Loss γ=2.0,0.20,0.0458,768.00,0.0000,1.0000,0.0455,768.00,0.0000,1.0000
32,Focal Loss γ=2.0,0.30,0.0458,768.00,0.0000,1.0000,0.0455,768.00,0.0000,1.0000
32,Focal Loss γ=2.0,0.40,0.0458,768.00,0.0000,1.0000,0.0455,768.00,0.0000,1.0000
32,Focal Loss γ=2.0,0.50,0.0458,768.00,0.0000,1.0000,0.0455,768.00,0.0000,1.0000
32,Focal + Temp Scaling,0.02,0.0006,768.00,0.0000,1.0000,0.0005,768.00,0.0000,1.0000
32,Focal + Temp Scaling,0.05,0.0006,768.00,0.0000,1.0000,0.0005,768.00,0.0000,1.0000
32,Focal + Temp Scaling,0.08,0.0006,768.00,0.0000,1.0000,0.0005,768.00,0.0000,1.0000
32,Focal + Temp Scaling,0.10,0.0006,768.00,0.0000,1.0000,0.0005,768.00,0.0000,1.0000
32,Focal + Temp Scaling,0.15,0.0006,768.00,0.0000,1.0000,0.0005,768.00,0.0000,1.0000
32,Focal + Temp Scaling,0.20,0.0006,768.00,0.0000,1.0000,0.0005,768.00,0.0000,1.0000
32,Focal + Temp Scaling,0.30,0.0006,768.00,0.0000,1.0000,0.0005,768.00,0.0000,1.0000
32,Focal + Temp Scaling,0.40,0.0006,768.00,0.0000,1.0000,0.0005,768.00,0.0000,1.0000
32,Focal + Temp Scaling,0.50,0.0006,768.00,0.0000,1.0000,0.0005,768.00,0.0000,1.0000
32,Focal + Matrix Scaling,0.02,0.0120,768.00,0.0000,1.0000,0.0121,768.00,0.0000,1.0000
32,Focal + Matrix Scaling,0.05,0.0120,768.00,0.0000,1.0000,0.0121,768.00,0.0000,1.0000
32,Focal + Matrix Scaling,0.08,0.0120,768.00,0.0000,1.0000,0.0121,768.00,0.0000,1.0000
32,Focal + Matrix Scaling,0.10,0.0120,768.00,0.0000,1.0000,0.0121,768.00,0.0000,1.0000
32,Focal + Matrix Scaling,0.15,0.0120,768.00,0.0000,1.0000,0.0121,768.00,0.0000,1.0000
32,Focal + Matrix Scaling,0.20,0.0120,768.00,0.0000,1.0000,0.0121,768.00,0.0000,1.0000
32,Focal + Matrix Scaling,0.30,0.0120,768.00,0.0000,1.0000,0.0121,768.00,0.0000,1.0000
32,Focal + Matrix Scaling,0.40,0.0120,768.00,0.0000,1.0000,0.0121,768.00,0.0000,1.0000
32,Focal + Matrix Scaling,0.50,0.0120,768.00,0.0000,1.0000,0.0121,768.00,0.0000,1.0000
33,Base (non calibrato),0.02,0.0247,261691.00,1.0000,0.0000,0.0249,261691.00,1.0000,0.0000
33,Base (non calibrato),0.05,0.0247,453.00,0.0000,1.0000,0.0249,453.00,0.0000,1.0000
33,Base (non calibrato),0.08,0.0247,453.00,0.0000,1.0000,0.0249,453.00,0.0000,1.0000
33,Base (non calibrato),0.10,0.0247,453.00,0.0000,1.0000,0.0249,453.00,0.0000,1.0000
33,Base (non calibrato),0.15,0.0247,453.00,0.0000,1.0000,0.0249,453.00,0.0000,1.0000
33,Base (non calibrato),0.20,0.0247,453.00,0.0000,1.0000,0.0249,453.00,0.0000,1.0000
33,Base (non calibrato),0.30,0.0247,453.00,0.0000,1.0000,0.0249,453.00,0.0000,1.0000
33,Base (non calibrato),0.40,0.0247,453.00,0.0000,1.0000,0.0249,453.00,0.0000,1.0000
33,Base (non calibrato),0.50,0.0247,453.00,0.0000,1.0000,0.0249,453.00,0.0000,1.0000
33,Temp Scaling,0.02,0.0001,453.00,0.0000,1.0000,0.0000,453.00,0.0000,1.0000
33,Temp Scaling,0.05,0.0001,453.00,0.0000,1.0000,0.0000,453.00,0.0000,1.0000
33,Temp Scaling,0.08,0.0001,453.00,0.0000,1.0000,0.0000,453.00,0.0000,1.0000
33,Temp Scaling,0.10,0.0001,453.00,0.0000,1.0000,0.0000,453.00,0.0000,1.0000
33,Temp Scaling,0.15,0.0001,453.00,0.0000,1.0000,0.0000,453.00,0.0000,1.0000
33,Temp Scaling,0.20,0.0001,453.00,0.0000,1.0000,0.0000,453.00,0.0000,1.0000
33,Temp Scaling,0.30,0.0001,453.00,0.0000,1.0000,0.0000,453.00,0.0000,1.0000
33,Temp Scaling,0.40,0.0001,453.00,0.0000,1.0000,0.0000,453.00,0.0000,1.0000
33,Temp Scaling,0.50,0.0001,453.00,0.0000,1.0000,0.0000,453.00,0.0000,1.0000
33,Matrix Scaling,0.02,0.0159,47854.00,0.1817,0.6954,0.0178,47854.00,0.1817,0.6954
33,Matrix Scaling,0.05,0.0159,453.00,0.0000,1.0000,0.0162,453.00,0.0000,1.0000
33,Matrix Scaling,0.08,0.0159,453.00,0.0000,1.0000,0.0162,453.00,0.0000,1.0000
33,Matrix Scaling,0.10,0.0159,453.00,0.0000,1.0000,0.0162,453.00,0.0000,1.0000
33,Matrix Scaling,0.15,0.0159,453.00,0.0000,1.0000,0.0162,453.00,0.0000,1.0000
33,Matrix Scaling,0.20,0.0159,453.00,0.0000,1.0000,0.0162,453.00,0.0000,1.0000
33,Matrix Scaling,0.30,0.0159,453.00,0.0000,1.0000,0.0162,453.00,0.0000,1.0000
33,Matrix Scaling,0.40,0.0159,453.00,0.0000,1.0000,0.0162,453.00,0.0000,1.0000
33,Matrix Scaling,0.50,0.0159,453.00,0.0000,1.0000,0.0162,453.00,0.0000,1.0000
33,Focal Loss γ=1.0,0.02,0.2917,261691.00,1.0000,0.0000,0.2921,261691.00,1.0000,0.0000
33,Focal Loss γ=1.0,0.05,0.2917,261691.00,1.0000,0.0000,0.2921,261691.00,1.0000,0.0000
33,Focal Loss γ=1.0,0.08,0.2917,261691.00,1.0000,0.0000,0.2921,261691.00,1.0000,0.0000
33,Focal Loss γ=1.0,0.10,0.2917,261691.00,1.0000,0.0000,0.2921,261691.00,1.0000,0.0000
33,Focal Loss γ=1.0,0.15,0.2917,261691.00,1.0000,0.0000,0.2921,261691.00,1.0000,0.0000
33,Focal Loss γ=1.0,0.20,0.2917,261691.00,1.0000,0.0000,0.2921,261691.00,1.0000,0.0000
33,Focal Loss γ=1.0,0.30,0.2917,453.00,0.0000,1.0000,0.2921,453.00,0.0000,1.0000
33,Focal Loss γ=1.0,0.40,0.2917,453.00,0.0000,1.0000,0.2921,453.00,0.0000,1.0000
33,Focal Loss γ=1.0,0.50,0.2917,453.00,0.0000,1.0000,0.2921,453.00,0.0000,1.0000
33,Focal Loss γ=2.0,0.02,0.0443,261691.00,1.0000,0.0000,0.0442,261691.00,1.0000,0.0000
33,Focal Loss γ=2.0,0.05,0.0443,58731.00,0.2236,0.4614,0.0460,58731.00,0.2236,0.4614
33,Focal Loss γ=2.0,0.08,0.0443,453.00,0.0000,1.0000,0.0442,453.00,0.0000,1.0000
33,Focal Loss γ=2.0,0.10,0.0443,453.00,0.0000,1.0000,0.0442,453.00,0.0000,1.0000
33,Focal Loss γ=2.0,0.15,0.0443,453.00,0.0000,1.0000,0.0442,453.00,0.0000,1.0000
33,Focal Loss γ=2.0,0.20,0.0443,453.00,0.0000,1.0000,0.0442,453.00,0.0000,1.0000
33,Focal Loss γ=2.0,0.30,0.0443,453.00,0.0000,1.0000,0.0442,453.00,0.0000,1.0000
33,Focal Loss γ=2.0,0.40,0.0443,453.00,0.0000,1.0000,0.0442,453.00,0.0000,1.0000
33,Focal Loss γ=2.0,0.50,0.0443,453.00,0.0000,1.0000,0.0442,453.00,0.0000,1.0000
33,Focal + Temp Scaling,0.02,0.0013,453.00,0.0000,1.0000,0.0013,453.00,0.0000,1.0000
33,Focal + Temp Scaling,0.05,0.0013,453.00,0.0000,1.0000,0.0013,453.00,0.0000,1.0000
33,Focal + Temp Scaling,0.08,0.0013,453.00,0.0000,1.0000,0.0013,453.00,0.0000,1.0000
33,Focal + Temp Scaling,0.10,0.0013,453.00,0.0000,1.0000,0.0013,453.00,0.0000,1.0000
33,Focal + Temp Scaling,0.15,0.0013,453.00,0.0000,1.0000,0.0013,453.00,0.0000,1.0000
33,Focal + Temp Scaling,0.20,0.0013,453.00,0.0000,1.0000,0.0013,453.00,0.0000,1.0000
33,Focal + Temp Scaling,0.30,0.0013,453.00,0.0000,1.0000,0.0013,453.00,0.0000,1.0000
33,Focal + Temp Scaling,0.40,0.0013,453.00,0.0000,1.0000,0.0013,453.00,0.0000,1.0000
33,Focal + Temp Scaling,0.50,0.0013,453.00,0.0000,1.0000,0.0013,453.00,0.0000,1.0000
33,Focal + Matrix Scaling,0.02,0.0126,18091.00,0.0680,0.6733,0.0123,18091.00,0.0680,0.6733
33,Focal + Matrix Scaling,0.05,0.0126,453.00,0.0000,1.0000,0.0128,453.00,0.0000,1.0000
33,Focal + Matrix Scaling,0.08,0.0126,453.00,0.0000,1.0000,0.0128,453.00,0.0000,1.0000
33,Focal + Matrix Scaling,0.10,0.0126,453.00,0.0000,1.0000,0.0128,453.00,0.0000,1.0000
33,Focal + Matrix Scaling,0.15,0.0126,453.00,0.0000,1.0000,0.0128,453.00,0.0000,1.0000
33,Focal + Matrix Scaling,0.20,0.0126,453.00,0.0000,1.0000,0.0128,453.00,0.0000,1.0000
33,Focal + Matrix Scaling,0.30,0.0126,453.00,0.0000,1.0000,0.0128,453.00,0.0000,1.0000
33,Focal + Matrix Scaling,0.40,0.0126,453.00,0.0000,1.0000,0.0128,453.00,0.0000,1.0000
33,Focal + Matrix Scaling,0.50,0.0126,453.00,0.0000,1.0000,0.0128,453.00,0.0000,1.0000
34,Base (non calibrato),0.02,0.0257,261607.00,1.0000,0.0000,0.0259,261607.00,1.0000,0.0000
34,Base (non calibrato),0.05,0.0257,537.00,0.0000,1.0000,0.0259,537.00,0.0000,1.0000
34,Base (non calibrato),0.08,0.0257,537.00,0.0000,1.0000,0.0259,537.00,0.0000,1.0000
34,Base (non calibrato),0.10,0.0257,537.00,0.0000,1.0000,0.0259,537.00,0.0000,1.0000
34,Base (non calibrato),0.15,0.0257,537.00,0.0000,1.0000,0.0259,537.00,0.0000,1.0000
34,Base (non calibrato),0.20,0.0257,537.00,0.0000,1.0000,0.0259,537.00,0.0000,1.0000
34,Base (non calibrato),0.30,0.0257,537.00,0.0000,1.0000,0.0259,537.00,0.0000,1.0000
34,Base (non calibrato),0.40,0.0257,537.00,0.0000,1.0000,0.0259,537.00,0.0000,1.0000
34,Base (non calibrato),0.50,0.0257,537.00,0.0000,1.0000,0.0259,537.00,0.0000,1.0000
34,Temp Scaling,0.02,0.0002,537.00,0.0000,1.0000,0.0001,537.00,0.0000,1.0000
34,Temp Scaling,0.05,0.0002,537.00,0.0000,1.0000,0.0001,537.00,0.0000,1.0000
34,Temp Scaling,0.08,0.0002,537.00,0.0000,1.0000,0.0001,537.00,0.0000,1.0000
34,Temp Scaling,0.10,0.0002,537.00,0.0000,1.0000,0.0001,537.00,0.0000,1.0000
34,Temp Scaling,0.15,0.0002,537.00,0.0000,1.0000,0.0001,537.00,0.0000,1.0000
34,Temp Scaling,0.20,0.0002,537.00,0.0000,1.0000,0.0001,537.00,0.0000,1.0000
34,Temp Scaling,0.30,0.0002,537.00,0.0000,1.0000,0.0001,537.00,0.0000,1.0000
34,Temp Scaling,0.40,0.0002,537.00,0.0000,1.0000,0.0001,537.00,0.0000,1.0000
34,Temp Scaling,0.50,0.0002,537.00,0.0000,1.0000,0.0001,537.00,0.0000,1.0000
34,Matrix Scaling,0.02,0.0157,58328.00,0.2224,0.2849,0.0152,58328.00,0.2224,0.2849
34,Matrix Scaling,0.05,0.0157,537.00,0.0000,1.0000,0.0159,537.00,0.0000,1.0000
34,Matrix Scaling,0.08,0.0157,537.00,0.0000,1.0000,0.0159,537.00,0.0000,1.0000
34,Matrix Scaling,0.10,0.0157,537.00,0.0000,1.0000,0.0159,537.00,0.0000,1.0000
34,Matrix Scaling,0.15,0.0157,537.00,0.0000,1.0000,0.0159,537.00,0.0000,1.0000
34,Matrix Scaling,0.20,0.0157,537.00,0.0000,1.0000,0.0159,537.00,0.0000,1.0000
34,Matrix Scaling,0.30,0.0157,537.00,0.0000,1.0000,0.0159,537.00,0.0000,1.0000
34,Matrix Scaling,0.40,0.0157,537.00,0.0000,1.0000,0.0159,537.00,0.0000,1.0000
34,Matrix Scaling,0.50,0.0157,537.00,0.0000,1.0000,0.0159,537.00,0.0000,1.0000
34,Focal Loss γ=1.0,0.02,0.2927,261607.00,1.0000,0.0000,0.2930,261607.00,1.0000,0.0000
34,Focal Loss γ=1.0,0.05,0.2927,261607.00,1.0000,0.0000,0.2930,261607.00,1.0000,0.0000
34,Focal Loss γ=1.0,0.08,0.2927,261607.00,1.0000,0.0000,0.2930,261607.00,1.0000,0.0000
34,Focal Loss γ=1.0,0.10,0.2927,261607.00,1.0000,0.0000,0.2930,261607.00,1.0000,0.0000
34,Focal Loss γ=1.0,0.15,0.2927,261607.00,1.0000,0.0000,0.2930,261607.00,1.0000,0.0000
34,Focal Loss γ=1.0,0.20,0.2927,261607.00,1.0000,0.0000,0.2930,261607.00,1.0000,0.0000
34,Focal Loss γ=1.0,0.30,0.2927,28052.00,0.1054,0.9125,0.2953,28052.00,0.1054,0.9125
34,Focal Loss γ=1.0,0.40,0.2927,537.00,0.0000,1.0000,0.2930,537.00,0.0000,1.0000
34,Focal Loss γ=1.0,0.50,0.2927,537.00,0.0000,1.0000,0.2930,537.00,0.0000,1.0000
34,Focal Loss γ=2.0,0.02,0.0475,261607.00,1.0000,0.0000,0.0475,261607.00,1.0000,0.0000
34,Focal Loss γ=2.0,0.05,0.0475,124061.00,0.4740,0.0875,0.0475,124061.00,0.4740,0.0875
34,Focal Loss γ=2.0,0.08,0.0475,537.00,0.0000,1.0000,0.0475,537.00,0.0000,1.0000
34,Focal Loss γ=2.0,0.10,0.0475,537.00,0.0000,1.0000,0.0475,537.00,0.0000,1.0000
34,Focal Loss γ=2.0,0.15,0.0475,537.00,0.0000,1.0000,0.0475,537.00,0.0000,1.0000
34,Focal Loss γ=2.0,0.20,0.0475,537.00,0.0000,1.0000,0.0475,537.00,0.0000,1.0000
34,Focal Loss γ=2.0,0.30,0.0475,537.00,0.0000,1.0000,0.0475,537.00,0.0000,1.0000
34,Focal Loss γ=2.0,0.40,0.0475,537.00,0.0000,1.0000,0.0475,537.00,0.0000,1.0000
34,Focal Loss γ=2.0,0.50,0.0475,537.00,0.0000,1.0000,0.0475,537.00,0.0000,1.0000
34,Focal + Temp Scaling,0.02,0.0014,537.00,0.0000,1.0000,0.0015,537.00,0.0000,1.0000
34,Focal + Temp Scaling,0.05,0.0014,537.00,0.0000,1.0000,0.0015,537.00,0.0000,1.0000
34,Focal + Temp Scaling,0.08,0.0014,537.00,0.0000,1.0000,0.0015,537.00,0.0000,1.0000
34,Focal + Temp Scaling,0.10,0.0014,537.00,0.0000,1.0000,0.0015,537.00,0.0000,1.0000
34,Focal + Temp Scaling,0.15,0.0014,537.00,0.0000,1.0000,0.0015,537.00,0.0000,1.0000
34,Focal + Temp Scaling,0.20,0.0014,537.00,0.0000,1.0000,0.0015,537.00,0.0000,1.0000
34,Focal + Temp Scaling,0.30,0.0014,537.00,0.0000,1.0000,0.0015,537.00,0.0000,1.0000
34,Focal + Temp Scaling,0.40,0.0014,537.00,0.0000,1.0000,0.0015,537.00,0.0000,1.0000
34,Focal + Temp Scaling,0.50,0.0014,537.00,0.0000,1.0000,0.0015,537.00,0.0000,1.0000
34,Focal + Matrix Scaling,0.02,0.0129,537.00,0.0000,1.0000,0.0130,537.00,0.0000,1.0000
34,Focal + Matrix Scaling,0.05,0.0129,537.00,0.0000,1.0000,0.0130,537.00,0.0000,1.0000
34,Focal + Matrix Scaling,0.08,0.0129,537.00,0.0000,1.0000,0.0130,537.00,0.0000,1.0000
34,Focal + Matrix Scaling,0.10,0.0129,537.00,0.0000,1.0000,0.0130,537.00,0.0000,1.0000
34,Focal + Matrix Scaling,0.15,0.0129,537.00,0.0000,1.0000,0.0130,537.00,0.0000,1.0000
34,Focal + Matrix Scaling,0.20,0.0129,537.00,0.0000,1.0000,0.0130,537.00,0.0000,1.0000
34,Focal + Matrix Scaling,0.30,0.0129,537.00,0.0000,1.0000,0.0130,537.00,0.0000,1.0000
34,Focal + Matrix Scaling,0.40,0.0129,537.00,0.0000,1.0000,0.0130,537.00,0.0000,1.0000
34,Focal + Matrix Scaling,0.50,0.0129,537.00,0.0000,1.0000,0.0130,537.00,0.0000,1.0000
35,Base (non calibrato),0.02,0.0266,261753.00,1.0000,0.0000,0.0265,261753.00,1.0000,0.0000
35,Base (non calibrato),0.05,0.0266,391.00,0.0000,1.0000,0.0265,391.00,0.0000,1.0000
35,Base (non calibrato),0.08,0.0266,391.00,0.0000,1.0000,0.0265,391.00,0.0000,1.0000
35,Base (non calibrato),0.10,0.0266,391.00,0.0000,1.0000,0.0265,391.00,0.0000,1.0000
35,Base (non calibrato),0.15,0.0266,391.00,0.0000,1.0000,0.0265,391.00,0.0000,1.0000
35,Base (non calibrato),0.20,0.0266,391.00,0.0000,1.0000,0.0265,391.00,0.0000,1.0000
35,Base (non calibrato),0.30,0.0266,391.00,0.0000,1.0000,0.0265,391.00,0.0000,1.0000
35,Base (non calibrato),0.40,0.0266,391.00,0.0000,1.0000,0.0265,391.00,0.0000,1.0000
35,Base (non calibrato),0.50,0.0266,391.00,0.0000,1.0000,0.0265,391.00,0.0000,1.0000
35,Temp Scaling,0.02,0.0002,391.00,0.0000,1.0000,0.0003,391.00,0.0000,1.0000
35,Temp Scaling,0.05,0.0002,391.00,0.0000,1.0000,0.0003,391.00,0.0000,1.0000
35,Temp Scaling,0.08,0.0002,391.00,0.0000,1.0000,0.0003,391.00,0.0000,1.0000
35,Temp Scaling,0.10,0.0002,391.00,0.0000,1.0000,0.0003,391.00,0.0000,1.0000
35,Temp Scaling,0.15,0.0002,391.00,0.0000,1.0000,0.0003,391.00,0.0000,1.0000
35,Temp Scaling,0.20,0.0002,391.00,0.0000,1.0000,0.0003,391.00,0.0000,1.0000
35,Temp Scaling,0.30,0.0002,391.00,0.0000,1.0000,0.0003,391.00,0.0000,1.0000
35,Temp Scaling,0.40,0.0002,391.00,0.0000,1.0000,0.0003,391.00,0.0000,1.0000
35,Temp Scaling,0.50,0.0002,391.00,0.0000,1.0000,0.0003,391.00,0.0000,1.0000
35,Matrix Scaling,0.02,0.0172,104589.00,0.3987,0.6087,0.0176,104589.00,0.3987,0.6087
35,Matrix Scaling,0.05,0.0172,391.00,0.0000,1.0000,0.0171,391.00,0.0000,1.0000
35,Matrix Scaling,0.08,0.0172,391.00,0.0000,1.0000,0.0171,391.00,0.0000,1.0000
35,Matrix Scaling,0.10,0.0172,391.00,0.0000,1.0000,0.0171,391.00,0.0000,1.0000
35,Matrix Scaling,0.15,0.0172,391.00,0.0000,1.0000,0.0171,391.00,0.0000,1.0000
35,Matrix Scaling,0.20,0.0172,391.00,0.0000,1.0000,0.0171,391.00,0.0000,1.0000
35,Matrix Scaling,0.30,0.0172,391.00,0.0000,1.0000,0.0171,391.00,0.0000,1.0000
35,Matrix Scaling,0.40,0.0172,391.00,0.0000,1.0000,0.0171,391.00,0.0000,1.0000
35,Matrix Scaling,0.50,0.0172,391.00,0.0000,1.0000,0.0171,391.00,0.0000,1.0000
35,Focal Loss γ=1.0,0.02,0.2944,261753.00,1.0000,0.0000,0.2944,261753.00,1.0000,0.0000
35,Focal Loss γ=1.0,0.05,0.2944,261753.00,1.0000,0.0000,0.2944,261753.00,1.0000,0.0000
35,Focal Loss γ=1.0,0.08,0.2944,261753.00,1.0000,0.0000,0.2944,261753.00,1.0000,0.0000
35,Focal Loss γ=1.0,0.10,0.2944,261753.00,1.0000,0.0000,0.2944,261753.00,1.0000,0.0000
35,Focal Loss γ=1.0,0.15,0.2944,261753.00,1.0000,0.0000,0.2944,261753.00,1.0000,0.0000
35,Focal Loss γ=1.0,0.20,0.2944,261753.00,1.0000,0.0000,0.2944,261753.00,1.0000,0.0000
35,Focal Loss γ=1.0,0.30,0.2944,16829.00,0.0629,0.9003,0.2964,16829.00,0.0629,0.9003
35,Focal Loss γ=1.0,0.40,0.2944,391.00,0.0000,1.0000,0.2944,391.00,0.0000,1.0000
35,Focal Loss γ=1.0,0.50,0.2944,391.00,0.0000,1.0000,0.2944,391.00,0.0000,1.0000
35,Focal Loss γ=2.0,0.02,0.0490,261753.00,1.0000,0.0000,0.0489,261753.00,1.0000,0.0000
35,Focal Loss γ=2.0,0.05,0.0490,168679.00,0.6442,0.1535,0.0481,168679.00,0.6442,0.1535
35,Focal Loss γ=2.0,0.08,0.0490,391.00,0.0000,1.0000,0.0489,391.00,0.0000,1.0000
35,Focal Loss γ=2.0,0.10,0.0490,391.00,0.0000,1.0000,0.0489,391.00,0.0000,1.0000
35,Focal Loss γ=2.0,0.15,0.0490,391.00,0.0000,1.0000,0.0489,391.00,0.0000,1.0000
35,Focal Loss γ=2.0,0.20,0.0490,391.00,0.0000,1.0000,0.0489,391.00,0.0000,1.0000
35,Focal Loss γ=2.0,0.30,0.0490,391.00,0.0000,1.0000,0.0489,391.00,0.0000,1.0000
35,Focal Loss γ=2.0,0.40,0.0490,391.00,0.0000,1.0000,0.0489,391.00,0.0000,1.0000
35,Focal Loss γ=2.0,0.50,0.0490,391.00,0.0000,1.0000,0.0489,391.00,0.0000,1.0000
35,Focal + Temp Scaling,0.02,0.0021,391.00,0.0000,1.0000,0.0021,391.00,0.0000,1.0000
35,Focal + Temp Scaling,0.05,0.0021,391.00,0.0000,1.0000,0.0021,391.00,0.0000,1.0000
35,Focal + Temp Scaling,0.08,0.0021,391.00,0.0000,1.0000,0.0021,391.00,0.0000,1.0000
35,Focal + Temp Scaling,0.10,0.0021,391.00,0.0000,1.0000,0.0021,391.00,0.0000,1.0000
35,Focal + Temp Scaling,0.15,0.0021,391.00,0.0000,1.0000,0.0021,391.00,0.0000,1.0000
35,Focal + Temp Scaling,0.20,0.0021,391.00,0.0000,1.0000,0.0021,391.00,0.0000,1.0000
35,Focal + Temp Scaling,0.30,0.0021,391.00,0.0000,1.0000,0.0021,391.00,0.0000,1.0000
35,Focal + Temp Scaling,0.40,0.0021,391.00,0.0000,1.0000,0.0021,391.00,0.0000,1.0000
35,Focal + Temp Scaling,0.50,0.0021,391.00,0.0000,1.0000,0.0021,391.00,0.0000,1.0000
35,Focal + Matrix Scaling,0.02,0.0145,40284.00,0.1526,0.8926,0.0166,40284.00,0.1526,0.8926
35,Focal + Matrix Scaling,0.05,0.0145,391.00,0.0000,1.0000,0.0144,391.00,0.0000,1.0000
35,Focal + Matrix Scaling,0.08,0.0145,391.00,0.0000,1.0000,0.0144,391.00,0.0000,1.0000
35,Focal + Matrix Scaling,0.10,0.0145,391.00,0.0000,1.0000,0.0144,391.00,0.0000,1.0000
35,Focal + Matrix Scaling,0.15,0.0145,391.00,0.0000,1.0000,0.0144,391.00,0.0000,1.0000
35,Focal + Matrix Scaling,0.20,0.0145,391.00,0.0000,1.0000,0.0144,391.00,0.0000,1.0000
35,Focal + Matrix Scaling,0.30,0.0145,391.00,0.0000,1.0000,0.0144,391.00,0.0000,1.0000
35,Focal + Matrix Scaling,0.40,0.0145,391.00,0.0000,1.0000,0.0144,391.00,0.0000,1.0000
35,Focal + Matrix Scaling,0.50,0.0145,391.00,0.0000,1.0000,0.0144,391.00,0.0000,1.0000
36,Base (non calibrato),0.02,0.0259,261758.00,1.0000,0.0000,0.0262,261758.00,1.0000,0.0000
36,Base (non calibrato),0.05,0.0259,386.00,0.0000,1.0000,0.0262,386.00,0.0000,1.0000
36,Base (non calibrato),0.08,0.0259,386.00,0.0000,1.0000,0.0262,386.00,0.0000,1.0000
36,Base (non calibrato),0.10,0.0259,386.00,0.0000,1.0000,0.0262,386.00,0.0000,1.0000
36,Base (non calibrato),0.15,0.0259,386.00,0.0000,1.0000,0.0262,386.00,0.0000,1.0000
36,Base (non calibrato),0.20,0.0259,386.00,0.0000,1.0000,0.0262,386.00,0.0000,1.0000
36,Base (non calibrato),0.30,0.0259,386.00,0.0000,1.0000,0.0262,386.00,0.0000,1.0000
36,Base (non calibrato),0.40,0.0259,386.00,0.0000,1.0000,0.0262,386.00,0.0000,1.0000
36,Base (non calibrato),0.50,0.0259,386.00,0.0000,1.0000,0.0262,386.00,0.0000,1.0000
36,Temp Scaling,0.02,0.0005,386.00,0.0000,1.0000,0.0007,386.00,0.0000,1.0000
36,Temp Scaling,0.05,0.0005,386.00,0.0000,1.0000,0.0007,386.00,0.0000,1.0000
36,Temp Scaling,0.08,0.0005,386.00,0.0000,1.0000,0.0007,386.00,0.0000,1.0000
36,Temp Scaling,0.10,0.0005,386.00,0.0000,1.0000,0.0007,386.00,0.0000,1.0000
36,Temp Scaling,0.15,0.0005,386.00,0.0000,1.0000,0.0007,386.00,0.0000,1.0000
36,Temp Scaling,0.20,0.0005,386.00,0.0000,1.0000,0.0007,386.00,0.0000,1.0000
36,Temp Scaling,0.30,0.0005,386.00,0.0000,1.0000,0.0007,386.00,0.0000,1.0000
36,Temp Scaling,0.40,0.0005,386.00,0.0000,1.0000,0.0007,386.00,0.0000,1.0000
36,Temp Scaling,0.50,0.0005,386.00,0.0000,1.0000,0.0007,386.00,0.0000,1.0000
36,Matrix Scaling,0.02,0.0161,56137.00,0.2131,0.9093,0.0208,56137.00,0.2131,0.9093
36,Matrix Scaling,0.05,0.0161,386.00,0.0000,1.0000,0.0165,386.00,0.0000,1.0000
36,Matrix Scaling,0.08,0.0161,386.00,0.0000,1.0000,0.0165,386.00,0.0000,1.0000
36,Matrix Scaling,0.10,0.0161,386.00,0.0000,1.0000,0.0165,386.00,0.0000,1.0000
36,Matrix Scaling,0.15,0.0161,386.00,0.0000,1.0000,0.0165,386.00,0.0000,1.0000
36,Matrix Scaling,0.20,0.0161,386.00,0.0000,1.0000,0.0165,386.00,0.0000,1.0000
36,Matrix Scaling,0.30,0.0161,386.00,0.0000,1.0000,0.0165,386.00,0.0000,1.0000
36,Matrix Scaling,0.40,0.0161,386.00,0.0000,1.0000,0.0165,386.00,0.0000,1.0000
36,Matrix Scaling,0.50,0.0161,386.00,0.0000,1.0000,0.0165,386.00,0.0000,1.0000
36,Focal Loss γ=1.0,0.02,0.2939,261758.00,1.0000,0.0000,0.2943,261758.00,1.0000,0.0000
36,Focal Loss γ=1.0,0.05,0.2939,261758.00,1.0000,0.0000,0.2943,261758.00,1.0000,0.0000
36,Focal Loss γ=1.0,0.08,0.2939,261758.00,1.0000,0.0000,0.2943,261758.00,1.0000,0.0000
36,Focal Loss γ=1.0,0.10,0.2939,261758.00,1.0000,0.0000,0.2943,261758.00,1.0000,0.0000
36,Focal Loss γ=1.0,0.15,0.2939,261758.00,1.0000,0.0000,0.2943,261758.00,1.0000,0.0000
36,Focal Loss γ=1.0,0.20,0.2939,261758.00,1.0000,0.0000,0.2943,261758.00,1.0000,0.0000
36,Focal Loss γ=1.0,0.30,0.2939,24975.00,0.0939,1.0000,0.2974,24975.00,0.0939,1.0000
36,Focal Loss γ=1.0,0.40,0.2939,386.00,0.0000,1.0000,0.2943,386.00,0.0000,1.0000
36,Focal Loss γ=1.0,0.50,0.2939,386.00,0.0000,1.0000,0.2943,386.00,0.0000,1.0000
36,Focal Loss γ=2.0,0.02,0.0477,261758.00,1.0000,0.0000,0.0480,261758.00,1.0000,0.0000
36,Focal Loss γ=2.0,0.05,0.0477,100439.00,0.3830,0.4870,0.0502,100439.00,0.3830,0.4870
36,Focal Loss γ=2.0,0.08,0.0477,386.00,0.0000,1.0000,0.0480,386.00,0.0000,1.0000
36,Focal Loss γ=2.0,0.10,0.0477,386.00,0.0000,1.0000,0.0480,386.00,0.0000,1.0000
36,Focal Loss γ=2.0,0.15,0.0477,386.00,0.0000,1.0000,0.0480,386.00,0.0000,1.0000
36,Focal Loss γ=2.0,0.20,0.0477,386.00,0.0000,1.0000,0.0480,386.00,0.0000,1.0000
36,Focal Loss γ=2.0,0.30,0.0477,386.00,0.0000,1.0000,0.0480,386.00,0.0000,1.0000
36,Focal Loss γ=2.0,0.40,0.0477,386.00,0.0000,1.0000,0.0480,386.00,0.0000,1.0000
36,Focal Loss γ=2.0,0.50,0.0477,386.00,0.0000,1.0000,0.0480,386.00,0.0000,1.0000
36,Focal + Temp Scaling,0.02,0.0022,386.00,0.0000,1.0000,0.0023,386.00,0.0000,1.0000
36,Focal + Temp Scaling,0.05,0.0022,386.00,0.0000,1.0000,0.0023,386.00,0.0000,1.0000
36,Focal + Temp Scaling,0.08,0.0022,386.00,0.0000,1.0000,0.0023,386.00,0.0000,1.0000
36,Focal + Temp Scaling,0.10,0.0022,386.00,0.0000,1.0000,0.0023,386.00,0.0000,1.0000
36,Focal + Temp Scaling,0.15,0.0022,386.00,0.0000,1.0000,0.0023,386.00,0.0000,1.0000
36,Focal + Temp Scaling,0.20,0.0022,386.00,0.0000,1.0000,0.0023,386.00,0.0000,1.0000
36,Focal + Temp Scaling,0.30,0.0022,386.00,0.0000,1.0000,0.0023,386.00,0.0000,1.0000
36,Focal + Temp Scaling,0.40,0.0022,386.00,0.0000,1.0000,0.0023,386.00,0.0000,1.0000
36,Focal + Temp Scaling,0.50,0.0022,386.00,0.0000,1.0000,0.0023,386.00,0.0000,1.0000
36,Focal + Matrix Scaling,0.02,0.0130,30554.00,0.1153,0.9482,0.0172,30554.00,0.1153,0.9482
36,Focal + Matrix Scaling,0.05,0.0130,386.00,0.0000,1.0000,0.0135,386.00,0.0000,1.0000
36,Focal + Matrix Scaling,0.08,0.0130,386.00,0.0000,1.0000,0.0135,386.00,0.0000,1.0000
36,Focal + Matrix Scaling,0.10,0.0130,386.00,0.0000,1.0000,0.0135,386.00,0.0000,1.0000
36,Focal + Matrix Scaling,0.15,0.0130,386.00,0.0000,1.0000,0.0135,386.00,0.0000,1.0000
36,Focal + Matrix Scaling,0.20,0.0130,386.00,0.0000,1.0000,0.0135,386.00,0.0000,1.0000
36,Focal + Matrix Scaling,0.30,0.0130,386.00,0.0000,1.0000,0.0135,386.00,0.0000,1.0000
36,Focal + Matrix Scaling,0.40,0.0130,386.00,0.0000,1.0000,0.0135,386.00,0.0000,1.0000
36,Focal + Matrix Scaling,0.50,0.0130,386.00,0.0000,1.0000,0.0135,386.00,0.0000,1.0000
37,Base (non calibrato),0.02,0.0192,258686.00,1.0000,0.0000,0.0202,258686.00,1.0000,0.0000
37,Base (non calibrato),0.05,0.0192,3458.00,0.0000,1.0000,0.0202,3458.00,0.0000,1.0000
37,Base (non calibrato),0.08,0.0192,3458.00,0.0000,1.0000,0.0202,3458.00,0.0000,1.0000
37,Base (non calibrato),0.10,0.0192,3458.00,0.0000,1.0000,0.0202,3458.00,0.0000,1.0000
37,Base (non calibrato),0.15,0.0192,3458.00,0.0000,1.0000,0.0202,3458.00,0.0000,1.0000
37,Base (non calibrato),0.20,0.0192,3458.00,0.0000,1.0000,0.0202,3458.00,0.0000,1.0000
37,Base (non calibrato),0.30,0.0192,3458.00,0.0000,1.0000,0.0202,3458.00,0.0000,1.0000
37,Base (non calibrato),0.40,0.0192,3458.00,0.0000,1.0000,0.0202,3458.00,0.0000,1.0000
37,Base (non calibrato),0.50,0.0192,3458.00,0.0000,1.0000,0.0202,3458.00,0.0000,1.0000
37,Temp Scaling,0.02,0.0085,3458.00,0.0000,1.0000,0.0073,3458.00,0.0000,1.0000
37,Temp Scaling,0.05,0.0085,3458.00,0.0000,1.0000,0.0073,3458.00,0.0000,1.0000
37,Temp Scaling,0.08,0.0085,3458.00,0.0000,1.0000,0.0073,3458.00,0.0000,1.0000
37,Temp Scaling,0.10,0.0085,3458.00,0.0000,1.0000,0.0073,3458.00,0.0000,1.0000
37,Temp Scaling,0.15,0.0085,3458.00,0.0000,1.0000,0.0073,3458.00,0.0000,1.0000
37,Temp Scaling,0.20,0.0085,3458.00,0.0000,1.0000,0.0073,3458.00,0.0000,1.0000
37,Temp Scaling,0.30,0.0085,3458.00,0.0000,1.0000,0.0073,3458.00,0.0000,1.0000
37,Temp Scaling,0.40,0.0085,3458.00,0.0000,1.0000,0.0073,3458.00,0.0000,1.0000
37,Temp Scaling,0.50,0.0085,3458.00,0.0000,1.0000,0.0073,3458.00,0.0000,1.0000
37,Matrix Scaling,0.02,0.0062,153432.00,0.5925,0.0428,0.0073,153432.00,0.5925,0.0428
37,Matrix Scaling,0.05,0.0062,3458.00,0.0000,1.0000,0.0077,3458.00,0.0000,1.0000
37,Matrix Scaling,0.08,0.0062,3458.00,0.0000,1.0000,0.0077,3458.00,0.0000,1.0000
37,Matrix Scaling,0.10,0.0062,3458.00,0.0000,1.0000,0.0077,3458.00,0.0000,1.0000
37,Matrix Scaling,0.15,0.0062,3458.00,0.0000,1.0000,0.0077,3458.00,0.0000,1.0000
37,Matrix Scaling,0.20,0.0062,3458.00,0.0000,1.0000,0.0077,3458.00,0.0000,1.0000
37,Matrix Scaling,0.30,0.0062,3458.00,0.0000,1.0000,0.0077,3458.00,0.0000,1.0000
37,Matrix Scaling,0.40,0.0062,3458.00,0.0000,1.0000,0.0077,3458.00,0.0000,1.0000
37,Matrix Scaling,0.50,0.0062,3458.00,0.0000,1.0000,0.0077,3458.00,0.0000,1.0000
37,Focal Loss γ=1.0,0.02,0.2861,258686.00,1.0000,0.0000,0.2869,258686.00,1.0000,0.0000
37,Focal Loss γ=1.0,0.05,0.2861,258686.00,1.0000,0.0000,0.2869,258686.00,1.0000,0.0000
37,Focal Loss γ=1.0,0.08,0.2861,258686.00,1.0000,0.0000,0.2869,258686.00,1.0000,0.0000
37,Focal Loss γ=1.0,0.10,0.2861,258686.00,1.0000,0.0000,0.2869,258686.00,1.0000,0.0000
37,Focal Loss γ=1.0,0.15,0.2861,258686.00,1.0000,0.0000,0.2869,258686.00,1.0000,0.0000
37,Focal Loss γ=1.0,0.20,0.2861,258686.00,1.0000,0.0000,0.2869,258686.00,1.0000,0.0000
37,Focal Loss γ=1.0,0.30,0.2861,92344.00,0.3536,0.2493,0.2853,92344.00,0.3536,0.2493
37,Focal Loss γ=1.0,0.40,0.2861,3458.00,0.0000,1.0000,0.2869,3458.00,0.0000,1.0000
37,Focal Loss γ=1.0,0.50,0.2861,3458.00,0.0000,1.0000,0.2869,3458.00,0.0000,1.0000
37,Focal Loss γ=2.0,0.02,0.0474,258686.00,1.0000,0.0000,0.0479,258686.00,1.0000,0.0000
37,Focal Loss γ=2.0,0.05,0.0474,233396.00,0.9020,0.0214,0.0470,233396.00,0.9020,0.0214
37,Focal Loss γ=2.0,0.08,0.0474,17541.00,0.0559,0.8916,0.0530,17541.00,0.0559,0.8916
37,Focal Loss γ=2.0,0.10,0.0474,3458.00,0.0000,1.0000,0.0479,3458.00,0.0000,1.0000
37,Focal Loss γ=2.0,0.15,0.0474,3458.00,0.0000,1.0000,0.0479,3458.00,0.0000,1.0000
37,Focal Loss γ=2.0,0.20,0.0474,3458.00,0.0000,1.0000,0.0479,3458.00,0.0000,1.0000
37,Focal Loss γ=2.0,0.30,0.0474,3458.00,0.0000,1.0000,0.0479,3458.00,0.0000,1.0000
37,Focal Loss γ=2.0,0.40,0.0474,3458.00,0.0000,1.0000,0.0479,3458.00,0.0000,1.0000
37,Focal Loss γ=2.0,0.50,0.0474,3458.00,0.0000,1.0000,0.0479,3458.00,0.0000,1.0000
37,Focal + Temp Scaling,0.02,0.0047,37594.00,0.1365,0.6637,0.0062,37594.00,0.1365,0.6637
37,Focal + Temp Scaling,0.05,0.0047,3458.00,0.0000,1.0000,0.0038,3458.00,0.0000,1.0000
37,Focal + Temp Scaling,0.08,0.0047,3458.00,0.0000,1.0000,0.0038,3458.00,0.0000,1.0000
37,Focal + Temp Scaling,0.10,0.0047,3458.00,0.0000,1.0000,0.0038,3458.00,0.0000,1.0000
37,Focal + Temp Scaling,0.15,0.0047,3458.00,0.0000,1.0000,0.0038,3458.00,0.0000,1.0000
37,Focal + Temp Scaling,0.20,0.0047,3458.00,0.0000,1.0000,0.0038,3458.00,0.0000,1.0000
37,Focal + Temp Scaling,0.30,0.0047,3458.00,0.0000,1.0000,0.0038,3458.00,0.0000,1.0000
37,Focal + Temp Scaling,0.40,0.0047,3458.00,0.0000,1.0000,0.0038,3458.00,0.0000,1.0000
37,Focal + Temp Scaling,0.50,0.0047,3458.00,0.0000,1.0000,0.0038,3458.00,0.0000,1.0000
37,Focal + Matrix Scaling,0.02,0.0041,131280.00,0.5057,0.1353,0.0005,131280.00,0.5057,0.1353
37,Focal + Matrix Scaling,0.05,0.0041,3458.00,0.0000,1.0000,0.0056,3458.00,0.0000,1.0000
37,Focal + Matrix Scaling,0.08,0.0041,3458.00,0.0000,1.0000,0.0056,3458.00,0.0000,1.0000
37,Focal + Matrix Scaling,0.10,0.0041,3458.00,0.0000,1.0000,0.0056,3458.00,0.0000,1.0000
37,Focal + Matrix Scaling,0.15,0.0041,3458.00,0.0000,1.0000,0.0056,3458.00,0.0000,1.0000
37,Focal + Matrix Scaling,0.20,0.0041,3458.00,0.0000,1.0000,0.0056,3458.00,0.0000,1.0000
37,Focal + Matrix Scaling,0.30,0.0041,3458.00,0.0000,1.0000,0.0056,3458.00,0.0000,1.0000
37,Focal + Matrix Scaling,0.40,0.0041,3458.00,0.0000,1.0000,0.0056,3458.00,0.0000,1.0000
37,Focal + Matrix Scaling,0.50,0.0041,3458.00,0.0000,1.0000,0.0056,3458.00,0.0000,1.0000
38,Base (non calibrato),0.02,0.0352,234670.00,1.0000,0.0000,0.0375,234670.00,1.0000,0.0000
38,Base (non calibrato),0.05,0.0352,234670.00,1.0000,0.0000,0.0375,234670.00,1.0000,0.0000
38,Base (non calibrato),0.08,0.0352,200774.00,0.8476,0.0680,0.0250,200774.00,0.8476,0.0680
38,Base (non calibrato),0.10,0.0352,142260.00,0.5851,0.1805,0.0365,142260.00,0.5851,0.1805
38,Base (non calibrato),0.15,0.0352,95015.00,0.3687,0.3089,0.0453,95015.00,0.3687,0.3089
38,Base (non calibrato),0.20,0.0352,80832.00,0.2969,0.4064,0.0432,80832.00,0.2969,0.4064
38,Base (non calibrato),0.30,0.0352,27474.00,0.0000,1.0000,0.0375,27474.00,0.0000,1.0000
38,Base (non calibrato),0.40,0.0352,27474.00,0.0000,1.0000,0.0375,27474.00,0.0000,1.0000
38,Base (non calibrato),0.50,0.0352,27474.00,0.0000,1.0000,0.0375,27474.00,0.0000,1.0000
38,Temp Scaling,0.02,0.0052,234670.00,1.0000,0.0000,0.0038,234670.00,1.0000,0.0000
38,Temp Scaling,0.05,0.0052,163490.00,0.6829,0.1174,0.0060,163490.00,0.6829,0.1174
38,Temp Scaling,0.08,0.0052,119421.00,0.4844,0.2095,0.0271,119421.00,0.4844,0.2095
38,Temp Scaling,0.10,0.0052,95015.00,0.3687,0.3089,0.0280,95015.00,0.3687,0.3089
38,Temp Scaling,0.15,0.0052,80832.00,0.2969,0.4064,0.0291,80832.00,0.2969,0.4064
38,Temp Scaling,0.20,0.0052,62131.00,0.1943,0.6019,0.0114,62131.00,0.1943,0.6019
38,Temp Scaling,0.30,0.0052,27474.00,0.0000,1.0000,0.0038,27474.00,0.0000,1.0000
38,Temp Scaling,0.40,0.0052,27474.00,0.0000,1.0000,0.0038,27474.00,0.0000,1.0000
38,Temp Scaling,0.50,0.0052,27474.00,0.0000,1.0000,0.0038,27474.00,0.0000,1.0000
38,Matrix Scaling,0.02,0.0158,234670.00,1.0000,0.0000,0.0152,234670.00,1.0000,0.0000
38,Matrix Scaling,0.05,0.0158,163490.00,0.6829,0.1174,0.0111,163490.00,0.6829,0.1174
38,Matrix Scaling,0.08,0.0158,95015.00,0.3687,0.3089,0.0138,95015.00,0.3687,0.3089
38,Matrix Scaling,0.10,0.0158,80832.00,0.2969,0.4064,0.0177,80832.00,0.2969,0.4064
38,Matrix Scaling,0.15,0.0158,62131.00,0.1943,0.6019,0.0268,62131.00,0.1943,0.6019
38,Matrix Scaling,0.20,0.0158,27474.00,0.0000,1.0000,0.0152,27474.00,0.0000,1.0000
38,Matrix Scaling,0.30,0.0158,27474.00,0.0000,1.0000,0.0152,27474.00,0.0000,1.0000
38,Matrix Scaling,0.40,0.0158,27474.00,0.0000,1.0000,0.0152,27474.00,0.0000,1.0000
38,Matrix Scaling,0.50,0.0158,27474.00,0.0000,1.0000,0.0152,27474.00,0.0000,1.0000
38,Focal Loss γ=1.0,0.02,0.2292,234670.00,1.0000,0.0000,0.2235,234670.00,1.0000,0.0000
38,Focal Loss γ=1.0,0.05,0.2292,234670.00,1.0000,0.0000,0.2235,234670.00,1.0000,0.0000
38,Focal Loss γ=1.0,0.08,0.2292,234670.00,1.0000,0.0000,0.2235,234670.00,1.0000,0.0000
38,Focal Loss γ=1.0,0.10,0.2292,234670.00,1.0000,0.0000,0.2235,234670.00,1.0000,0.0000
38,Focal Loss γ=1.0,0.15,0.2292,234670.00,1.0000,0.0000,0.2235,234670.00,1.0000,0.0000
38,Focal Loss γ=1.0,0.20,0.2292,234670.00,1.0000,0.0000,0.2235,234670.00,1.0000,0.0000
38,Focal Loss γ=1.0,0.30,0.2292,234670.00,1.0000,0.0000,0.2235,234670.00,1.0000,0.0000
38,Focal Loss γ=1.0,0.40,0.2292,27474.00,0.0000,1.0000,0.2235,27474.00,0.0000,1.0000
38,Focal Loss γ=1.0,0.50,0.2292,27474.00,0.0000,1.0000,0.2235,27474.00,0.0000,1.0000
38,Focal Loss γ=2.0,0.02,0.0868,234670.00,1.0000,0.0000,0.0900,234670.00,1.0000,0.0000
38,Focal Loss γ=2.0,0.05,0.0868,234670.00,1.0000,0.0000,0.0900,234670.00,1.0000,0.0000
38,Focal Loss γ=2.0,0.08,0.0868,234670.00,1.0000,0.0000,0.0900,234670.00,1.0000,0.0000
38,Focal Loss γ=2.0,0.10,0.0868,234670.00,1.0000,0.0000,0.0900,234670.00,1.0000,0.0000
38,Focal Loss γ=2.0,0.15,0.0868,142260.00,0.5851,0.1805,0.0866,142260.00,0.5851,0.1805
38,Focal Loss γ=2.0,0.20,0.0868,95015.00,0.3687,0.3089,0.1001,95015.00,0.3687,0.3089
38,Focal Loss γ=2.0,0.30,0.0868,38508.00,0.0694,0.8090,0.0748,38508.00,0.0694,0.8090
38,Focal Loss γ=2.0,0.40,0.0868,27474.00,0.0000,1.0000,0.0900,27474.00,0.0000,1.0000
38,Focal Loss γ=2.0,0.50,0.0868,27474.00,0.0000,1.0000,0.0900,27474.00,0.0000,1.0000
38,Focal + Temp Scaling,0.02,0.0166,234670.00,1.0000,0.0000,0.0196,234670.00,1.0000,0.0000
38,Focal + Temp Scaling,0.05,0.0166,179208.00,0.7519,0.1007,0.0188,179208.00,0.7519,0.1007
38,Focal + Temp Scaling,0.08,0.0166,142260.00,0.5851,0.1805,0.0193,142260.00,0.5851,0.1805
38,Focal + Temp Scaling,0.10,0.0166,95015.00,0.3687,0.3089,0.0362,95015.00,0.3687,0.3089
38,Focal + Temp Scaling,0.15,0.0166,80832.00,0.2969,0.4064,0.0386,80832.00,0.2969,0.4064
38,Focal + Temp Scaling,0.20,0.0166,80832.00,0.2969,0.4064,0.0386,80832.00,0.2969,0.4064
38,Focal + Temp Scaling,0.30,0.0166,27474.00,0.0000,1.0000,0.0196,27474.00,0.0000,1.0000
38,Focal + Temp Scaling,0.40,0.0166,27474.00,0.0000,1.0000,0.0196,27474.00,0.0000,1.0000
38,Focal + Temp Scaling,0.50,0.0166,27474.00,0.0000,1.0000,0.0196,27474.00,0.0000,1.0000
38,Focal + Matrix Scaling,0.02,0.0391,234670.00,1.0000,0.0000,0.0406,234670.00,1.0000,0.0000
38,Focal + Matrix Scaling,0.05,0.0391,95015.00,0.3687,0.3089,0.0488,95015.00,0.3687,0.3089
38,Focal + Matrix Scaling,0.08,0.0391,80832.00,0.2969,0.4064,0.0537,80832.00,0.2969,0.4064
38,Focal + Matrix Scaling,0.10,0.0391,62131.00,0.1943,0.6019,0.0648,62131.00,0.1943,0.6019
38,Focal + Matrix Scaling,0.15,0.0391,27474.00,0.0000,1.0000,0.0406,27474.00,0.0000,1.0000
38,Focal + Matrix Scaling,0.20,0.0391,27474.00,0.0000,1.0000,0.0406,27474.00,0.0000,1.0000
38,Focal + Matrix Scaling,0.30,0.0391,27474.00,0.0000,1.0000,0.0406,27474.00,0.0000,1.0000
38,Focal + Matrix Scaling,0.40,0.0391,27474.00,0.0000,1.0000,0.0406,27474.00,0.0000,1.0000
38,Focal + Matrix Scaling,0.50,0.0391,27474.00,0.0000,1.0000,0.0406,27474.00,0.0000,1.0000
39,Base (non calibrato),0.02,0.0152,231267.00,1.0000,0.0000,0.0144,231267.00,1.0000,0.0000
39,Base (non calibrato),0.05,0.0152,136213.00,0.5744,0.1092,0.0118,136213.00,0.5744,0.1092
39,Base (non calibrato),0.08,0.0152,84755.00,0.3368,0.2221,0.0203,84755.00,0.3368,0.2221
39,Base (non calibrato),0.10,0.0152,84755.00,0.3368,0.2221,0.0203,84755.00,0.3368,0.2221
39,Base (non calibrato),0.15,0.0152,70748.00,0.2601,0.3430,0.0205,70748.00,0.2601,0.3430
39,Base (non calibrato),0.20,0.0152,53539.00,0.1600,0.5356,0.0268,53539.00,0.1600,0.5356
39,Base (non calibrato),0.30,0.0152,30877.00,0.0000,1.0000,0.0144,30877.00,0.0000,1.0000
39,Base (non calibrato),0.40,0.0152,30877.00,0.0000,1.0000,0.0144,30877.00,0.0000,1.0000
39,Base (non calibrato),0.50,0.0152,30877.00,0.0000,1.0000,0.0144,30877.00,0.0000,1.0000
39,Temp Scaling,0.02,0.0357,151160.00,0.6426,0.0823,0.0270,151160.00,0.6426,0.0823
39,Temp Scaling,0.05,0.0357,84755.00,0.3368,0.2221,0.0398,84755.00,0.3368,0.2221
39,Temp Scaling,0.08,0.0357,84755.00,0.3368,0.2221,0.0398,84755.00,0.3368,0.2221
39,Temp Scaling,0.10,0.0357,70748.00,0.2601,0.3430,0.0399,70748.00,0.2601,0.3430
39,Temp Scaling,0.15,0.0357,53539.00,0.1600,0.5356,0.0411,53539.00,0.1600,0.5356
39,Temp Scaling,0.20,0.0357,53539.00,0.1600,0.5356,0.0411,53539.00,0.1600,0.5356
39,Temp Scaling,0.30,0.0357,30877.00,0.0000,1.0000,0.0362,30877.00,0.0000,1.0000
39,Temp Scaling,0.40,0.0357,30877.00,0.0000,1.0000,0.0362,30877.00,0.0000,1.0000
39,Temp Scaling,0.50,0.0357,30877.00,0.0000,1.0000,0.0362,30877.00,0.0000,1.0000
39,Matrix Scaling,0.02,0.0494,151160.00,0.6426,0.0823,0.0333,151160.00,0.6426,0.0823
39,Matrix Scaling,0.05,0.0494,84755.00,0.3368,0.2221,0.0590,84755.00,0.3368,0.2221
39,Matrix Scaling,0.08,0.0494,70748.00,0.2601,0.3430,0.0626,70748.00,0.2601,0.3430
39,Matrix Scaling,0.10,0.0494,70748.00,0.2601,0.3430,0.0626,70748.00,0.2601,0.3430
39,Matrix Scaling,0.15,0.0494,53539.00,0.1600,0.5356,0.0753,53539.00,0.1600,0.5356
39,Matrix Scaling,0.20,0.0494,30877.00,0.0000,1.0000,0.0511,30877.00,0.0000,1.0000
39,Matrix Scaling,0.30,0.0494,30877.00,0.0000,1.0000,0.0511,30877.00,0.0000,1.0000
39,Matrix Scaling,0.40,0.0494,30877.00,0.0000,1.0000,0.0511,30877.00,0.0000,1.0000
39,Matrix Scaling,0.50,0.0494,30877.00,0.0000,1.0000,0.0511,30877.00,0.0000,1.0000
39,Focal Loss γ=1.0,0.02,0.2193,231267.00,1.0000,0.0000,0.2137,231267.00,1.0000,0.0000
39,Focal Loss γ=1.0,0.05,0.2193,231267.00,1.0000,0.0000,0.2137,231267.00,1.0000,0.0000
39,Focal Loss γ=1.0,0.08,0.2193,231267.00,1.0000,0.0000,0.2137,231267.00,1.0000,0.0000
39,Focal Loss γ=1.0,0.10,0.2193,231267.00,1.0000,0.0000,0.2137,231267.00,1.0000,0.0000
39,Focal Loss γ=1.0,0.15,0.2193,231267.00,1.0000,0.0000,0.2137,231267.00,1.0000,0.0000
39,Focal Loss γ=1.0,0.20,0.2193,231267.00,1.0000,0.0000,0.2137,231267.00,1.0000,0.0000
39,Focal Loss γ=1.0,0.30,0.2193,231267.00,1.0000,0.0000,0.2137,231267.00,1.0000,0.0000
39,Focal Loss γ=1.0,0.40,0.2193,30877.00,0.0000,1.0000,0.2137,30877.00,0.0000,1.0000
39,Focal Loss γ=1.0,0.50,0.2193,30877.00,0.0000,1.0000,0.2137,30877.00,0.0000,1.0000
39,Focal Loss γ=2.0,0.02,0.0704,231267.00,1.0000,0.0000,0.0706,231267.00,1.0000,0.0000
39,Focal Loss γ=2.0,0.05,0.0704,231267.00,1.0000,0.0000,0.0706,231267.00,1.0000,0.0000
39,Focal Loss γ=2.0,0.08,0.0704,231267.00,1.0000,0.0000,0.0706,231267.00,1.0000,0.0000
39,Focal Loss γ=2.0,0.10,0.0704,231267.00,1.0000,0.0000,0.0706,231267.00,1.0000,0.0000
39,Focal Loss γ=2.0,0.15,0.0704,117331.00,0.4858,0.1613,0.0714,117331.00,0.4858,0.1613
39,Focal Loss γ=2.0,0.20,0.0704,84755.00,0.3368,0.2221,0.0652,84755.00,0.3368,0.2221
39,Focal Loss γ=2.0,0.30,0.0704,53539.00,0.1600,0.5356,0.0472,53539.00,0.1600,0.5356
39,Focal Loss γ=2.0,0.40,0.0704,30877.00,0.0000,1.0000,0.0706,30877.00,0.0000,1.0000
39,Focal Loss γ=2.0,0.50,0.0704,30877.00,0.0000,1.0000,0.0706,30877.00,0.0000,1.0000
39,Focal + Temp Scaling,0.02,0.0078,231267.00,1.0000,0.0000,0.0071,231267.00,1.0000,0.0000
39,Focal + Temp Scaling,0.05,0.0078,136213.00,0.5744,0.1092,0.0039,136213.00,0.5744,0.1092
39,Focal + Temp Scaling,0.08,0.0078,84755.00,0.3368,0.2221,0.0111,84755.00,0.3368,0.2221
39,Focal + Temp Scaling,0.10,0.0078,84755.00,0.3368,0.2221,0.0111,84755.00,0.3368,0.2221
39,Focal + Temp Scaling,0.15,0.0078,70748.00,0.2601,0.3430,0.0103,70748.00,0.2601,0.3430
39,Focal + Temp Scaling,0.20,0.0078,53539.00,0.1600,0.5356,0.0149,53539.00,0.1600,0.5356
39,Focal + Temp Scaling,0.30,0.0078,30877.00,0.0000,1.0000,0.0071,30877.00,0.0000,1.0000
39,Focal + Temp Scaling,0.40,0.0078,30877.00,0.0000,1.0000,0.0071,30877.00,0.0000,1.0000
39,Focal + Temp Scaling,0.50,0.0078,30877.00,0.0000,1.0000,0.0071,30877.00,0.0000,1.0000
39,Focal + Matrix Scaling,0.02,0.0534,210319.00,0.9064,0.0224,0.0362,210319.00,0.9064,0.0224
39,Focal + Matrix Scaling,0.05,0.0534,84755.00,0.3368,0.2221,0.0682,84755.00,0.3368,0.2221
39,Focal + Matrix Scaling,0.08,0.0534,70748.00,0.2601,0.3430,0.0755,70748.00,0.2601,0.3430
39,Focal + Matrix Scaling,0.10,0.0534,53539.00,0.1600,0.5356,0.1029,53539.00,0.1600,0.5356
39,Focal + Matrix Scaling,0.15,0.0534,40359.00,0.0690,0.7903,0.0900,40359.00,0.0690,0.7903
39,Focal + Matrix Scaling,0.20,0.0534,30877.00,0.0000,1.0000,0.0562,30877.00,0.0000,1.0000
39,Focal + Matrix Scaling,0.30,0.0534,30877.00,0.0000,1.0000,0.0562,30877.00,0.0000,1.0000
39,Focal + Matrix Scaling,0.40,0.0534,30877.00,0.0000,1.0000,0.0562,30877.00,0.0000,1.0000
39,Focal + Matrix Scaling,0.50,0.0534,30877.00,0.0000,1.0000,0.0562,30877.00,0.0000,1.0000
4,Base (non calibrato),0.02,0.0190,47258.00,0.1804,0.0000,0.0306,47258.00,0.1804,0.0000
4,Base (non calibrato),0.05,0.0190,20791.00,0.0793,0.0000,0.0453,20791.00,0.0793,0.0000
4,Base (non calibrato),0.08,0.0190,20791.00,0.0793,0.0000,0.0453,20791.00,0.0793,0.0000
4,Base (non calibrato),0.10,0.0190,127.00,0.0000,1.0000,0.0195,127.00,0.0000,1.0000
4,Base (non calibrato),0.15,0.0190,127.00,0.0000,1.0000,0.0195,127.00,0.0000,1.0000
4,Base (non calibrato),0.20,0.0190,127.00,0.0000,1.0000,0.0195,127.00,0.0000,1.0000
4,Base (non calibrato),0.30,0.0190,127.00,0.0000,1.0000,0.0195,127.00,0.0000,1.0000
4,Base (non calibrato),0.40,0.0190,127.00,0.0000,1.0000,0.0195,127.00,0.0000,1.0000
4,Base (non calibrato),0.50,0.0190,127.00,0.0000,1.0000,0.0195,127.00,0.0000,1.0000
4,Temp Scaling,0.02,0.0021,20791.00,0.0793,0.0000,0.0109,20791.00,0.0793,0.0000
4,Temp Scaling,0.05,0.0021,127.00,0.0000,1.0000,0.0023,127.00,0.0000,1.0000
4,Temp Scaling,0.08,0.0021,127.00,0.0000,1.0000,0.0023,127.00,0.0000,1.0000
4,Temp Scaling,0.10,0.0021,127.00,0.0000,1.0000,0.0023,127.00,0.0000,1.0000
4,Temp Scaling,0.15,0.0021,127.00,0.0000,1.0000,0.0023,127.00,0.0000,1.0000
4,Temp Scaling,0.20,0.0021,127.00,0.0000,1.0000,0.0023,127.00,0.0000,1.0000
4,Temp Scaling,0.30,0.0021,127.00,0.0000,1.0000,0.0023,127.00,0.0000,1.0000
4,Temp Scaling,0.40,0.0021,127.00,0.0000,1.0000,0.0023,127.00,0.0000,1.0000
4,Temp Scaling,0.50,0.0021,127.00,0.0000,1.0000,0.0023,127.00,0.0000,1.0000
4,Matrix Scaling,0.02,0.0080,20791.00,0.0793,0.0000,0.0274,20791.00,0.0793,0.0000
4,Matrix Scaling,0.05,0.0080,20791.00,0.0793,0.0000,0.0274,20791.00,0.0793,0.0000
4,Matrix Scaling,0.08,0.0080,127.00,0.0000,1.0000,0.0084,127.00,0.0000,1.0000
4,Matrix Scaling,0.10,0.0080,127.00,0.0000,1.0000,0.0084,127.00,0.0000,1.0000
4,Matrix Scaling,0.15,0.0080,127.00,0.0000,1.0000,0.0084,127.00,0.0000,1.0000
4,Matrix Scaling,0.20,0.0080,127.00,0.0000,1.0000,0.0084,127.00,0.0000,1.0000
4,Matrix Scaling,0.30,0.0080,127.00,0.0000,1.0000,0.0084,127.00,0.0000,1.0000
4,Matrix Scaling,0.40,0.0080,127.00,0.0000,1.0000,0.0084,127.00,0.0000,1.0000
4,Matrix Scaling,0.50,0.0080,127.00,0.0000,1.0000,0.0084,127.00,0.0000,1.0000
4,Focal Loss γ=1.0,0.02,0.3141,262017.00,1.0000,0.0000,0.3141,262017.00,1.0000,0.0000
4,Focal Loss γ=1.0,0.05,0.3141,262017.00,1.0000,0.0000,0.3141,262017.00,1.0000,0.0000
4,Focal Loss γ=1.0,0.08,0.3141,262017.00,1.0000,0.0000,0.3141,262017.00,1.0000,0.0000
4,Focal Loss γ=1.0,0.10,0.3141,262017.00,1.0000,0.0000,0.3141,262017.00,1.0000,0.0000
4,Focal Loss γ=1.0,0.15,0.3141,262017.00,1.0000,0.0000,0.3141,262017.00,1.0000,0.0000
4,Focal Loss γ=1.0,0.20,0.3141,262017.00,1.0000,0.0000,0.3141,262017.00,1.0000,0.0000
4,Focal Loss γ=1.0,0.30,0.3141,262017.00,1.0000,0.0000,0.3141,262017.00,1.0000,0.0000
4,Focal Loss γ=1.0,0.40,0.3141,127.00,0.0000,1.0000,0.3141,127.00,0.0000,1.0000
4,Focal Loss γ=1.0,0.50,0.3141,127.00,0.0000,1.0000,0.3141,127.00,0.0000,1.0000
4,Focal Loss γ=2.0,0.02,0.0607,262017.00,1.0000,0.0000,0.0610,262017.00,1.0000,0.0000
4,Focal Loss γ=2.0,0.05,0.0607,262017.00,1.0000,0.0000,0.0610,262017.00,1.0000,0.0000
4,Focal Loss γ=2.0,0.08,0.0607,20791.00,0.0793,0.0000,0.0810,20791.00,0.0793,0.0000
4,Focal Loss γ=2.0,0.10,0.0607,20791.00,0.0793,0.0000,0.0810,20791.00,0.0793,0.0000
4,Focal Loss γ=2.0,0.15,0.0607,127.00,0.0000,1.0000,0.0610,127.00,0.0000,1.0000
4,Focal Loss γ=2.0,0.20,0.0607,127.00,0.0000,1.0000,0.0610,127.00,0.0000,1.0000
4,Focal Loss γ=2.0,0.30,0.0607,127.00,0.0000,1.0000,0.0610,127.00,0.0000,1.0000
4,Focal Loss γ=2.0,0.40,0.0607,127.00,0.0000,1.0000,0.0610,127.00,0.0000,1.0000
4,Focal Loss γ=2.0,0.50,0.0607,127.00,0.0000,1.0000,0.0610,127.00,0.0000,1.0000
4,Focal + Temp Scaling,0.02,0.0045,20791.00,0.0793,0.0000,0.0142,20791.00,0.0793,0.0000
4,Focal + Temp Scaling,0.05,0.0045,127.00,0.0000,1.0000,0.0046,127.00,0.0000,1.0000
4,Focal + Temp Scaling,0.08,0.0045,127.00,0.0000,1.0000,0.0046,127.00,0.0000,1.0000
4,Focal + Temp Scaling,0.10,0.0045,127.00,0.0000,1.0000,0.0046,127.00,0.0000,1.0000
4,Focal + Temp Scaling,0.15,0.0045,127.00,0.0000,1.0000,0.0046,127.00,0.0000,1.0000
4,Focal + Temp Scaling,0.20,0.0045,127.00,0.0000,1.0000,0.0046,127.00,0.0000,1.0000
4,Focal + Temp Scaling,0.30,0.0045,127.00,0.0000,1.0000,0.0046,127.00,0.0000,1.0000
4,Focal + Temp Scaling,0.40,0.0045,127.00,0.0000,1.0000,0.0046,127.00,0.0000,1.0000
4,Focal + Temp Scaling,0.50,0.0045,127.00,0.0000,1.0000,0.0046,127.00,0.0000,1.0000
4,Focal + Matrix Scaling,0.02,0.0111,20791.00,0.0793,0.0000,0.0251,20791.00,0.0793,0.0000
4,Focal + Matrix Scaling,0.05,0.0111,127.00,0.0000,1.0000,0.0113,127.00,0.0000,1.0000
4,Focal + Matrix Scaling,0.08,0.0111,127.00,0.0000,1.0000,0.0113,127.00,0.0000,1.0000
4,Focal + Matrix Scaling,0.10,0.0111,127.00,0.0000,1.0000,0.0113,127.00,0.0000,1.0000
4,Focal + Matrix Scaling,0.15,0.0111,127.00,0.0000,1.0000,0.0113,127.00,0.0000,1.0000
4,Focal + Matrix Scaling,0.20,0.0111,127.00,0.0000,1.0000,0.0113,127.00,0.0000,1.0000
4,Focal + Matrix Scaling,0.30,0.0111,127.00,0.0000,1.0000,0.0113,127.00,0.0000,1.0000
4,Focal + Matrix Scaling,0.40,0.0111,127.00,0.0000,1.0000,0.0113,127.00,0.0000,1.0000
4,Focal + Matrix Scaling,0.50,0.0111,127.00,0.0000,1.0000,0.0113,127.00,0.0000,1.0000
40,Base (non calibrato),0.02,0.0011,246877.00,1.0000,0.0000,0.0019,246877.00,1.0000,0.0000
40,Base (non calibrato),0.05,0.0011,128526.00,0.5003,0.3284,0.0036,128526.00,0.5003,0.3284
40,Base (non calibrato),0.08,0.0011,35737.00,0.0958,0.7916,0.0102,35737.00,0.0958,0.7916
40,Base (non calibrato),0.10,0.0011,15267.00,0.0000,1.0000,0.0019,15267.00,0.0000,1.0000
40,Base (non calibrato),0.15,0.0011,15267.00,0.0000,1.0000,0.0019,15267.00,0.0000,1.0000
40,Base (non calibrato),0.20,0.0011,15267.00,0.0000,1.0000,0.0019,15267.00,0.0000,1.0000
40,Base (non calibrato),0.30,0.0011,15267.00,0.0000,1.0000,0.0019,15267.00,0.0000,1.0000
40,Base (non calibrato),0.40,0.0011,15267.00,0.0000,1.0000,0.0019,15267.00,0.0000,1.0000
40,Base (non calibrato),0.50,0.0011,15267.00,0.0000,1.0000,0.0019,15267.00,0.0000,1.0000
40,Temp Scaling,0.02,0.0340,108526.00,0.4145,0.4060,0.0345,108526.00,0.4145,0.4060
40,Temp Scaling,0.05,0.0340,35737.00,0.0958,0.7916,0.0399,35737.00,0.0958,0.7916
40,Temp Scaling,0.08,0.0340,15267.00,0.0000,1.0000,0.0347,15267.00,0.0000,1.0000
40,Temp Scaling,0.10,0.0340,15267.00,0.0000,1.0000,0.0347,15267.00,0.0000,1.0000
40,Temp Scaling,0.15,0.0340,15267.00,0.0000,1.0000,0.0347,15267.00,0.0000,1.0000
40,Temp Scaling,0.20,0.0340,15267.00,0.0000,1.0000,0.0347,15267.00,0.0000,1.0000
40,Temp Scaling,0.30,0.0340,15267.00,0.0000,1.0000,0.0347,15267.00,0.0000,1.0000
40,Temp Scaling,0.40,0.0340,15267.00,0.0000,1.0000,0.0347,15267.00,0.0000,1.0000
40,Temp Scaling,0.50,0.0340,15267.00,0.0000,1.0000,0.0347,15267.00,0.0000,1.0000
40,Matrix Scaling,0.02,0.0251,228163.00,0.9226,0.0258,0.0171,228163.00,0.9226,0.0258
40,Matrix Scaling,0.05,0.0251,35737.00,0.0958,0.7916,0.0390,35737.00,0.0958,0.7916
40,Matrix Scaling,0.08,0.0251,15267.00,0.0000,1.0000,0.0264,15267.00,0.0000,1.0000
40,Matrix Scaling,0.10,0.0251,15267.00,0.0000,1.0000,0.0264,15267.00,0.0000,1.0000
40,Matrix Scaling,0.15,0.0251,15267.00,0.0000,1.0000,0.0264,15267.00,0.0000,1.0000
40,Matrix Scaling,0.20,0.0251,15267.00,0.0000,1.0000,0.0264,15267.00,0.0000,1.0000
40,Matrix Scaling,0.30,0.0251,15267.00,0.0000,1.0000,0.0264,15267.00,0.0000,1.0000
40,Matrix Scaling,0.40,0.0251,15267.00,0.0000,1.0000,0.0264,15267.00,0.0000,1.0000
40,Matrix Scaling,0.50,0.0251,15267.00,0.0000,1.0000,0.0264,15267.00,0.0000,1.0000
40,Focal Loss γ=1.0,0.02,0.2580,246877.00,1.0000,0.0000,0.2558,246877.00,1.0000,0.0000
40,Focal Loss γ=1.0,0.05,0.2580,246877.00,1.0000,0.0000,0.2558,246877.00,1.0000,0.0000
40,Focal Loss γ=1.0,0.08,0.2580,246877.00,1.0000,0.0000,0.2558,246877.00,1.0000,0.0000
40,Focal Loss γ=1.0,0.10,0.2580,246877.00,1.0000,0.0000,0.2558,246877.00,1.0000,0.0000
40,Focal Loss γ=1.0,0.15,0.2580,246877.00,1.0000,0.0000,0.2558,246877.00,1.0000,0.0000
40,Focal Loss γ=1.0,0.20,0.2580,246877.00,1.0000,0.0000,0.2558,246877.00,1.0000,0.0000
40,Focal Loss γ=1.0,0.30,0.2580,246877.00,1.0000,0.0000,0.2558,246877.00,1.0000,0.0000
40,Focal Loss γ=1.0,0.40,0.2580,15267.00,0.0000,1.0000,0.2558,15267.00,0.0000,1.0000
40,Focal Loss γ=1.0,0.50,0.2580,15267.00,0.0000,1.0000,0.2558,15267.00,0.0000,1.0000
40,Focal Loss γ=2.0,0.02,0.0427,246877.00,1.0000,0.0000,0.0420,246877.00,1.0000,0.0000
40,Focal Loss γ=2.0,0.05,0.0427,246877.00,1.0000,0.0000,0.0420,246877.00,1.0000,0.0000
40,Focal Loss γ=2.0,0.08,0.0427,228163.00,0.9226,0.0258,0.0475,228163.00,0.9226,0.0258
40,Focal Loss γ=2.0,0.10,0.0427,131678.00,0.5158,0.2843,0.0446,131678.00,0.5158,0.2843
40,Focal Loss γ=2.0,0.15,0.0427,15267.00,0.0000,1.0000,0.0420,15267.00,0.0000,1.0000
40,Focal Loss γ=2.0,0.20,0.0427,15267.00,0.0000,1.0000,0.0420,15267.00,0.0000,1.0000
40,Focal Loss γ=2.0,0.30,0.0427,15267.00,0.0000,1.0000,0.0420,15267.00,0.0000,1.0000
40,Focal Loss γ=2.0,0.40,0.0427,15267.00,0.0000,1.0000,0.0420,15267.00,0.0000,1.0000
40,Focal Loss γ=2.0,0.50,0.0427,15267.00,0.0000,1.0000,0.0420,15267.00,0.0000,1.0000
40,Focal + Temp Scaling,0.02,0.0248,184513.00,0.7428,0.0748,0.0144,184513.00,0.7428,0.0748
40,Focal + Temp Scaling,0.05,0.0248,35737.00,0.0958,0.7916,0.0326,35737.00,0.0958,0.7916
40,Focal + Temp Scaling,0.08,0.0248,15267.00,0.0000,1.0000,0.0257,15267.00,0.0000,1.0000
40,Focal + Temp Scaling,0.10,0.0248,15267.00,0.0000,1.0000,0.0257,15267.00,0.0000,1.0000
40,Focal + Temp Scaling,0.15,0.0248,15267.00,0.0000,1.0000,0.0257,15267.00,0.0000,1.0000
40,Focal + Temp Scaling,0.20,0.0248,15267.00,0.0000,1.0000,0.0257,15267.00,0.0000,1.0000
40,Focal + Temp Scaling,0.30,0.0248,15267.00,0.0000,1.0000,0.0257,15267.00,0.0000,1.0000
40,Focal + Temp Scaling,0.40,0.0248,15267.00,0.0000,1.0000,0.0257,15267.00,0.0000,1.0000
40,Focal + Temp Scaling,0.50,0.0248,15267.00,0.0000,1.0000,0.0257,15267.00,0.0000,1.0000
40,Focal + Matrix Scaling,0.02,0.0284,192881.00,0.7710,0.1659,0.0287,192881.00,0.7710,0.1659
40,Focal + Matrix Scaling,0.05,0.0284,15267.00,0.0000,1.0000,0.0302,15267.00,0.0000,1.0000
40,Focal + Matrix Scaling,0.08,0.0284,15267.00,0.0000,1.0000,0.0302,15267.00,0.0000,1.0000
40,Focal + Matrix Scaling,0.10,0.0284,15267.00,0.0000,1.0000,0.0302,15267.00,0.0000,1.0000
40,Focal + Matrix Scaling,0.15,0.0284,15267.00,0.0000,1.0000,0.0302,15267.00,0.0000,1.0000
40,Focal + Matrix Scaling,0.20,0.0284,15267.00,0.0000,1.0000,0.0302,15267.00,0.0000,1.0000
40,Focal + Matrix Scaling,0.30,0.0284,15267.00,0.0000,1.0000,0.0302,15267.00,0.0000,1.0000
40,Focal + Matrix Scaling,0.40,0.0284,15267.00,0.0000,1.0000,0.0302,15267.00,0.0000,1.0000
40,Focal + Matrix Scaling,0.50,0.0284,15267.00,0.0000,1.0000,0.0302,15267.00,0.0000,1.0000
41,Base (non calibrato),0.02,0.0196,258812.00,1.0000,0.0000,0.0195,258812.00,1.0000,0.0000
41,Base (non calibrato),0.05,0.0196,21171.00,0.0720,0.7611,0.0192,21171.00,0.0720,0.7611
41,Base (non calibrato),0.08,0.0196,3332.00,0.0000,1.0000,0.0195,3332.00,0.0000,1.0000
41,Base (non calibrato),0.10,0.0196,3332.00,0.0000,1.0000,0.0195,3332.00,0.0000,1.0000
41,Base (non calibrato),0.15,0.0196,3332.00,0.0000,1.0000,0.0195,3332.00,0.0000,1.0000
41,Base (non calibrato),0.20,0.0196,3332.00,0.0000,1.0000,0.0195,3332.00,0.0000,1.0000
41,Base (non calibrato),0.30,0.0196,3332.00,0.0000,1.0000,0.0195,3332.00,0.0000,1.0000
41,Base (non calibrato),0.40,0.0196,3332.00,0.0000,1.0000,0.0195,3332.00,0.0000,1.0000
41,Base (non calibrato),0.50,0.0196,3332.00,0.0000,1.0000,0.0195,3332.00,0.0000,1.0000
41,Temp Scaling,0.02,0.0086,21171.00,0.0720,0.7611,0.0141,21171.00,0.0720,0.7611
41,Temp Scaling,0.05,0.0086,3332.00,0.0000,1.0000,0.0086,3332.00,0.0000,1.0000
41,Temp Scaling,0.08,0.0086,3332.00,0.0000,1.0000,0.0086,3332.00,0.0000,1.0000
41,Temp Scaling,0.10,0.0086,3332.00,0.0000,1.0000,0.0086,3332.00,0.0000,1.0000
41,Temp Scaling,0.15,0.0086,3332.00,0.0000,1.0000,0.0086,3332.00,0.0000,1.0000
41,Temp Scaling,0.20,0.0086,3332.00,0.0000,1.0000,0.0086,3332.00,0.0000,1.0000
41,Temp Scaling,0.30,0.0086,3332.00,0.0000,1.0000,0.0086,3332.00,0.0000,1.0000
41,Temp Scaling,0.40,0.0086,3332.00,0.0000,1.0000,0.0086,3332.00,0.0000,1.0000
41,Temp Scaling,0.50,0.0086,3332.00,0.0000,1.0000,0.0086,3332.00,0.0000,1.0000
41,Matrix Scaling,0.02,0.0076,103834.00,0.3982,0.2305,0.0047,103834.00,0.3982,0.2305
41,Matrix Scaling,0.05,0.0076,3332.00,0.0000,1.0000,0.0077,3332.00,0.0000,1.0000
41,Matrix Scaling,0.08,0.0076,3332.00,0.0000,1.0000,0.0077,3332.00,0.0000,1.0000
41,Matrix Scaling,0.10,0.0076,3332.00,0.0000,1.0000,0.0077,3332.00,0.0000,1.0000
41,Matrix Scaling,0.15,0.0076,3332.00,0.0000,1.0000,0.0077,3332.00,0.0000,1.0000
41,Matrix Scaling,0.20,0.0076,3332.00,0.0000,1.0000,0.0077,3332.00,0.0000,1.0000
41,Matrix Scaling,0.30,0.0076,3332.00,0.0000,1.0000,0.0077,3332.00,0.0000,1.0000
41,Matrix Scaling,0.40,0.0076,3332.00,0.0000,1.0000,0.0077,3332.00,0.0000,1.0000
41,Matrix Scaling,0.50,0.0076,3332.00,0.0000,1.0000,0.0077,3332.00,0.0000,1.0000
41,Focal Loss γ=1.0,0.02,0.2856,258812.00,1.0000,0.0000,0.2859,258812.00,1.0000,0.0000
41,Focal Loss γ=1.0,0.05,0.2856,258812.00,1.0000,0.0000,0.2859,258812.00,1.0000,0.0000
41,Focal Loss γ=1.0,0.08,0.2856,258812.00,1.0000,0.0000,0.2859,258812.00,1.0000,0.0000
41,Focal Loss γ=1.0,0.10,0.2856,258812.00,1.0000,0.0000,0.2859,258812.00,1.0000,0.0000
41,Focal Loss γ=1.0,0.15,0.2856,258812.00,1.0000,0.0000,0.2859,258812.00,1.0000,0.0000
41,Focal Loss γ=1.0,0.20,0.2856,258812.00,1.0000,0.0000,0.2859,258812.00,1.0000,0.0000
41,Focal Loss γ=1.0,0.30,0.2856,87912.00,0.3352,0.3442,0.2879,87912.00,0.3352,0.3442
41,Focal Loss γ=1.0,0.40,0.2856,3332.00,0.0000,1.0000,0.2859,3332.00,0.0000,1.0000
41,Focal Loss γ=1.0,0.50,0.2856,3332.00,0.0000,1.0000,0.2859,3332.00,0.0000,1.0000
41,Focal Loss γ=2.0,0.02,0.0472,258812.00,1.0000,0.0000,0.0469,258812.00,1.0000,0.0000
41,Focal Loss γ=2.0,0.05,0.0472,169686.00,0.6536,0.1567,0.0483,169686.00,0.6536,0.1567
41,Focal Loss γ=2.0,0.08,0.0472,21171.00,0.0720,0.7611,0.0599,21171.00,0.0720,0.7611
41,Focal Loss γ=2.0,0.10,0.0472,21171.00,0.0720,0.7611,0.0599,21171.00,0.0720,0.7611
41,Focal Loss γ=2.0,0.15,0.0472,3332.00,0.0000,1.0000,0.0469,3332.00,0.0000,1.0000
41,Focal Loss γ=2.0,0.20,0.0472,3332.00,0.0000,1.0000,0.0469,3332.00,0.0000,1.0000
41,Focal Loss γ=2.0,0.30,0.0472,3332.00,0.0000,1.0000,0.0469,3332.00,0.0000,1.0000
41,Focal Loss γ=2.0,0.40,0.0472,3332.00,0.0000,1.0000,0.0469,3332.00,0.0000,1.0000
41,Focal Loss γ=2.0,0.50,0.0472,3332.00,0.0000,1.0000,0.0469,3332.00,0.0000,1.0000
41,Focal + Temp Scaling,0.02,0.0035,21171.00,0.0720,0.7611,0.0012,21171.00,0.0720,0.7611
41,Focal + Temp Scaling,0.05,0.0035,3332.00,0.0000,1.0000,0.0036,3332.00,0.0000,1.0000
41,Focal + Temp Scaling,0.08,0.0035,3332.00,0.0000,1.0000,0.0036,3332.00,0.0000,1.0000
41,Focal + Temp Scaling,0.10,0.0035,3332.00,0.0000,1.0000,0.0036,3332.00,0.0000,1.0000
41,Focal + Temp Scaling,0.15,0.0035,3332.00,0.0000,1.0000,0.0036,3332.00,0.0000,1.0000
41,Focal + Temp Scaling,0.20,0.0035,3332.00,0.0000,1.0000,0.0036,3332.00,0.0000,1.0000
41,Focal + Temp Scaling,0.30,0.0035,3332.00,0.0000,1.0000,0.0036,3332.00,0.0000,1.0000
41,Focal + Temp Scaling,0.40,0.0035,3332.00,0.0000,1.0000,0.0036,3332.00,0.0000,1.0000
41,Focal + Temp Scaling,0.50,0.0035,3332.00,0.0000,1.0000,0.0036,3332.00,0.0000,1.0000
41,Focal + Matrix Scaling,0.02,0.0055,63225.00,0.2365,0.6074,0.0060,63225.00,0.2365,0.6074
41,Focal + Matrix Scaling,0.05,0.0055,3332.00,0.0000,1.0000,0.0055,3332.00,0.0000,1.0000
41,Focal + Matrix Scaling,0.08,0.0055,3332.00,0.0000,1.0000,0.0055,3332.00,0.0000,1.0000
41,Focal + Matrix Scaling,0.10,0.0055,3332.00,0.0000,1.0000,0.0055,3332.00,0.0000,1.0000
41,Focal + Matrix Scaling,0.15,0.0055,3332.00,0.0000,1.0000,0.0055,3332.00,0.0000,1.0000
41,Focal + Matrix Scaling,0.20,0.0055,3332.00,0.0000,1.0000,0.0055,3332.00,0.0000,1.0000
41,Focal + Matrix Scaling,0.30,0.0055,3332.00,0.0000,1.0000,0.0055,3332.00,0.0000,1.0000
41,Focal + Matrix Scaling,0.40,0.0055,3332.00,0.0000,1.0000,0.0055,3332.00,0.0000,1.0000
41,Focal + Matrix Scaling,0.50,0.0055,3332.00,0.0000,1.0000,0.0055,3332.00,0.0000,1.0000
42,Base (non calibrato),0.02,0.0249,259828.00,1.0000,0.0000,0.0252,259828.00,1.0000,0.0000
42,Base (non calibrato),0.05,0.0249,33190.00,0.1215,0.7008,0.0271,33190.00,0.1215,0.7008
42,Base (non calibrato),0.08,0.0249,2316.00,0.0000,1.0000,0.0252,2316.00,0.0000,1.0000
42,Base (non calibrato),0.10,0.0249,2316.00,0.0000,1.0000,0.0252,2316.00,0.0000,1.0000
42,Base (non calibrato),0.15,0.0249,2316.00,0.0000,1.0000,0.0252,2316.00,0.0000,1.0000
42,Base (non calibrato),0.20,0.0249,2316.00,0.0000,1.0000,0.0252,2316.00,0.0000,1.0000
42,Base (non calibrato),0.30,0.0249,2316.00,0.0000,1.0000,0.0252,2316.00,0.0000,1.0000
42,Base (non calibrato),0.40,0.0249,2316.00,0.0000,1.0000,0.0252,2316.00,0.0000,1.0000
42,Base (non calibrato),0.50,0.0249,2316.00,0.0000,1.0000,0.0252,2316.00,0.0000,1.0000
42,Temp Scaling,0.02,0.0032,2316.00,0.0000,1.0000,0.0034,2316.00,0.0000,1.0000
42,Temp Scaling,0.05,0.0032,2316.00,0.0000,1.0000,0.0034,2316.00,0.0000,1.0000
42,Temp Scaling,0.08,0.0032,2316.00,0.0000,1.0000,0.0034,2316.00,0.0000,1.0000
42,Temp Scaling,0.10,0.0032,2316.00,0.0000,1.0000,0.0034,2316.00,0.0000,1.0000
42,Temp Scaling,0.15,0.0032,2316.00,0.0000,1.0000,0.0034,2316.00,0.0000,1.0000
42,Temp Scaling,0.20,0.0032,2316.00,0.0000,1.0000,0.0034,2316.00,0.0000,1.0000
42,Temp Scaling,0.30,0.0032,2316.00,0.0000,1.0000,0.0034,2316.00,0.0000,1.0000
42,Temp Scaling,0.40,0.0032,2316.00,0.0000,1.0000,0.0034,2316.00,0.0000,1.0000
42,Temp Scaling,0.50,0.0032,2316.00,0.0000,1.0000,0.0034,2316.00,0.0000,1.0000
42,Matrix Scaling,0.02,0.0128,129094.00,0.4950,0.2090,0.0124,129094.00,0.4950,0.2090
42,Matrix Scaling,0.05,0.0128,2316.00,0.0000,1.0000,0.0127,2316.00,0.0000,1.0000
42,Matrix Scaling,0.08,0.0128,2316.00,0.0000,1.0000,0.0127,2316.00,0.0000,1.0000
42,Matrix Scaling,0.10,0.0128,2316.00,0.0000,1.0000,0.0127,2316.00,0.0000,1.0000
42,Matrix Scaling,0.15,0.0128,2316.00,0.0000,1.0000,0.0127,2316.00,0.0000,1.0000
42,Matrix Scaling,0.20,0.0128,2316.00,0.0000,1.0000,0.0127,2316.00,0.0000,1.0000
42,Matrix Scaling,0.30,0.0128,2316.00,0.0000,1.0000,0.0127,2316.00,0.0000,1.0000
42,Matrix Scaling,0.40,0.0128,2316.00,0.0000,1.0000,0.0127,2316.00,0.0000,1.0000
42,Matrix Scaling,0.50,0.0128,2316.00,0.0000,1.0000,0.0127,2316.00,0.0000,1.0000
42,Focal Loss γ=1.0,0.02,0.2893,259828.00,1.0000,0.0000,0.2889,259828.00,1.0000,0.0000
42,Focal Loss γ=1.0,0.05,0.2893,259828.00,1.0000,0.0000,0.2889,259828.00,1.0000,0.0000
42,Focal Loss γ=1.0,0.08,0.2893,259828.00,1.0000,0.0000,0.2889,259828.00,1.0000,0.0000
42,Focal Loss γ=1.0,0.10,0.2893,259828.00,1.0000,0.0000,0.2889,259828.00,1.0000,0.0000
42,Focal Loss γ=1.0,0.15,0.2893,259828.00,1.0000,0.0000,0.2889,259828.00,1.0000,0.0000
42,Focal Loss γ=1.0,0.20,0.2893,259828.00,1.0000,0.0000,0.2889,259828.00,1.0000,0.0000
42,Focal Loss γ=1.0,0.30,0.2893,81587.00,0.3111,0.3303,0.2876,81587.00,0.3111,0.3303
42,Focal Loss γ=1.0,0.40,0.2893,2316.00,0.0000,1.0000,0.2889,2316.00,0.0000,1.0000
42,Focal Loss γ=1.0,0.50,0.2893,2316.00,0.0000,1.0000,0.2889,2316.00,0.0000,1.0000
42,Focal Loss γ=2.0,0.02,0.0549,259828.00,1.0000,0.0000,0.0564,259828.00,1.0000,0.0000
42,Focal Loss γ=2.0,0.05,0.0549,199907.00,0.7688,0.0656,0.0516,199907.00,0.7688,0.0656
42,Focal Loss γ=2.0,0.08,0.0549,58674.00,0.2218,0.4486,0.0641,58674.00,0.2218,0.4486
42,Focal Loss γ=2.0,0.10,0.0549,33190.00,0.1215,0.7008,0.0671,33190.00,0.1215,0.7008
42,Focal Loss γ=2.0,0.15,0.0549,2316.00,0.0000,1.0000,0.0564,2316.00,0.0000,1.0000
42,Focal Loss γ=2.0,0.20,0.0549,2316.00,0.0000,1.0000,0.0564,2316.00,0.0000,1.0000
42,Focal Loss γ=2.0,0.30,0.0549,2316.00,0.0000,1.0000,0.0564,2316.00,0.0000,1.0000
42,Focal Loss γ=2.0,0.40,0.0549,2316.00,0.0000,1.0000,0.0564,2316.00,0.0000,1.0000
42,Focal Loss γ=2.0,0.50,0.0549,2316.00,0.0000,1.0000,0.0564,2316.00,0.0000,1.0000
42,Focal + Temp Scaling,0.02,0.0023,58674.00,0.2218,0.4486,0.0061,58674.00,0.2218,0.4486
42,Focal + Temp Scaling,0.05,0.0023,2316.00,0.0000,1.0000,0.0029,2316.00,0.0000,1.0000
42,Focal + Temp Scaling,0.08,0.0023,2316.00,0.0000,1.0000,0.0029,2316.00,0.0000,1.0000
42,Focal + Temp Scaling,0.10,0.0023,2316.00,0.0000,1.0000,0.0029,2316.00,0.0000,1.0000
42,Focal + Temp Scaling,0.15,0.0023,2316.00,0.0000,1.0000,0.0029,2316.00,0.0000,1.0000
42,Focal + Temp Scaling,0.20,0.0023,2316.00,0.0000,1.0000,0.0029,2316.00,0.0000,1.0000
42,Focal + Temp Scaling,0.30,0.0023,2316.00,0.0000,1.0000,0.0029,2316.00,0.0000,1.0000
42,Focal + Temp Scaling,0.40,0.0023,2316.00,0.0000,1.0000,0.0029,2316.00,0.0000,1.0000
42,Focal + Temp Scaling,0.50,0.0023,2316.00,0.0000,1.0000,0.0029,2316.00,0.0000,1.0000
42,Focal + Matrix Scaling,0.02,0.0115,80344.00,0.3065,0.3087,0.0102,80344.00,0.3065,0.3087
42,Focal + Matrix Scaling,0.05,0.0115,2316.00,0.0000,1.0000,0.0117,2316.00,0.0000,1.0000
42,Focal + Matrix Scaling,0.08,0.0115,2316.00,0.0000,1.0000,0.0117,2316.00,0.0000,1.0000
42,Focal + Matrix Scaling,0.10,0.0115,2316.00,0.0000,1.0000,0.0117,2316.00,0.0000,1.0000
42,Focal + Matrix Scaling,0.15,0.0115,2316.00,0.0000,1.0000,0.0117,2316.00,0.0000,1.0000
42,Focal + Matrix Scaling,0.20,0.0115,2316.00,0.0000,1.0000,0.0117,2316.00,0.0000,1.0000
42,Focal + Matrix Scaling,0.30,0.0115,2316.00,0.0000,1.0000,0.0117,2316.00,0.0000,1.0000
42,Focal + Matrix Scaling,0.40,0.0115,2316.00,0.0000,1.0000,0.0117,2316.00,0.0000,1.0000
42,Focal + Matrix Scaling,0.50,0.0115,2316.00,0.0000,1.0000,0.0117,2316.00,0.0000,1.0000
43,Base (non calibrato),0.02,0.0242,259299.00,1.0000,0.0000,0.0245,259299.00,1.0000,0.0000
43,Base (non calibrato),0.05,0.0242,43050.00,0.1609,0.4703,0.0215,43050.00,0.1609,0.4703
43,Base (non calibrato),0.08,0.0242,2845.00,0.0000,1.0000,0.0245,2845.00,0.0000,1.0000
43,Base (non calibrato),0.10,0.0242,2845.00,0.0000,1.0000,0.0245,2845.00,0.0000,1.0000
43,Base (non calibrato),0.15,0.0242,2845.00,0.0000,1.0000,0.0245,2845.00,0.0000,1.0000
43,Base (non calibrato),0.20,0.0242,2845.00,0.0000,1.0000,0.0245,2845.00,0.0000,1.0000
43,Base (non calibrato),0.30,0.0242,2845.00,0.0000,1.0000,0.0245,2845.00,0.0000,1.0000
43,Base (non calibrato),0.40,0.0242,2845.00,0.0000,1.0000,0.0245,2845.00,0.0000,1.0000
43,Base (non calibrato),0.50,0.0242,2845.00,0.0000,1.0000,0.0245,2845.00,0.0000,1.0000
43,Temp Scaling,0.02,0.0044,21415.00,0.0747,0.7149,0.0111,21415.00,0.0747,0.7149
43,Temp Scaling,0.05,0.0044,2845.00,0.0000,1.0000,0.0039,2845.00,0.0000,1.0000
43,Temp Scaling,0.08,0.0044,2845.00,0.0000,1.0000,0.0039,2845.00,0.0000,1.0000
43,Temp Scaling,0.10,0.0044,2845.00,0.0000,1.0000,0.0039,2845.00,0.0000,1.0000
43,Temp Scaling,0.15,0.0044,2845.00,0.0000,1.0000,0.0039,2845.00,0.0000,1.0000
43,Temp Scaling,0.20,0.0044,2845.00,0.0000,1.0000,0.0039,2845.00,0.0000,1.0000
43,Temp Scaling,0.30,0.0044,2845.00,0.0000,1.0000,0.0039,2845.00,0.0000,1.0000
43,Temp Scaling,0.40,0.0044,2845.00,0.0000,1.0000,0.0039,2845.00,0.0000,1.0000
43,Temp Scaling,0.50,0.0044,2845.00,0.0000,1.0000,0.0039,2845.00,0.0000,1.0000
43,Matrix Scaling,0.02,0.0111,138250.00,0.5323,0.0808,0.0110,138250.00,0.5323,0.0808
43,Matrix Scaling,0.05,0.0111,2845.00,0.0000,1.0000,0.0119,2845.00,0.0000,1.0000
43,Matrix Scaling,0.08,0.0111,2845.00,0.0000,1.0000,0.0119,2845.00,0.0000,1.0000
43,Matrix Scaling,0.10,0.0111,2845.00,0.0000,1.0000,0.0119,2845.00,0.0000,1.0000
43,Matrix Scaling,0.15,0.0111,2845.00,0.0000,1.0000,0.0119,2845.00,0.0000,1.0000
43,Matrix Scaling,0.20,0.0111,2845.00,0.0000,1.0000,0.0119,2845.00,0.0000,1.0000
43,Matrix Scaling,0.30,0.0111,2845.00,0.0000,1.0000,0.0119,2845.00,0.0000,1.0000
43,Matrix Scaling,0.40,0.0111,2845.00,0.0000,1.0000,0.0119,2845.00,0.0000,1.0000
43,Matrix Scaling,0.50,0.0111,2845.00,0.0000,1.0000,0.0119,2845.00,0.0000,1.0000
43,Focal Loss γ=1.0,0.02,0.2890,259299.00,1.0000,0.0000,0.2897,259299.00,1.0000,0.0000
43,Focal Loss γ=1.0,0.05,0.2890,259299.00,1.0000,0.0000,0.2897,259299.00,1.0000,0.0000
43,Focal Loss γ=1.0,0.08,0.2890,259299.00,1.0000,0.0000,0.2897,259299.00,1.0000,0.0000
43,Focal Loss γ=1.0,0.10,0.2890,259299.00,1.0000,0.0000,0.2897,259299.00,1.0000,0.0000
43,Focal Loss γ=1.0,0.15,0.2890,259299.00,1.0000,0.0000,0.2897,259299.00,1.0000,0.0000
43,Focal Loss γ=1.0,0.20,0.2890,259299.00,1.0000,0.0000,0.2897,259299.00,1.0000,0.0000
43,Focal Loss γ=1.0,0.30,0.2890,135438.00,0.5171,0.4717,0.2891,135438.00,0.5171,0.4717
43,Focal Loss γ=1.0,0.40,0.2890,2845.00,0.0000,1.0000,0.2897,2845.00,0.0000,1.0000
43,Focal Loss γ=1.0,0.50,0.2890,2845.00,0.0000,1.0000,0.2897,2845.00,0.0000,1.0000
43,Focal Loss γ=2.0,0.02,0.0555,259299.00,1.0000,0.0000,0.0550,259299.00,1.0000,0.0000
43,Focal Loss γ=2.0,0.05,0.0555,237644.00,0.9161,0.0355,0.0505,237644.00,0.9161,0.0355
43,Focal Loss γ=2.0,0.08,0.0555,61657.00,0.2339,0.3582,0.0626,61657.00,0.2339,0.3582
43,Focal Loss γ=2.0,0.10,0.0555,24480.00,0.0861,0.7554,0.0639,24480.00,0.0861,0.7554
43,Focal Loss γ=2.0,0.15,0.0555,2845.00,0.0000,1.0000,0.0550,2845.00,0.0000,1.0000
43,Focal Loss γ=2.0,0.20,0.0555,2845.00,0.0000,1.0000,0.0550,2845.00,0.0000,1.0000
43,Focal Loss γ=2.0,0.30,0.0555,2845.00,0.0000,1.0000,0.0550,2845.00,0.0000,1.0000
43,Focal Loss γ=2.0,0.40,0.0555,2845.00,0.0000,1.0000,0.0550,2845.00,0.0000,1.0000
43,Focal Loss γ=2.0,0.50,0.0555,2845.00,0.0000,1.0000,0.0550,2845.00,0.0000,1.0000
43,Focal + Temp Scaling,0.02,0.0014,84898.00,0.3250,0.2232,0.0007,84898.00,0.3250,0.2232
43,Focal + Temp Scaling,0.05,0.0014,2845.00,0.0000,1.0000,0.0016,2845.00,0.0000,1.0000
43,Focal + Temp Scaling,0.08,0.0014,2845.00,0.0000,1.0000,0.0016,2845.00,0.0000,1.0000
43,Focal + Temp Scaling,0.10,0.0014,2845.00,0.0000,1.0000,0.0016,2845.00,0.0000,1.0000
43,Focal + Temp Scaling,0.15,0.0014,2845.00,0.0000,1.0000,0.0016,2845.00,0.0000,1.0000
43,Focal + Temp Scaling,0.20,0.0014,2845.00,0.0000,1.0000,0.0016,2845.00,0.0000,1.0000
43,Focal + Temp Scaling,0.30,0.0014,2845.00,0.0000,1.0000,0.0016,2845.00,0.0000,1.0000
43,Focal + Temp Scaling,0.40,0.0014,2845.00,0.0000,1.0000,0.0016,2845.00,0.0000,1.0000
43,Focal + Temp Scaling,0.50,0.0014,2845.00,0.0000,1.0000,0.0016,2845.00,0.0000,1.0000
43,Focal + Matrix Scaling,0.02,0.0096,114697.00,0.4409,0.1269,0.0091,114697.00,0.4409,0.1269
43,Focal + Matrix Scaling,0.05,0.0096,2845.00,0.0000,1.0000,0.0104,2845.00,0.0000,1.0000
43,Focal + Matrix Scaling,0.08,0.0096,2845.00,0.0000,1.0000,0.0104,2845.00,0.0000,1.0000
43,Focal + Matrix Scaling,0.10,0.0096,2845.00,0.0000,1.0000,0.0104,2845.00,0.0000,1.0000
43,Focal + Matrix Scaling,0.15,0.0096,2845.00,0.0000,1.0000,0.0104,2845.00,0.0000,1.0000
43,Focal + Matrix Scaling,0.20,0.0096,2845.00,0.0000,1.0000,0.0104,2845.00,0.0000,1.0000
43,Focal + Matrix Scaling,0.30,0.0096,2845.00,0.0000,1.0000,0.0104,2845.00,0.0000,1.0000
43,Focal + Matrix Scaling,0.40,0.0096,2845.00,0.0000,1.0000,0.0104,2845.00,0.0000,1.0000
43,Focal + Matrix Scaling,0.50,0.0096,2845.00,0.0000,1.0000,0.0104,2845.00,0.0000,1.0000
44,Base (non calibrato),0.02,0.0242,260022.00,1.0000,0.0000,0.0242,260022.00,1.0000,0.0000
44,Base (non calibrato),0.05,0.0242,20982.00,0.0746,0.7432,0.0245,20982.00,0.0746,0.7432
44,Base (non calibrato),0.08,0.0242,2122.00,0.0000,1.0000,0.0242,2122.00,0.0000,1.0000
44,Base (non calibrato),0.10,0.0242,2122.00,0.0000,1.0000,0.0242,2122.00,0.0000,1.0000
44,Base (non calibrato),0.15,0.0242,2122.00,0.0000,1.0000,0.0242,2122.00,0.0000,1.0000
44,Base (non calibrato),0.20,0.0242,2122.00,0.0000,1.0000,0.0242,2122.00,0.0000,1.0000
44,Base (non calibrato),0.30,0.0242,2122.00,0.0000,1.0000,0.0242,2122.00,0.0000,1.0000
44,Base (non calibrato),0.40,0.0242,2122.00,0.0000,1.0000,0.0242,2122.00,0.0000,1.0000
44,Base (non calibrato),0.50,0.0242,2122.00,0.0000,1.0000,0.0242,2122.00,0.0000,1.0000
44,Temp Scaling,0.02,0.0034,2122.00,0.0000,1.0000,0.0033,2122.00,0.0000,1.0000
44,Temp Scaling,0.05,0.0034,2122.00,0.0000,1.0000,0.0033,2122.00,0.0000,1.0000
44,Temp Scaling,0.08,0.0034,2122.00,0.0000,1.0000,0.0033,2122.00,0.0000,1.0000
44,Temp Scaling,0.10,0.0034,2122.00,0.0000,1.0000,0.0033,2122.00,0.0000,1.0000
44,Temp Scaling,0.15,0.0034,2122.00,0.0000,1.0000,0.0033,2122.00,0.0000,1.0000
44,Temp Scaling,0.20,0.0034,2122.00,0.0000,1.0000,0.0033,2122.00,0.0000,1.0000
44,Temp Scaling,0.30,0.0034,2122.00,0.0000,1.0000,0.0033,2122.00,0.0000,1.0000
44,Temp Scaling,0.40,0.0034,2122.00,0.0000,1.0000,0.0033,2122.00,0.0000,1.0000
44,Temp Scaling,0.50,0.0034,2122.00,0.0000,1.0000,0.0033,2122.00,0.0000,1.0000
44,Matrix Scaling,0.02,0.0131,153116.00,0.5867,0.2615,0.0139,153116.00,0.5867,0.2615
44,Matrix Scaling,0.05,0.0131,2122.00,0.0000,1.0000,0.0130,2122.00,0.0000,1.0000
44,Matrix Scaling,0.08,0.0131,2122.00,0.0000,1.0000,0.0130,2122.00,0.0000,1.0000
44,Matrix Scaling,0.10,0.0131,2122.00,0.0000,1.0000,0.0130,2122.00,0.0000,1.0000
44,Matrix Scaling,0.15,0.0131,2122.00,0.0000,1.0000,0.0130,2122.00,0.0000,1.0000
44,Matrix Scaling,0.20,0.0131,2122.00,0.0000,1.0000,0.0130,2122.00,0.0000,1.0000
44,Matrix Scaling,0.30,0.0131,2122.00,0.0000,1.0000,0.0130,2122.00,0.0000,1.0000
44,Matrix Scaling,0.40,0.0131,2122.00,0.0000,1.0000,0.0130,2122.00,0.0000,1.0000
44,Matrix Scaling,0.50,0.0131,2122.00,0.0000,1.0000,0.0130,2122.00,0.0000,1.0000
44,Focal Loss γ=1.0,0.02,0.2879,260022.00,1.0000,0.0000,0.2881,260022.00,1.0000,0.0000
44,Focal Loss γ=1.0,0.05,0.2879,260022.00,1.0000,0.0000,0.2881,260022.00,1.0000,0.0000
44,Focal Loss γ=1.0,0.08,0.2879,260022.00,1.0000,0.0000,0.2881,260022.00,1.0000,0.0000
44,Focal Loss γ=1.0,0.10,0.2879,260022.00,1.0000,0.0000,0.2881,260022.00,1.0000,0.0000
44,Focal Loss γ=1.0,0.15,0.2879,260022.00,1.0000,0.0000,0.2881,260022.00,1.0000,0.0000
44,Focal Loss γ=1.0,0.20,0.2879,260022.00,1.0000,0.0000,0.2881,260022.00,1.0000,0.0000
44,Focal Loss γ=1.0,0.30,0.2879,62035.00,0.2347,0.4746,0.2867,62035.00,0.2347,0.4746
44,Focal Loss γ=1.0,0.40,0.2879,2122.00,0.0000,1.0000,0.2881,2122.00,0.0000,1.0000
44,Focal Loss γ=1.0,0.50,0.2879,2122.00,0.0000,1.0000,0.2881,2122.00,0.0000,1.0000
44,Focal Loss γ=2.0,0.02,0.0508,260022.00,1.0000,0.0000,0.0510,260022.00,1.0000,0.0000
44,Focal Loss γ=2.0,0.05,0.0508,160536.00,0.6154,0.2502,0.0492,160536.00,0.6154,0.2502
44,Focal Loss γ=2.0,0.08,0.0508,39753.00,0.1480,0.5938,0.0582,39753.00,0.1480,0.5938
44,Focal Loss γ=2.0,0.10,0.0508,2122.00,0.0000,1.0000,0.0510,2122.00,0.0000,1.0000
44,Focal Loss γ=2.0,0.15,0.0508,2122.00,0.0000,1.0000,0.0510,2122.00,0.0000,1.0000
44,Focal Loss γ=2.0,0.20,0.0508,2122.00,0.0000,1.0000,0.0510,2122.00,0.0000,1.0000
44,Focal Loss γ=2.0,0.30,0.0508,2122.00,0.0000,1.0000,0.0510,2122.00,0.0000,1.0000
44,Focal Loss γ=2.0,0.40,0.0508,2122.00,0.0000,1.0000,0.0510,2122.00,0.0000,1.0000
44,Focal Loss γ=2.0,0.50,0.0508,2122.00,0.0000,1.0000,0.0510,2122.00,0.0000,1.0000
44,Focal + Temp Scaling,0.02,0.0009,39753.00,0.1480,0.5938,0.0031,39753.00,0.1480,0.5938
44,Focal + Temp Scaling,0.05,0.0009,2122.00,0.0000,1.0000,0.0009,2122.00,0.0000,1.0000
44,Focal + Temp Scaling,0.08,0.0009,2122.00,0.0000,1.0000,0.0009,2122.00,0.0000,1.0000
44,Focal + Temp Scaling,0.10,0.0009,2122.00,0.0000,1.0000,0.0009,2122.00,0.0000,1.0000
44,Focal + Temp Scaling,0.15,0.0009,2122.00,0.0000,1.0000,0.0009,2122.00,0.0000,1.0000
44,Focal + Temp Scaling,0.20,0.0009,2122.00,0.0000,1.0000,0.0009,2122.00,0.0000,1.0000
44,Focal + Temp Scaling,0.30,0.0009,2122.00,0.0000,1.0000,0.0009,2122.00,0.0000,1.0000
44,Focal + Temp Scaling,0.40,0.0009,2122.00,0.0000,1.0000,0.0009,2122.00,0.0000,1.0000
44,Focal + Temp Scaling,0.50,0.0009,2122.00,0.0000,1.0000,0.0009,2122.00,0.0000,1.0000
44,Focal + Matrix Scaling,0.02,0.0110,71377.00,0.2698,0.5782,0.0122,71377.00,0.2698,0.5782
44,Focal + Matrix Scaling,0.05,0.0110,2122.00,0.0000,1.0000,0.0109,2122.00,0.0000,1.0000
44,Focal + Matrix Scaling,0.08,0.0110,2122.00,0.0000,1.0000,0.0109,2122.00,0.0000,1.0000
44,Focal + Matrix Scaling,0.10,0.0110,2122.00,0.0000,1.0000,0.0109,2122.00,0.0000,1.0000
44,Focal + Matrix Scaling,0.15,0.0110,2122.00,0.0000,1.0000,0.0109,2122.00,0.0000,1.0000
44,Focal + Matrix Scaling,0.20,0.0110,2122.00,0.0000,1.0000,0.0109,2122.00,0.0000,1.0000
44,Focal + Matrix Scaling,0.30,0.0110,2122.00,0.0000,1.0000,0.0109,2122.00,0.0000,1.0000
44,Focal + Matrix Scaling,0.40,0.0110,2122.00,0.0000,1.0000,0.0109,2122.00,0.0000,1.0000
44,Focal + Matrix Scaling,0.50,0.0110,2122.00,0.0000,1.0000,0.0109,2122.00,0.0000,1.0000
45,Base (non calibrato),0.02,0.0196,259679.00,1.0000,0.0000,0.0200,259679.00,1.0000,0.0000
45,Base (non calibrato),0.05,0.0196,2465.00,0.0000,1.0000,0.0200,2465.00,0.0000,1.0000
45,Base (non calibrato),0.08,0.0196,2465.00,0.0000,1.0000,0.0200,2465.00,0.0000,1.0000
45,Base (non calibrato),0.10,0.0196,2465.00,0.0000,1.0000,0.0200,2465.00,0.0000,1.0000
45,Base (non calibrato),0.15,0.0196,2465.00,0.0000,1.0000,0.0200,2465.00,0.0000,1.0000
45,Base (non calibrato),0.20,0.0196,2465.00,0.0000,1.0000,0.0200,2465.00,0.0000,1.0000
45,Base (non calibrato),0.30,0.0196,2465.00,0.0000,1.0000,0.0200,2465.00,0.0000,1.0000
45,Base (non calibrato),0.40,0.0196,2465.00,0.0000,1.0000,0.0200,2465.00,0.0000,1.0000
45,Base (non calibrato),0.50,0.0196,2465.00,0.0000,1.0000,0.0200,2465.00,0.0000,1.0000
45,Temp Scaling,0.02,0.0068,2465.00,0.0000,1.0000,0.0064,2465.00,0.0000,1.0000
45,Temp Scaling,0.05,0.0068,2465.00,0.0000,1.0000,0.0064,2465.00,0.0000,1.0000
45,Temp Scaling,0.08,0.0068,2465.00,0.0000,1.0000,0.0064,2465.00,0.0000,1.0000
45,Temp Scaling,0.10,0.0068,2465.00,0.0000,1.0000,0.0064,2465.00,0.0000,1.0000
45,Temp Scaling,0.15,0.0068,2465.00,0.0000,1.0000,0.0064,2465.00,0.0000,1.0000
45,Temp Scaling,0.20,0.0068,2465.00,0.0000,1.0000,0.0064,2465.00,0.0000,1.0000
45,Temp Scaling,0.30,0.0068,2465.00,0.0000,1.0000,0.0064,2465.00,0.0000,1.0000
45,Temp Scaling,0.40,0.0068,2465.00,0.0000,1.0000,0.0064,2465.00,0.0000,1.0000
45,Temp Scaling,0.50,0.0068,2465.00,0.0000,1.0000,0.0064,2465.00,0.0000,1.0000
45,Matrix Scaling,0.02,0.0074,62030.00,0.2355,0.3513,0.0047,62030.00,0.2355,0.3513
45,Matrix Scaling,0.05,0.0074,2465.00,0.0000,1.0000,0.0079,2465.00,0.0000,1.0000
45,Matrix Scaling,0.08,0.0074,2465.00,0.0000,1.0000,0.0079,2465.00,0.0000,1.0000
45,Matrix Scaling,0.10,0.0074,2465.00,0.0000,1.0000,0.0079,2465.00,0.0000,1.0000
45,Matrix Scaling,0.15,0.0074,2465.00,0.0000,1.0000,0.0079,2465.00,0.0000,1.0000
45,Matrix Scaling,0.20,0.0074,2465.00,0.0000,1.0000,0.0079,2465.00,0.0000,1.0000
45,Matrix Scaling,0.30,0.0074,2465.00,0.0000,1.0000,0.0079,2465.00,0.0000,1.0000
45,Matrix Scaling,0.40,0.0074,2465.00,0.0000,1.0000,0.0079,2465.00,0.0000,1.0000
45,Matrix Scaling,0.50,0.0074,2465.00,0.0000,1.0000,0.0079,2465.00,0.0000,1.0000
45,Focal Loss γ=1.0,0.02,0.2872,259679.00,1.0000,0.0000,0.2874,259679.00,1.0000,0.0000
45,Focal Loss γ=1.0,0.05,0.2872,259679.00,1.0000,0.0000,0.2874,259679.00,1.0000,0.0000
45,Focal Loss γ=1.0,0.08,0.2872,259679.00,1.0000,0.0000,0.2874,259679.00,1.0000,0.0000
45,Focal Loss γ=1.0,0.10,0.2872,259679.00,1.0000,0.0000,0.2874,259679.00,1.0000,0.0000
45,Focal Loss γ=1.0,0.15,0.2872,259679.00,1.0000,0.0000,0.2874,259679.00,1.0000,0.0000
45,Focal Loss γ=1.0,0.20,0.2872,259679.00,1.0000,0.0000,0.2874,259679.00,1.0000,0.0000
45,Focal Loss γ=1.0,0.30,0.2872,75123.00,0.2878,0.1533,0.2842,75123.00,0.2878,0.1533
45,Focal Loss γ=1.0,0.40,0.2872,2465.00,0.0000,1.0000,0.2874,2465.00,0.0000,1.0000
45,Focal Loss γ=1.0,0.50,0.2872,2465.00,0.0000,1.0000,0.2874,2465.00,0.0000,1.0000
45,Focal Loss γ=2.0,0.02,0.0484,259679.00,1.0000,0.0000,0.0487,259679.00,1.0000,0.0000
45,Focal Loss γ=2.0,0.05,0.0484,120831.00,0.4642,0.1124,0.0501,120831.00,0.4642,0.1124
45,Focal Loss γ=2.0,0.08,0.0484,39653.00,0.1490,0.3923,0.0540,39653.00,0.1490,0.3923
45,Focal Loss γ=2.0,0.10,0.0484,23377.00,0.0833,0.7039,0.0594,23377.00,0.0833,0.7039
45,Focal Loss γ=2.0,0.15,0.0484,2465.00,0.0000,1.0000,0.0487,2465.00,0.0000,1.0000
45,Focal Loss γ=2.0,0.20,0.0484,2465.00,0.0000,1.0000,0.0487,2465.00,0.0000,1.0000
45,Focal Loss γ=2.0,0.30,0.0484,2465.00,0.0000,1.0000,0.0487,2465.00,0.0000,1.0000
45,Focal Loss γ=2.0,0.40,0.0484,2465.00,0.0000,1.0000,0.0487,2465.00,0.0000,1.0000
45,Focal Loss γ=2.0,0.50,0.0484,2465.00,0.0000,1.0000,0.0487,2465.00,0.0000,1.0000
45,Focal + Temp Scaling,0.02,0.0023,39653.00,0.1490,0.3923,0.0056,39653.00,0.1490,0.3923
45,Focal + Temp Scaling,0.05,0.0023,2465.00,0.0000,1.0000,0.0018,2465.00,0.0000,1.0000
45,Focal + Temp Scaling,0.08,0.0023,2465.00,0.0000,1.0000,0.0018,2465.00,0.0000,1.0000
45,Focal + Temp Scaling,0.10,0.0023,2465.00,0.0000,1.0000,0.0018,2465.00,0.0000,1.0000
45,Focal + Temp Scaling,0.15,0.0023,2465.00,0.0000,1.0000,0.0018,2465.00,0.0000,1.0000
45,Focal + Temp Scaling,0.20,0.0023,2465.00,0.0000,1.0000,0.0018,2465.00,0.0000,1.0000
45,Focal + Temp Scaling,0.30,0.0023,2465.00,0.0000,1.0000,0.0018,2465.00,0.0000,1.0000
45,Focal + Temp Scaling,0.40,0.0023,2465.00,0.0000,1.0000,0.0018,2465.00,0.0000,1.0000
45,Focal + Temp Scaling,0.50,0.0023,2465.00,0.0000,1.0000,0.0018,2465.00,0.0000,1.0000
45,Focal + Matrix Scaling,0.02,0.0058,39653.00,0.1490,0.3923,0.0011,39653.00,0.1490,0.3923
45,Focal + Matrix Scaling,0.05,0.0058,2465.00,0.0000,1.0000,0.0064,2465.00,0.0000,1.0000
45,Focal + Matrix Scaling,0.08,0.0058,2465.00,0.0000,1.0000,0.0064,2465.00,0.0000,1.0000
45,Focal + Matrix Scaling,0.10,0.0058,2465.00,0.0000,1.0000,0.0064,2465.00,0.0000,1.0000
45,Focal + Matrix Scaling,0.15,0.0058,2465.00,0.0000,1.0000,0.0064,2465.00,0.0000,1.0000
45,Focal + Matrix Scaling,0.20,0.0058,2465.00,0.0000,1.0000,0.0064,2465.00,0.0000,1.0000
45,Focal + Matrix Scaling,0.30,0.0058,2465.00,0.0000,1.0000,0.0064,2465.00,0.0000,1.0000
45,Focal + Matrix Scaling,0.40,0.0058,2465.00,0.0000,1.0000,0.0064,2465.00,0.0000,1.0000
45,Focal + Matrix Scaling,0.50,0.0058,2465.00,0.0000,1.0000,0.0064,2465.00,0.0000,1.0000
46,Base (non calibrato),0.02,0.0038,252837.00,1.0000,0.0000,0.0045,252837.00,1.0000,0.0000
46,Base (non calibrato),0.05,0.0038,9307.00,0.0000,1.0000,0.0045,9307.00,0.0000,1.0000
46,Base (non calibrato),0.08,0.0038,9307.00,0.0000,1.0000,0.0045,9307.00,0.0000,1.0000
46,Base (non calibrato),0.10,0.0038,9307.00,0.0000,1.0000,0.0045,9307.00,0.0000,1.0000
46,Base (non calibrato),0.15,0.0038,9307.00,0.0000,1.0000,0.0045,9307.00,0.0000,1.0000
46,Base (non calibrato),0.20,0.0038,9307.00,0.0000,1.0000,0.0045,9307.00,0.0000,1.0000
46,Base (non calibrato),0.30,0.0038,9307.00,0.0000,1.0000,0.0045,9307.00,0.0000,1.0000
46,Base (non calibrato),0.40,0.0038,9307.00,0.0000,1.0000,0.0045,9307.00,0.0000,1.0000
46,Base (non calibrato),0.50,0.0038,9307.00,0.0000,1.0000,0.0045,9307.00,0.0000,1.0000
46,Temp Scaling,0.02,0.0308,9307.00,0.0000,1.0000,0.0314,9307.00,0.0000,1.0000
46,Temp Scaling,0.05,0.0308,9307.00,0.0000,1.0000,0.0314,9307.00,0.0000,1.0000
46,Temp Scaling,0.08,0.0308,9307.00,0.0000,1.0000,0.0314,9307.00,0.0000,1.0000
46,Temp Scaling,0.10,0.0308,9307.00,0.0000,1.0000,0.0314,9307.00,0.0000,1.0000
46,Temp Scaling,0.15,0.0308,9307.00,0.0000,1.0000,0.0314,9307.00,0.0000,1.0000
46,Temp Scaling,0.20,0.0308,9307.00,0.0000,1.0000,0.0314,9307.00,0.0000,1.0000
46,Temp Scaling,0.30,0.0308,9307.00,0.0000,1.0000,0.0314,9307.00,0.0000,1.0000
46,Temp Scaling,0.40,0.0308,9307.00,0.0000,1.0000,0.0314,9307.00,0.0000,1.0000
46,Temp Scaling,0.50,0.0308,9307.00,0.0000,1.0000,0.0314,9307.00,0.0000,1.0000
46,Matrix Scaling,0.02,0.0179,32151.00,0.1122,0.4077,0.0702,32151.00,0.1122,0.4077
46,Matrix Scaling,0.05,0.0179,9307.00,0.0000,1.0000,0.0186,9307.00,0.0000,1.0000
46,Matrix Scaling,0.08,0.0179,9307.00,0.0000,1.0000,0.0186,9307.00,0.0000,1.0000
46,Matrix Scaling,0.10,0.0179,9307.00,0.0000,1.0000,0.0186,9307.00,0.0000,1.0000
46,Matrix Scaling,0.15,0.0179,9307.00,0.0000,1.0000,0.0186,9307.00,0.0000,1.0000
46,Matrix Scaling,0.20,0.0179,9307.00,0.0000,1.0000,0.0186,9307.00,0.0000,1.0000
46,Matrix Scaling,0.30,0.0179,9307.00,0.0000,1.0000,0.0186,9307.00,0.0000,1.0000
46,Matrix Scaling,0.40,0.0179,9307.00,0.0000,1.0000,0.0186,9307.00,0.0000,1.0000
46,Matrix Scaling,0.50,0.0179,9307.00,0.0000,1.0000,0.0186,9307.00,0.0000,1.0000
46,Focal Loss γ=1.0,0.02,0.2625,252837.00,1.0000,0.0000,0.2618,252837.00,1.0000,0.0000
46,Focal Loss γ=1.0,0.05,0.2625,252837.00,1.0000,0.0000,0.2618,252837.00,1.0000,0.0000
46,Focal Loss γ=1.0,0.08,0.2625,252837.00,1.0000,0.0000,0.2618,252837.00,1.0000,0.0000
46,Focal Loss γ=1.0,0.10,0.2625,252837.00,1.0000,0.0000,0.2618,252837.00,1.0000,0.0000
46,Focal Loss γ=1.0,0.15,0.2625,252837.00,1.0000,0.0000,0.2618,252837.00,1.0000,0.0000
46,Focal Loss γ=1.0,0.20,0.2625,252837.00,1.0000,0.0000,0.2618,252837.00,1.0000,0.0000
46,Focal Loss γ=1.0,0.30,0.2625,84362.00,0.3320,0.0454,0.2496,84362.00,0.3320,0.0454
46,Focal Loss γ=1.0,0.40,0.2625,9307.00,0.0000,1.0000,0.2618,9307.00,0.0000,1.0000
46,Focal Loss γ=1.0,0.50,0.2625,9307.00,0.0000,1.0000,0.2618,9307.00,0.0000,1.0000
46,Focal Loss γ=2.0,0.02,0.0445,252837.00,1.0000,0.0000,0.0284,252837.00,1.0000,0.0000
46,Focal Loss γ=2.0,0.05,0.0445,160216.00,0.6328,0.0234,0.0317,160216.00,0.6328,0.0234
46,Focal Loss γ=2.0,0.08,0.0445,68180.00,0.2676,0.0569,0.0150,68180.00,0.2676,0.0569
46,Focal Loss γ=2.0,0.10,0.0445,32151.00,0.1122,0.4077,0.0510,32151.00,0.1122,0.4077
46,Focal Loss γ=2.0,0.15,0.0445,9307.00,0.0000,1.0000,0.0284,9307.00,0.0000,1.0000
46,Focal Loss γ=2.0,0.20,0.0445,9307.00,0.0000,1.0000,0.0284,9307.00,0.0000,1.0000
46,Focal Loss γ=2.0,0.30,0.0445,9307.00,0.0000,1.0000,0.0284,9307.00,0.0000,1.0000
46,Focal Loss γ=2.0,0.40,0.0445,9307.00,0.0000,1.0000,0.0284,9307.00,0.0000,1.0000
46,Focal Loss γ=2.0,0.50,0.0445,9307.00,0.0000,1.0000,0.0284,9307.00,0.0000,1.0000
46,Focal + Temp Scaling,0.02,0.0252,50923.00,0.1882,0.3593,0.0479,50923.00,0.1882,0.3593
46,Focal + Temp Scaling,0.05,0.0252,9307.00,0.0000,1.0000,0.0259,9307.00,0.0000,1.0000
46,Focal + Temp Scaling,0.08,0.0252,9307.00,0.0000,1.0000,0.0259,9307.00,0.0000,1.0000
46,Focal + Temp Scaling,0.10,0.0252,9307.00,0.0000,1.0000,0.0259,9307.00,0.0000,1.0000
46,Focal + Temp Scaling,0.15,0.0252,9307.00,0.0000,1.0000,0.0259,9307.00,0.0000,1.0000
46,Focal + Temp Scaling,0.20,0.0252,9307.00,0.0000,1.0000,0.0259,9307.00,0.0000,1.0000
46,Focal + Temp Scaling,0.30,0.0252,9307.00,0.0000,1.0000,0.0259,9307.00,0.0000,1.0000
46,Focal + Temp Scaling,0.40,0.0252,9307.00,0.0000,1.0000,0.0259,9307.00,0.0000,1.0000
46,Focal + Temp Scaling,0.50,0.0252,9307.00,0.0000,1.0000,0.0259,9307.00,0.0000,1.0000
46,Focal + Matrix Scaling,0.02,0.0188,50923.00,0.1882,0.3593,0.0445,50923.00,0.1882,0.3593
46,Focal + Matrix Scaling,0.05,0.0188,9307.00,0.0000,1.0000,0.0195,9307.00,0.0000,1.0000
46,Focal + Matrix Scaling,0.08,0.0188,9307.00,0.0000,1.0000,0.0195,9307.00,0.0000,1.0000
46,Focal + Matrix Scaling,0.10,0.0188,9307.00,0.0000,1.0000,0.0195,9307.00,0.0000,1.0000
46,Focal + Matrix Scaling,0.15,0.0188,9307.00,0.0000,1.0000,0.0195,9307.00,0.0000,1.0000
46,Focal + Matrix Scaling,0.20,0.0188,9307.00,0.0000,1.0000,0.0195,9307.00,0.0000,1.0000
46,Focal + Matrix Scaling,0.30,0.0188,9307.00,0.0000,1.0000,0.0195,9307.00,0.0000,1.0000
46,Focal + Matrix Scaling,0.40,0.0188,9307.00,0.0000,1.0000,0.0195,9307.00,0.0000,1.0000
46,Focal + Matrix Scaling,0.50,0.0188,9307.00,0.0000,1.0000,0.0195,9307.00,0.0000,1.0000
47,Base (non calibrato),0.02,0.0228,258885.00,1.0000,0.0000,0.0223,258885.00,1.0000,0.0000
47,Base (non calibrato),0.05,0.0228,53602.00,0.2042,0.2280,0.0179,53602.00,0.2042,0.2280
47,Base (non calibrato),0.08,0.0228,3259.00,0.0000,1.0000,0.0223,3259.00,0.0000,1.0000
47,Base (non calibrato),0.10,0.0228,3259.00,0.0000,1.0000,0.0223,3259.00,0.0000,1.0000
47,Base (non calibrato),0.15,0.0228,3259.00,0.0000,1.0000,0.0223,3259.00,0.0000,1.0000
47,Base (non calibrato),0.20,0.0228,3259.00,0.0000,1.0000,0.0223,3259.00,0.0000,1.0000
47,Base (non calibrato),0.30,0.0228,3259.00,0.0000,1.0000,0.0223,3259.00,0.0000,1.0000
47,Base (non calibrato),0.40,0.0228,3259.00,0.0000,1.0000,0.0223,3259.00,0.0000,1.0000
47,Base (non calibrato),0.50,0.0228,3259.00,0.0000,1.0000,0.0223,3259.00,0.0000,1.0000
47,Temp Scaling,0.02,0.0055,35032.00,0.1278,0.5959,0.0083,35032.00,0.1278,0.5959
47,Temp Scaling,0.05,0.0055,3259.00,0.0000,1.0000,0.0057,3259.00,0.0000,1.0000
47,Temp Scaling,0.08,0.0055,3259.00,0.0000,1.0000,0.0057,3259.00,0.0000,1.0000
47,Temp Scaling,0.10,0.0055,3259.00,0.0000,1.0000,0.0057,3259.00,0.0000,1.0000
47,Temp Scaling,0.15,0.0055,3259.00,0.0000,1.0000,0.0057,3259.00,0.0000,1.0000
47,Temp Scaling,0.20,0.0055,3259.00,0.0000,1.0000,0.0057,3259.00,0.0000,1.0000
47,Temp Scaling,0.30,0.0055,3259.00,0.0000,1.0000,0.0057,3259.00,0.0000,1.0000
47,Temp Scaling,0.40,0.0055,3259.00,0.0000,1.0000,0.0057,3259.00,0.0000,1.0000
47,Temp Scaling,0.50,0.0055,3259.00,0.0000,1.0000,0.0057,3259.00,0.0000,1.0000
47,Matrix Scaling,0.02,0.0063,67967.00,0.2601,0.1948,0.0009,67967.00,0.2601,0.1948
47,Matrix Scaling,0.05,0.0063,3259.00,0.0000,1.0000,0.0062,3259.00,0.0000,1.0000
47,Matrix Scaling,0.08,0.0063,3259.00,0.0000,1.0000,0.0062,3259.00,0.0000,1.0000
47,Matrix Scaling,0.10,0.0063,3259.00,0.0000,1.0000,0.0062,3259.00,0.0000,1.0000
47,Matrix Scaling,0.15,0.0063,3259.00,0.0000,1.0000,0.0062,3259.00,0.0000,1.0000
47,Matrix Scaling,0.20,0.0063,3259.00,0.0000,1.0000,0.0062,3259.00,0.0000,1.0000
47,Matrix Scaling,0.30,0.0063,3259.00,0.0000,1.0000,0.0062,3259.00,0.0000,1.0000
47,Matrix Scaling,0.40,0.0063,3259.00,0.0000,1.0000,0.0062,3259.00,0.0000,1.0000
47,Matrix Scaling,0.50,0.0063,3259.00,0.0000,1.0000,0.0062,3259.00,0.0000,1.0000
47,Focal Loss γ=1.0,0.02,0.2859,258885.00,1.0000,0.0000,0.2857,258885.00,1.0000,0.0000
47,Focal Loss γ=1.0,0.05,0.2859,258885.00,1.0000,0.0000,0.2857,258885.00,1.0000,0.0000
47,Focal Loss γ=1.0,0.08,0.2859,258885.00,1.0000,0.0000,0.2857,258885.00,1.0000,0.0000
47,Focal Loss γ=1.0,0.10,0.2859,258885.00,1.0000,0.0000,0.2857,258885.00,1.0000,0.0000
47,Focal Loss γ=1.0,0.15,0.2859,258885.00,1.0000,0.0000,0.2857,258885.00,1.0000,0.0000
47,Focal Loss γ=1.0,0.20,0.2859,258885.00,1.0000,0.0000,0.2857,258885.00,1.0000,0.0000
47,Focal Loss γ=1.0,0.30,0.2859,86792.00,0.3351,0.0120,0.2821,86792.00,0.3351,0.0120
47,Focal Loss γ=1.0,0.40,0.2859,3259.00,0.0000,1.0000,0.2857,3259.00,0.0000,1.0000
47,Focal Loss γ=1.0,0.50,0.2859,3259.00,0.0000,1.0000,0.2857,3259.00,0.0000,1.0000
47,Focal Loss γ=2.0,0.02,0.0586,258885.00,1.0000,0.0000,0.0576,258885.00,1.0000,0.0000
47,Focal Loss γ=2.0,0.05,0.0586,182944.00,0.7066,0.0028,0.0549,182944.00,0.7066,0.0028
47,Focal Loss γ=2.0,0.08,0.0586,86792.00,0.3351,0.0120,0.0613,86792.00,0.3351,0.0120
47,Focal Loss γ=2.0,0.10,0.0586,67967.00,0.2601,0.1948,0.0630,67967.00,0.2601,0.1948
47,Focal Loss γ=2.0,0.15,0.0586,3259.00,0.0000,1.0000,0.0576,3259.00,0.0000,1.0000
47,Focal Loss γ=2.0,0.20,0.0586,3259.00,0.0000,1.0000,0.0576,3259.00,0.0000,1.0000
47,Focal Loss γ=2.0,0.30,0.0586,3259.00,0.0000,1.0000,0.0576,3259.00,0.0000,1.0000
47,Focal Loss γ=2.0,0.40,0.0586,3259.00,0.0000,1.0000,0.0576,3259.00,0.0000,1.0000
47,Focal Loss γ=2.0,0.50,0.0586,3259.00,0.0000,1.0000,0.0576,3259.00,0.0000,1.0000
47,Focal + Temp Scaling,0.02,0.0020,86792.00,0.3351,0.0120,0.0008,86792.00,0.3351,0.0120
47,Focal + Temp Scaling,0.05,0.0020,3259.00,0.0000,1.0000,0.0015,3259.00,0.0000,1.0000
47,Focal + Temp Scaling,0.08,0.0020,3259.00,0.0000,1.0000,0.0015,3259.00,0.0000,1.0000
47,Focal + Temp Scaling,0.10,0.0020,3259.00,0.0000,1.0000,0.0015,3259.00,0.0000,1.0000
47,Focal + Temp Scaling,0.15,0.0020,3259.00,0.0000,1.0000,0.0015,3259.00,0.0000,1.0000
47,Focal + Temp Scaling,0.20,0.0020,3259.00,0.0000,1.0000,0.0015,3259.00,0.0000,1.0000
47,Focal + Temp Scaling,0.30,0.0020,3259.00,0.0000,1.0000,0.0015,3259.00,0.0000,1.0000
47,Focal + Temp Scaling,0.40,0.0020,3259.00,0.0000,1.0000,0.0015,3259.00,0.0000,1.0000
47,Focal + Temp Scaling,0.50,0.0020,3259.00,0.0000,1.0000,0.0015,3259.00,0.0000,1.0000
47,Focal + Matrix Scaling,0.02,0.0052,67967.00,0.2601,0.1948,0.0003,67967.00,0.2601,0.1948
47,Focal + Matrix Scaling,0.05,0.0052,3259.00,0.0000,1.0000,0.0050,3259.00,0.0000,1.0000
47,Focal + Matrix Scaling,0.08,0.0052,3259.00,0.0000,1.0000,0.0050,3259.00,0.0000,1.0000
47,Focal + Matrix Scaling,0.10,0.0052,3259.00,0.0000,1.0000,0.0050,3259.00,0.0000,1.0000
47,Focal + Matrix Scaling,0.15,0.0052,3259.00,0.0000,1.0000,0.0050,3259.00,0.0000,1.0000
47,Focal + Matrix Scaling,0.20,0.0052,3259.00,0.0000,1.0000,0.0050,3259.00,0.0000,1.0000
47,Focal + Matrix Scaling,0.30,0.0052,3259.00,0.0000,1.0000,0.0050,3259.00,0.0000,1.0000
47,Focal + Matrix Scaling,0.40,0.0052,3259.00,0.0000,1.0000,0.0050,3259.00,0.0000,1.0000
47,Focal + Matrix Scaling,0.50,0.0052,3259.00,0.0000,1.0000,0.0050,3259.00,0.0000,1.0000
48,Base (non calibrato),0.02,0.0233,259853.00,1.0000,0.0000,0.0233,259853.00,1.0000,0.0000
48,Base (non calibrato),0.05,0.0233,17197.00,0.0591,0.8045,0.0236,17197.00,0.0591,0.8045
48,Base (non calibrato),0.08,0.0233,2291.00,0.0000,1.0000,0.0233,2291.00,0.0000,1.0000
48,Base (non calibrato),0.10,0.0233,2291.00,0.0000,1.0000,0.0233,2291.00,0.0000,1.0000
48,Base (non calibrato),0.15,0.0233,2291.00,0.0000,1.0000,0.0233,2291.00,0.0000,1.0000
48,Base (non calibrato),0.20,0.0233,2291.00,0.0000,1.0000,0.0233,2291.00,0.0000,1.0000
48,Base (non calibrato),0.30,0.0233,2291.00,0.0000,1.0000,0.0233,2291.00,0.0000,1.0000
48,Base (non calibrato),0.40,0.0233,2291.00,0.0000,1.0000,0.0233,2291.00,0.0000,1.0000
48,Base (non calibrato),0.50,0.0233,2291.00,0.0000,1.0000,0.0233,2291.00,0.0000,1.0000
48,Temp Scaling,0.02,0.0039,2291.00,0.0000,1.0000,0.0039,2291.00,0.0000,1.0000
48,Temp Scaling,0.05,0.0039,2291.00,0.0000,1.0000,0.0039,2291.00,0.0000,1.0000
48,Temp Scaling,0.08,0.0039,2291.00,0.0000,1.0000,0.0039,2291.00,0.0000,1.0000
48,Temp Scaling,0.10,0.0039,2291.00,0.0000,1.0000,0.0039,2291.00,0.0000,1.0000
48,Temp Scaling,0.15,0.0039,2291.00,0.0000,1.0000,0.0039,2291.00,0.0000,1.0000
48,Temp Scaling,0.20,0.0039,2291.00,0.0000,1.0000,0.0039,2291.00,0.0000,1.0000
48,Temp Scaling,0.30,0.0039,2291.00,0.0000,1.0000,0.0039,2291.00,0.0000,1.0000
48,Temp Scaling,0.40,0.0039,2291.00,0.0000,1.0000,0.0039,2291.00,0.0000,1.0000
48,Temp Scaling,0.50,0.0039,2291.00,0.0000,1.0000,0.0039,2291.00,0.0000,1.0000
48,Matrix Scaling,0.02,0.0080,38988.00,0.1448,0.5923,0.0042,38988.00,0.1448,0.5923
48,Matrix Scaling,0.05,0.0080,2291.00,0.0000,1.0000,0.0078,2291.00,0.0000,1.0000
48,Matrix Scaling,0.08,0.0080,2291.00,0.0000,1.0000,0.0078,2291.00,0.0000,1.0000
48,Matrix Scaling,0.10,0.0080,2291.00,0.0000,1.0000,0.0078,2291.00,0.0000,1.0000
48,Matrix Scaling,0.15,0.0080,2291.00,0.0000,1.0000,0.0078,2291.00,0.0000,1.0000
48,Matrix Scaling,0.20,0.0080,2291.00,0.0000,1.0000,0.0078,2291.00,0.0000,1.0000
48,Matrix Scaling,0.30,0.0080,2291.00,0.0000,1.0000,0.0078,2291.00,0.0000,1.0000
48,Matrix Scaling,0.40,0.0080,2291.00,0.0000,1.0000,0.0078,2291.00,0.0000,1.0000
48,Matrix Scaling,0.50,0.0080,2291.00,0.0000,1.0000,0.0078,2291.00,0.0000,1.0000
48,Focal Loss γ=1.0,0.02,0.2921,259853.00,1.0000,0.0000,0.2918,259853.00,1.0000,0.0000
48,Focal Loss γ=1.0,0.05,0.2921,259853.00,1.0000,0.0000,0.2918,259853.00,1.0000,0.0000
48,Focal Loss γ=1.0,0.08,0.2921,259853.00,1.0000,0.0000,0.2918,259853.00,1.0000,0.0000
48,Focal Loss γ=1.0,0.10,0.2921,259853.00,1.0000,0.0000,0.2918,259853.00,1.0000,0.0000
48,Focal Loss γ=1.0,0.15,0.2921,259853.00,1.0000,0.0000,0.2918,259853.00,1.0000,0.0000
48,Focal Loss γ=1.0,0.20,0.2921,259853.00,1.0000,0.0000,0.2918,259853.00,1.0000,0.0000
48,Focal Loss γ=1.0,0.30,0.2921,102428.00,0.3934,0.0838,0.2911,102428.00,0.3934,0.0838
48,Focal Loss γ=1.0,0.40,0.2921,2291.00,0.0000,1.0000,0.2918,2291.00,0.0000,1.0000
48,Focal Loss γ=1.0,0.50,0.2921,2291.00,0.0000,1.0000,0.2918,2291.00,0.0000,1.0000
48,Focal Loss γ=2.0,0.02,0.0590,259853.00,1.0000,0.0000,0.0593,259853.00,1.0000,0.0000
48,Focal Loss γ=2.0,0.05,0.0590,182311.00,0.7012,0.0476,0.0554,182311.00,0.7012,0.0476
48,Focal Loss γ=2.0,0.08,0.0590,84103.00,0.3223,0.1519,0.0622,84103.00,0.3223,0.1519
48,Focal Loss γ=2.0,0.10,0.0590,17197.00,0.0591,0.8045,0.0716,17197.00,0.0591,0.8045
48,Focal Loss γ=2.0,0.15,0.0590,2291.00,0.0000,1.0000,0.0593,2291.00,0.0000,1.0000
48,Focal Loss γ=2.0,0.20,0.0590,2291.00,0.0000,1.0000,0.0593,2291.00,0.0000,1.0000
48,Focal Loss γ=2.0,0.30,0.0590,2291.00,0.0000,1.0000,0.0593,2291.00,0.0000,1.0000
48,Focal Loss γ=2.0,0.40,0.0590,2291.00,0.0000,1.0000,0.0593,2291.00,0.0000,1.0000
48,Focal Loss γ=2.0,0.50,0.0590,2291.00,0.0000,1.0000,0.0593,2291.00,0.0000,1.0000
48,Focal + Temp Scaling,0.02,0.0027,62955.00,0.2389,0.3806,0.0038,62955.00,0.2389,0.3806
48,Focal + Temp Scaling,0.05,0.0027,2291.00,0.0000,1.0000,0.0027,2291.00,0.0000,1.0000
48,Focal + Temp Scaling,0.08,0.0027,2291.00,0.0000,1.0000,0.0027,2291.00,0.0000,1.0000
48,Focal + Temp Scaling,0.10,0.0027,2291.00,0.0000,1.0000,0.0027,2291.00,0.0000,1.0000
48,Focal + Temp Scaling,0.15,0.0027,2291.00,0.0000,1.0000,0.0027,2291.00,0.0000,1.0000
48,Focal + Temp Scaling,0.20,0.0027,2291.00,0.0000,1.0000,0.0027,2291.00,0.0000,1.0000
48,Focal + Temp Scaling,0.30,0.0027,2291.00,0.0000,1.0000,0.0027,2291.00,0.0000,1.0000
48,Focal + Temp Scaling,0.40,0.0027,2291.00,0.0000,1.0000,0.0027,2291.00,0.0000,1.0000
48,Focal + Temp Scaling,0.50,0.0027,2291.00,0.0000,1.0000,0.0027,2291.00,0.0000,1.0000
48,Focal + Matrix Scaling,0.02,0.0075,62955.00,0.2389,0.3806,0.0046,62955.00,0.2389,0.3806
48,Focal + Matrix Scaling,0.05,0.0075,2291.00,0.0000,1.0000,0.0073,2291.00,0.0000,1.0000
48,Focal + Matrix Scaling,0.08,0.0075,2291.00,0.0000,1.0000,0.0073,2291.00,0.0000,1.0000
48,Focal + Matrix Scaling,0.10,0.0075,2291.00,0.0000,1.0000,0.0073,2291.00,0.0000,1.0000
48,Focal + Matrix Scaling,0.15,0.0075,2291.00,0.0000,1.0000,0.0073,2291.00,0.0000,1.0000
48,Focal + Matrix Scaling,0.20,0.0075,2291.00,0.0000,1.0000,0.0073,2291.00,0.0000,1.0000
48,Focal + Matrix Scaling,0.30,0.0075,2291.00,0.0000,1.0000,0.0073,2291.00,0.0000,1.0000
48,Focal + Matrix Scaling,0.40,0.0075,2291.00,0.0000,1.0000,0.0073,2291.00,0.0000,1.0000
48,Focal + Matrix Scaling,0.50,0.0075,2291.00,0.0000,1.0000,0.0073,2291.00,0.0000,1.0000
49,Base (non calibrato),0.02,0.0211,259014.00,1.0000,0.0000,0.0198,259014.00,1.0000,0.0000
49,Base (non calibrato),0.05,0.0211,3130.00,0.0000,1.0000,0.0198,3130.00,0.0000,1.0000
49,Base (non calibrato),0.08,0.0211,3130.00,0.0000,1.0000,0.0198,3130.00,0.0000,1.0000
49,Base (non calibrato),0.10,0.0211,3130.00,0.0000,1.0000,0.0198,3130.00,0.0000,1.0000
49,Base (non calibrato),0.15,0.0211,3130.00,0.0000,1.0000,0.0198,3130.00,0.0000,1.0000
49,Base (non calibrato),0.20,0.0211,3130.00,0.0000,1.0000,0.0198,3130.00,0.0000,1.0000
49,Base (non calibrato),0.30,0.0211,3130.00,0.0000,1.0000,0.0198,3130.00,0.0000,1.0000
49,Base (non calibrato),0.40,0.0211,3130.00,0.0000,1.0000,0.0198,3130.00,0.0000,1.0000
49,Base (non calibrato),0.50,0.0211,3130.00,0.0000,1.0000,0.0198,3130.00,0.0000,1.0000
49,Temp Scaling,0.02,0.0058,3130.00,0.0000,1.0000,0.0071,3130.00,0.0000,1.0000
49,Temp Scaling,0.05,0.0058,3130.00,0.0000,1.0000,0.0071,3130.00,0.0000,1.0000
49,Temp Scaling,0.08,0.0058,3130.00,0.0000,1.0000,0.0071,3130.00,0.0000,1.0000
49,Temp Scaling,0.10,0.0058,3130.00,0.0000,1.0000,0.0071,3130.00,0.0000,1.0000
49,Temp Scaling,0.15,0.0058,3130.00,0.0000,1.0000,0.0071,3130.00,0.0000,1.0000
49,Temp Scaling,0.20,0.0058,3130.00,0.0000,1.0000,0.0071,3130.00,0.0000,1.0000
49,Temp Scaling,0.30,0.0058,3130.00,0.0000,1.0000,0.0071,3130.00,0.0000,1.0000
49,Temp Scaling,0.40,0.0058,3130.00,0.0000,1.0000,0.0071,3130.00,0.0000,1.0000
49,Temp Scaling,0.50,0.0058,3130.00,0.0000,1.0000,0.0071,3130.00,0.0000,1.0000
49,Matrix Scaling,0.02,0.0058,39871.00,0.1486,0.4393,0.0050,39871.00,0.1486,0.4393
49,Matrix Scaling,0.05,0.0058,3130.00,0.0000,1.0000,0.0044,3130.00,0.0000,1.0000
49,Matrix Scaling,0.08,0.0058,3130.00,0.0000,1.0000,0.0044,3130.00,0.0000,1.0000
49,Matrix Scaling,0.10,0.0058,3130.00,0.0000,1.0000,0.0044,3130.00,0.0000,1.0000
49,Matrix Scaling,0.15,0.0058,3130.00,0.0000,1.0000,0.0044,3130.00,0.0000,1.0000
49,Matrix Scaling,0.20,0.0058,3130.00,0.0000,1.0000,0.0044,3130.00,0.0000,1.0000
49,Matrix Scaling,0.30,0.0058,3130.00,0.0000,1.0000,0.0044,3130.00,0.0000,1.0000
49,Matrix Scaling,0.40,0.0058,3130.00,0.0000,1.0000,0.0044,3130.00,0.0000,1.0000
49,Matrix Scaling,0.50,0.0058,3130.00,0.0000,1.0000,0.0044,3130.00,0.0000,1.0000
49,Focal Loss γ=1.0,0.02,0.2934,259014.00,1.0000,0.0000,0.2921,259014.00,1.0000,0.0000
49,Focal Loss γ=1.0,0.05,0.2934,259014.00,1.0000,0.0000,0.2921,259014.00,1.0000,0.0000
49,Focal Loss γ=1.0,0.08,0.2934,259014.00,1.0000,0.0000,0.2921,259014.00,1.0000,0.0000
49,Focal Loss γ=1.0,0.10,0.2934,259014.00,1.0000,0.0000,0.2921,259014.00,1.0000,0.0000
49,Focal Loss γ=1.0,0.15,0.2934,259014.00,1.0000,0.0000,0.2921,259014.00,1.0000,0.0000
49,Focal Loss γ=1.0,0.20,0.2934,259014.00,1.0000,0.0000,0.2921,259014.00,1.0000,0.0000
49,Focal Loss γ=1.0,0.30,0.2934,151451.00,0.5832,0.1236,0.2922,151451.00,0.5832,0.1236
49,Focal Loss γ=1.0,0.40,0.2934,3130.00,0.0000,1.0000,0.2921,3130.00,0.0000,1.0000
49,Focal Loss γ=1.0,0.50,0.2934,3130.00,0.0000,1.0000,0.2921,3130.00,0.0000,1.0000
49,Focal Loss γ=2.0,0.02,0.0583,259014.00,1.0000,0.0000,0.0571,259014.00,1.0000,0.0000
49,Focal Loss γ=2.0,0.05,0.0583,237456.00,0.9168,0.0000,0.0523,237456.00,0.9168,0.0000
49,Focal Loss γ=2.0,0.08,0.0583,38908.00,0.1450,0.4329,0.0607,38908.00,0.1450,0.4329
49,Focal Loss γ=2.0,0.10,0.0583,38908.00,0.1450,0.4329,0.0607,38908.00,0.1450,0.4329
49,Focal Loss γ=2.0,0.15,0.0583,3130.00,0.0000,1.0000,0.0571,3130.00,0.0000,1.0000
49,Focal Loss γ=2.0,0.20,0.0583,3130.00,0.0000,1.0000,0.0571,3130.00,0.0000,1.0000
49,Focal Loss γ=2.0,0.30,0.0583,3130.00,0.0000,1.0000,0.0571,3130.00,0.0000,1.0000
49,Focal Loss γ=2.0,0.40,0.0583,3130.00,0.0000,1.0000,0.0571,3130.00,0.0000,1.0000
49,Focal Loss γ=2.0,0.50,0.0583,3130.00,0.0000,1.0000,0.0571,3130.00,0.0000,1.0000
49,Focal + Temp Scaling,0.02,0.0002,39871.00,0.1486,0.4393,0.0060,39871.00,0.1486,0.4393
49,Focal + Temp Scaling,0.05,0.0002,3130.00,0.0000,1.0000,0.0009,3130.00,0.0000,1.0000
49,Focal + Temp Scaling,0.08,0.0002,3130.00,0.0000,1.0000,0.0009,3130.00,0.0000,1.0000
49,Focal + Temp Scaling,0.10,0.0002,3130.00,0.0000,1.0000,0.0009,3130.00,0.0000,1.0000
49,Focal + Temp Scaling,0.15,0.0002,3130.00,0.0000,1.0000,0.0009,3130.00,0.0000,1.0000
49,Focal + Temp Scaling,0.20,0.0002,3130.00,0.0000,1.0000,0.0009,3130.00,0.0000,1.0000
49,Focal + Temp Scaling,0.30,0.0002,3130.00,0.0000,1.0000,0.0009,3130.00,0.0000,1.0000
49,Focal + Temp Scaling,0.40,0.0002,3130.00,0.0000,1.0000,0.0009,3130.00,0.0000,1.0000
49,Focal + Temp Scaling,0.50,0.0002,3130.00,0.0000,1.0000,0.0009,3130.00,0.0000,1.0000
49,Focal + Matrix Scaling,0.02,0.0057,39871.00,0.1486,0.4393,0.0050,39871.00,0.1486,0.4393
49,Focal + Matrix Scaling,0.05,0.0057,3130.00,0.0000,1.0000,0.0042,3130.00,0.0000,1.0000
49,Focal + Matrix Scaling,0.08,0.0057,3130.00,0.0000,1.0000,0.0042,3130.00,0.0000,1.0000
49,Focal + Matrix Scaling,0.10,0.0057,3130.00,0.0000,1.0000,0.0042,3130.00,0.0000,1.0000
49,Focal + Matrix Scaling,0.15,0.0057,3130.00,0.0000,1.0000,0.0042,3130.00,0.0000,1.0000
49,Focal + Matrix Scaling,0.20,0.0057,3130.00,0.0000,1.0000,0.0042,3130.00,0.0000,1.0000
49,Focal + Matrix Scaling,0.30,0.0057,3130.00,0.0000,1.0000,0.0042,3130.00,0.0000,1.0000
49,Focal + Matrix Scaling,0.40,0.0057,3130.00,0.0000,1.0000,0.0042,3130.00,0.0000,1.0000
49,Focal + Matrix Scaling,0.50,0.0057,3130.00,0.0000,1.0000,0.0042,3130.00,0.0000,1.0000
5,Base (non calibrato),0.02,0.0156,52013.00,0.1984,0.0000,0.0240,52013.00,0.1984,0.0000
5,Base (non calibrato),0.05,0.0156,8.00,0.0000,1.0000,0.0170,8.00,0.0000,1.0000
5,Base (non calibrato),0.08,0.0156,8.00,0.0000,1.0000,0.0170,8.00,0.0000,1.0000
5,Base (non calibrato),0.10,0.0156,8.00,0.0000,1.0000,0.0170,8.00,0.0000,1.0000
5,Base (non calibrato),0.15,0.0156,8.00,0.0000,1.0000,0.0170,8.00,0.0000,1.0000
5,Base (non calibrato),0.20,0.0156,8.00,0.0000,1.0000,0.0170,8.00,0.0000,1.0000
5,Base (non calibrato),0.30,0.0156,8.00,0.0000,1.0000,0.0170,8.00,0.0000,1.0000
5,Base (non calibrato),0.40,0.0156,8.00,0.0000,1.0000,0.0170,8.00,0.0000,1.0000
5,Base (non calibrato),0.50,0.0156,8.00,0.0000,1.0000,0.0170,8.00,0.0000,1.0000
5,Temp Scaling,0.02,0.0009,8.00,0.0000,1.0000,0.0012,8.00,0.0000,1.0000
5,Temp Scaling,0.05,0.0009,8.00,0.0000,1.0000,0.0012,8.00,0.0000,1.0000
5,Temp Scaling,0.08,0.0009,8.00,0.0000,1.0000,0.0012,8.00,0.0000,1.0000
5,Temp Scaling,0.10,0.0009,8.00,0.0000,1.0000,0.0012,8.00,0.0000,1.0000
5,Temp Scaling,0.15,0.0009,8.00,0.0000,1.0000,0.0012,8.00,0.0000,1.0000
5,Temp Scaling,0.20,0.0009,8.00,0.0000,1.0000,0.0012,8.00,0.0000,1.0000
5,Temp Scaling,0.30,0.0009,8.00,0.0000,1.0000,0.0012,8.00,0.0000,1.0000
5,Temp Scaling,0.40,0.0009,8.00,0.0000,1.0000,0.0012,8.00,0.0000,1.0000
5,Temp Scaling,0.50,0.0009,8.00,0.0000,1.0000,0.0012,8.00,0.0000,1.0000
5,Matrix Scaling,0.02,0.0065,29167.00,0.1113,0.0000,0.0186,29167.00,0.1113,0.0000
5,Matrix Scaling,0.05,0.0065,8.00,0.0000,1.0000,0.0079,8.00,0.0000,1.0000
5,Matrix Scaling,0.08,0.0065,8.00,0.0000,1.0000,0.0079,8.00,0.0000,1.0000
5,Matrix Scaling,0.10,0.0065,8.00,0.0000,1.0000,0.0079,8.00,0.0000,1.0000
5,Matrix Scaling,0.15,0.0065,8.00,0.0000,1.0000,0.0079,8.00,0.0000,1.0000
5,Matrix Scaling,0.20,0.0065,8.00,0.0000,1.0000,0.0079,8.00,0.0000,1.0000
5,Matrix Scaling,0.30,0.0065,8.00,0.0000,1.0000,0.0079,8.00,0.0000,1.0000
5,Matrix Scaling,0.40,0.0065,8.00,0.0000,1.0000,0.0079,8.00,0.0000,1.0000
5,Matrix Scaling,0.50,0.0065,8.00,0.0000,1.0000,0.0079,8.00,0.0000,1.0000
5,Focal Loss γ=1.0,0.02,0.3144,262136.00,1.0000,0.0000,0.3147,262136.00,1.0000,0.0000
5,Focal Loss γ=1.0,0.05,0.3144,262136.00,1.0000,0.0000,0.3147,262136.00,1.0000,0.0000
5,Focal Loss γ=1.0,0.08,0.3144,262136.00,1.0000,0.0000,0.3147,262136.00,1.0000,0.0000
5,Focal Loss γ=1.0,0.10,0.3144,262136.00,1.0000,0.0000,0.3147,262136.00,1.0000,0.0000
5,Focal Loss γ=1.0,0.15,0.3144,262136.00,1.0000,0.0000,0.3147,262136.00,1.0000,0.0000
5,Focal Loss γ=1.0,0.20,0.3144,262136.00,1.0000,0.0000,0.3147,262136.00,1.0000,0.0000
5,Focal Loss γ=1.0,0.30,0.3144,262136.00,1.0000,0.0000,0.3147,262136.00,1.0000,0.0000
5,Focal Loss γ=1.0,0.40,0.3144,8.00,0.0000,1.0000,0.3147,8.00,0.0000,1.0000
5,Focal Loss γ=1.0,0.50,0.3144,8.00,0.0000,1.0000,0.3147,8.00,0.0000,1.0000
5,Focal Loss γ=2.0,0.02,0.0571,262136.00,1.0000,0.0000,0.0573,262136.00,1.0000,0.0000
5,Focal Loss γ=2.0,0.05,0.0571,262136.00,1.0000,0.0000,0.0573,262136.00,1.0000,0.0000
5,Focal Loss γ=2.0,0.08,0.0571,8.00,0.0000,1.0000,0.0573,8.00,0.0000,1.0000
5,Focal Loss γ=2.0,0.10,0.0571,8.00,0.0000,1.0000,0.0573,8.00,0.0000,1.0000
5,Focal Loss γ=2.0,0.15,0.0571,8.00,0.0000,1.0000,0.0573,8.00,0.0000,1.0000
5,Focal Loss γ=2.0,0.20,0.0571,8.00,0.0000,1.0000,0.0573,8.00,0.0000,1.0000
5,Focal Loss γ=2.0,0.30,0.0571,8.00,0.0000,1.0000,0.0573,8.00,0.0000,1.0000
5,Focal Loss γ=2.0,0.40,0.0571,8.00,0.0000,1.0000,0.0573,8.00,0.0000,1.0000
5,Focal Loss γ=2.0,0.50,0.0571,8.00,0.0000,1.0000,0.0573,8.00,0.0000,1.0000
5,Focal + Temp Scaling,0.02,0.0027,8.00,0.0000,1.0000,0.0029,8.00,0.0000,1.0000
5,Focal + Temp Scaling,0.05,0.0027,8.00,0.0000,1.0000,0.0029,8.00,0.0000,1.0000
5,Focal + Temp Scaling,0.08,0.0027,8.00,0.0000,1.0000,0.0029,8.00,0.0000,1.0000
5,Focal + Temp Scaling,0.10,0.0027,8.00,0.0000,1.0000,0.0029,8.00,0.0000,1.0000
5,Focal + Temp Scaling,0.15,0.0027,8.00,0.0000,1.0000,0.0029,8.00,0.0000,1.0000
5,Focal + Temp Scaling,0.20,0.0027,8.00,0.0000,1.0000,0.0029,8.00,0.0000,1.0000
5,Focal + Temp Scaling,0.30,0.0027,8.00,0.0000,1.0000,0.0029,8.00,0.0000,1.0000
5,Focal + Temp Scaling,0.40,0.0027,8.00,0.0000,1.0000,0.0029,8.00,0.0000,1.0000
5,Focal + Temp Scaling,0.50,0.0027,8.00,0.0000,1.0000,0.0029,8.00,0.0000,1.0000
5,Focal + Matrix Scaling,0.02,0.0094,29167.00,0.1113,0.0000,0.0145,29167.00,0.1113,0.0000
5,Focal + Matrix Scaling,0.05,0.0094,8.00,0.0000,1.0000,0.0100,8.00,0.0000,1.0000
5,Focal + Matrix Scaling,0.08,0.0094,8.00,0.0000,1.0000,0.0100,8.00,0.0000,1.0000
5,Focal + Matrix Scaling,0.10,0.0094,8.00,0.0000,1.0000,0.0100,8.00,0.0000,1.0000
5,Focal + Matrix Scaling,0.15,0.0094,8.00,0.0000,1.0000,0.0100,8.00,0.0000,1.0000
5,Focal + Matrix Scaling,0.20,0.0094,8.00,0.0000,1.0000,0.0100,8.00,0.0000,1.0000
5,Focal + Matrix Scaling,0.30,0.0094,8.00,0.0000,1.0000,0.0100,8.00,0.0000,1.0000
5,Focal + Matrix Scaling,0.40,0.0094,8.00,0.0000,1.0000,0.0100,8.00,0.0000,1.0000
5,Focal + Matrix Scaling,0.50,0.0094,8.00,0.0000,1.0000,0.0100,8.00,0.0000,1.0000
50,Base (non calibrato),0.02,0.0311,254784.00,1.0000,0.0000,0.0298,254784.00,1.0000,0.0000
50,Base (non calibrato),0.05,0.0311,118433.00,0.4602,0.1590,0.0299,118433.00,0.4602,0.1590
50,Base (non calibrato),0.08,0.0311,39098.00,0.1427,0.3730,0.0144,39098.00,0.1427,0.3730
50,Base (non calibrato),0.10,0.0311,39098.00,0.1427,0.3730,0.0144,39098.00,0.1427,0.3730
50,Base (non calibrato),0.15,0.0311,7360.00,0.0000,1.0000,0.0298,7360.00,0.0000,1.0000
50,Base (non calibrato),0.20,0.0311,7360.00,0.0000,1.0000,0.0298,7360.00,0.0000,1.0000
50,Base (non calibrato),0.30,0.0311,7360.00,0.0000,1.0000,0.0298,7360.00,0.0000,1.0000
50,Base (non calibrato),0.40,0.0311,7360.00,0.0000,1.0000,0.0298,7360.00,0.0000,1.0000
50,Base (non calibrato),0.50,0.0311,7360.00,0.0000,1.0000,0.0298,7360.00,0.0000,1.0000
50,Temp Scaling,0.02,0.0020,89726.00,0.3461,0.2101,0.0029,89726.00,0.3461,0.2101
50,Temp Scaling,0.05,0.0020,39098.00,0.1427,0.3730,0.0177,39098.00,0.1427,0.3730
50,Temp Scaling,0.08,0.0020,21581.00,0.0617,0.7980,0.0015,21581.00,0.0617,0.7980
50,Temp Scaling,0.10,0.0020,7360.00,0.0000,1.0000,0.0033,7360.00,0.0000,1.0000
50,Temp Scaling,0.15,0.0020,7360.00,0.0000,1.0000,0.0033,7360.00,0.0000,1.0000
50,Temp Scaling,0.20,0.0020,7360.00,0.0000,1.0000,0.0033,7360.00,0.0000,1.0000
50,Temp Scaling,0.30,0.0020,7360.00,0.0000,1.0000,0.0033,7360.00,0.0000,1.0000
50,Temp Scaling,0.40,0.0020,7360.00,0.0000,1.0000,0.0033,7360.00,0.0000,1.0000
50,Temp Scaling,0.50,0.0020,7360.00,0.0000,1.0000,0.0033,7360.00,0.0000,1.0000
50,Matrix Scaling,0.02,0.0028,135269.00,0.5277,0.1106,0.0024,135269.00,0.5277,0.1106
50,Matrix Scaling,0.05,0.0028,39098.00,0.1427,0.3730,0.0235,39098.00,0.1427,0.3730
50,Matrix Scaling,0.08,0.0028,7360.00,0.0000,1.0000,0.0011,7360.00,0.0000,1.0000
50,Matrix Scaling,0.10,0.0028,7360.00,0.0000,1.0000,0.0011,7360.00,0.0000,1.0000
50,Matrix Scaling,0.15,0.0028,7360.00,0.0000,1.0000,0.0011,7360.00,0.0000,1.0000
50,Matrix Scaling,0.20,0.0028,7360.00,0.0000,1.0000,0.0011,7360.00,0.0000,1.0000
50,Matrix Scaling,0.30,0.0028,7360.00,0.0000,1.0000,0.0011,7360.00,0.0000,1.0000
50,Matrix Scaling,0.40,0.0028,7360.00,0.0000,1.0000,0.0011,7360.00,0.0000,1.0000
50,Matrix Scaling,0.50,0.0028,7360.00,0.0000,1.0000,0.0011,7360.00,0.0000,1.0000
50,Focal Loss γ=1.0,0.02,0.2901,254784.00,1.0000,0.0000,0.2873,254784.00,1.0000,0.0000
50,Focal Loss γ=1.0,0.05,0.2901,254784.00,1.0000,0.0000,0.2873,254784.00,1.0000,0.0000
50,Focal Loss γ=1.0,0.08,0.2901,254784.00,1.0000,0.0000,0.2873,254784.00,1.0000,0.0000
50,Focal Loss γ=1.0,0.10,0.2901,254784.00,1.0000,0.0000,0.2873,254784.00,1.0000,0.0000
50,Focal Loss γ=1.0,0.15,0.2901,254784.00,1.0000,0.0000,0.2873,254784.00,1.0000,0.0000
50,Focal Loss γ=1.0,0.20,0.2901,254784.00,1.0000,0.0000,0.2873,254784.00,1.0000,0.0000
50,Focal Loss γ=1.0,0.30,0.2901,217396.00,0.8526,0.0240,0.2896,217396.00,0.8526,0.0240
50,Focal Loss γ=1.0,0.40,0.2901,7360.00,0.0000,1.0000,0.2873,7360.00,0.0000,1.0000
50,Focal Loss γ=1.0,0.50,0.2901,7360.00,0.0000,1.0000,0.2873,7360.00,0.0000,1.0000
50,Focal Loss γ=2.0,0.02,0.0700,254784.00,1.0000,0.0000,0.0694,254784.00,1.0000,0.0000
50,Focal Loss γ=2.0,0.05,0.0700,254784.00,1.0000,0.0000,0.0694,254784.00,1.0000,0.0000
50,Focal Loss γ=2.0,0.08,0.0700,197778.00,0.7741,0.0739,0.0674,197778.00,0.7741,0.0739
50,Focal Loss γ=2.0,0.10,0.0700,57501.00,0.2174,0.2861,0.0593,57501.00,0.2174,0.2861
50,Focal Loss γ=2.0,0.15,0.0700,21581.00,0.0617,0.7980,0.0723,21581.00,0.0617,0.7980
50,Focal Loss γ=2.0,0.20,0.0700,7360.00,0.0000,1.0000,0.0694,7360.00,0.0000,1.0000
50,Focal Loss γ=2.0,0.30,0.0700,7360.00,0.0000,1.0000,0.0694,7360.00,0.0000,1.0000
50,Focal Loss γ=2.0,0.40,0.0700,7360.00,0.0000,1.0000,0.0694,7360.00,0.0000,1.0000
50,Focal Loss γ=2.0,0.50,0.0700,7360.00,0.0000,1.0000,0.0694,7360.00,0.0000,1.0000
50,Focal + Temp Scaling,0.02,0.0018,87627.00,0.3382,0.1967,0.0075,87627.00,0.3382,0.1967
50,Focal + Temp Scaling,0.05,0.0018,39098.00,0.1427,0.3730,0.0234,39098.00,0.1427,0.3730
50,Focal + Temp Scaling,0.08,0.0018,21581.00,0.0617,0.7980,0.0079,21581.00,0.0617,0.7980
50,Focal + Temp Scaling,0.10,0.0018,21581.00,0.0617,0.7980,0.0079,21581.00,0.0617,0.7980
50,Focal + Temp Scaling,0.15,0.0018,7360.00,0.0000,1.0000,0.0006,7360.00,0.0000,1.0000
50,Focal + Temp Scaling,0.20,0.0018,7360.00,0.0000,1.0000,0.0006,7360.00,0.0000,1.0000
50,Focal + Temp Scaling,0.30,0.0018,7360.00,0.0000,1.0000,0.0006,7360.00,0.0000,1.0000
50,Focal + Temp Scaling,0.40,0.0018,7360.00,0.0000,1.0000,0.0006,7360.00,0.0000,1.0000
50,Focal + Temp Scaling,0.50,0.0018,7360.00,0.0000,1.0000,0.0006,7360.00,0.0000,1.0000
50,Focal + Matrix Scaling,0.02,0.0046,78034.00,0.2986,0.2664,0.0231,78034.00,0.2986,0.2664
50,Focal + Matrix Scaling,0.05,0.0046,21581.00,0.0617,0.7980,0.0188,21581.00,0.0617,0.7980
50,Focal + Matrix Scaling,0.08,0.0046,7360.00,0.0000,1.0000,0.0065,7360.00,0.0000,1.0000
50,Focal + Matrix Scaling,0.10,0.0046,7360.00,0.0000,1.0000,0.0065,7360.00,0.0000,1.0000
50,Focal + Matrix Scaling,0.15,0.0046,7360.00,0.0000,1.0000,0.0065,7360.00,0.0000,1.0000
50,Focal + Matrix Scaling,0.20,0.0046,7360.00,0.0000,1.0000,0.0065,7360.00,0.0000,1.0000
50,Focal + Matrix Scaling,0.30,0.0046,7360.00,0.0000,1.0000,0.0065,7360.00,0.0000,1.0000
50,Focal + Matrix Scaling,0.40,0.0046,7360.00,0.0000,1.0000,0.0065,7360.00,0.0000,1.0000
50,Focal + Matrix Scaling,0.50,0.0046,7360.00,0.0000,1.0000,0.0065,7360.00,0.0000,1.0000
51,Base (non calibrato),0.02,0.0201,236987.00,1.0000,0.0000,0.0206,236987.00,1.0000,0.0000
51,Base (non calibrato),0.05,0.0201,236987.00,1.0000,0.0000,0.0206,236987.00,1.0000,0.0000
51,Base (non calibrato),0.08,0.0201,185636.00,0.7741,0.0867,0.0186,185636.00,0.7741,0.0867
51,Base (non calibrato),0.10,0.0201,149149.00,0.6119,0.1647,0.0207,149149.00,0.6119,0.1647
51,Base (non calibrato),0.15,0.0201,65560.00,0.1978,0.7425,0.0332,65560.00,0.1978,0.7425
51,Base (non calibrato),0.20,0.0201,25157.00,0.0000,1.0000,0.0206,25157.00,0.0000,1.0000
51,Base (non calibrato),0.30,0.0201,25157.00,0.0000,1.0000,0.0206,25157.00,0.0000,1.0000
51,Base (non calibrato),0.40,0.0201,25157.00,0.0000,1.0000,0.0206,25157.00,0.0000,1.0000
51,Base (non calibrato),0.50,0.0201,25157.00,0.0000,1.0000,0.0206,25157.00,0.0000,1.0000
51,Temp Scaling,0.02,0.0215,236987.00,1.0000,0.0000,0.0108,236987.00,1.0000,0.0000
51,Temp Scaling,0.05,0.0215,164723.00,0.6823,0.1203,0.0109,164723.00,0.6823,0.1203
51,Temp Scaling,0.08,0.0215,115382.00,0.4371,0.4684,0.0217,115382.00,0.4371,0.4684
51,Temp Scaling,0.10,0.0215,115382.00,0.4371,0.4684,0.0217,115382.00,0.4371,0.4684
51,Temp Scaling,0.15,0.0215,51639.00,0.1263,0.8627,0.0330,51639.00,0.1263,0.8627
51,Temp Scaling,0.20,0.0215,25157.00,0.0000,1.0000,0.0108,25157.00,0.0000,1.0000
51,Temp Scaling,0.30,0.0215,25157.00,0.0000,1.0000,0.0108,25157.00,0.0000,1.0000
51,Temp Scaling,0.40,0.0215,25157.00,0.0000,1.0000,0.0108,25157.00,0.0000,1.0000
51,Temp Scaling,0.50,0.0215,25157.00,0.0000,1.0000,0.0108,25157.00,0.0000,1.0000
51,Matrix Scaling,0.02,0.0259,236987.00,1.0000,0.0000,0.0281,236987.00,1.0000,0.0000
51,Matrix Scaling,0.05,0.0259,149149.00,0.6119,0.1647,0.0190,149149.00,0.6119,0.1647
51,Matrix Scaling,0.08,0.0259,115382.00,0.4371,0.4684,0.0248,115382.00,0.4371,0.4684
51,Matrix Scaling,0.10,0.0259,65560.00,0.1978,0.7425,0.0247,65560.00,0.1978,0.7425
51,Matrix Scaling,0.15,0.0259,25157.00,0.0000,1.0000,0.0281,25157.00,0.0000,1.0000
51,Matrix Scaling,0.20,0.0259,25157.00,0.0000,1.0000,0.0281,25157.00,0.0000,1.0000
51,Matrix Scaling,0.30,0.0259,25157.00,0.0000,1.0000,0.0281,25157.00,0.0000,1.0000
51,Matrix Scaling,0.40,0.0259,25157.00,0.0000,1.0000,0.0281,25157.00,0.0000,1.0000
51,Matrix Scaling,0.50,0.0259,25157.00,0.0000,1.0000,0.0281,25157.00,0.0000,1.0000
51,Focal Loss γ=1.0,0.02,0.2428,236987.00,1.0000,0.0000,0.2354,236987.00,1.0000,0.0000
51,Focal Loss γ=1.0,0.05,0.2428,236987.00,1.0000,0.0000,0.2354,236987.00,1.0000,0.0000
51,Focal Loss γ=1.0,0.08,0.2428,236987.00,1.0000,0.0000,0.2354,236987.00,1.0000,0.0000
51,Focal Loss γ=1.0,0.10,0.2428,236987.00,1.0000,0.0000,0.2354,236987.00,1.0000,0.0000
51,Focal Loss γ=1.0,0.15,0.2428,236987.00,1.0000,0.0000,0.2354,236987.00,1.0000,0.0000
51,Focal Loss γ=1.0,0.20,0.2428,236987.00,1.0000,0.0000,0.2354,236987.00,1.0000,0.0000
51,Focal Loss γ=1.0,0.30,0.2428,236987.00,1.0000,0.0000,0.2354,236987.00,1.0000,0.0000
51,Focal Loss γ=1.0,0.40,0.2428,25157.00,0.0000,1.0000,0.2354,25157.00,0.0000,1.0000
51,Focal Loss γ=1.0,0.50,0.2428,25157.00,0.0000,1.0000,0.2354,25157.00,0.0000,1.0000
51,Focal Loss γ=2.0,0.02,0.1110,236987.00,1.0000,0.0000,0.1120,236987.00,1.0000,0.0000
51,Focal Loss γ=2.0,0.05,0.1110,236987.00,1.0000,0.0000,0.1120,236987.00,1.0000,0.0000
51,Focal Loss γ=2.0,0.08,0.1110,236987.00,1.0000,0.0000,0.1120,236987.00,1.0000,0.0000
51,Focal Loss γ=2.0,0.10,0.1110,236987.00,1.0000,0.0000,0.1120,236987.00,1.0000,0.0000
51,Focal Loss γ=2.0,0.15,0.1110,209275.00,0.8774,0.0538,0.0990,209275.00,0.8774,0.0538
51,Focal Loss γ=2.0,0.20,0.1110,115382.00,0.4371,0.4684,0.1137,115382.00,0.4371,0.4684
51,Focal Loss γ=2.0,0.30,0.1110,25157.00,0.0000,1.0000,0.1120,25157.00,0.0000,1.0000
51,Focal Loss γ=2.0,0.40,0.1110,25157.00,0.0000,1.0000,0.1120,25157.00,0.0000,1.0000
51,Focal Loss γ=2.0,0.50,0.1110,25157.00,0.0000,1.0000,0.1120,25157.00,0.0000,1.0000
51,Focal + Temp Scaling,0.02,0.0258,236987.00,1.0000,0.0000,0.0277,236987.00,1.0000,0.0000
51,Focal + Temp Scaling,0.05,0.0258,209275.00,0.8774,0.0538,0.0124,209275.00,0.8774,0.0538
51,Focal + Temp Scaling,0.08,0.0258,164723.00,0.6823,0.1203,0.0193,164723.00,0.6823,0.1203
51,Focal + Temp Scaling,0.10,0.0258,164723.00,0.6823,0.1203,0.0193,164723.00,0.6823,0.1203
51,Focal + Temp Scaling,0.15,0.0258,115382.00,0.4371,0.4684,0.0272,115382.00,0.4371,0.4684
51,Focal + Temp Scaling,0.20,0.0258,25157.00,0.0000,1.0000,0.0277,25157.00,0.0000,1.0000
51,Focal + Temp Scaling,0.30,0.0258,25157.00,0.0000,1.0000,0.0277,25157.00,0.0000,1.0000
51,Focal + Temp Scaling,0.40,0.0258,25157.00,0.0000,1.0000,0.0277,25157.00,0.0000,1.0000
51,Focal + Temp Scaling,0.50,0.0258,25157.00,0.0000,1.0000,0.0277,25157.00,0.0000,1.0000
51,Focal + Matrix Scaling,0.02,0.0307,236987.00,1.0000,0.0000,0.0345,236987.00,1.0000,0.0000
51,Focal + Matrix Scaling,0.05,0.0307,164723.00,0.6823,0.1203,0.0169,164723.00,0.6823,0.1203
51,Focal + Matrix Scaling,0.08,0.0307,87394.00,0.2992,0.6558,0.0276,87394.00,0.2992,0.6558
51,Focal + Matrix Scaling,0.10,0.0307,25157.00,0.0000,1.0000,0.0345,25157.00,0.0000,1.0000
51,Focal + Matrix Scaling,0.15,0.0307,25157.00,0.0000,1.0000,0.0345,25157.00,0.0000,1.0000
51,Focal + Matrix Scaling,0.20,0.0307,25157.00,0.0000,1.0000,0.0345,25157.00,0.0000,1.0000
51,Focal + Matrix Scaling,0.30,0.0307,25157.00,0.0000,1.0000,0.0345,25157.00,0.0000,1.0000
51,Focal + Matrix Scaling,0.40,0.0307,25157.00,0.0000,1.0000,0.0345,25157.00,0.0000,1.0000
51,Focal + Matrix Scaling,0.50,0.0307,25157.00,0.0000,1.0000,0.0345,25157.00,0.0000,1.0000
52,Base (non calibrato),0.02,0.0115,55531.00,0.2125,0.0630,0.0092,55531.00,0.2125,0.0630
52,Base (non calibrato),0.05,0.0115,1254.00,0.0000,1.0000,0.0110,1254.00,0.0000,1.0000
52,Base (non calibrato),0.08,0.0115,1254.00,0.0000,1.0000,0.0110,1254.00,0.0000,1.0000
52,Base (non calibrato),0.10,0.0115,1254.00,0.0000,1.0000,0.0110,1254.00,0.0000,1.0000
52,Base (non calibrato),0.15,0.0115,1254.00,0.0000,1.0000,0.0110,1254.00,0.0000,1.0000
52,Base (non calibrato),0.20,0.0115,1254.00,0.0000,1.0000,0.0110,1254.00,0.0000,1.0000
52,Base (non calibrato),0.30,0.0115,1254.00,0.0000,1.0000,0.0110,1254.00,0.0000,1.0000
52,Base (non calibrato),0.40,0.0115,1254.00,0.0000,1.0000,0.0110,1254.00,0.0000,1.0000
52,Base (non calibrato),0.50,0.0115,1254.00,0.0000,1.0000,0.0110,1254.00,0.0000,1.0000
52,Temp Scaling,0.02,0.0016,1254.00,0.0000,1.0000,0.0026,1254.00,0.0000,1.0000
52,Temp Scaling,0.05,0.0016,1254.00,0.0000,1.0000,0.0026,1254.00,0.0000,1.0000
52,Temp Scaling,0.08,0.0016,1254.00,0.0000,1.0000,0.0026,1254.00,0.0000,1.0000
52,Temp Scaling,0.10,0.0016,1254.00,0.0000,1.0000,0.0026,1254.00,0.0000,1.0000
52,Temp Scaling,0.15,0.0016,1254.00,0.0000,1.0000,0.0026,1254.00,0.0000,1.0000
52,Temp Scaling,0.20,0.0016,1254.00,0.0000,1.0000,0.0026,1254.00,0.0000,1.0000
52,Temp Scaling,0.30,0.0016,1254.00,0.0000,1.0000,0.0026,1254.00,0.0000,1.0000
52,Temp Scaling,0.40,0.0016,1254.00,0.0000,1.0000,0.0026,1254.00,0.0000,1.0000
52,Temp Scaling,0.50,0.0016,1254.00,0.0000,1.0000,0.0026,1254.00,0.0000,1.0000
52,Matrix Scaling,0.02,0.0013,1254.00,0.0000,1.0000,0.0002,1254.00,0.0000,1.0000
52,Matrix Scaling,0.05,0.0013,1254.00,0.0000,1.0000,0.0002,1254.00,0.0000,1.0000
52,Matrix Scaling,0.08,0.0013,1254.00,0.0000,1.0000,0.0002,1254.00,0.0000,1.0000
52,Matrix Scaling,0.10,0.0013,1254.00,0.0000,1.0000,0.0002,1254.00,0.0000,1.0000
52,Matrix Scaling,0.15,0.0013,1254.00,0.0000,1.0000,0.0002,1254.00,0.0000,1.0000
52,Matrix Scaling,0.20,0.0013,1254.00,0.0000,1.0000,0.0002,1254.00,0.0000,1.0000
52,Matrix Scaling,0.30,0.0013,1254.00,0.0000,1.0000,0.0002,1254.00,0.0000,1.0000
52,Matrix Scaling,0.40,0.0013,1254.00,0.0000,1.0000,0.0002,1254.00,0.0000,1.0000
52,Matrix Scaling,0.50,0.0013,1254.00,0.0000,1.0000,0.0002,1254.00,0.0000,1.0000
52,Focal Loss γ=1.0,0.02,0.3159,260890.00,1.0000,0.0000,0.3151,260890.00,1.0000,0.0000
52,Focal Loss γ=1.0,0.05,0.3159,260890.00,1.0000,0.0000,0.3151,260890.00,1.0000,0.0000
52,Focal Loss γ=1.0,0.08,0.3159,260890.00,1.0000,0.0000,0.3151,260890.00,1.0000,0.0000
52,Focal Loss γ=1.0,0.10,0.3159,260890.00,1.0000,0.0000,0.3151,260890.00,1.0000,0.0000
52,Focal Loss γ=1.0,0.15,0.3159,260890.00,1.0000,0.0000,0.3151,260890.00,1.0000,0.0000
52,Focal Loss γ=1.0,0.20,0.3159,260890.00,1.0000,0.0000,0.3151,260890.00,1.0000,0.0000
52,Focal Loss γ=1.0,0.30,0.3159,260890.00,1.0000,0.0000,0.3151,260890.00,1.0000,0.0000
52,Focal Loss γ=1.0,0.40,0.3159,1254.00,0.0000,1.0000,0.3151,1254.00,0.0000,1.0000
52,Focal Loss γ=1.0,0.50,0.3159,1254.00,0.0000,1.0000,0.3151,1254.00,0.0000,1.0000
52,Focal Loss γ=2.0,0.02,0.0653,260890.00,1.0000,0.0000,0.0671,260890.00,1.0000,0.0000
52,Focal Loss γ=2.0,0.05,0.0653,260890.00,1.0000,0.0000,0.0671,260890.00,1.0000,0.0000
52,Focal Loss γ=2.0,0.08,0.0653,97370.00,0.3732,0.0056,0.0703,97370.00,0.3732,0.0056
52,Focal Loss γ=2.0,0.10,0.0653,38244.00,0.1456,0.1986,0.0734,38244.00,0.1456,0.1986
52,Focal Loss γ=2.0,0.15,0.0653,1254.00,0.0000,1.0000,0.0671,1254.00,0.0000,1.0000
52,Focal Loss γ=2.0,0.20,0.0653,1254.00,0.0000,1.0000,0.0671,1254.00,0.0000,1.0000
52,Focal Loss γ=2.0,0.30,0.0653,1254.00,0.0000,1.0000,0.0671,1254.00,0.0000,1.0000
52,Focal Loss γ=2.0,0.40,0.0653,1254.00,0.0000,1.0000,0.0671,1254.00,0.0000,1.0000
52,Focal Loss γ=2.0,0.50,0.0653,1254.00,0.0000,1.0000,0.0671,1254.00,0.0000,1.0000
52,Focal + Temp Scaling,0.02,0.0043,38244.00,0.1456,0.1986,0.0044,38244.00,0.1456,0.1986
52,Focal + Temp Scaling,0.05,0.0043,1254.00,0.0000,1.0000,0.0044,1254.00,0.0000,1.0000
52,Focal + Temp Scaling,0.08,0.0043,1254.00,0.0000,1.0000,0.0044,1254.00,0.0000,1.0000
52,Focal + Temp Scaling,0.10,0.0043,1254.00,0.0000,1.0000,0.0044,1254.00,0.0000,1.0000
52,Focal + Temp Scaling,0.15,0.0043,1254.00,0.0000,1.0000,0.0044,1254.00,0.0000,1.0000
52,Focal + Temp Scaling,0.20,0.0043,1254.00,0.0000,1.0000,0.0044,1254.00,0.0000,1.0000
52,Focal + Temp Scaling,0.30,0.0043,1254.00,0.0000,1.0000,0.0044,1254.00,0.0000,1.0000
52,Focal + Temp Scaling,0.40,0.0043,1254.00,0.0000,1.0000,0.0044,1254.00,0.0000,1.0000
52,Focal + Temp Scaling,0.50,0.0043,1254.00,0.0000,1.0000,0.0044,1254.00,0.0000,1.0000
52,Focal + Matrix Scaling,0.02,0.0079,38244.00,0.1456,0.1986,0.0027,38244.00,0.1456,0.1986
52,Focal + Matrix Scaling,0.05,0.0079,1254.00,0.0000,1.0000,0.0071,1254.00,0.0000,1.0000
52,Focal + Matrix Scaling,0.08,0.0079,1254.00,0.0000,1.0000,0.0071,1254.00,0.0000,1.0000
52,Focal + Matrix Scaling,0.10,0.0079,1254.00,0.0000,1.0000,0.0071,1254.00,0.0000,1.0000
52,Focal + Matrix Scaling,0.15,0.0079,1254.00,0.0000,1.0000,0.0071,1254.00,0.0000,1.0000
52,Focal + Matrix Scaling,0.20,0.0079,1254.00,0.0000,1.0000,0.0071,1254.00,0.0000,1.0000
52,Focal + Matrix Scaling,0.30,0.0079,1254.00,0.0000,1.0000,0.0071,1254.00,0.0000,1.0000
52,Focal + Matrix Scaling,0.40,0.0079,1254.00,0.0000,1.0000,0.0071,1254.00,0.0000,1.0000
52,Focal + Matrix Scaling,0.50,0.0079,1254.00,0.0000,1.0000,0.0071,1254.00,0.0000,1.0000
53,Base (non calibrato),0.02,0.0043,114804.00,0.4502,0.0014,0.0052,114804.00,0.4502,0.0014
53,Base (non calibrato),0.05,0.0043,75649.00,0.2926,0.1435,0.0045,75649.00,0.2926,0.1435
53,Base (non calibrato),0.08,0.0043,20177.00,0.0568,0.7958,0.0027,20177.00,0.0568,0.7958
53,Base (non calibrato),0.10,0.0043,7149.00,0.0000,1.0000,0.0057,7149.00,0.0000,1.0000
53,Base (non calibrato),0.15,0.0043,7149.00,0.0000,1.0000,0.0057,7149.00,0.0000,1.0000
53,Base (non calibrato),0.20,0.0043,7149.00,0.0000,1.0000,0.0057,7149.00,0.0000,1.0000
53,Base (non calibrato),0.30,0.0043,7149.00,0.0000,1.0000,0.0057,7149.00,0.0000,1.0000
53,Base (non calibrato),0.40,0.0043,7149.00,0.0000,1.0000,0.0057,7149.00,0.0000,1.0000
53,Base (non calibrato),0.50,0.0043,7149.00,0.0000,1.0000,0.0057,7149.00,0.0000,1.0000
53,Temp Scaling,0.02,0.0179,75649.00,0.2926,0.1435,0.0210,75649.00,0.2926,0.1435
53,Temp Scaling,0.05,0.0179,20177.00,0.0568,0.7958,0.0246,20177.00,0.0568,0.7958
53,Temp Scaling,0.08,0.0179,7149.00,0.0000,1.0000,0.0162,7149.00,0.0000,1.0000
53,Temp Scaling,0.10,0.0179,7149.00,0.0000,1.0000,0.0162,7149.00,0.0000,1.0000
53,Temp Scaling,0.15,0.0179,7149.00,0.0000,1.0000,0.0162,7149.00,0.0000,1.0000
53,Temp Scaling,0.20,0.0179,7149.00,0.0000,1.0000,0.0162,7149.00,0.0000,1.0000
53,Temp Scaling,0.30,0.0179,7149.00,0.0000,1.0000,0.0162,7149.00,0.0000,1.0000
53,Temp Scaling,0.40,0.0179,7149.00,0.0000,1.0000,0.0162,7149.00,0.0000,1.0000
53,Temp Scaling,0.50,0.0179,7149.00,0.0000,1.0000,0.0162,7149.00,0.0000,1.0000
53,Matrix Scaling,0.02,0.0145,75649.00,0.2926,0.1435,0.0165,75649.00,0.2926,0.1435
53,Matrix Scaling,0.05,0.0145,20177.00,0.0568,0.7958,0.0249,20177.00,0.0568,0.7958
53,Matrix Scaling,0.08,0.0145,7149.00,0.0000,1.0000,0.0126,7149.00,0.0000,1.0000
53,Matrix Scaling,0.10,0.0145,7149.00,0.0000,1.0000,0.0126,7149.00,0.0000,1.0000
53,Matrix Scaling,0.15,0.0145,7149.00,0.0000,1.0000,0.0126,7149.00,0.0000,1.0000
53,Matrix Scaling,0.20,0.0145,7149.00,0.0000,1.0000,0.0126,7149.00,0.0000,1.0000
53,Matrix Scaling,0.30,0.0145,7149.00,0.0000,1.0000,0.0126,7149.00,0.0000,1.0000
53,Matrix Scaling,0.40,0.0145,7149.00,0.0000,1.0000,0.0126,7149.00,0.0000,1.0000
53,Matrix Scaling,0.50,0.0145,7149.00,0.0000,1.0000,0.0126,7149.00,0.0000,1.0000
53,Focal Loss γ=1.0,0.02,0.2897,254995.00,1.0000,0.0000,0.2922,254995.00,1.0000,0.0000
53,Focal Loss γ=1.0,0.05,0.2897,254995.00,1.0000,0.0000,0.2922,254995.00,1.0000,0.0000
53,Focal Loss γ=1.0,0.08,0.2897,254995.00,1.0000,0.0000,0.2922,254995.00,1.0000,0.0000
53,Focal Loss γ=1.0,0.10,0.2897,254995.00,1.0000,0.0000,0.2922,254995.00,1.0000,0.0000
53,Focal Loss γ=1.0,0.15,0.2897,254995.00,1.0000,0.0000,0.2922,254995.00,1.0000,0.0000
53,Focal Loss γ=1.0,0.20,0.2897,254995.00,1.0000,0.0000,0.2922,254995.00,1.0000,0.0000
53,Focal Loss γ=1.0,0.30,0.2897,254995.00,1.0000,0.0000,0.2922,254995.00,1.0000,0.0000
53,Focal Loss γ=1.0,0.40,0.2897,7149.00,0.0000,1.0000,0.2922,7149.00,0.0000,1.0000
53,Focal Loss γ=1.0,0.50,0.2897,7149.00,0.0000,1.0000,0.2922,7149.00,0.0000,1.0000
53,Focal Loss γ=2.0,0.02,0.0531,254995.00,1.0000,0.0000,0.0539,254995.00,1.0000,0.0000
53,Focal Loss γ=2.0,0.05,0.0531,254995.00,1.0000,0.0000,0.0539,254995.00,1.0000,0.0000
53,Focal Loss γ=2.0,0.08,0.0531,91420.00,0.3578,0.0246,0.0555,91420.00,0.3578,0.0246
53,Focal Loss γ=2.0,0.10,0.0531,75649.00,0.2926,0.1435,0.0526,75649.00,0.2926,0.1435
53,Focal Loss γ=2.0,0.15,0.0531,16859.00,0.0445,0.7717,0.0418,16859.00,0.0445,0.7717
53,Focal Loss γ=2.0,0.20,0.0531,7149.00,0.0000,1.0000,0.0539,7149.00,0.0000,1.0000
53,Focal Loss γ=2.0,0.30,0.0531,7149.00,0.0000,1.0000,0.0539,7149.00,0.0000,1.0000
53,Focal Loss γ=2.0,0.40,0.0531,7149.00,0.0000,1.0000,0.0539,7149.00,0.0000,1.0000
53,Focal Loss γ=2.0,0.50,0.0531,7149.00,0.0000,1.0000,0.0539,7149.00,0.0000,1.0000
53,Focal + Temp Scaling,0.02,0.0109,75649.00,0.2926,0.1435,0.0139,75649.00,0.2926,0.1435
53,Focal + Temp Scaling,0.05,0.0109,29887.00,0.1013,0.5675,0.0278,29887.00,0.1013,0.5675
53,Focal + Temp Scaling,0.08,0.0109,7149.00,0.0000,1.0000,0.0097,7149.00,0.0000,1.0000
53,Focal + Temp Scaling,0.10,0.0109,7149.00,0.0000,1.0000,0.0097,7149.00,0.0000,1.0000
53,Focal + Temp Scaling,0.15,0.0109,7149.00,0.0000,1.0000,0.0097,7149.00,0.0000,1.0000
53,Focal + Temp Scaling,0.20,0.0109,7149.00,0.0000,1.0000,0.0097,7149.00,0.0000,1.0000
53,Focal + Temp Scaling,0.30,0.0109,7149.00,0.0000,1.0000,0.0097,7149.00,0.0000,1.0000
53,Focal + Temp Scaling,0.40,0.0109,7149.00,0.0000,1.0000,0.0097,7149.00,0.0000,1.0000
53,Focal + Temp Scaling,0.50,0.0109,7149.00,0.0000,1.0000,0.0097,7149.00,0.0000,1.0000
53,Focal + Matrix Scaling,0.02,0.0132,75649.00,0.2926,0.1435,0.0162,75649.00,0.2926,0.1435
53,Focal + Matrix Scaling,0.05,0.0132,7149.00,0.0000,1.0000,0.0113,7149.00,0.0000,1.0000
53,Focal + Matrix Scaling,0.08,0.0132,7149.00,0.0000,1.0000,0.0113,7149.00,0.0000,1.0000
53,Focal + Matrix Scaling,0.10,0.0132,7149.00,0.0000,1.0000,0.0113,7149.00,0.0000,1.0000
53,Focal + Matrix Scaling,0.15,0.0132,7149.00,0.0000,1.0000,0.0113,7149.00,0.0000,1.0000
53,Focal + Matrix Scaling,0.20,0.0132,7149.00,0.0000,1.0000,0.0113,7149.00,0.0000,1.0000
53,Focal + Matrix Scaling,0.30,0.0132,7149.00,0.0000,1.0000,0.0113,7149.00,0.0000,1.0000
53,Focal + Matrix Scaling,0.40,0.0132,7149.00,0.0000,1.0000,0.0113,7149.00,0.0000,1.0000
53,Focal + Matrix Scaling,0.50,0.0132,7149.00,0.0000,1.0000,0.0113,7149.00,0.0000,1.0000
54,Base (non calibrato),0.02,0.0137,109387.00,0.4404,0.0009,0.0034,109387.00,0.4404,0.0009
54,Base (non calibrato),0.05,0.0137,93187.00,0.3721,0.0564,0.0174,93187.00,0.3721,0.0564
54,Base (non calibrato),0.08,0.0137,50435.00,0.1846,0.3331,0.0211,50435.00,0.1846,0.3331
54,Base (non calibrato),0.10,0.0137,50435.00,0.1846,0.3331,0.0211,50435.00,0.1846,0.3331
54,Base (non calibrato),0.15,0.0137,13803.00,0.0000,1.0000,0.0025,13803.00,0.0000,1.0000
54,Base (non calibrato),0.20,0.0137,13803.00,0.0000,1.0000,0.0025,13803.00,0.0000,1.0000
54,Base (non calibrato),0.30,0.0137,13803.00,0.0000,1.0000,0.0025,13803.00,0.0000,1.0000
54,Base (non calibrato),0.40,0.0137,13803.00,0.0000,1.0000,0.0025,13803.00,0.0000,1.0000
54,Base (non calibrato),0.50,0.0137,13803.00,0.0000,1.0000,0.0025,13803.00,0.0000,1.0000
54,Temp Scaling,0.02,0.0260,79748.00,0.3156,0.1001,0.0340,79748.00,0.3156,0.1001
54,Temp Scaling,0.05,0.0260,50435.00,0.1846,0.3331,0.0396,50435.00,0.1846,0.3331
54,Temp Scaling,0.08,0.0260,50435.00,0.1846,0.3331,0.0396,50435.00,0.1846,0.3331
54,Temp Scaling,0.10,0.0260,42148.00,0.1386,0.5606,0.0333,42148.00,0.1386,0.5606
54,Temp Scaling,0.15,0.0260,13803.00,0.0000,1.0000,0.0253,13803.00,0.0000,1.0000
54,Temp Scaling,0.20,0.0260,13803.00,0.0000,1.0000,0.0253,13803.00,0.0000,1.0000
54,Temp Scaling,0.30,0.0260,13803.00,0.0000,1.0000,0.0253,13803.00,0.0000,1.0000
54,Temp Scaling,0.40,0.0260,13803.00,0.0000,1.0000,0.0253,13803.00,0.0000,1.0000
54,Temp Scaling,0.50,0.0260,13803.00,0.0000,1.0000,0.0253,13803.00,0.0000,1.0000
54,Matrix Scaling,0.02,0.0244,109387.00,0.4404,0.0009,0.0256,109387.00,0.4404,0.0009
54,Matrix Scaling,0.05,0.0244,64334.00,0.2477,0.2047,0.0390,64334.00,0.2477,0.2047
54,Matrix Scaling,0.08,0.0244,50435.00,0.1846,0.3331,0.0445,50435.00,0.1846,0.3331
54,Matrix Scaling,0.10,0.0244,13803.00,0.0000,1.0000,0.0239,13803.00,0.0000,1.0000
54,Matrix Scaling,0.15,0.0244,13803.00,0.0000,1.0000,0.0239,13803.00,0.0000,1.0000
54,Matrix Scaling,0.20,0.0244,13803.00,0.0000,1.0000,0.0239,13803.00,0.0000,1.0000
54,Matrix Scaling,0.30,0.0244,13803.00,0.0000,1.0000,0.0239,13803.00,0.0000,1.0000
54,Matrix Scaling,0.40,0.0244,13803.00,0.0000,1.0000,0.0239,13803.00,0.0000,1.0000
54,Matrix Scaling,0.50,0.0244,13803.00,0.0000,1.0000,0.0239,13803.00,0.0000,1.0000
54,Focal Loss γ=1.0,0.02,0.2684,248341.00,1.0000,0.0000,0.2681,248341.00,1.0000,0.0000
54,Focal Loss γ=1.0,0.05,0.2684,248341.00,1.0000,0.0000,0.2681,248341.00,1.0000,0.0000
54,Focal Loss γ=1.0,0.08,0.2684,248341.00,1.0000,0.0000,0.2681,248341.00,1.0000,0.0000
54,Focal Loss γ=1.0,0.10,0.2684,248341.00,1.0000,0.0000,0.2681,248341.00,1.0000,0.0000
54,Focal Loss γ=1.0,0.15,0.2684,248341.00,1.0000,0.0000,0.2681,248341.00,1.0000,0.0000
54,Focal Loss γ=1.0,0.20,0.2684,248341.00,1.0000,0.0000,0.2681,248341.00,1.0000,0.0000
54,Focal Loss γ=1.0,0.30,0.2684,248341.00,1.0000,0.0000,0.2681,248341.00,1.0000,0.0000
54,Focal Loss γ=1.0,0.40,0.2684,13803.00,0.0000,1.0000,0.2681,13803.00,0.0000,1.0000
54,Focal Loss γ=1.0,0.50,0.2684,13803.00,0.0000,1.0000,0.2681,13803.00,0.0000,1.0000
54,Focal Loss γ=2.0,0.02,0.0485,248341.00,1.0000,0.0000,0.0495,248341.00,1.0000,0.0000
54,Focal Loss γ=2.0,0.05,0.0485,248341.00,1.0000,0.0000,0.0495,248341.00,1.0000,0.0000
54,Focal Loss γ=2.0,0.08,0.0485,109387.00,0.4404,0.0009,0.0490,109387.00,0.4404,0.0009
54,Focal Loss γ=2.0,0.10,0.0485,93187.00,0.3721,0.0564,0.0478,93187.00,0.3721,0.0564
54,Focal Loss γ=2.0,0.15,0.0485,50435.00,0.1846,0.3331,0.0447,50435.00,0.1846,0.3331
54,Focal Loss γ=2.0,0.20,0.0485,42148.00,0.1386,0.5606,0.0522,42148.00,0.1386,0.5606
54,Focal Loss γ=2.0,0.30,0.0485,13803.00,0.0000,1.0000,0.0495,13803.00,0.0000,1.0000
54,Focal Loss γ=2.0,0.40,0.0485,13803.00,0.0000,1.0000,0.0495,13803.00,0.0000,1.0000
54,Focal Loss γ=2.0,0.50,0.0485,13803.00,0.0000,1.0000,0.0495,13803.00,0.0000,1.0000
54,Focal + Temp Scaling,0.02,0.0109,109387.00,0.4404,0.0009,0.0104,109387.00,0.4404,0.0009
54,Focal + Temp Scaling,0.05,0.0109,64334.00,0.2477,0.2047,0.0131,64334.00,0.2477,0.2047
54,Focal + Temp Scaling,0.08,0.0109,50435.00,0.1846,0.3331,0.0121,50435.00,0.1846,0.3331
54,Focal + Temp Scaling,0.10,0.0109,50435.00,0.1846,0.3331,0.0121,50435.00,0.1846,0.3331
54,Focal + Temp Scaling,0.15,0.0109,42148.00,0.1386,0.5606,0.0088,42148.00,0.1386,0.5606
54,Focal + Temp Scaling,0.20,0.0109,13803.00,0.0000,1.0000,0.0096,13803.00,0.0000,1.0000
54,Focal + Temp Scaling,0.30,0.0109,13803.00,0.0000,1.0000,0.0096,13803.00,0.0000,1.0000
54,Focal + Temp Scaling,0.40,0.0109,13803.00,0.0000,1.0000,0.0096,13803.00,0.0000,1.0000
54,Focal + Temp Scaling,0.50,0.0109,13803.00,0.0000,1.0000,0.0096,13803.00,0.0000,1.0000
54,Focal + Matrix Scaling,0.02,0.0228,109387.00,0.4404,0.0009,0.0244,109387.00,0.4404,0.0009
54,Focal + Matrix Scaling,0.05,0.0228,64334.00,0.2477,0.2047,0.0387,64334.00,0.2477,0.2047
54,Focal + Matrix Scaling,0.08,0.0228,50435.00,0.1846,0.3331,0.0450,50435.00,0.1846,0.3331
54,Focal + Matrix Scaling,0.10,0.0228,13803.00,0.0000,1.0000,0.0225,13803.00,0.0000,1.0000
54,Focal + Matrix Scaling,0.15,0.0228,13803.00,0.0000,1.0000,0.0225,13803.00,0.0000,1.0000
54,Focal + Matrix Scaling,0.20,0.0228,13803.00,0.0000,1.0000,0.0225,13803.00,0.0000,1.0000
54,Focal + Matrix Scaling,0.30,0.0228,13803.00,0.0000,1.0000,0.0225,13803.00,0.0000,1.0000
54,Focal + Matrix Scaling,0.40,0.0228,13803.00,0.0000,1.0000,0.0225,13803.00,0.0000,1.0000
54,Focal + Matrix Scaling,0.50,0.0228,13803.00,0.0000,1.0000,0.0225,13803.00,0.0000,1.0000
55,Base (non calibrato),0.02,0.0087,119252.00,0.4860,0.0001,0.0066,119252.00,0.4860,0.0001
55,Base (non calibrato),0.05,0.0087,101022.00,0.4098,0.0272,0.0059,101022.00,0.4098,0.0272
55,Base (non calibrato),0.08,0.0087,101022.00,0.4098,0.0272,0.0059,101022.00,0.4098,0.0272
55,Base (non calibrato),0.10,0.0087,101022.00,0.4098,0.0272,0.0059,101022.00,0.4098,0.0272
55,Base (non calibrato),0.15,0.0087,57757.00,0.1948,0.5937,0.0195,57757.00,0.1948,0.5937
55,Base (non calibrato),0.20,0.0087,16753.00,0.0000,1.0000,0.0056,16753.00,0.0000,1.0000
55,Base (non calibrato),0.30,0.0087,16753.00,0.0000,1.0000,0.0056,16753.00,0.0000,1.0000
55,Base (non calibrato),0.40,0.0087,16753.00,0.0000,1.0000,0.0056,16753.00,0.0000,1.0000
55,Base (non calibrato),0.50,0.0087,16753.00,0.0000,1.0000,0.0056,16753.00,0.0000,1.0000
55,Temp Scaling,0.02,0.0179,101022.00,0.4098,0.0272,0.0152,101022.00,0.4098,0.0272
55,Temp Scaling,0.05,0.0179,101022.00,0.4098,0.0272,0.0152,101022.00,0.4098,0.0272
55,Temp Scaling,0.08,0.0179,101022.00,0.4098,0.0272,0.0152,101022.00,0.4098,0.0272
55,Temp Scaling,0.10,0.0179,57757.00,0.1948,0.5937,0.0146,57757.00,0.1948,0.5937
55,Temp Scaling,0.15,0.0179,16753.00,0.0000,1.0000,0.0137,16753.00,0.0000,1.0000
55,Temp Scaling,0.20,0.0179,16753.00,0.0000,1.0000,0.0137,16753.00,0.0000,1.0000
55,Temp Scaling,0.30,0.0179,16753.00,0.0000,1.0000,0.0137,16753.00,0.0000,1.0000
55,Temp Scaling,0.40,0.0179,16753.00,0.0000,1.0000,0.0137,16753.00,0.0000,1.0000
55,Temp Scaling,0.50,0.0179,16753.00,0.0000,1.0000,0.0137,16753.00,0.0000,1.0000
55,Matrix Scaling,0.02,0.0181,101022.00,0.4098,0.0272,0.0221,101022.00,0.4098,0.0272
55,Matrix Scaling,0.05,0.0181,101022.00,0.4098,0.0272,0.0221,101022.00,0.4098,0.0272
55,Matrix Scaling,0.08,0.0181,68548.00,0.2560,0.3418,0.0269,68548.00,0.2560,0.3418
55,Matrix Scaling,0.10,0.0181,36804.00,0.1021,0.7011,0.0164,36804.00,0.1021,0.7011
55,Matrix Scaling,0.15,0.0181,16753.00,0.0000,1.0000,0.0196,16753.00,0.0000,1.0000
55,Matrix Scaling,0.20,0.0181,16753.00,0.0000,1.0000,0.0196,16753.00,0.0000,1.0000
55,Matrix Scaling,0.30,0.0181,16753.00,0.0000,1.0000,0.0196,16753.00,0.0000,1.0000
55,Matrix Scaling,0.40,0.0181,16753.00,0.0000,1.0000,0.0196,16753.00,0.0000,1.0000
55,Matrix Scaling,0.50,0.0181,16753.00,0.0000,1.0000,0.0196,16753.00,0.0000,1.0000
55,Focal Loss γ=1.0,0.02,0.2645,245391.00,1.0000,0.0000,0.2573,245391.00,1.0000,0.0000
55,Focal Loss γ=1.0,0.05,0.2645,245391.00,1.0000,0.0000,0.2573,245391.00,1.0000,0.0000
55,Focal Loss γ=1.0,0.08,0.2645,245391.00,1.0000,0.0000,0.2573,245391.00,1.0000,0.0000
55,Focal Loss γ=1.0,0.10,0.2645,245391.00,1.0000,0.0000,0.2573,245391.00,1.0000,0.0000
55,Focal Loss γ=1.0,0.15,0.2645,245391.00,1.0000,0.0000,0.2573,245391.00,1.0000,0.0000
55,Focal Loss γ=1.0,0.20,0.2645,245391.00,1.0000,0.0000,0.2573,245391.00,1.0000,0.0000
55,Focal Loss γ=1.0,0.30,0.2645,245391.00,1.0000,0.0000,0.2573,245391.00,1.0000,0.0000
55,Focal Loss γ=1.0,0.40,0.2645,16753.00,0.0000,1.0000,0.2573,16753.00,0.0000,1.0000
55,Focal Loss γ=1.0,0.50,0.2645,16753.00,0.0000,1.0000,0.2573,16753.00,0.0000,1.0000
55,Focal Loss γ=2.0,0.02,0.0542,245391.00,1.0000,0.0000,0.0548,245391.00,1.0000,0.0000
55,Focal Loss γ=2.0,0.05,0.0542,245391.00,1.0000,0.0000,0.0548,245391.00,1.0000,0.0000
55,Focal Loss γ=2.0,0.08,0.0542,101022.00,0.4098,0.0272,0.0545,101022.00,0.4098,0.0272
55,Focal Loss γ=2.0,0.10,0.0542,101022.00,0.4098,0.0272,0.0545,101022.00,0.4098,0.0272
55,Focal Loss γ=2.0,0.15,0.0542,101022.00,0.4098,0.0272,0.0545,101022.00,0.4098,0.0272
55,Focal Loss γ=2.0,0.20,0.0542,57757.00,0.1948,0.5937,0.0645,57757.00,0.1948,0.5937
55,Focal Loss γ=2.0,0.30,0.0542,16753.00,0.0000,1.0000,0.0548,16753.00,0.0000,1.0000
55,Focal Loss γ=2.0,0.40,0.0542,16753.00,0.0000,1.0000,0.0548,16753.00,0.0000,1.0000
55,Focal Loss γ=2.0,0.50,0.0542,16753.00,0.0000,1.0000,0.0548,16753.00,0.0000,1.0000
55,Focal + Temp Scaling,0.02,0.0030,101022.00,0.4098,0.0272,0.0018,101022.00,0.4098,0.0272
55,Focal + Temp Scaling,0.05,0.0030,101022.00,0.4098,0.0272,0.0018,101022.00,0.4098,0.0272
55,Focal + Temp Scaling,0.08,0.0030,101022.00,0.4098,0.0272,0.0018,101022.00,0.4098,0.0272
55,Focal + Temp Scaling,0.10,0.0030,101022.00,0.4098,0.0272,0.0018,101022.00,0.4098,0.0272
55,Focal + Temp Scaling,0.15,0.0030,36804.00,0.1021,0.7011,0.0248,36804.00,0.1021,0.7011
55,Focal + Temp Scaling,0.20,0.0030,16753.00,0.0000,1.0000,0.0006,16753.00,0.0000,1.0000
55,Focal + Temp Scaling,0.30,0.0030,16753.00,0.0000,1.0000,0.0006,16753.00,0.0000,1.0000
55,Focal + Temp Scaling,0.40,0.0030,16753.00,0.0000,1.0000,0.0006,16753.00,0.0000,1.0000
55,Focal + Temp Scaling,0.50,0.0030,16753.00,0.0000,1.0000,0.0006,16753.00,0.0000,1.0000
55,Focal + Matrix Scaling,0.02,0.0190,101022.00,0.4098,0.0272,0.0254,101022.00,0.4098,0.0272
55,Focal + Matrix Scaling,0.05,0.0190,101022.00,0.4098,0.0272,0.0254,101022.00,0.4098,0.0272
55,Focal + Matrix Scaling,0.08,0.0190,47595.00,0.1633,0.4492,0.0311,47595.00,0.1633,0.4492
55,Focal + Matrix Scaling,0.10,0.0190,36804.00,0.1021,0.7011,0.0257,36804.00,0.1021,0.7011
55,Focal + Matrix Scaling,0.15,0.0190,16753.00,0.0000,1.0000,0.0220,16753.00,0.0000,1.0000
55,Focal + Matrix Scaling,0.20,0.0190,16753.00,0.0000,1.0000,0.0220,16753.00,0.0000,1.0000
55,Focal + Matrix Scaling,0.30,0.0190,16753.00,0.0000,1.0000,0.0220,16753.00,0.0000,1.0000
55,Focal + Matrix Scaling,0.40,0.0190,16753.00,0.0000,1.0000,0.0220,16753.00,0.0000,1.0000
55,Focal + Matrix Scaling,0.50,0.0190,16753.00,0.0000,1.0000,0.0220,16753.00,0.0000,1.0000
56,Base (non calibrato),0.02,0.0213,105661.00,0.4221,0.0000,0.0133,105661.00,0.4221,0.0000
56,Base (non calibrato),0.05,0.0213,105661.00,0.4221,0.0000,0.0133,105661.00,0.4221,0.0000
56,Base (non calibrato),0.08,0.0213,69965.00,0.2730,0.1383,0.0186,69965.00,0.2730,0.1383
56,Base (non calibrato),0.10,0.0213,34388.00,0.1187,0.3957,0.0086,34388.00,0.1187,0.3957
56,Base (non calibrato),0.15,0.0213,34388.00,0.1187,0.3957,0.0086,34388.00,0.1187,0.3957
56,Base (non calibrato),0.20,0.0213,22860.00,0.0668,0.5185,0.0314,22860.00,0.0668,0.5185
56,Base (non calibrato),0.30,0.0213,11847.00,0.0000,1.0000,0.0132,11847.00,0.0000,1.0000
56,Base (non calibrato),0.40,0.0213,11847.00,0.0000,1.0000,0.0132,11847.00,0.0000,1.0000
56,Base (non calibrato),0.50,0.0213,11847.00,0.0000,1.0000,0.0132,11847.00,0.0000,1.0000
56,Temp Scaling,0.02,0.0043,105661.00,0.4221,0.0000,0.0072,105661.00,0.4221,0.0000
56,Temp Scaling,0.05,0.0043,69965.00,0.2730,0.1383,0.0062,69965.00,0.2730,0.1383
56,Temp Scaling,0.08,0.0043,34388.00,0.1187,0.3957,0.0113,34388.00,0.1187,0.3957
56,Temp Scaling,0.10,0.0043,34388.00,0.1187,0.3957,0.0113,34388.00,0.1187,0.3957
56,Temp Scaling,0.15,0.0043,22860.00,0.0668,0.5185,0.0288,22860.00,0.0668,0.5185
56,Temp Scaling,0.20,0.0043,11847.00,0.0000,1.0000,0.0064,11847.00,0.0000,1.0000
56,Temp Scaling,0.30,0.0043,11847.00,0.0000,1.0000,0.0064,11847.00,0.0000,1.0000
56,Temp Scaling,0.40,0.0043,11847.00,0.0000,1.0000,0.0064,11847.00,0.0000,1.0000
56,Temp Scaling,0.50,0.0043,11847.00,0.0000,1.0000,0.0064,11847.00,0.0000,1.0000
56,Matrix Scaling,0.02,0.0065,105661.00,0.4221,0.0000,0.0101,105661.00,0.4221,0.0000
56,Matrix Scaling,0.05,0.0065,69965.00,0.2730,0.1383,0.0093,69965.00,0.2730,0.1383
56,Matrix Scaling,0.08,0.0065,34388.00,0.1187,0.3957,0.0268,34388.00,0.1187,0.3957
56,Matrix Scaling,0.10,0.0065,34388.00,0.1187,0.3957,0.0268,34388.00,0.1187,0.3957
56,Matrix Scaling,0.15,0.0065,22860.00,0.0668,0.5185,0.0476,22860.00,0.0668,0.5185
56,Matrix Scaling,0.20,0.0065,11847.00,0.0000,1.0000,0.0087,11847.00,0.0000,1.0000
56,Matrix Scaling,0.30,0.0065,11847.00,0.0000,1.0000,0.0087,11847.00,0.0000,1.0000
56,Matrix Scaling,0.40,0.0065,11847.00,0.0000,1.0000,0.0087,11847.00,0.0000,1.0000
56,Matrix Scaling,0.50,0.0065,11847.00,0.0000,1.0000,0.0087,11847.00,0.0000,1.0000
56,Focal Loss γ=1.0,0.02,0.2790,250297.00,1.0000,0.0000,0.2756,250297.00,1.0000,0.0000
56,Focal Loss γ=1.0,0.05,0.2790,250297.00,1.0000,0.0000,0.2756,250297.00,1.0000,0.0000
56,Focal Loss γ=1.0,0.08,0.2790,250297.00,1.0000,0.0000,0.2756,250297.00,1.0000,0.0000
56,Focal Loss γ=1.0,0.10,0.2790,250297.00,1.0000,0.0000,0.2756,250297.00,1.0000,0.0000
56,Focal Loss γ=1.0,0.15,0.2790,250297.00,1.0000,0.0000,0.2756,250297.00,1.0000,0.0000
56,Focal Loss γ=1.0,0.20,0.2790,250297.00,1.0000,0.0000,0.2756,250297.00,1.0000,0.0000
56,Focal Loss γ=1.0,0.30,0.2790,250297.00,1.0000,0.0000,0.2756,250297.00,1.0000,0.0000
56,Focal Loss γ=1.0,0.40,0.2790,11847.00,0.0000,1.0000,0.2756,11847.00,0.0000,1.0000
56,Focal Loss γ=1.0,0.50,0.2790,11847.00,0.0000,1.0000,0.2756,11847.00,0.0000,1.0000
56,Focal Loss γ=2.0,0.02,0.0639,250297.00,1.0000,0.0000,0.0620,250297.00,1.0000,0.0000
56,Focal Loss γ=2.0,0.05,0.0639,250297.00,1.0000,0.0000,0.0620,250297.00,1.0000,0.0000
56,Focal Loss γ=2.0,0.08,0.0639,105661.00,0.4221,0.0000,0.0623,105661.00,0.4221,0.0000
56,Focal Loss γ=2.0,0.10,0.0639,105661.00,0.4221,0.0000,0.0623,105661.00,0.4221,0.0000
56,Focal Loss γ=2.0,0.15,0.0639,34388.00,0.1187,0.3957,0.0585,34388.00,0.1187,0.3957
56,Focal Loss γ=2.0,0.20,0.0639,34388.00,0.1187,0.3957,0.0585,34388.00,0.1187,0.3957
56,Focal Loss γ=2.0,0.30,0.0639,11847.00,0.0000,1.0000,0.0620,11847.00,0.0000,1.0000
56,Focal Loss γ=2.0,0.40,0.0639,11847.00,0.0000,1.0000,0.0620,11847.00,0.0000,1.0000
56,Focal Loss γ=2.0,0.50,0.0639,11847.00,0.0000,1.0000,0.0620,11847.00,0.0000,1.0000
56,Focal + Temp Scaling,0.02,0.0085,105661.00,0.4221,0.0000,0.0062,105661.00,0.4221,0.0000
56,Focal + Temp Scaling,0.05,0.0085,69965.00,0.2730,0.1383,0.0099,69965.00,0.2730,0.1383
56,Focal + Temp Scaling,0.08,0.0085,34388.00,0.1187,0.3957,0.0130,34388.00,0.1187,0.3957
56,Focal + Temp Scaling,0.10,0.0085,34388.00,0.1187,0.3957,0.0130,34388.00,0.1187,0.3957
56,Focal + Temp Scaling,0.15,0.0085,34388.00,0.1187,0.3957,0.0130,34388.00,0.1187,0.3957
56,Focal + Temp Scaling,0.20,0.0085,22860.00,0.0668,0.5185,0.0072,22860.00,0.0668,0.5185
56,Focal + Temp Scaling,0.30,0.0085,11847.00,0.0000,1.0000,0.0058,11847.00,0.0000,1.0000
56,Focal + Temp Scaling,0.40,0.0085,11847.00,0.0000,1.0000,0.0058,11847.00,0.0000,1.0000
56,Focal + Temp Scaling,0.50,0.0085,11847.00,0.0000,1.0000,0.0058,11847.00,0.0000,1.0000
56,Focal + Matrix Scaling,0.02,0.0086,105661.00,0.4221,0.0000,0.0104,105661.00,0.4221,0.0000
56,Focal + Matrix Scaling,0.05,0.0086,49605.00,0.1838,0.3029,0.0237,49605.00,0.1838,0.3029
56,Focal + Matrix Scaling,0.08,0.0086,34388.00,0.1187,0.3957,0.0318,34388.00,0.1187,0.3957
56,Focal + Matrix Scaling,0.10,0.0086,22860.00,0.0668,0.5185,0.0517,22860.00,0.0668,0.5185
56,Focal + Matrix Scaling,0.15,0.0086,22860.00,0.0668,0.5185,0.0517,22860.00,0.0668,0.5185
56,Focal + Matrix Scaling,0.20,0.0086,11847.00,0.0000,1.0000,0.0085,11847.00,0.0000,1.0000
56,Focal + Matrix Scaling,0.30,0.0086,11847.00,0.0000,1.0000,0.0085,11847.00,0.0000,1.0000
56,Focal + Matrix Scaling,0.40,0.0086,11847.00,0.0000,1.0000,0.0085,11847.00,0.0000,1.0000
56,Focal + Matrix Scaling,0.50,0.0086,11847.00,0.0000,1.0000,0.0085,11847.00,0.0000,1.0000
57,Base (non calibrato),0.02,0.0166,101920.00,0.3963,0.0000,0.0173,101920.00,0.3963,0.0000
57,Base (non calibrato),0.05,0.0166,80954.00,0.3119,0.1503,0.0182,80954.00,0.3119,0.1503
57,Base (non calibrato),0.08,0.0166,15213.00,0.0446,0.7514,0.0143,15213.00,0.0446,0.7514
57,Base (non calibrato),0.10,0.0166,15213.00,0.0446,0.7514,0.0143,15213.00,0.0446,0.7514
57,Base (non calibrato),0.15,0.0166,4976.00,0.0000,1.0000,0.0164,4976.00,0.0000,1.0000
57,Base (non calibrato),0.20,0.0166,4976.00,0.0000,1.0000,0.0164,4976.00,0.0000,1.0000
57,Base (non calibrato),0.30,0.0166,4976.00,0.0000,1.0000,0.0164,4976.00,0.0000,1.0000
57,Base (non calibrato),0.40,0.0166,4976.00,0.0000,1.0000,0.0164,4976.00,0.0000,1.0000
57,Base (non calibrato),0.50,0.0166,4976.00,0.0000,1.0000,0.0164,4976.00,0.0000,1.0000
57,Temp Scaling,0.02,0.0037,80954.00,0.3119,0.1503,0.0048,80954.00,0.3119,0.1503
57,Temp Scaling,0.05,0.0037,15213.00,0.0446,0.7514,0.0075,15213.00,0.0446,0.7514
57,Temp Scaling,0.08,0.0037,15213.00,0.0446,0.7514,0.0075,15213.00,0.0446,0.7514
57,Temp Scaling,0.10,0.0037,4976.00,0.0000,1.0000,0.0038,4976.00,0.0000,1.0000
57,Temp Scaling,0.15,0.0037,4976.00,0.0000,1.0000,0.0038,4976.00,0.0000,1.0000
57,Temp Scaling,0.20,0.0037,4976.00,0.0000,1.0000,0.0038,4976.00,0.0000,1.0000
57,Temp Scaling,0.30,0.0037,4976.00,0.0000,1.0000,0.0038,4976.00,0.0000,1.0000
57,Temp Scaling,0.40,0.0037,4976.00,0.0000,1.0000,0.0038,4976.00,0.0000,1.0000
57,Temp Scaling,0.50,0.0037,4976.00,0.0000,1.0000,0.0038,4976.00,0.0000,1.0000
57,Matrix Scaling,0.02,0.0006,101920.00,0.3963,0.0000,0.0008,101920.00,0.3963,0.0000
57,Matrix Scaling,0.05,0.0006,15213.00,0.0446,0.7514,0.0127,15213.00,0.0446,0.7514
57,Matrix Scaling,0.08,0.0006,4976.00,0.0000,1.0000,0.0000,4976.00,0.0000,1.0000
57,Matrix Scaling,0.10,0.0006,4976.00,0.0000,1.0000,0.0000,4976.00,0.0000,1.0000
57,Matrix Scaling,0.15,0.0006,4976.00,0.0000,1.0000,0.0000,4976.00,0.0000,1.0000
57,Matrix Scaling,0.20,0.0006,4976.00,0.0000,1.0000,0.0000,4976.00,0.0000,1.0000
57,Matrix Scaling,0.30,0.0006,4976.00,0.0000,1.0000,0.0000,4976.00,0.0000,1.0000
57,Matrix Scaling,0.40,0.0006,4976.00,0.0000,1.0000,0.0000,4976.00,0.0000,1.0000
57,Matrix Scaling,0.50,0.0006,4976.00,0.0000,1.0000,0.0000,4976.00,0.0000,1.0000
57,Focal Loss γ=1.0,0.02,0.2994,257168.00,1.0000,0.0000,0.3014,257168.00,1.0000,0.0000
57,Focal Loss γ=1.0,0.05,0.2994,257168.00,1.0000,0.0000,0.3014,257168.00,1.0000,0.0000
57,Focal Loss γ=1.0,0.08,0.2994,257168.00,1.0000,0.0000,0.3014,257168.00,1.0000,0.0000
57,Focal Loss γ=1.0,0.10,0.2994,257168.00,1.0000,0.0000,0.3014,257168.00,1.0000,0.0000
57,Focal Loss γ=1.0,0.15,0.2994,257168.00,1.0000,0.0000,0.3014,257168.00,1.0000,0.0000
57,Focal Loss γ=1.0,0.20,0.2994,257168.00,1.0000,0.0000,0.3014,257168.00,1.0000,0.0000
57,Focal Loss γ=1.0,0.30,0.2994,257168.00,1.0000,0.0000,0.3014,257168.00,1.0000,0.0000
57,Focal Loss γ=1.0,0.40,0.2994,4976.00,0.0000,1.0000,0.3014,4976.00,0.0000,1.0000
57,Focal Loss γ=1.0,0.50,0.2994,4976.00,0.0000,1.0000,0.3014,4976.00,0.0000,1.0000
57,Focal Loss γ=2.0,0.02,0.0656,257168.00,1.0000,0.0000,0.0647,257168.00,1.0000,0.0000
57,Focal Loss γ=2.0,0.05,0.0656,257168.00,1.0000,0.0000,0.0647,257168.00,1.0000,0.0000
57,Focal Loss γ=2.0,0.08,0.0656,101920.00,0.3963,0.0000,0.0663,101920.00,0.3963,0.0000
57,Focal Loss γ=2.0,0.10,0.0656,101920.00,0.3963,0.0000,0.0663,101920.00,0.3963,0.0000
57,Focal Loss γ=2.0,0.15,0.0656,15213.00,0.0446,0.7514,0.0746,15213.00,0.0446,0.7514
57,Focal Loss γ=2.0,0.20,0.0656,4976.00,0.0000,1.0000,0.0647,4976.00,0.0000,1.0000
57,Focal Loss γ=2.0,0.30,0.0656,4976.00,0.0000,1.0000,0.0647,4976.00,0.0000,1.0000
57,Focal Loss γ=2.0,0.40,0.0656,4976.00,0.0000,1.0000,0.0647,4976.00,0.0000,1.0000
57,Focal Loss γ=2.0,0.50,0.0656,4976.00,0.0000,1.0000,0.0647,4976.00,0.0000,1.0000
57,Focal + Temp Scaling,0.02,0.0060,101920.00,0.3963,0.0000,0.0053,101920.00,0.3963,0.0000
57,Focal + Temp Scaling,0.05,0.0060,29172.00,0.1015,0.6170,0.0166,29172.00,0.1015,0.6170
57,Focal + Temp Scaling,0.08,0.0060,15213.00,0.0446,0.7514,0.0178,15213.00,0.0446,0.7514
57,Focal + Temp Scaling,0.10,0.0060,15213.00,0.0446,0.7514,0.0178,15213.00,0.0446,0.7514
57,Focal + Temp Scaling,0.15,0.0060,4976.00,0.0000,1.0000,0.0048,4976.00,0.0000,1.0000
57,Focal + Temp Scaling,0.20,0.0060,4976.00,0.0000,1.0000,0.0048,4976.00,0.0000,1.0000
57,Focal + Temp Scaling,0.30,0.0060,4976.00,0.0000,1.0000,0.0048,4976.00,0.0000,1.0000
57,Focal + Temp Scaling,0.40,0.0060,4976.00,0.0000,1.0000,0.0048,4976.00,0.0000,1.0000
57,Focal + Temp Scaling,0.50,0.0060,4976.00,0.0000,1.0000,0.0048,4976.00,0.0000,1.0000
57,Focal + Matrix Scaling,0.02,0.0027,101920.00,0.3963,0.0000,0.0021,101920.00,0.3963,0.0000
57,Focal + Matrix Scaling,0.05,0.0027,15213.00,0.0446,0.7514,0.0077,15213.00,0.0446,0.7514
57,Focal + Matrix Scaling,0.08,0.0027,4976.00,0.0000,1.0000,0.0032,4976.00,0.0000,1.0000
57,Focal + Matrix Scaling,0.10,0.0027,4976.00,0.0000,1.0000,0.0032,4976.00,0.0000,1.0000
57,Focal + Matrix Scaling,0.15,0.0027,4976.00,0.0000,1.0000,0.0032,4976.00,0.0000,1.0000
57,Focal + Matrix Scaling,0.20,0.0027,4976.00,0.0000,1.0000,0.0032,4976.00,0.0000,1.0000
57,Focal + Matrix Scaling,0.30,0.0027,4976.00,0.0000,1.0000,0.0032,4976.00,0.0000,1.0000
57,Focal + Matrix Scaling,0.40,0.0027,4976.00,0.0000,1.0000,0.0032,4976.00,0.0000,1.0000
57,Focal + Matrix Scaling,0.50,0.0027,4976.00,0.0000,1.0000,0.0032,4976.00,0.0000,1.0000
58,Base (non calibrato),0.02,0.0189,91589.00,0.3517,0.0000,0.0204,91589.00,0.3517,0.0000
58,Base (non calibrato),0.05,0.0189,34024.00,0.1265,0.6314,0.0287,34024.00,0.1265,0.6314
58,Base (non calibrato),0.08,0.0189,1701.00,0.0000,1.0000,0.0182,1701.00,0.0000,1.0000
58,Base (non calibrato),0.10,0.0189,1701.00,0.0000,1.0000,0.0182,1701.00,0.0000,1.0000
58,Base (non calibrato),0.15,0.0189,1701.00,0.0000,1.0000,0.0182,1701.00,0.0000,1.0000
58,Base (non calibrato),0.20,0.0189,1701.00,0.0000,1.0000,0.0182,1701.00,0.0000,1.0000
58,Base (non calibrato),0.30,0.0189,1701.00,0.0000,1.0000,0.0182,1701.00,0.0000,1.0000
58,Base (non calibrato),0.40,0.0189,1701.00,0.0000,1.0000,0.0182,1701.00,0.0000,1.0000
58,Base (non calibrato),0.50,0.0189,1701.00,0.0000,1.0000,0.0182,1701.00,0.0000,1.0000
58,Temp Scaling,0.02,0.0031,1701.00,0.0000,1.0000,0.0025,1701.00,0.0000,1.0000
58,Temp Scaling,0.05,0.0031,1701.00,0.0000,1.0000,0.0025,1701.00,0.0000,1.0000
58,Temp Scaling,0.08,0.0031,1701.00,0.0000,1.0000,0.0025,1701.00,0.0000,1.0000
58,Temp Scaling,0.10,0.0031,1701.00,0.0000,1.0000,0.0025,1701.00,0.0000,1.0000
58,Temp Scaling,0.15,0.0031,1701.00,0.0000,1.0000,0.0025,1701.00,0.0000,1.0000
58,Temp Scaling,0.20,0.0031,1701.00,0.0000,1.0000,0.0025,1701.00,0.0000,1.0000
58,Temp Scaling,0.30,0.0031,1701.00,0.0000,1.0000,0.0025,1701.00,0.0000,1.0000
58,Temp Scaling,0.40,0.0031,1701.00,0.0000,1.0000,0.0025,1701.00,0.0000,1.0000
58,Temp Scaling,0.50,0.0031,1701.00,0.0000,1.0000,0.0025,1701.00,0.0000,1.0000
58,Matrix Scaling,0.02,0.0032,46607.00,0.1764,0.3962,0.0040,46607.00,0.1764,0.3962
58,Matrix Scaling,0.05,0.0032,1701.00,0.0000,1.0000,0.0034,1701.00,0.0000,1.0000
58,Matrix Scaling,0.08,0.0032,1701.00,0.0000,1.0000,0.0034,1701.00,0.0000,1.0000
58,Matrix Scaling,0.10,0.0032,1701.00,0.0000,1.0000,0.0034,1701.00,0.0000,1.0000
58,Matrix Scaling,0.15,0.0032,1701.00,0.0000,1.0000,0.0034,1701.00,0.0000,1.0000
58,Matrix Scaling,0.20,0.0032,1701.00,0.0000,1.0000,0.0034,1701.00,0.0000,1.0000
58,Matrix Scaling,0.30,0.0032,1701.00,0.0000,1.0000,0.0034,1701.00,0.0000,1.0000
58,Matrix Scaling,0.40,0.0032,1701.00,0.0000,1.0000,0.0034,1701.00,0.0000,1.0000
58,Matrix Scaling,0.50,0.0032,1701.00,0.0000,1.0000,0.0034,1701.00,0.0000,1.0000
58,Focal Loss γ=1.0,0.02,0.3108,260443.00,1.0000,0.0000,0.3104,260443.00,1.0000,0.0000
58,Focal Loss γ=1.0,0.05,0.3108,260443.00,1.0000,0.0000,0.3104,260443.00,1.0000,0.0000
58,Focal Loss γ=1.0,0.08,0.3108,260443.00,1.0000,0.0000,0.3104,260443.00,1.0000,0.0000
58,Focal Loss γ=1.0,0.10,0.3108,260443.00,1.0000,0.0000,0.3104,260443.00,1.0000,0.0000
58,Focal Loss γ=1.0,0.15,0.3108,260443.00,1.0000,0.0000,0.3104,260443.00,1.0000,0.0000
58,Focal Loss γ=1.0,0.20,0.3108,260443.00,1.0000,0.0000,0.3104,260443.00,1.0000,0.0000
58,Focal Loss γ=1.0,0.30,0.3108,260443.00,1.0000,0.0000,0.3104,260443.00,1.0000,0.0000
58,Focal Loss γ=1.0,0.40,0.3108,1701.00,0.0000,1.0000,0.3104,1701.00,0.0000,1.0000
58,Focal Loss γ=1.0,0.50,0.3108,1701.00,0.0000,1.0000,0.3104,1701.00,0.0000,1.0000
58,Focal Loss γ=2.0,0.02,0.0670,260443.00,1.0000,0.0000,0.0670,260443.00,1.0000,0.0000
58,Focal Loss γ=2.0,0.05,0.0670,260443.00,1.0000,0.0000,0.0670,260443.00,1.0000,0.0000
58,Focal Loss γ=2.0,0.08,0.0670,72598.00,0.2778,0.1376,0.0676,72598.00,0.2778,0.1376
58,Focal Loss γ=2.0,0.10,0.0670,72598.00,0.2778,0.1376,0.0676,72598.00,0.2778,0.1376
58,Focal Loss γ=2.0,0.15,0.0670,1701.00,0.0000,1.0000,0.0670,1701.00,0.0000,1.0000
58,Focal Loss γ=2.0,0.20,0.0670,1701.00,0.0000,1.0000,0.0670,1701.00,0.0000,1.0000
58,Focal Loss γ=2.0,0.30,0.0670,1701.00,0.0000,1.0000,0.0670,1701.00,0.0000,1.0000
58,Focal Loss γ=2.0,0.40,0.0670,1701.00,0.0000,1.0000,0.0670,1701.00,0.0000,1.0000
58,Focal Loss γ=2.0,0.50,0.0670,1701.00,0.0000,1.0000,0.0670,1701.00,0.0000,1.0000
58,Focal + Temp Scaling,0.02,0.0031,64059.00,0.2449,0.1693,0.0018,64059.00,0.2449,0.1693
58,Focal + Temp Scaling,0.05,0.0031,1701.00,0.0000,1.0000,0.0040,1701.00,0.0000,1.0000
58,Focal + Temp Scaling,0.08,0.0031,1701.00,0.0000,1.0000,0.0040,1701.00,0.0000,1.0000
58,Focal + Temp Scaling,0.10,0.0031,1701.00,0.0000,1.0000,0.0040,1701.00,0.0000,1.0000
58,Focal + Temp Scaling,0.15,0.0031,1701.00,0.0000,1.0000,0.0040,1701.00,0.0000,1.0000
58,Focal + Temp Scaling,0.20,0.0031,1701.00,0.0000,1.0000,0.0040,1701.00,0.0000,1.0000
58,Focal + Temp Scaling,0.30,0.0031,1701.00,0.0000,1.0000,0.0040,1701.00,0.0000,1.0000
58,Focal + Temp Scaling,0.40,0.0031,1701.00,0.0000,1.0000,0.0040,1701.00,0.0000,1.0000
58,Focal + Temp Scaling,0.50,0.0031,1701.00,0.0000,1.0000,0.0040,1701.00,0.0000,1.0000
58,Focal + Matrix Scaling,0.02,0.0068,72598.00,0.2778,0.1376,0.0039,72598.00,0.2778,0.1376
58,Focal + Matrix Scaling,0.05,0.0068,1701.00,0.0000,1.0000,0.0075,1701.00,0.0000,1.0000
58,Focal + Matrix Scaling,0.08,0.0068,1701.00,0.0000,1.0000,0.0075,1701.00,0.0000,1.0000
58,Focal + Matrix Scaling,0.10,0.0068,1701.00,0.0000,1.0000,0.0075,1701.00,0.0000,1.0000
58,Focal + Matrix Scaling,0.15,0.0068,1701.00,0.0000,1.0000,0.0075,1701.00,0.0000,1.0000
58,Focal + Matrix Scaling,0.20,0.0068,1701.00,0.0000,1.0000,0.0075,1701.00,0.0000,1.0000
58,Focal + Matrix Scaling,0.30,0.0068,1701.00,0.0000,1.0000,0.0075,1701.00,0.0000,1.0000
58,Focal + Matrix Scaling,0.40,0.0068,1701.00,0.0000,1.0000,0.0075,1701.00,0.0000,1.0000
58,Focal + Matrix Scaling,0.50,0.0068,1701.00,0.0000,1.0000,0.0075,1701.00,0.0000,1.0000
59,Base (non calibrato),0.02,0.0163,109216.00,0.4202,0.0000,0.0167,109216.00,0.4202,0.0000
59,Base (non calibrato),0.05,0.0163,42291.00,0.1570,0.6582,0.0204,42291.00,0.1570,0.6582
59,Base (non calibrato),0.08,0.0163,2256.00,0.0000,1.0000,0.0162,2256.00,0.0000,1.0000
59,Base (non calibrato),0.10,0.0163,2256.00,0.0000,1.0000,0.0162,2256.00,0.0000,1.0000
59,Base (non calibrato),0.15,0.0163,2256.00,0.0000,1.0000,0.0162,2256.00,0.0000,1.0000
59,Base (non calibrato),0.20,0.0163,2256.00,0.0000,1.0000,0.0162,2256.00,0.0000,1.0000
59,Base (non calibrato),0.30,0.0163,2256.00,0.0000,1.0000,0.0162,2256.00,0.0000,1.0000
59,Base (non calibrato),0.40,0.0163,2256.00,0.0000,1.0000,0.0162,2256.00,0.0000,1.0000
59,Base (non calibrato),0.50,0.0163,2256.00,0.0000,1.0000,0.0162,2256.00,0.0000,1.0000
59,Temp Scaling,0.02,0.0041,19420.00,0.0671,0.8839,0.0048,19420.00,0.0671,0.8839
59,Temp Scaling,0.05,0.0041,2256.00,0.0000,1.0000,0.0043,2256.00,0.0000,1.0000
59,Temp Scaling,0.08,0.0041,2256.00,0.0000,1.0000,0.0043,2256.00,0.0000,1.0000
59,Temp Scaling,0.10,0.0041,2256.00,0.0000,1.0000,0.0043,2256.00,0.0000,1.0000
59,Temp Scaling,0.15,0.0041,2256.00,0.0000,1.0000,0.0043,2256.00,0.0000,1.0000
59,Temp Scaling,0.20,0.0041,2256.00,0.0000,1.0000,0.0043,2256.00,0.0000,1.0000
59,Temp Scaling,0.30,0.0041,2256.00,0.0000,1.0000,0.0043,2256.00,0.0000,1.0000
59,Temp Scaling,0.40,0.0041,2256.00,0.0000,1.0000,0.0043,2256.00,0.0000,1.0000
59,Temp Scaling,0.50,0.0041,2256.00,0.0000,1.0000,0.0043,2256.00,0.0000,1.0000
59,Matrix Scaling,0.02,0.0027,42291.00,0.1570,0.6582,0.0046,42291.00,0.1570,0.6582
59,Matrix Scaling,0.05,0.0027,2256.00,0.0000,1.0000,0.0027,2256.00,0.0000,1.0000
59,Matrix Scaling,0.08,0.0027,2256.00,0.0000,1.0000,0.0027,2256.00,0.0000,1.0000
59,Matrix Scaling,0.10,0.0027,2256.00,0.0000,1.0000,0.0027,2256.00,0.0000,1.0000
59,Matrix Scaling,0.15,0.0027,2256.00,0.0000,1.0000,0.0027,2256.00,0.0000,1.0000
59,Matrix Scaling,0.20,0.0027,2256.00,0.0000,1.0000,0.0027,2256.00,0.0000,1.0000
59,Matrix Scaling,0.30,0.0027,2256.00,0.0000,1.0000,0.0027,2256.00,0.0000,1.0000
59,Matrix Scaling,0.40,0.0027,2256.00,0.0000,1.0000,0.0027,2256.00,0.0000,1.0000
59,Matrix Scaling,0.50,0.0027,2256.00,0.0000,1.0000,0.0027,2256.00,0.0000,1.0000
59,Focal Loss γ=1.0,0.02,0.3109,259888.00,1.0000,0.0000,0.3107,259888.00,1.0000,0.0000
59,Focal Loss γ=1.0,0.05,0.3109,259888.00,1.0000,0.0000,0.3107,259888.00,1.0000,0.0000
59,Focal Loss γ=1.0,0.08,0.3109,259888.00,1.0000,0.0000,0.3107,259888.00,1.0000,0.0000
59,Focal Loss γ=1.0,0.10,0.3109,259888.00,1.0000,0.0000,0.3107,259888.00,1.0000,0.0000
59,Focal Loss γ=1.0,0.15,0.3109,259888.00,1.0000,0.0000,0.3107,259888.00,1.0000,0.0000
59,Focal Loss γ=1.0,0.20,0.3109,259888.00,1.0000,0.0000,0.3107,259888.00,1.0000,0.0000
59,Focal Loss γ=1.0,0.30,0.3109,259888.00,1.0000,0.0000,0.3107,259888.00,1.0000,0.0000
59,Focal Loss γ=1.0,0.40,0.3109,2256.00,0.0000,1.0000,0.3107,2256.00,0.0000,1.0000
59,Focal Loss γ=1.0,0.50,0.3109,2256.00,0.0000,1.0000,0.3107,2256.00,0.0000,1.0000
59,Focal Loss γ=2.0,0.02,0.0678,259888.00,1.0000,0.0000,0.0673,259888.00,1.0000,0.0000
59,Focal Loss γ=2.0,0.05,0.0678,259888.00,1.0000,0.0000,0.0673,259888.00,1.0000,0.0000
59,Focal Loss γ=2.0,0.08,0.0678,87125.00,0.3333,0.2238,0.0724,87125.00,0.3333,0.2238
59,Focal Loss γ=2.0,0.10,0.0678,42291.00,0.1570,0.6582,0.0762,42291.00,0.1570,0.6582
59,Focal Loss γ=2.0,0.15,0.0678,2256.00,0.0000,1.0000,0.0673,2256.00,0.0000,1.0000
59,Focal Loss γ=2.0,0.20,0.0678,2256.00,0.0000,1.0000,0.0673,2256.00,0.0000,1.0000
59,Focal Loss γ=2.0,0.30,0.0678,2256.00,0.0000,1.0000,0.0673,2256.00,0.0000,1.0000
59,Focal Loss γ=2.0,0.40,0.0678,2256.00,0.0000,1.0000,0.0673,2256.00,0.0000,1.0000
59,Focal Loss γ=2.0,0.50,0.0678,2256.00,0.0000,1.0000,0.0673,2256.00,0.0000,1.0000
59,Focal + Temp Scaling,0.02,0.0041,42291.00,0.1570,0.6582,0.0081,42291.00,0.1570,0.6582
59,Focal + Temp Scaling,0.05,0.0041,19420.00,0.0671,0.8839,0.0244,19420.00,0.0671,0.8839
59,Focal + Temp Scaling,0.08,0.0041,2256.00,0.0000,1.0000,0.0040,2256.00,0.0000,1.0000
59,Focal + Temp Scaling,0.10,0.0041,2256.00,0.0000,1.0000,0.0040,2256.00,0.0000,1.0000
59,Focal + Temp Scaling,0.15,0.0041,2256.00,0.0000,1.0000,0.0040,2256.00,0.0000,1.0000
59,Focal + Temp Scaling,0.20,0.0041,2256.00,0.0000,1.0000,0.0040,2256.00,0.0000,1.0000
59,Focal + Temp Scaling,0.30,0.0041,2256.00,0.0000,1.0000,0.0040,2256.00,0.0000,1.0000
59,Focal + Temp Scaling,0.40,0.0041,2256.00,0.0000,1.0000,0.0040,2256.00,0.0000,1.0000
59,Focal + Temp Scaling,0.50,0.0041,2256.00,0.0000,1.0000,0.0040,2256.00,0.0000,1.0000
59,Focal + Matrix Scaling,0.02,0.0083,53488.00,0.2005,0.6166,0.0105,53488.00,0.2005,0.6166
59,Focal + Matrix Scaling,0.05,0.0083,19420.00,0.0671,0.8839,0.0216,19420.00,0.0671,0.8839
59,Focal + Matrix Scaling,0.08,0.0083,2256.00,0.0000,1.0000,0.0082,2256.00,0.0000,1.0000
59,Focal + Matrix Scaling,0.10,0.0083,2256.00,0.0000,1.0000,0.0082,2256.00,0.0000,1.0000
59,Focal + Matrix Scaling,0.15,0.0083,2256.00,0.0000,1.0000,0.0082,2256.00,0.0000,1.0000
59,Focal + Matrix Scaling,0.20,0.0083,2256.00,0.0000,1.0000,0.0082,2256.00,0.0000,1.0000
59,Focal + Matrix Scaling,0.30,0.0083,2256.00,0.0000,1.0000,0.0082,2256.00,0.0000,1.0000
59,Focal + Matrix Scaling,0.40,0.0083,2256.00,0.0000,1.0000,0.0082,2256.00,0.0000,1.0000
59,Focal + Matrix Scaling,0.50,0.0083,2256.00,0.0000,1.0000,0.0082,2256.00,0.0000,1.0000
6,Base (non calibrato),0.02,0.0199,75349.00,0.2876,0.0000,0.0300,75349.00,0.2876,0.0000
6,Base (non calibrato),0.05,0.0199,25267.00,0.0963,0.1939,0.0331,25267.00,0.0963,0.1939
6,Base (non calibrato),0.08,0.0199,196.00,0.0000,1.0000,0.0229,196.00,0.0000,1.0000
6,Base (non calibrato),0.10,0.0199,196.00,0.0000,1.0000,0.0229,196.00,0.0000,1.0000
6,Base (non calibrato),0.15,0.0199,196.00,0.0000,1.0000,0.0229,196.00,0.0000,1.0000
6,Base (non calibrato),0.20,0.0199,196.00,0.0000,1.0000,0.0229,196.00,0.0000,1.0000
6,Base (non calibrato),0.30,0.0199,196.00,0.0000,1.0000,0.0229,196.00,0.0000,1.0000
6,Base (non calibrato),0.40,0.0199,196.00,0.0000,1.0000,0.0229,196.00,0.0000,1.0000
6,Base (non calibrato),0.50,0.0199,196.00,0.0000,1.0000,0.0229,196.00,0.0000,1.0000
6,Temp Scaling,0.02,0.0004,196.00,0.0000,1.0000,0.0005,196.00,0.0000,1.0000
6,Temp Scaling,0.05,0.0004,196.00,0.0000,1.0000,0.0005,196.00,0.0000,1.0000
6,Temp Scaling,0.08,0.0004,196.00,0.0000,1.0000,0.0005,196.00,0.0000,1.0000
6,Temp Scaling,0.10,0.0004,196.00,0.0000,1.0000,0.0005,196.00,0.0000,1.0000
6,Temp Scaling,0.15,0.0004,196.00,0.0000,1.0000,0.0005,196.00,0.0000,1.0000
6,Temp Scaling,0.20,0.0004,196.00,0.0000,1.0000,0.0005,196.00,0.0000,1.0000
6,Temp Scaling,0.30,0.0004,196.00,0.0000,1.0000,0.0005,196.00,0.0000,1.0000
6,Temp Scaling,0.40,0.0004,196.00,0.0000,1.0000,0.0005,196.00,0.0000,1.0000
6,Temp Scaling,0.50,0.0004,196.00,0.0000,1.0000,0.0005,196.00,0.0000,1.0000
6,Matrix Scaling,0.02,0.0073,75349.00,0.2876,0.0000,0.0128,75349.00,0.2876,0.0000
6,Matrix Scaling,0.05,0.0073,196.00,0.0000,1.0000,0.0089,196.00,0.0000,1.0000
6,Matrix Scaling,0.08,0.0073,196.00,0.0000,1.0000,0.0089,196.00,0.0000,1.0000
6,Matrix Scaling,0.10,0.0073,196.00,0.0000,1.0000,0.0089,196.00,0.0000,1.0000
6,Matrix Scaling,0.15,0.0073,196.00,0.0000,1.0000,0.0089,196.00,0.0000,1.0000
6,Matrix Scaling,0.20,0.0073,196.00,0.0000,1.0000,0.0089,196.00,0.0000,1.0000
6,Matrix Scaling,0.30,0.0073,196.00,0.0000,1.0000,0.0089,196.00,0.0000,1.0000
6,Matrix Scaling,0.40,0.0073,196.00,0.0000,1.0000,0.0089,196.00,0.0000,1.0000
6,Matrix Scaling,0.50,0.0073,196.00,0.0000,1.0000,0.0089,196.00,0.0000,1.0000
6,Focal Loss γ=1.0,0.02,0.3153,261948.00,1.0000,0.0000,0.3156,261948.00,1.0000,0.0000
6,Focal Loss γ=1.0,0.05,0.3153,261948.00,1.0000,0.0000,0.3156,261948.00,1.0000,0.0000
6,Focal Loss γ=1.0,0.08,0.3153,261948.00,1.0000,0.0000,0.3156,261948.00,1.0000,0.0000
6,Focal Loss γ=1.0,0.10,0.3153,261948.00,1.0000,0.0000,0.3156,261948.00,1.0000,0.0000
6,Focal Loss γ=1.0,0.15,0.3153,261948.00,1.0000,0.0000,0.3156,261948.00,1.0000,0.0000
6,Focal Loss γ=1.0,0.20,0.3153,261948.00,1.0000,0.0000,0.3156,261948.00,1.0000,0.0000
6,Focal Loss γ=1.0,0.30,0.3153,261948.00,1.0000,0.0000,0.3156,261948.00,1.0000,0.0000
6,Focal Loss γ=1.0,0.40,0.3153,196.00,0.0000,1.0000,0.3156,196.00,0.0000,1.0000
6,Focal Loss γ=1.0,0.50,0.3153,196.00,0.0000,1.0000,0.3156,196.00,0.0000,1.0000
6,Focal Loss γ=2.0,0.02,0.0601,261948.00,1.0000,0.0000,0.0621,261948.00,1.0000,0.0000
6,Focal Loss γ=2.0,0.05,0.0601,261948.00,1.0000,0.0000,0.0621,261948.00,1.0000,0.0000
6,Focal Loss γ=2.0,0.08,0.0601,51715.00,0.1973,0.1939,0.0714,51715.00,0.1973,0.1939
6,Focal Loss γ=2.0,0.10,0.0601,196.00,0.0000,1.0000,0.0621,196.00,0.0000,1.0000
6,Focal Loss γ=2.0,0.15,0.0601,196.00,0.0000,1.0000,0.0621,196.00,0.0000,1.0000
6,Focal Loss γ=2.0,0.20,0.0601,196.00,0.0000,1.0000,0.0621,196.00,0.0000,1.0000
6,Focal Loss γ=2.0,0.30,0.0601,196.00,0.0000,1.0000,0.0621,196.00,0.0000,1.0000
6,Focal Loss γ=2.0,0.40,0.0601,196.00,0.0000,1.0000,0.0621,196.00,0.0000,1.0000
6,Focal Loss γ=2.0,0.50,0.0601,196.00,0.0000,1.0000,0.0621,196.00,0.0000,1.0000
6,Focal + Temp Scaling,0.02,0.0034,196.00,0.0000,1.0000,0.0039,196.00,0.0000,1.0000
6,Focal + Temp Scaling,0.05,0.0034,196.00,0.0000,1.0000,0.0039,196.00,0.0000,1.0000
6,Focal + Temp Scaling,0.08,0.0034,196.00,0.0000,1.0000,0.0039,196.00,0.0000,1.0000
6,Focal + Temp Scaling,0.10,0.0034,196.00,0.0000,1.0000,0.0039,196.00,0.0000,1.0000
6,Focal + Temp Scaling,0.15,0.0034,196.00,0.0000,1.0000,0.0039,196.00,0.0000,1.0000
6,Focal + Temp Scaling,0.20,0.0034,196.00,0.0000,1.0000,0.0039,196.00,0.0000,1.0000
6,Focal + Temp Scaling,0.30,0.0034,196.00,0.0000,1.0000,0.0039,196.00,0.0000,1.0000
6,Focal + Temp Scaling,0.40,0.0034,196.00,0.0000,1.0000,0.0039,196.00,0.0000,1.0000
6,Focal + Temp Scaling,0.50,0.0034,196.00,0.0000,1.0000,0.0039,196.00,0.0000,1.0000
6,Focal + Matrix Scaling,0.02,0.0098,25267.00,0.0963,0.1939,0.0161,25267.00,0.0963,0.1939
6,Focal + Matrix Scaling,0.05,0.0098,196.00,0.0000,1.0000,0.0108,196.00,0.0000,1.0000
6,Focal + Matrix Scaling,0.08,0.0098,196.00,0.0000,1.0000,0.0108,196.00,0.0000,1.0000
6,Focal + Matrix Scaling,0.10,0.0098,196.00,0.0000,1.0000,0.0108,196.00,0.0000,1.0000
6,Focal + Matrix Scaling,0.15,0.0098,196.00,0.0000,1.0000,0.0108,196.00,0.0000,1.0000
6,Focal + Matrix Scaling,0.20,0.0098,196.00,0.0000,1.0000,0.0108,196.00,0.0000,1.0000
6,Focal + Matrix Scaling,0.30,0.0098,196.00,0.0000,1.0000,0.0108,196.00,0.0000,1.0000
6,Focal + Matrix Scaling,0.40,0.0098,196.00,0.0000,1.0000,0.0108,196.00,0.0000,1.0000
6,Focal + Matrix Scaling,0.50,0.0098,196.00,0.0000,1.0000,0.0108,196.00,0.0000,1.0000
60,Base (non calibrato),0.02,0.0205,114109.00,0.4372,0.0000,0.0211,114109.00,0.4372,0.0000
60,Base (non calibrato),0.05,0.0205,34391.00,0.1294,0.5320,0.0311,34391.00,0.1294,0.5320
60,Base (non calibrato),0.08,0.0205,1156.00,0.0000,1.0000,0.0202,1156.00,0.0000,1.0000
60,Base (non calibrato),0.10,0.0205,1156.00,0.0000,1.0000,0.0202,1156.00,0.0000,1.0000
60,Base (non calibrato),0.15,0.0205,1156.00,0.0000,1.0000,0.0202,1156.00,0.0000,1.0000
60,Base (non calibrato),0.20,0.0205,1156.00,0.0000,1.0000,0.0202,1156.00,0.0000,1.0000
60,Base (non calibrato),0.30,0.0205,1156.00,0.0000,1.0000,0.0202,1156.00,0.0000,1.0000
60,Base (non calibrato),0.40,0.0205,1156.00,0.0000,1.0000,0.0202,1156.00,0.0000,1.0000
60,Base (non calibrato),0.50,0.0205,1156.00,0.0000,1.0000,0.0202,1156.00,0.0000,1.0000
60,Temp Scaling,0.02,0.0002,17474.00,0.0640,0.6756,0.0066,17474.00,0.0640,0.6756
60,Temp Scaling,0.05,0.0002,1156.00,0.0000,1.0000,0.0003,1156.00,0.0000,1.0000
60,Temp Scaling,0.08,0.0002,1156.00,0.0000,1.0000,0.0003,1156.00,0.0000,1.0000
60,Temp Scaling,0.10,0.0002,1156.00,0.0000,1.0000,0.0003,1156.00,0.0000,1.0000
60,Temp Scaling,0.15,0.0002,1156.00,0.0000,1.0000,0.0003,1156.00,0.0000,1.0000
60,Temp Scaling,0.20,0.0002,1156.00,0.0000,1.0000,0.0003,1156.00,0.0000,1.0000
60,Temp Scaling,0.30,0.0002,1156.00,0.0000,1.0000,0.0003,1156.00,0.0000,1.0000
60,Temp Scaling,0.40,0.0002,1156.00,0.0000,1.0000,0.0003,1156.00,0.0000,1.0000
60,Temp Scaling,0.50,0.0002,1156.00,0.0000,1.0000,0.0003,1156.00,0.0000,1.0000
60,Matrix Scaling,0.02,0.0074,50510.00,0.1912,0.5320,0.0104,50510.00,0.1912,0.5320
60,Matrix Scaling,0.05,0.0074,1156.00,0.0000,1.0000,0.0073,1156.00,0.0000,1.0000
60,Matrix Scaling,0.08,0.0074,1156.00,0.0000,1.0000,0.0073,1156.00,0.0000,1.0000
60,Matrix Scaling,0.10,0.0074,1156.00,0.0000,1.0000,0.0073,1156.00,0.0000,1.0000
60,Matrix Scaling,0.15,0.0074,1156.00,0.0000,1.0000,0.0073,1156.00,0.0000,1.0000
60,Matrix Scaling,0.20,0.0074,1156.00,0.0000,1.0000,0.0073,1156.00,0.0000,1.0000
60,Matrix Scaling,0.30,0.0074,1156.00,0.0000,1.0000,0.0073,1156.00,0.0000,1.0000
60,Matrix Scaling,0.40,0.0074,1156.00,0.0000,1.0000,0.0073,1156.00,0.0000,1.0000
60,Matrix Scaling,0.50,0.0074,1156.00,0.0000,1.0000,0.0073,1156.00,0.0000,1.0000
60,Focal Loss γ=1.0,0.02,0.3136,260988.00,1.0000,0.0000,0.3137,260988.00,1.0000,0.0000
60,Focal Loss γ=1.0,0.05,0.3136,260988.00,1.0000,0.0000,0.3137,260988.00,1.0000,0.0000
60,Focal Loss γ=1.0,0.08,0.3136,260988.00,1.0000,0.0000,0.3137,260988.00,1.0000,0.0000
60,Focal Loss γ=1.0,0.10,0.3136,260988.00,1.0000,0.0000,0.3137,260988.00,1.0000,0.0000
60,Focal Loss γ=1.0,0.15,0.3136,260988.00,1.0000,0.0000,0.3137,260988.00,1.0000,0.0000
60,Focal Loss γ=1.0,0.20,0.3136,260988.00,1.0000,0.0000,0.3137,260988.00,1.0000,0.0000
60,Focal Loss γ=1.0,0.30,0.3136,260988.00,1.0000,0.0000,0.3137,260988.00,1.0000,0.0000
60,Focal Loss γ=1.0,0.40,0.3136,1156.00,0.0000,1.0000,0.3137,1156.00,0.0000,1.0000
60,Focal Loss γ=1.0,0.50,0.3136,1156.00,0.0000,1.0000,0.3137,1156.00,0.0000,1.0000
60,Focal Loss γ=2.0,0.02,0.0742,260988.00,1.0000,0.0000,0.0734,260988.00,1.0000,0.0000
60,Focal Loss γ=2.0,0.05,0.0742,260988.00,1.0000,0.0000,0.0734,260988.00,1.0000,0.0000
60,Focal Loss γ=2.0,0.08,0.0742,114109.00,0.4372,0.0000,0.0756,114109.00,0.4372,0.0000
60,Focal Loss γ=2.0,0.10,0.0742,50510.00,0.1912,0.5320,0.0834,50510.00,0.1912,0.5320
60,Focal Loss γ=2.0,0.15,0.0742,1156.00,0.0000,1.0000,0.0734,1156.00,0.0000,1.0000
60,Focal Loss γ=2.0,0.20,0.0742,1156.00,0.0000,1.0000,0.0734,1156.00,0.0000,1.0000
60,Focal Loss γ=2.0,0.30,0.0742,1156.00,0.0000,1.0000,0.0734,1156.00,0.0000,1.0000
60,Focal Loss γ=2.0,0.40,0.0742,1156.00,0.0000,1.0000,0.0734,1156.00,0.0000,1.0000
60,Focal Loss γ=2.0,0.50,0.0742,1156.00,0.0000,1.0000,0.0734,1156.00,0.0000,1.0000
60,Focal + Temp Scaling,0.02,0.0087,50510.00,0.1912,0.5320,0.0130,50510.00,0.1912,0.5320
60,Focal + Temp Scaling,0.05,0.0087,17474.00,0.0640,0.6756,0.0282,17474.00,0.0640,0.6756
60,Focal + Temp Scaling,0.08,0.0087,1156.00,0.0000,1.0000,0.0085,1156.00,0.0000,1.0000
60,Focal + Temp Scaling,0.10,0.0087,1156.00,0.0000,1.0000,0.0085,1156.00,0.0000,1.0000
60,Focal + Temp Scaling,0.15,0.0087,1156.00,0.0000,1.0000,0.0085,1156.00,0.0000,1.0000
60,Focal + Temp Scaling,0.20,0.0087,1156.00,0.0000,1.0000,0.0085,1156.00,0.0000,1.0000
60,Focal + Temp Scaling,0.30,0.0087,1156.00,0.0000,1.0000,0.0085,1156.00,0.0000,1.0000
60,Focal + Temp Scaling,0.40,0.0087,1156.00,0.0000,1.0000,0.0085,1156.00,0.0000,1.0000
60,Focal + Temp Scaling,0.50,0.0087,1156.00,0.0000,1.0000,0.0085,1156.00,0.0000,1.0000
60,Focal + Matrix Scaling,0.02,0.0145,65142.00,0.2481,0.3408,0.0165,65142.00,0.2481,0.3408
60,Focal + Matrix Scaling,0.05,0.0145,34391.00,0.1294,0.5320,0.0261,34391.00,0.1294,0.5320
60,Focal + Matrix Scaling,0.08,0.0145,1156.00,0.0000,1.0000,0.0143,1156.00,0.0000,1.0000
60,Focal + Matrix Scaling,0.10,0.0145,1156.00,0.0000,1.0000,0.0143,1156.00,0.0000,1.0000
60,Focal + Matrix Scaling,0.15,0.0145,1156.00,0.0000,1.0000,0.0143,1156.00,0.0000,1.0000
60,Focal + Matrix Scaling,0.20,0.0145,1156.00,0.0000,1.0000,0.0143,1156.00,0.0000,1.0000
60,Focal + Matrix Scaling,0.30,0.0145,1156.00,0.0000,1.0000,0.0143,1156.00,0.0000,1.0000
60,Focal + Matrix Scaling,0.40,0.0145,1156.00,0.0000,1.0000,0.0143,1156.00,0.0000,1.0000
60,Focal + Matrix Scaling,0.50,0.0145,1156.00,0.0000,1.0000,0.0143,1156.00,0.0000,1.0000
61,Base (non calibrato),0.02,0.0194,99767.00,0.3824,0.0000,0.0195,99767.00,0.3824,0.0000
61,Base (non calibrato),0.05,0.0194,39725.00,0.1500,0.4682,0.0226,39725.00,0.1500,0.4682
61,Base (non calibrato),0.08,0.0194,1273.00,0.0000,1.0000,0.0182,1273.00,0.0000,1.0000
61,Base (non calibrato),0.10,0.0194,1273.00,0.0000,1.0000,0.0182,1273.00,0.0000,1.0000
61,Base (non calibrato),0.15,0.0194,1273.00,0.0000,1.0000,0.0182,1273.00,0.0000,1.0000
61,Base (non calibrato),0.20,0.0194,1273.00,0.0000,1.0000,0.0182,1273.00,0.0000,1.0000
61,Base (non calibrato),0.30,0.0194,1273.00,0.0000,1.0000,0.0182,1273.00,0.0000,1.0000
61,Base (non calibrato),0.40,0.0194,1273.00,0.0000,1.0000,0.0182,1273.00,0.0000,1.0000
61,Base (non calibrato),0.50,0.0194,1273.00,0.0000,1.0000,0.0182,1273.00,0.0000,1.0000
61,Temp Scaling,0.02,0.0019,1273.00,0.0000,1.0000,0.0017,1273.00,0.0000,1.0000
61,Temp Scaling,0.05,0.0019,1273.00,0.0000,1.0000,0.0017,1273.00,0.0000,1.0000
61,Temp Scaling,0.08,0.0019,1273.00,0.0000,1.0000,0.0017,1273.00,0.0000,1.0000
61,Temp Scaling,0.10,0.0019,1273.00,0.0000,1.0000,0.0017,1273.00,0.0000,1.0000
61,Temp Scaling,0.15,0.0019,1273.00,0.0000,1.0000,0.0017,1273.00,0.0000,1.0000
61,Temp Scaling,0.20,0.0019,1273.00,0.0000,1.0000,0.0017,1273.00,0.0000,1.0000
61,Temp Scaling,0.30,0.0019,1273.00,0.0000,1.0000,0.0017,1273.00,0.0000,1.0000
61,Temp Scaling,0.40,0.0019,1273.00,0.0000,1.0000,0.0017,1273.00,0.0000,1.0000
61,Temp Scaling,0.50,0.0019,1273.00,0.0000,1.0000,0.0017,1273.00,0.0000,1.0000
61,Matrix Scaling,0.02,0.0058,39725.00,0.1500,0.4682,0.0071,39725.00,0.1500,0.4682
61,Matrix Scaling,0.05,0.0058,1273.00,0.0000,1.0000,0.0052,1273.00,0.0000,1.0000
61,Matrix Scaling,0.08,0.0058,1273.00,0.0000,1.0000,0.0052,1273.00,0.0000,1.0000
61,Matrix Scaling,0.10,0.0058,1273.00,0.0000,1.0000,0.0052,1273.00,0.0000,1.0000
61,Matrix Scaling,0.15,0.0058,1273.00,0.0000,1.0000,0.0052,1273.00,0.0000,1.0000
61,Matrix Scaling,0.20,0.0058,1273.00,0.0000,1.0000,0.0052,1273.00,0.0000,1.0000
61,Matrix Scaling,0.30,0.0058,1273.00,0.0000,1.0000,0.0052,1273.00,0.0000,1.0000
61,Matrix Scaling,0.40,0.0058,1273.00,0.0000,1.0000,0.0052,1273.00,0.0000,1.0000
61,Matrix Scaling,0.50,0.0058,1273.00,0.0000,1.0000,0.0052,1273.00,0.0000,1.0000
61,Focal Loss γ=1.0,0.02,0.3134,260871.00,1.0000,0.0000,0.3136,260871.00,1.0000,0.0000
61,Focal Loss γ=1.0,0.05,0.3134,260871.00,1.0000,0.0000,0.3136,260871.00,1.0000,0.0000
61,Focal Loss γ=1.0,0.08,0.3134,260871.00,1.0000,0.0000,0.3136,260871.00,1.0000,0.0000
61,Focal Loss γ=1.0,0.10,0.3134,260871.00,1.0000,0.0000,0.3136,260871.00,1.0000,0.0000
61,Focal Loss γ=1.0,0.15,0.3134,260871.00,1.0000,0.0000,0.3136,260871.00,1.0000,0.0000
61,Focal Loss γ=1.0,0.20,0.3134,260871.00,1.0000,0.0000,0.3136,260871.00,1.0000,0.0000
61,Focal Loss γ=1.0,0.30,0.3134,260871.00,1.0000,0.0000,0.3136,260871.00,1.0000,0.0000
61,Focal Loss γ=1.0,0.40,0.3134,1273.00,0.0000,1.0000,0.3136,1273.00,0.0000,1.0000
61,Focal Loss γ=1.0,0.50,0.3134,1273.00,0.0000,1.0000,0.3136,1273.00,0.0000,1.0000
61,Focal Loss γ=2.0,0.02,0.0680,260871.00,1.0000,0.0000,0.0659,260871.00,1.0000,0.0000
61,Focal Loss γ=2.0,0.05,0.0680,260871.00,1.0000,0.0000,0.0659,260871.00,1.0000,0.0000
61,Focal Loss γ=2.0,0.08,0.0680,70231.00,0.2687,0.0982,0.0709,70231.00,0.2687,0.0982
61,Focal Loss γ=2.0,0.10,0.0680,39725.00,0.1500,0.4682,0.0732,39725.00,0.1500,0.4682
61,Focal Loss γ=2.0,0.15,0.0680,1273.00,0.0000,1.0000,0.0659,1273.00,0.0000,1.0000
61,Focal Loss γ=2.0,0.20,0.0680,1273.00,0.0000,1.0000,0.0659,1273.00,0.0000,1.0000
61,Focal Loss γ=2.0,0.30,0.0680,1273.00,0.0000,1.0000,0.0659,1273.00,0.0000,1.0000
61,Focal Loss γ=2.0,0.40,0.0680,1273.00,0.0000,1.0000,0.0659,1273.00,0.0000,1.0000
61,Focal Loss γ=2.0,0.50,0.0680,1273.00,0.0000,1.0000,0.0659,1273.00,0.0000,1.0000
61,Focal + Temp Scaling,0.02,0.0049,39725.00,0.1500,0.4682,0.0066,39725.00,0.1500,0.4682
61,Focal + Temp Scaling,0.05,0.0049,1273.00,0.0000,1.0000,0.0043,1273.00,0.0000,1.0000
61,Focal + Temp Scaling,0.08,0.0049,1273.00,0.0000,1.0000,0.0043,1273.00,0.0000,1.0000
61,Focal + Temp Scaling,0.10,0.0049,1273.00,0.0000,1.0000,0.0043,1273.00,0.0000,1.0000
61,Focal + Temp Scaling,0.15,0.0049,1273.00,0.0000,1.0000,0.0043,1273.00,0.0000,1.0000
61,Focal + Temp Scaling,0.20,0.0049,1273.00,0.0000,1.0000,0.0043,1273.00,0.0000,1.0000
61,Focal + Temp Scaling,0.30,0.0049,1273.00,0.0000,1.0000,0.0043,1273.00,0.0000,1.0000
61,Focal + Temp Scaling,0.40,0.0049,1273.00,0.0000,1.0000,0.0043,1273.00,0.0000,1.0000
61,Focal + Temp Scaling,0.50,0.0049,1273.00,0.0000,1.0000,0.0043,1273.00,0.0000,1.0000
61,Focal + Matrix Scaling,0.02,0.0105,39725.00,0.1500,0.4682,0.0121,39725.00,0.1500,0.4682
61,Focal + Matrix Scaling,0.05,0.0105,1273.00,0.0000,1.0000,0.0099,1273.00,0.0000,1.0000
61,Focal + Matrix Scaling,0.08,0.0105,1273.00,0.0000,1.0000,0.0099,1273.00,0.0000,1.0000
61,Focal + Matrix Scaling,0.10,0.0105,1273.00,0.0000,1.0000,0.0099,1273.00,0.0000,1.0000
61,Focal + Matrix Scaling,0.15,0.0105,1273.00,0.0000,1.0000,0.0099,1273.00,0.0000,1.0000
61,Focal + Matrix Scaling,0.20,0.0105,1273.00,0.0000,1.0000,0.0099,1273.00,0.0000,1.0000
61,Focal + Matrix Scaling,0.30,0.0105,1273.00,0.0000,1.0000,0.0099,1273.00,0.0000,1.0000
61,Focal + Matrix Scaling,0.40,0.0105,1273.00,0.0000,1.0000,0.0099,1273.00,0.0000,1.0000
61,Focal + Matrix Scaling,0.50,0.0105,1273.00,0.0000,1.0000,0.0099,1273.00,0.0000,1.0000
62,Base (non calibrato),0.02,0.0196,81090.00,0.3098,0.0000,0.0230,81090.00,0.3098,0.0000
62,Base (non calibrato),0.05,0.0196,436.00,0.0000,1.0000,0.0196,436.00,0.0000,1.0000
62,Base (non calibrato),0.08,0.0196,436.00,0.0000,1.0000,0.0196,436.00,0.0000,1.0000
62,Base (non calibrato),0.10,0.0196,436.00,0.0000,1.0000,0.0196,436.00,0.0000,1.0000
62,Base (non calibrato),0.15,0.0196,436.00,0.0000,1.0000,0.0196,436.00,0.0000,1.0000
62,Base (non calibrato),0.20,0.0196,436.00,0.0000,1.0000,0.0196,436.00,0.0000,1.0000
62,Base (non calibrato),0.30,0.0196,436.00,0.0000,1.0000,0.0196,436.00,0.0000,1.0000
62,Base (non calibrato),0.40,0.0196,436.00,0.0000,1.0000,0.0196,436.00,0.0000,1.0000
62,Base (non calibrato),0.50,0.0196,436.00,0.0000,1.0000,0.0196,436.00,0.0000,1.0000
62,Temp Scaling,0.02,0.0002,436.00,0.0000,1.0000,0.0003,436.00,0.0000,1.0000
62,Temp Scaling,0.05,0.0002,436.00,0.0000,1.0000,0.0003,436.00,0.0000,1.0000
62,Temp Scaling,0.08,0.0002,436.00,0.0000,1.0000,0.0003,436.00,0.0000,1.0000
62,Temp Scaling,0.10,0.0002,436.00,0.0000,1.0000,0.0003,436.00,0.0000,1.0000
62,Temp Scaling,0.15,0.0002,436.00,0.0000,1.0000,0.0003,436.00,0.0000,1.0000
62,Temp Scaling,0.20,0.0002,436.00,0.0000,1.0000,0.0003,436.00,0.0000,1.0000
62,Temp Scaling,0.30,0.0002,436.00,0.0000,1.0000,0.0003,436.00,0.0000,1.0000
62,Temp Scaling,0.40,0.0002,436.00,0.0000,1.0000,0.0003,436.00,0.0000,1.0000
62,Temp Scaling,0.50,0.0002,436.00,0.0000,1.0000,0.0003,436.00,0.0000,1.0000
62,Matrix Scaling,0.02,0.0073,60721.00,0.2318,0.1330,0.0101,60721.00,0.2318,0.1330
62,Matrix Scaling,0.05,0.0073,436.00,0.0000,1.0000,0.0074,436.00,0.0000,1.0000
62,Matrix Scaling,0.08,0.0073,436.00,0.0000,1.0000,0.0074,436.00,0.0000,1.0000
62,Matrix Scaling,0.10,0.0073,436.00,0.0000,1.0000,0.0074,436.00,0.0000,1.0000
62,Matrix Scaling,0.15,0.0073,436.00,0.0000,1.0000,0.0074,436.00,0.0000,1.0000
62,Matrix Scaling,0.20,0.0073,436.00,0.0000,1.0000,0.0074,436.00,0.0000,1.0000
62,Matrix Scaling,0.30,0.0073,436.00,0.0000,1.0000,0.0074,436.00,0.0000,1.0000
62,Matrix Scaling,0.40,0.0073,436.00,0.0000,1.0000,0.0074,436.00,0.0000,1.0000
62,Matrix Scaling,0.50,0.0073,436.00,0.0000,1.0000,0.0074,436.00,0.0000,1.0000
62,Focal Loss γ=1.0,0.02,0.3149,261708.00,1.0000,0.0000,0.3150,261708.00,1.0000,0.0000
62,Focal Loss γ=1.0,0.05,0.3149,261708.00,1.0000,0.0000,0.3150,261708.00,1.0000,0.0000
62,Focal Loss γ=1.0,0.08,0.3149,261708.00,1.0000,0.0000,0.3150,261708.00,1.0000,0.0000
62,Focal Loss γ=1.0,0.10,0.3149,261708.00,1.0000,0.0000,0.3150,261708.00,1.0000,0.0000
62,Focal Loss γ=1.0,0.15,0.3149,261708.00,1.0000,0.0000,0.3150,261708.00,1.0000,0.0000
62,Focal Loss γ=1.0,0.20,0.3149,261708.00,1.0000,0.0000,0.3150,261708.00,1.0000,0.0000
62,Focal Loss γ=1.0,0.30,0.3149,261708.00,1.0000,0.0000,0.3150,261708.00,1.0000,0.0000
62,Focal Loss γ=1.0,0.40,0.3149,436.00,0.0000,1.0000,0.3150,436.00,0.0000,1.0000
62,Focal Loss γ=1.0,0.50,0.3149,436.00,0.0000,1.0000,0.3150,436.00,0.0000,1.0000
62,Focal Loss γ=2.0,0.02,0.0636,261708.00,1.0000,0.0000,0.0635,261708.00,1.0000,0.0000
62,Focal Loss γ=2.0,0.05,0.0636,261708.00,1.0000,0.0000,0.0635,261708.00,1.0000,0.0000
62,Focal Loss γ=2.0,0.08,0.0636,18119.00,0.0687,0.3440,0.0704,18119.00,0.0687,0.3440
62,Focal Loss γ=2.0,0.10,0.0636,436.00,0.0000,1.0000,0.0635,436.00,0.0000,1.0000
62,Focal Loss γ=2.0,0.15,0.0636,436.00,0.0000,1.0000,0.0635,436.00,0.0000,1.0000
62,Focal Loss γ=2.0,0.20,0.0636,436.00,0.0000,1.0000,0.0635,436.00,0.0000,1.0000
62,Focal Loss γ=2.0,0.30,0.0636,436.00,0.0000,1.0000,0.0635,436.00,0.0000,1.0000
62,Focal Loss γ=2.0,0.40,0.0636,436.00,0.0000,1.0000,0.0635,436.00,0.0000,1.0000
62,Focal Loss γ=2.0,0.50,0.0636,436.00,0.0000,1.0000,0.0635,436.00,0.0000,1.0000
62,Focal + Temp Scaling,0.02,0.0042,18119.00,0.0687,0.3440,0.0050,18119.00,0.0687,0.3440
62,Focal + Temp Scaling,0.05,0.0042,436.00,0.0000,1.0000,0.0042,436.00,0.0000,1.0000
62,Focal + Temp Scaling,0.08,0.0042,436.00,0.0000,1.0000,0.0042,436.00,0.0000,1.0000
62,Focal + Temp Scaling,0.10,0.0042,436.00,0.0000,1.0000,0.0042,436.00,0.0000,1.0000
62,Focal + Temp Scaling,0.15,0.0042,436.00,0.0000,1.0000,0.0042,436.00,0.0000,1.0000
62,Focal + Temp Scaling,0.20,0.0042,436.00,0.0000,1.0000,0.0042,436.00,0.0000,1.0000
62,Focal + Temp Scaling,0.30,0.0042,436.00,0.0000,1.0000,0.0042,436.00,0.0000,1.0000
62,Focal + Temp Scaling,0.40,0.0042,436.00,0.0000,1.0000,0.0042,436.00,0.0000,1.0000
62,Focal + Temp Scaling,0.50,0.0042,436.00,0.0000,1.0000,0.0042,436.00,0.0000,1.0000
62,Focal + Matrix Scaling,0.02,0.0112,60721.00,0.2318,0.1330,0.0139,60721.00,0.2318,0.1330
62,Focal + Matrix Scaling,0.05,0.0112,436.00,0.0000,1.0000,0.0113,436.00,0.0000,1.0000
62,Focal + Matrix Scaling,0.08,0.0112,436.00,0.0000,1.0000,0.0113,436.00,0.0000,1.0000
62,Focal + Matrix Scaling,0.10,0.0112,436.00,0.0000,1.0000,0.0113,436.00,0.0000,1.0000
62,Focal + Matrix Scaling,0.15,0.0112,436.00,0.0000,1.0000,0.0113,436.00,0.0000,1.0000
62,Focal + Matrix Scaling,0.20,0.0112,436.00,0.0000,1.0000,0.0113,436.00,0.0000,1.0000
62,Focal + Matrix Scaling,0.30,0.0112,436.00,0.0000,1.0000,0.0113,436.00,0.0000,1.0000
62,Focal + Matrix Scaling,0.40,0.0112,436.00,0.0000,1.0000,0.0113,436.00,0.0000,1.0000
62,Focal + Matrix Scaling,0.50,0.0112,436.00,0.0000,1.0000,0.0113,436.00,0.0000,1.0000
63,Base (non calibrato),0.02,0.0241,67509.00,0.2700,0.0028,0.0289,67509.00,0.2700,0.0028
63,Base (non calibrato),0.05,0.0241,50910.00,0.2027,0.0209,0.0400,50910.00,0.2027,0.0209
63,Base (non calibrato),0.08,0.0241,50910.00,0.2027,0.0209,0.0400,50910.00,0.2027,0.0209
63,Base (non calibrato),0.10,0.0241,50910.00,0.2027,0.0209,0.0400,50910.00,0.2027,0.0209
63,Base (non calibrato),0.15,0.0241,24935.00,0.0766,0.4730,0.0496,24935.00,0.0766,0.4730
63,Base (non calibrato),0.20,0.0241,12238.00,0.0000,1.0000,0.0057,12238.00,0.0000,1.0000
63,Base (non calibrato),0.30,0.0241,12238.00,0.0000,1.0000,0.0057,12238.00,0.0000,1.0000
63,Base (non calibrato),0.40,0.0241,12238.00,0.0000,1.0000,0.0057,12238.00,0.0000,1.0000
63,Base (non calibrato),0.50,0.0241,12238.00,0.0000,1.0000,0.0057,12238.00,0.0000,1.0000
63,Temp Scaling,0.02,0.0177,50910.00,0.2027,0.0209,0.0447,50910.00,0.2027,0.0209
63,Temp Scaling,0.05,0.0177,50910.00,0.2027,0.0209,0.0447,50910.00,0.2027,0.0209
63,Temp Scaling,0.08,0.0177,38675.00,0.1403,0.2955,0.0612,38675.00,0.1403,0.2955
63,Temp Scaling,0.10,0.0177,24935.00,0.0766,0.4730,0.0651,24935.00,0.0766,0.4730
63,Temp Scaling,0.15,0.0177,12238.00,0.0000,1.0000,0.0209,12238.00,0.0000,1.0000
63,Temp Scaling,0.20,0.0177,12238.00,0.0000,1.0000,0.0209,12238.00,0.0000,1.0000
63,Temp Scaling,0.30,0.0177,12238.00,0.0000,1.0000,0.0209,12238.00,0.0000,1.0000
63,Temp Scaling,0.40,0.0177,12238.00,0.0000,1.0000,0.0209,12238.00,0.0000,1.0000
63,Temp Scaling,0.50,0.0177,12238.00,0.0000,1.0000,0.0209,12238.00,0.0000,1.0000
63,Matrix Scaling,0.02,0.0198,67509.00,0.2700,0.0028,0.0413,67509.00,0.2700,0.0028
63,Matrix Scaling,0.05,0.0198,50910.00,0.2027,0.0209,0.0538,50910.00,0.2027,0.0209
63,Matrix Scaling,0.08,0.0198,24935.00,0.0766,0.4730,0.0819,24935.00,0.0766,0.4730
63,Matrix Scaling,0.10,0.0198,12238.00,0.0000,1.0000,0.0240,12238.00,0.0000,1.0000
63,Matrix Scaling,0.15,0.0198,12238.00,0.0000,1.0000,0.0240,12238.00,0.0000,1.0000
63,Matrix Scaling,0.20,0.0198,12238.00,0.0000,1.0000,0.0240,12238.00,0.0000,1.0000
63,Matrix Scaling,0.30,0.0198,12238.00,0.0000,1.0000,0.0240,12238.00,0.0000,1.0000
63,Matrix Scaling,0.40,0.0198,12238.00,0.0000,1.0000,0.0240,12238.00,0.0000,1.0000
63,Matrix Scaling,0.50,0.0198,12238.00,0.0000,1.0000,0.0240,12238.00,0.0000,1.0000
63,Focal Loss γ=1.0,0.02,0.2792,249906.00,1.0000,0.0000,0.2732,249906.00,1.0000,0.0000
63,Focal Loss γ=1.0,0.05,0.2792,249906.00,1.0000,0.0000,0.2732,249906.00,1.0000,0.0000
63,Focal Loss γ=1.0,0.08,0.2792,249906.00,1.0000,0.0000,0.2732,249906.00,1.0000,0.0000
63,Focal Loss γ=1.0,0.10,0.2792,249906.00,1.0000,0.0000,0.2732,249906.00,1.0000,0.0000
63,Focal Loss γ=1.0,0.15,0.2792,249906.00,1.0000,0.0000,0.2732,249906.00,1.0000,0.0000
63,Focal Loss γ=1.0,0.20,0.2792,249906.00,1.0000,0.0000,0.2732,249906.00,1.0000,0.0000
63,Focal Loss γ=1.0,0.30,0.2792,249906.00,1.0000,0.0000,0.2732,249906.00,1.0000,0.0000
63,Focal Loss γ=1.0,0.40,0.2792,12238.00,0.0000,1.0000,0.2732,12238.00,0.0000,1.0000
63,Focal Loss γ=1.0,0.50,0.2792,12238.00,0.0000,1.0000,0.2732,12238.00,0.0000,1.0000
63,Focal Loss γ=2.0,0.02,0.0515,249906.00,1.0000,0.0000,0.0472,249906.00,1.0000,0.0000
63,Focal Loss γ=2.0,0.05,0.0515,249906.00,1.0000,0.0000,0.0472,249906.00,1.0000,0.0000
63,Focal Loss γ=2.0,0.08,0.0515,67509.00,0.2700,0.0028,0.0403,67509.00,0.2700,0.0028
63,Focal Loss γ=2.0,0.10,0.0515,67509.00,0.2700,0.0028,0.0403,67509.00,0.2700,0.0028
63,Focal Loss γ=2.0,0.15,0.0515,50910.00,0.2027,0.0209,0.0322,50910.00,0.2027,0.0209
63,Focal Loss γ=2.0,0.20,0.0515,24935.00,0.0766,0.4730,0.0345,24935.00,0.0766,0.4730
63,Focal Loss γ=2.0,0.30,0.0515,12238.00,0.0000,1.0000,0.0472,12238.00,0.0000,1.0000
63,Focal Loss γ=2.0,0.40,0.0515,12238.00,0.0000,1.0000,0.0472,12238.00,0.0000,1.0000
63,Focal Loss γ=2.0,0.50,0.0515,12238.00,0.0000,1.0000,0.0472,12238.00,0.0000,1.0000
63,Focal + Temp Scaling,0.02,0.0123,67509.00,0.2700,0.0028,0.0230,67509.00,0.2700,0.0028
63,Focal + Temp Scaling,0.05,0.0123,50910.00,0.2027,0.0209,0.0330,50910.00,0.2027,0.0209
63,Focal + Temp Scaling,0.08,0.0123,50910.00,0.2027,0.0209,0.0330,50910.00,0.2027,0.0209
63,Focal + Temp Scaling,0.10,0.0123,37170.00,0.1390,0.1985,0.0389,37170.00,0.1390,0.1985
63,Focal + Temp Scaling,0.15,0.0123,24935.00,0.0766,0.4730,0.0421,24935.00,0.0766,0.4730
63,Focal + Temp Scaling,0.20,0.0123,12238.00,0.0000,1.0000,0.0115,12238.00,0.0000,1.0000
63,Focal + Temp Scaling,0.30,0.0123,12238.00,0.0000,1.0000,0.0115,12238.00,0.0000,1.0000
63,Focal + Temp Scaling,0.40,0.0123,12238.00,0.0000,1.0000,0.0115,12238.00,0.0000,1.0000
63,Focal + Temp Scaling,0.50,0.0123,12238.00,0.0000,1.0000,0.0115,12238.00,0.0000,1.0000
63,Focal + Matrix Scaling,0.02,0.0188,67509.00,0.2700,0.0028,0.0440,67509.00,0.2700,0.0028
63,Focal + Matrix Scaling,0.05,0.0188,50910.00,0.2027,0.0209,0.0590,50910.00,0.2027,0.0209
63,Focal + Matrix Scaling,0.08,0.0188,12238.00,0.0000,1.0000,0.0236,12238.00,0.0000,1.0000
63,Focal + Matrix Scaling,0.10,0.0188,12238.00,0.0000,1.0000,0.0236,12238.00,0.0000,1.0000
63,Focal + Matrix Scaling,0.15,0.0188,12238.00,0.0000,1.0000,0.0236,12238.00,0.0000,1.0000
63,Focal + Matrix Scaling,0.20,0.0188,12238.00,0.0000,1.0000,0.0236,12238.00,0.0000,1.0000
63,Focal + Matrix Scaling,0.30,0.0188,12238.00,0.0000,1.0000,0.0236,12238.00,0.0000,1.0000
63,Focal + Matrix Scaling,0.40,0.0188,12238.00,0.0000,1.0000,0.0236,12238.00,0.0000,1.0000
63,Focal + Matrix Scaling,0.50,0.0188,12238.00,0.0000,1.0000,0.0236,12238.00,0.0000,1.0000
64,Base (non calibrato),0.02,0.0234,79518.00,0.3274,0.0010,0.0072,79518.00,0.3274,0.0010
64,Base (non calibrato),0.05,0.0234,79518.00,0.3274,0.0010,0.0072,79518.00,0.3274,0.0010
64,Base (non calibrato),0.08,0.0234,79518.00,0.3274,0.0010,0.0072,79518.00,0.3274,0.0010
64,Base (non calibrato),0.10,0.0234,79518.00,0.3274,0.0010,0.0072,79518.00,0.3274,0.0010
64,Base (non calibrato),0.15,0.0234,55234.00,0.2163,0.1398,0.0207,55234.00,0.2163,0.1398
64,Base (non calibrato),0.20,0.0234,35214.00,0.1203,0.3111,0.0251,35214.00,0.1203,0.3111
64,Base (non calibrato),0.30,0.0234,26572.00,0.0576,0.6515,0.0140,26572.00,0.0576,0.6515
64,Base (non calibrato),0.40,0.0234,19330.00,0.0000,1.0000,0.0065,19330.00,0.0000,1.0000
64,Base (non calibrato),0.50,0.0234,19330.00,0.0000,1.0000,0.0065,19330.00,0.0000,1.0000
64,Temp Scaling,0.02,0.0085,79518.00,0.3274,0.0010,0.0112,79518.00,0.3274,0.0010
64,Temp Scaling,0.05,0.0085,79518.00,0.3274,0.0010,0.0112,79518.00,0.3274,0.0010
64,Temp Scaling,0.08,0.0085,67900.00,0.2729,0.0846,0.0168,67900.00,0.2729,0.0846
64,Temp Scaling,0.10,0.0085,55234.00,0.2163,0.1398,0.0088,55234.00,0.2163,0.1398
64,Temp Scaling,0.15,0.0085,55234.00,0.2163,0.1398,0.0088,55234.00,0.2163,0.1398
64,Temp Scaling,0.20,0.0085,26572.00,0.0576,0.6515,0.0193,26572.00,0.0576,0.6515
64,Temp Scaling,0.30,0.0085,19330.00,0.0000,1.0000,0.0084,19330.00,0.0000,1.0000
64,Temp Scaling,0.40,0.0085,19330.00,0.0000,1.0000,0.0084,19330.00,0.0000,1.0000
64,Temp Scaling,0.50,0.0085,19330.00,0.0000,1.0000,0.0084,19330.00,0.0000,1.0000
64,Matrix Scaling,0.02,0.0225,79518.00,0.3274,0.0010,0.0346,79518.00,0.3274,0.0010
64,Matrix Scaling,0.05,0.0225,79518.00,0.3274,0.0010,0.0346,79518.00,0.3274,0.0010
64,Matrix Scaling,0.08,0.0225,55234.00,0.2163,0.1398,0.0316,55234.00,0.2163,0.1398
64,Matrix Scaling,0.10,0.0225,55234.00,0.2163,0.1398,0.0316,55234.00,0.2163,0.1398
64,Matrix Scaling,0.15,0.0225,26572.00,0.0576,0.6515,0.0604,26572.00,0.0576,0.6515
64,Matrix Scaling,0.20,0.0225,26572.00,0.0576,0.6515,0.0604,26572.00,0.0576,0.6515
64,Matrix Scaling,0.30,0.0225,19330.00,0.0000,1.0000,0.0231,19330.00,0.0000,1.0000
64,Matrix Scaling,0.40,0.0225,19330.00,0.0000,1.0000,0.0231,19330.00,0.0000,1.0000
64,Matrix Scaling,0.50,0.0225,19330.00,0.0000,1.0000,0.0231,19330.00,0.0000,1.0000
64,Focal Loss γ=1.0,0.02,0.2515,242814.00,1.0000,0.0000,0.2495,242814.00,1.0000,0.0000
64,Focal Loss γ=1.0,0.05,0.2515,242814.00,1.0000,0.0000,0.2495,242814.00,1.0000,0.0000
64,Focal Loss γ=1.0,0.08,0.2515,242814.00,1.0000,0.0000,0.2495,242814.00,1.0000,0.0000
64,Focal Loss γ=1.0,0.10,0.2515,242814.00,1.0000,0.0000,0.2495,242814.00,1.0000,0.0000
64,Focal Loss γ=1.0,0.15,0.2515,242814.00,1.0000,0.0000,0.2495,242814.00,1.0000,0.0000
64,Focal Loss γ=1.0,0.20,0.2515,242814.00,1.0000,0.0000,0.2495,242814.00,1.0000,0.0000
64,Focal Loss γ=1.0,0.30,0.2515,242814.00,1.0000,0.0000,0.2495,242814.00,1.0000,0.0000
64,Focal Loss γ=1.0,0.40,0.2515,19330.00,0.0000,1.0000,0.2495,19330.00,0.0000,1.0000
64,Focal Loss γ=1.0,0.50,0.2515,19330.00,0.0000,1.0000,0.2495,19330.00,0.0000,1.0000
64,Focal Loss γ=2.0,0.02,0.0706,242814.00,1.0000,0.0000,0.0703,242814.00,1.0000,0.0000
64,Focal Loss γ=2.0,0.05,0.0706,242814.00,1.0000,0.0000,0.0703,242814.00,1.0000,0.0000
64,Focal Loss γ=2.0,0.08,0.0706,79518.00,0.3274,0.0010,0.0735,79518.00,0.3274,0.0010
64,Focal Loss γ=2.0,0.10,0.0706,79518.00,0.3274,0.0010,0.0735,79518.00,0.3274,0.0010
64,Focal Loss γ=2.0,0.15,0.0706,79518.00,0.3274,0.0010,0.0735,79518.00,0.3274,0.0010
64,Focal Loss γ=2.0,0.20,0.0706,67900.00,0.2729,0.0846,0.0767,67900.00,0.2729,0.0846
64,Focal Loss γ=2.0,0.30,0.0706,35214.00,0.1203,0.3111,0.0650,35214.00,0.1203,0.3111
64,Focal Loss γ=2.0,0.40,0.0706,19330.00,0.0000,1.0000,0.0703,19330.00,0.0000,1.0000
64,Focal Loss γ=2.0,0.50,0.0706,19330.00,0.0000,1.0000,0.0703,19330.00,0.0000,1.0000
64,Focal + Temp Scaling,0.02,0.0117,79518.00,0.3274,0.0010,0.0153,79518.00,0.3274,0.0010
64,Focal + Temp Scaling,0.05,0.0117,79518.00,0.3274,0.0010,0.0153,79518.00,0.3274,0.0010
64,Focal + Temp Scaling,0.08,0.0117,79518.00,0.3274,0.0010,0.0153,79518.00,0.3274,0.0010
64,Focal + Temp Scaling,0.10,0.0117,79518.00,0.3274,0.0010,0.0153,79518.00,0.3274,0.0010
64,Focal + Temp Scaling,0.15,0.0117,55234.00,0.2163,0.1398,0.0226,55234.00,0.2163,0.1398
64,Focal + Temp Scaling,0.20,0.0117,55234.00,0.2163,0.1398,0.0226,55234.00,0.2163,0.1398
64,Focal + Temp Scaling,0.30,0.0117,26572.00,0.0576,0.6515,0.0225,26572.00,0.0576,0.6515
64,Focal + Temp Scaling,0.40,0.0117,19330.00,0.0000,1.0000,0.0123,19330.00,0.0000,1.0000
64,Focal + Temp Scaling,0.50,0.0117,19330.00,0.0000,1.0000,0.0123,19330.00,0.0000,1.0000
64,Focal + Matrix Scaling,0.02,0.0290,79518.00,0.3274,0.0010,0.0508,79518.00,0.3274,0.0010
64,Focal + Matrix Scaling,0.05,0.0290,67900.00,0.2729,0.0846,0.0504,67900.00,0.2729,0.0846
64,Focal + Matrix Scaling,0.08,0.0290,55234.00,0.2163,0.1398,0.0443,55234.00,0.2163,0.1398
64,Focal + Matrix Scaling,0.10,0.0290,35214.00,0.1203,0.3111,0.0778,35214.00,0.1203,0.3111
64,Focal + Matrix Scaling,0.15,0.0290,26572.00,0.0576,0.6515,0.0875,26572.00,0.0576,0.6515
64,Focal + Matrix Scaling,0.20,0.0290,19330.00,0.0000,1.0000,0.0298,19330.00,0.0000,1.0000
64,Focal + Matrix Scaling,0.30,0.0290,19330.00,0.0000,1.0000,0.0298,19330.00,0.0000,1.0000
64,Focal + Matrix Scaling,0.40,0.0290,19330.00,0.0000,1.0000,0.0298,19330.00,0.0000,1.0000
64,Focal + Matrix Scaling,0.50,0.0290,19330.00,0.0000,1.0000,0.0298,19330.00,0.0000,1.0000
7,Base (non calibrato),0.02,0.0265,230283.00,0.8787,0.0000,0.0217,230283.00,0.8787,0.0000
7,Base (non calibrato),0.05,0.0265,82.00,0.0000,1.0000,0.0269,82.00,0.0000,1.0000
7,Base (non calibrato),0.08,0.0265,82.00,0.0000,1.0000,0.0269,82.00,0.0000,1.0000
7,Base (non calibrato),0.10,0.0265,82.00,0.0000,1.0000,0.0269,82.00,0.0000,1.0000
7,Base (non calibrato),0.15,0.0265,82.00,0.0000,1.0000,0.0269,82.00,0.0000,1.0000
7,Base (non calibrato),0.20,0.0265,82.00,0.0000,1.0000,0.0269,82.00,0.0000,1.0000
7,Base (non calibrato),0.30,0.0265,82.00,0.0000,1.0000,0.0269,82.00,0.0000,1.0000
7,Base (non calibrato),0.40,0.0265,82.00,0.0000,1.0000,0.0269,82.00,0.0000,1.0000
7,Base (non calibrato),0.50,0.0265,82.00,0.0000,1.0000,0.0269,82.00,0.0000,1.0000
7,Temp Scaling,0.02,0.0009,82.00,0.0000,1.0000,0.0009,82.00,0.0000,1.0000
7,Temp Scaling,0.05,0.0009,82.00,0.0000,1.0000,0.0009,82.00,0.0000,1.0000
7,Temp Scaling,0.08,0.0009,82.00,0.0000,1.0000,0.0009,82.00,0.0000,1.0000
7,Temp Scaling,0.10,0.0009,82.00,0.0000,1.0000,0.0009,82.00,0.0000,1.0000
7,Temp Scaling,0.15,0.0009,82.00,0.0000,1.0000,0.0009,82.00,0.0000,1.0000
7,Temp Scaling,0.20,0.0009,82.00,0.0000,1.0000,0.0009,82.00,0.0000,1.0000
7,Temp Scaling,0.30,0.0009,82.00,0.0000,1.0000,0.0009,82.00,0.0000,1.0000
7,Temp Scaling,0.40,0.0009,82.00,0.0000,1.0000,0.0009,82.00,0.0000,1.0000
7,Temp Scaling,0.50,0.0009,82.00,0.0000,1.0000,0.0009,82.00,0.0000,1.0000
7,Matrix Scaling,0.02,0.0122,56634.00,0.2161,0.0000,0.0154,56634.00,0.2161,0.0000
7,Matrix Scaling,0.05,0.0122,82.00,0.0000,1.0000,0.0123,82.00,0.0000,1.0000
7,Matrix Scaling,0.08,0.0122,82.00,0.0000,1.0000,0.0123,82.00,0.0000,1.0000
7,Matrix Scaling,0.10,0.0122,82.00,0.0000,1.0000,0.0123,82.00,0.0000,1.0000
7,Matrix Scaling,0.15,0.0122,82.00,0.0000,1.0000,0.0123,82.00,0.0000,1.0000
7,Matrix Scaling,0.20,0.0122,82.00,0.0000,1.0000,0.0123,82.00,0.0000,1.0000
7,Matrix Scaling,0.30,0.0122,82.00,0.0000,1.0000,0.0123,82.00,0.0000,1.0000
7,Matrix Scaling,0.40,0.0122,82.00,0.0000,1.0000,0.0123,82.00,0.0000,1.0000
7,Matrix Scaling,0.50,0.0122,82.00,0.0000,1.0000,0.0123,82.00,0.0000,1.0000
7,Focal Loss γ=1.0,0.02,0.3082,262062.00,1.0000,0.0000,0.3080,262062.00,1.0000,0.0000
7,Focal Loss γ=1.0,0.05,0.3082,262062.00,1.0000,0.0000,0.3080,262062.00,1.0000,0.0000
7,Focal Loss γ=1.0,0.08,0.3082,262062.00,1.0000,0.0000,0.3080,262062.00,1.0000,0.0000
7,Focal Loss γ=1.0,0.10,0.3082,262062.00,1.0000,0.0000,0.3080,262062.00,1.0000,0.0000
7,Focal Loss γ=1.0,0.15,0.3082,262062.00,1.0000,0.0000,0.3080,262062.00,1.0000,0.0000
7,Focal Loss γ=1.0,0.20,0.3082,262062.00,1.0000,0.0000,0.3080,262062.00,1.0000,0.0000
7,Focal Loss γ=1.0,0.30,0.3082,262062.00,1.0000,0.0000,0.3080,262062.00,1.0000,0.0000
7,Focal Loss γ=1.0,0.40,0.3082,82.00,0.0000,1.0000,0.3080,82.00,0.0000,1.0000
7,Focal Loss γ=1.0,0.50,0.3082,82.00,0.0000,1.0000,0.3080,82.00,0.0000,1.0000
7,Focal Loss γ=2.0,0.02,0.0614,262062.00,1.0000,0.0000,0.0613,262062.00,1.0000,0.0000
7,Focal Loss γ=2.0,0.05,0.0614,262062.00,1.0000,0.0000,0.0613,262062.00,1.0000,0.0000
7,Focal Loss γ=2.0,0.08,0.0614,82.00,0.0000,1.0000,0.0613,82.00,0.0000,1.0000
7,Focal Loss γ=2.0,0.10,0.0614,82.00,0.0000,1.0000,0.0613,82.00,0.0000,1.0000
7,Focal Loss γ=2.0,0.15,0.0614,82.00,0.0000,1.0000,0.0613,82.00,0.0000,1.0000
7,Focal Loss γ=2.0,0.20,0.0614,82.00,0.0000,1.0000,0.0613,82.00,0.0000,1.0000
7,Focal Loss γ=2.0,0.30,0.0614,82.00,0.0000,1.0000,0.0613,82.00,0.0000,1.0000
7,Focal Loss γ=2.0,0.40,0.0614,82.00,0.0000,1.0000,0.0613,82.00,0.0000,1.0000
7,Focal Loss γ=2.0,0.50,0.0614,82.00,0.0000,1.0000,0.0613,82.00,0.0000,1.0000
7,Focal + Temp Scaling,0.02,0.0037,82.00,0.0000,1.0000,0.0037,82.00,0.0000,1.0000
7,Focal + Temp Scaling,0.05,0.0037,82.00,0.0000,1.0000,0.0037,82.00,0.0000,1.0000
7,Focal + Temp Scaling,0.08,0.0037,82.00,0.0000,1.0000,0.0037,82.00,0.0000,1.0000
7,Focal + Temp Scaling,0.10,0.0037,82.00,0.0000,1.0000,0.0037,82.00,0.0000,1.0000
7,Focal + Temp Scaling,0.15,0.0037,82.00,0.0000,1.0000,0.0037,82.00,0.0000,1.0000
7,Focal + Temp Scaling,0.20,0.0037,82.00,0.0000,1.0000,0.0037,82.00,0.0000,1.0000
7,Focal + Temp Scaling,0.30,0.0037,82.00,0.0000,1.0000,0.0037,82.00,0.0000,1.0000
7,Focal + Temp Scaling,0.40,0.0037,82.00,0.0000,1.0000,0.0037,82.00,0.0000,1.0000
7,Focal + Temp Scaling,0.50,0.0037,82.00,0.0000,1.0000,0.0037,82.00,0.0000,1.0000
7,Focal + Matrix Scaling,0.02,0.0120,56634.00,0.2161,0.0000,0.0156,56634.00,0.2161,0.0000
7,Focal + Matrix Scaling,0.05,0.0120,82.00,0.0000,1.0000,0.0118,82.00,0.0000,1.0000
7,Focal + Matrix Scaling,0.08,0.0120,82.00,0.0000,1.0000,0.0118,82.00,0.0000,1.0000
7,Focal + Matrix Scaling,0.10,0.0120,82.00,0.0000,1.0000,0.0118,82.00,0.0000,1.0000
7,Focal + Matrix Scaling,0.15,0.0120,82.00,0.0000,1.0000,0.0118,82.00,0.0000,1.0000
7,Focal + Matrix Scaling,0.20,0.0120,82.00,0.0000,1.0000,0.0118,82.00,0.0000,1.0000
7,Focal + Matrix Scaling,0.30,0.0120,82.00,0.0000,1.0000,0.0118,82.00,0.0000,1.0000
7,Focal + Matrix Scaling,0.40,0.0120,82.00,0.0000,1.0000,0.0118,82.00,0.0000,1.0000
7,Focal + Matrix Scaling,0.50,0.0120,82.00,0.0000,1.0000,0.0118,82.00,0.0000,1.0000
8,Base (non calibrato),0.02,0.0247,243042.00,0.9271,0.0000,0.0214,243042.00,0.9271,0.0000
8,Base (non calibrato),0.05,0.0247,0.00,0.0000,0.0000,0.0257,0.00,0.0000,0.0000
8,Base (non calibrato),0.08,0.0247,0.00,0.0000,0.0000,0.0257,0.00,0.0000,0.0000
8,Base (non calibrato),0.10,0.0247,0.00,0.0000,0.0000,0.0257,0.00,0.0000,0.0000
8,Base (non calibrato),0.15,0.0247,0.00,0.0000,0.0000,0.0257,0.00,0.0000,0.0000
8,Base (non calibrato),0.20,0.0247,0.00,0.0000,0.0000,0.0257,0.00,0.0000,0.0000
8,Base (non calibrato),0.30,0.0247,0.00,0.0000,0.0000,0.0257,0.00,0.0000,0.0000
8,Base (non calibrato),0.40,0.0247,0.00,0.0000,0.0000,0.0257,0.00,0.0000,0.0000
8,Base (non calibrato),0.50,0.0247,0.00,0.0000,0.0000,0.0257,0.00,0.0000,0.0000
8,Temp Scaling,0.02,0.0009,0.00,0.0000,0.0000,0.0010,0.00,0.0000,0.0000
8,Temp Scaling,0.05,0.0009,0.00,0.0000,0.0000,0.0010,0.00,0.0000,0.0000
8,Temp Scaling,0.08,0.0009,0.00,0.0000,0.0000,0.0010,0.00,0.0000,0.0000
8,Temp Scaling,0.10,0.0009,0.00,0.0000,0.0000,0.0010,0.00,0.0000,0.0000
8,Temp Scaling,0.15,0.0009,0.00,0.0000,0.0000,0.0010,0.00,0.0000,0.0000
8,Temp Scaling,0.20,0.0009,0.00,0.0000,0.0000,0.0010,0.00,0.0000,0.0000
8,Temp Scaling,0.30,0.0009,0.00,0.0000,0.0000,0.0010,0.00,0.0000,0.0000
8,Temp Scaling,0.40,0.0009,0.00,0.0000,0.0000,0.0010,0.00,0.0000,0.0000
8,Temp Scaling,0.50,0.0009,0.00,0.0000,0.0000,0.0010,0.00,0.0000,0.0000
8,Matrix Scaling,0.02,0.0111,62579.00,0.2387,0.0000,0.0162,62579.00,0.2387,0.0000
8,Matrix Scaling,0.05,0.0111,0.00,0.0000,0.0000,0.0126,0.00,0.0000,0.0000
8,Matrix Scaling,0.08,0.0111,0.00,0.0000,0.0000,0.0126,0.00,0.0000,0.0000
8,Matrix Scaling,0.10,0.0111,0.00,0.0000,0.0000,0.0126,0.00,0.0000,0.0000
8,Matrix Scaling,0.15,0.0111,0.00,0.0000,0.0000,0.0126,0.00,0.0000,0.0000
8,Matrix Scaling,0.20,0.0111,0.00,0.0000,0.0000,0.0126,0.00,0.0000,0.0000
8,Matrix Scaling,0.30,0.0111,0.00,0.0000,0.0000,0.0126,0.00,0.0000,0.0000
8,Matrix Scaling,0.40,0.0111,0.00,0.0000,0.0000,0.0126,0.00,0.0000,0.0000
8,Matrix Scaling,0.50,0.0111,0.00,0.0000,0.0000,0.0126,0.00,0.0000,0.0000
8,Focal Loss γ=1.0,0.02,0.3065,262144.00,1.0000,0.0000,0.3063,262144.00,1.0000,0.0000
8,Focal Loss γ=1.0,0.05,0.3065,262144.00,1.0000,0.0000,0.3063,262144.00,1.0000,0.0000
8,Focal Loss γ=1.0,0.08,0.3065,262144.00,1.0000,0.0000,0.3063,262144.00,1.0000,0.0000
8,Focal Loss γ=1.0,0.10,0.3065,262144.00,1.0000,0.0000,0.3063,262144.00,1.0000,0.0000
8,Focal Loss γ=1.0,0.15,0.3065,262144.00,1.0000,0.0000,0.3063,262144.00,1.0000,0.0000
8,Focal Loss γ=1.0,0.20,0.3065,262144.00,1.0000,0.0000,0.3063,262144.00,1.0000,0.0000
8,Focal Loss γ=1.0,0.30,0.3065,262144.00,1.0000,0.0000,0.3063,262144.00,1.0000,0.0000
8,Focal Loss γ=1.0,0.40,0.3065,0.00,0.0000,0.0000,0.3063,0.00,0.0000,0.0000
8,Focal Loss γ=1.0,0.50,0.3065,0.00,0.0000,0.0000,0.3063,0.00,0.0000,0.0000
8,Focal Loss γ=2.0,0.02,0.0571,262144.00,1.0000,0.0000,0.0574,262144.00,1.0000,0.0000
8,Focal Loss γ=2.0,0.05,0.0571,222953.00,0.8505,0.0000,0.0541,222953.00,0.8505,0.0000
8,Focal Loss γ=2.0,0.08,0.0571,0.00,0.0000,0.0000,0.0574,0.00,0.0000,0.0000
8,Focal Loss γ=2.0,0.10,0.0571,0.00,0.0000,0.0000,0.0574,0.00,0.0000,0.0000
8,Focal Loss γ=2.0,0.15,0.0571,0.00,0.0000,0.0000,0.0574,0.00,0.0000,0.0000
8,Focal Loss γ=2.0,0.20,0.0571,0.00,0.0000,0.0000,0.0574,0.00,0.0000,0.0000
8,Focal Loss γ=2.0,0.30,0.0571,0.00,0.0000,0.0000,0.0574,0.00,0.0000,0.0000
8,Focal Loss γ=2.0,0.40,0.0571,0.00,0.0000,0.0000,0.0574,0.00,0.0000,0.0000
8,Focal Loss γ=2.0,0.50,0.0571,0.00,0.0000,0.0000,0.0574,0.00,0.0000,0.0000
8,Focal + Temp Scaling,0.02,0.0032,0.00,0.0000,0.0000,0.0034,0.00,0.0000,0.0000
8,Focal + Temp Scaling,0.05,0.0032,0.00,0.0000,0.0000,0.0034,0.00,0.0000,0.0000
8,Focal + Temp Scaling,0.08,0.0032,0.00,0.0000,0.0000,0.0034,0.00,0.0000,0.0000
8,Focal + Temp Scaling,0.10,0.0032,0.00,0.0000,0.0000,0.0034,0.00,0.0000,0.0000
8,Focal + Temp Scaling,0.15,0.0032,0.00,0.0000,0.0000,0.0034,0.00,0.0000,0.0000
8,Focal + Temp Scaling,0.20,0.0032,0.00,0.0000,0.0000,0.0034,0.00,0.0000,0.0000
8,Focal + Temp Scaling,0.30,0.0032,0.00,0.0000,0.0000,0.0034,0.00,0.0000,0.0000
8,Focal + Temp Scaling,0.40,0.0032,0.00,0.0000,0.0000,0.0034,0.00,0.0000,0.0000
8,Focal + Temp Scaling,0.50,0.0032,0.00,0.0000,0.0000,0.0034,0.00,0.0000,0.0000
8,Focal + Matrix Scaling,0.02,0.0108,62579.00,0.2387,0.0000,0.0168,62579.00,0.2387,0.0000
8,Focal + Matrix Scaling,0.05,0.0108,0.00,0.0000,0.0000,0.0123,0.00,0.0000,0.0000
8,Focal + Matrix Scaling,0.08,0.0108,0.00,0.0000,0.0000,0.0123,0.00,0.0000,0.0000
8,Focal + Matrix Scaling,0.10,0.0108,0.00,0.0000,0.0000,0.0123,0.00,0.0000,0.0000
8,Focal + Matrix Scaling,0.15,0.0108,0.00,0.0000,0.0000,0.0123,0.00,0.0000,0.0000
8,Focal + Matrix Scaling,0.20,0.0108,0.00,0.0000,0.0000,0.0123,0.00,0.0000,0.0000
8,Focal + Matrix Scaling,0.30,0.0108,0.00,0.0000,0.0000,0.0123,0.00,0.0000,0.0000
8,Focal + Matrix Scaling,0.40,0.0108,0.00,0.0000,0.0000,0.0123,0.00,0.0000,0.0000
8,Focal + Matrix Scaling,0.50,0.0108,0.00,0.0000,0.0000,0.0123,0.00,0.0000,0.0000
9,Base (non calibrato),0.02,0.0248,261527.00,1.0000,0.0000,0.0251,261527.00,1.0000,0.0000
9,Base (non calibrato),0.05,0.0248,617.00,0.0000,1.0000,0.0251,617.00,0.0000,1.0000
9,Base (non calibrato),0.08,0.0248,617.00,0.0000,1.0000,0.0251,617.00,0.0000,1.0000
9,Base (non calibrato),0.10,0.0248,617.00,0.0000,1.0000,0.0251,617.00,0.0000,1.0000
9,Base (non calibrato),0.15,0.0248,617.00,0.0000,1.0000,0.0251,617.00,0.0000,1.0000
9,Base (non calibrato),0.20,0.0248,617.00,0.0000,1.0000,0.0251,617.00,0.0000,1.0000
9,Base (non calibrato),0.30,0.0248,617.00,0.0000,1.0000,0.0251,617.00,0.0000,1.0000
9,Base (non calibrato),0.40,0.0248,617.00,0.0000,1.0000,0.0251,617.00,0.0000,1.0000
9,Base (non calibrato),0.50,0.0248,617.00,0.0000,1.0000,0.0251,617.00,0.0000,1.0000
9,Temp Scaling,0.02,0.0004,617.00,0.0000,1.0000,0.0003,617.00,0.0000,1.0000
9,Temp Scaling,0.05,0.0004,617.00,0.0000,1.0000,0.0003,617.00,0.0000,1.0000
9,Temp Scaling,0.08,0.0004,617.00,0.0000,1.0000,0.0003,617.00,0.0000,1.0000
9,Temp Scaling,0.10,0.0004,617.00,0.0000,1.0000,0.0003,617.00,0.0000,1.0000
9,Temp Scaling,0.15,0.0004,617.00,0.0000,1.0000,0.0003,617.00,0.0000,1.0000
9,Temp Scaling,0.20,0.0004,617.00,0.0000,1.0000,0.0003,617.00,0.0000,1.0000
9,Temp Scaling,0.30,0.0004,617.00,0.0000,1.0000,0.0003,617.00,0.0000,1.0000
9,Temp Scaling,0.40,0.0004,617.00,0.0000,1.0000,0.0003,617.00,0.0000,1.0000
9,Temp Scaling,0.50,0.0004,617.00,0.0000,1.0000,0.0003,617.00,0.0000,1.0000
9,Matrix Scaling,0.02,0.0109,72340.00,0.2766,0.0000,0.0125,72340.00,0.2766,0.0000
9,Matrix Scaling,0.05,0.0109,617.00,0.0000,1.0000,0.0111,617.00,0.0000,1.0000
9,Matrix Scaling,0.08,0.0109,617.00,0.0000,1.0000,0.0111,617.00,0.0000,1.0000
9,Matrix Scaling,0.10,0.0109,617.00,0.0000,1.0000,0.0111,617.00,0.0000,1.0000
9,Matrix Scaling,0.15,0.0109,617.00,0.0000,1.0000,0.0111,617.00,0.0000,1.0000
9,Matrix Scaling,0.20,0.0109,617.00,0.0000,1.0000,0.0111,617.00,0.0000,1.0000
9,Matrix Scaling,0.30,0.0109,617.00,0.0000,1.0000,0.0111,617.00,0.0000,1.0000
9,Matrix Scaling,0.40,0.0109,617.00,0.0000,1.0000,0.0111,617.00,0.0000,1.0000
9,Matrix Scaling,0.50,0.0109,617.00,0.0000,1.0000,0.0111,617.00,0.0000,1.0000
9,Focal Loss γ=1.0,0.02,0.3032,261527.00,1.0000,0.0000,0.3036,261527.00,1.0000,0.0000
9,Focal Loss γ=1.0,0.05,0.3032,261527.00,1.0000,0.0000,0.3036,261527.00,1.0000,0.0000
9,Focal Loss γ=1.0,0.08,0.3032,261527.00,1.0000,0.0000,0.3036,261527.00,1.0000,0.0000
9,Focal Loss γ=1.0,0.10,0.3032,261527.00,1.0000,0.0000,0.3036,261527.00,1.0000,0.0000
9,Focal Loss γ=1.0,0.15,0.3032,261527.00,1.0000,0.0000,0.3036,261527.00,1.0000,0.0000
9,Focal Loss γ=1.0,0.20,0.3032,261527.00,1.0000,0.0000,0.3036,261527.00,1.0000,0.0000
9,Focal Loss γ=1.0,0.30,0.3032,261527.00,1.0000,0.0000,0.3036,261527.00,1.0000,0.0000
9,Focal Loss γ=1.0,0.40,0.3032,617.00,0.0000,1.0000,0.3036,617.00,0.0000,1.0000
9,Focal Loss γ=1.0,0.50,0.3032,617.00,0.0000,1.0000,0.3036,617.00,0.0000,1.0000
9,Focal Loss γ=2.0,0.02,0.0594,261527.00,1.0000,0.0000,0.0600,261527.00,1.0000,0.0000
9,Focal Loss γ=2.0,0.05,0.0594,261527.00,1.0000,0.0000,0.0600,261527.00,1.0000,0.0000
9,Focal Loss γ=2.0,0.08,0.0594,22545.00,0.0843,0.8023,0.0680,22545.00,0.0843,0.8023
9,Focal Loss γ=2.0,0.10,0.0594,617.00,0.0000,1.0000,0.0600,617.00,0.0000,1.0000
9,Focal Loss γ=2.0,0.15,0.0594,617.00,0.0000,1.0000,0.0600,617.00,0.0000,1.0000
9,Focal Loss γ=2.0,0.20,0.0594,617.00,0.0000,1.0000,0.0600,617.00,0.0000,1.0000
9,Focal Loss γ=2.0,0.30,0.0594,617.00,0.0000,1.0000,0.0600,617.00,0.0000,1.0000
9,Focal Loss γ=2.0,0.40,0.0594,617.00,0.0000,1.0000,0.0600,617.00,0.0000,1.0000
9,Focal Loss γ=2.0,0.50,0.0594,617.00,0.0000,1.0000,0.0600,617.00,0.0000,1.0000
9,Focal + Temp Scaling,0.02,0.0035,617.00,0.0000,1.0000,0.0036,617.00,0.0000,1.0000
9,Focal + Temp Scaling,0.05,0.0035,617.00,0.0000,1.0000,0.0036,617.00,0.0000,1.0000
9,Focal + Temp Scaling,0.08,0.0035,617.00,0.0000,1.0000,0.0036,617.00,0.0000,1.0000
9,Focal + Temp Scaling,0.10,0.0035,617.00,0.0000,1.0000,0.0036,617.00,0.0000,1.0000
9,Focal + Temp Scaling,0.15,0.0035,617.00,0.0000,1.0000,0.0036,617.00,0.0000,1.0000
9,Focal + Temp Scaling,0.20,0.0035,617.00,0.0000,1.0000,0.0036,617.00,0.0000,1.0000
9,Focal + Temp Scaling,0.30,0.0035,617.00,0.0000,1.0000,0.0036,617.00,0.0000,1.0000
9,Focal + Temp Scaling,0.40,0.0035,617.00,0.0000,1.0000,0.0036,617.00,0.0000,1.0000
9,Focal + Temp Scaling,0.50,0.0035,617.00,0.0000,1.0000,0.0036,617.00,0.0000,1.0000
9,Focal + Matrix Scaling,0.02,0.0115,72340.00,0.2766,0.0000,0.0145,72340.00,0.2766,0.0000
9,Focal + Matrix Scaling,0.05,0.0115,617.00,0.0000,1.0000,0.0117,617.00,0.0000,1.0000
9,Focal + Matrix Scaling,0.08,0.0115,617.00,0.0000,1.0000,0.0117,617.00,0.0000,1.0000
9,Focal + Matrix Scaling,0.10,0.0115,617.00,0.0000,1.0000,0.0117,617.00,0.0000,1.0000
9,Focal + Matrix Scaling,0.15,0.0115,617.00,0.0000,1.0000,0.0117,617.00,0.0000,1.0000
9,Focal + Matrix Scaling,0.20,0.0115,617.00,0.0000,1.0000,0.0117,617.00,0.0000,1.0000
9,Focal + Matrix Scaling,0.30,0.0115,617.00,0.0000,1.0000,0.0117,617.00,0.0000,1.0000
9,Focal + Matrix Scaling,0.40,0.0115,617.00,0.0000,1.0000,0.0117,617.00,0.0000,1.0000
9,Focal + Matrix Scaling,0.50,0.0115,617.00,0.0000,1.0000,0.0117,617.00,0.0000,1.0000
